"空间键","空间名称","页面ID","父页面ID","父页面标题","标题","层级深度","同级序号","目录路径","主题推断","最后修改时间","最后修改人","子页面是否截断","链接"
"CELAB","Certification Lab","15876935","","","Certification Lab 主页","0","1","Certification Lab 主页","测试与验证","2020-05-11 14:37:36","未知用户 (wangguilan1)","否","http://dmtks.hisense.com/pages/viewpage.action?pageId=15876935"
"CELAB","Certification Lab","15877020","15876935","Certification Lab 主页","0-General","1","1","Certification Lab 主页 / 0-General","测试与验证","2017-10-31 14:26:16","未知用户 (wanghaibin1)","否","http://dmtks.hisense.com/display/CELAB/0-General"
"CELAB","Certification Lab","16650170","15877020","0-General","Common Knowledge Pool","2","1","Certification Lab 主页 / 0-General / Common Knowledge Pool","测试与验证","2019-03-15 16:16:12","黄媛媛/Bonnie Huang","否","http://dmtks.hisense.com/display/CELAB/Common+Knowledge+Pool"
"CELAB","Certification Lab","17797573","15877020","0-General","How to capture log","2","2","Certification Lab 主页 / 0-General / How to capture log","测试与验证","2018-11-28 16:44:36","王丽娟","否","http://dmtks.hisense.com/display/CELAB/How+to+capture+log"
"CELAB","Certification Lab","15892447","15877020","0-General","Planning","2","3","Certification Lab 主页 / 0-General / Planning","测试与验证","2017-11-10 15:42:15","未知用户 (wanghaibin1)","否","http://dmtks.hisense.com/display/CELAB/Planning"
"CELAB","Certification Lab","15882712","15877020","0-General","Project Management","2","4","Certification Lab 主页 / 0-General / Project Management","测试与验证","2018-11-05 19:26:52","胡孝鹏","否","http://dmtks.hisense.com/display/CELAB/Project+Management"
"CELAB","Certification Lab","63898141","15877020","0-General","Red Bull TV","2","5","Certification Lab 主页 / 0-General / Red Bull TV","测试与验证","2019-08-19 13:20:56","未知用户 (wangguilan1)","否","http://dmtks.hisense.com/display/CELAB/Red+Bull+TV"
"CELAB","Certification Lab","41355959","15877020","0-General","Training","2","6","Certification Lab 主页 / 0-General / Training","测试与验证","2018-12-26 18:03:06","胡孝鹏","否","http://dmtks.hisense.com/display/CELAB/Training"
"CELAB","Certification Lab","25986470","15877020","0-General","临时问题收集","2","7","Certification Lab 主页 / 0-General / 临时问题收集","测试与验证","2018-07-11 12:40:45","未知用户 (liulili4)","否","http://dmtks.hisense.com/pages/viewpage.action?pageId=25986470"
"CELAB","Certification Lab","15884526","15876935","Certification Lab 主页","1-Global Certifications","1","2","Certification Lab 主页 / 1-Global Certifications","测试与验证","2019-09-12 13:39:33","未知用户 (wangguilan1)","否","http://dmtks.hisense.com/display/CELAB/1-Global+Certifications"
"CELAB","Certification Lab","157197282","15884526","1-Global Certifications","AirPlay2 Certification","2","1","Certification Lab 主页 / 1-Global Certifications / AirPlay2 Certification","测试与验证","2026-02-25 18:48:03","吕静/Lauren Lv","否","http://dmtks.hisense.com/display/CELAB/AirPlay2+Certification"
"CELAB","Certification Lab","15884361","15884526","1-Global Certifications","Amazon Prime Video","2","2","Certification Lab 主页 / 1-Global Certifications / Amazon Prime Video","测试与验证","2023-08-09 16:58:02","未知用户 (leigang)","否","http://dmtks.hisense.com/display/CELAB/Amazon+Prime+Video"
"CELAB","Certification Lab","15884621","15884526","1-Global Certifications","Amazon-Alexa","2","3","Certification Lab 主页 / 1-Global Certifications / Amazon-Alexa","测试与验证","2020-01-08 13:52:57","黄媛媛/Bonnie Huang","否","http://dmtks.hisense.com/display/CELAB/Amazon-Alexa"
"CELAB","Certification Lab","302727438","15884526","1-Global Certifications","DAZN","2","4","Certification Lab 主页 / 1-Global Certifications / DAZN","测试与验证","2025-09-23 10:57:53","未知用户 (jiangxue3)","否","http://dmtks.hisense.com/display/CELAB/DAZN"
"CELAB","Certification Lab","15884614","15884526","1-Global Certifications","Dolby Vision","2","5","Certification Lab 主页 / 1-Global Certifications / Dolby Vision","测试与验证","2023-08-09 17:01:27","未知用户 (leigang)","否","http://dmtks.hisense.com/display/CELAB/Dolby+Vision"
"CELAB","Certification Lab","36241930","15884526","1-Global Certifications","DTCP-IP 购key 流程","2","6","Certification Lab 主页 / 1-Global Certifications / DTCP-IP 购key 流程","测试与验证","2018-10-29 11:25:04","未知用户 (luanlin)","否","http://dmtks.hisense.com/pages/viewpage.action?pageId=36241930"
"CELAB","Certification Lab","259442831","15884526","1-Global Certifications","DTS Play-fi","2","7","Certification Lab 主页 / 1-Global Certifications / DTS Play-fi","测试与验证","2024-11-25 09:35:31","冯炳玮/Fancy Feng","否","http://dmtks.hisense.com/display/CELAB/DTS+Play-fi"
"CELAB","Certification Lab","15884619","15884526","1-Global Certifications","Google","2","8","Certification Lab 主页 / 1-Global Certifications / Google","测试与验证","2025-07-10 10:56:41","王艳丽","否","http://dmtks.hisense.com/display/CELAB/Google"
"CELAB","Certification Lab","31819779","15884526","1-Global Certifications","Google Assistant","2","9","Certification Lab 主页 / 1-Global Certifications / Google Assistant","测试与验证","2019-08-21 17:15:38","黄媛媛/Bonnie Huang","否","http://dmtks.hisense.com/display/CELAB/Google+Assistant"
"CELAB","Certification Lab","67077662","15884526","1-Global Certifications","Google Play Movie","2","10","Certification Lab 主页 / 1-Global Certifications / Google Play Movie","测试与验证","2019-11-05 11:21:40","未知用户 (wangpofan)","否","http://dmtks.hisense.com/display/CELAB/Google+Play+Movie"
"CELAB","Certification Lab","15884611","15884526","1-Global Certifications","Miracast","2","11","Certification Lab 主页 / 1-Global Certifications / Miracast","测试与验证","2018-11-29 09:59:33","胡孝鹏","否","http://dmtks.hisense.com/display/CELAB/Miracast"
"CELAB","Certification Lab","15882778","15884526","1-Global Certifications","Netflix","2","12","Certification Lab 主页 / 1-Global Certifications / Netflix","测试与验证","2026-04-25 15:13:34","赵飞/Freya Zhao","否","http://dmtks.hisense.com/display/CELAB/Netflix"
"CELAB","Certification Lab","15884671","15884526","1-Global Certifications","Opera","2","13","Certification Lab 主页 / 1-Global Certifications / Opera","测试与验证","2019-09-23 18:05:38","王丽娟","否","http://dmtks.hisense.com/display/CELAB/Opera"
"CELAB","Certification Lab","150734889","15884526","1-Global Certifications","QDA Certification","2","14","Certification Lab 主页 / 1-Global Certifications / QDA Certification","测试与验证","2022-03-16 14:27:07","未知用户 (sunwenping)","否","http://dmtks.hisense.com/display/CELAB/QDA+Certification"
"CELAB","Certification Lab","149985629","15884526","1-Global Certifications","Technicolor Advanced HDR logo","2","15","Certification Lab 主页 / 1-Global Certifications / Technicolor Advanced HDR logo","测试与验证","2023-05-12 11:04:21","刘文晓","否","http://dmtks.hisense.com/display/CELAB/Technicolor+Advanced+HDR+logo"
"CELAB","Certification Lab","15881804","15884526","1-Global Certifications","Youtube","2","16","Certification Lab 主页 / 1-Global Certifications / Youtube","测试与验证","2025-12-04 10:39:12","王娜娜/Nina Wang","否","http://dmtks.hisense.com/display/CELAB/Youtube"
"CELAB","Certification Lab","15886850","15884526","1-Global Certifications","YouTube Kids","2","17","Certification Lab 主页 / 1-Global Certifications / YouTube Kids","测试与验证","2018-10-19 22:58:01","wangyong.park","否","http://dmtks.hisense.com/display/CELAB/YouTube+Kids"
"CELAB","Certification Lab","15886852","15884526","1-Global Certifications","YouTube TV","2","18","Certification Lab 主页 / 1-Global Certifications / YouTube TV","测试与验证","2017-12-26 17:31:43","未知用户 (luanlin)","否","http://dmtks.hisense.com/display/CELAB/YouTube+TV"
"CELAB","Certification Lab","15884541","15876935","Certification Lab 主页","2-NA Certifications","1","3","Certification Lab 主页 / 2-NA Certifications","测试与验证","2017-11-01 17:49:28","未知用户 (wanghaibin1)","否","http://dmtks.hisense.com/display/CELAB/2-NA+Certifications"
"CELAB","Certification Lab","141863356","15884541","2-NA Certifications","ATSC 3.0","2","1","Certification Lab 主页 / 2-NA Certifications / ATSC 3.0","测试与验证","2022-05-12 10:28:16","刘文晓","否","http://dmtks.hisense.com/display/CELAB/ATSC+3.0"
"CELAB","Certification Lab","83299023","15884541","2-NA Certifications","CCPA","2","2","Certification Lab 主页 / 2-NA Certifications / CCPA","测试与验证","2023-08-10 17:06:38","未知用户 (sunwenping)","否","http://dmtks.hisense.com/display/CELAB/CCPA"
"CELAB","Certification Lab","65835444","15884541","2-NA Certifications","Disney","2","3","Certification Lab 主页 / 2-NA Certifications / Disney","测试与验证","2019-09-12 18:10:06","未知用户 (wangpofan)","否","http://dmtks.hisense.com/display/CELAB/Disney"
"CELAB","Certification Lab","65835422","15884541","2-NA Certifications","HULU","2","4","Certification Lab 主页 / 2-NA Certifications / HULU","测试与验证","2019-09-12 18:05:01","未知用户 (wangpofan)","否","http://dmtks.hisense.com/display/CELAB/HULU"
"CELAB","Certification Lab","15884607","15884541","2-NA Certifications","Pandora","2","5","Certification Lab 主页 / 2-NA Certifications / Pandora","测试与验证","2023-08-28 10:07:40","未知用户 (leigang)","否","http://dmtks.hisense.com/display/CELAB/Pandora"
"CELAB","Certification Lab","15884430","15884541","2-NA Certifications","VUDU","2","6","Certification Lab 主页 / 2-NA Certifications / VUDU","测试与验证","2018-01-30 14:45:29","未知用户 (hucunfang)","否","http://dmtks.hisense.com/display/CELAB/VUDU"
"CELAB","Certification Lab","15884545","15876935","Certification Lab 主页","3-EU Certifications","1","4","Certification Lab 主页 / 3-EU Certifications","测试与验证","2025-07-08 23:35:21","RichardSleeman","是","http://dmtks.hisense.com/display/CELAB/3-EU+Certifications"
"CELAB","Certification Lab","50141224","15884545","3-EU Certifications","0. Operator List","2","1","Certification Lab 主页 / 3-EU Certifications / 0. Operator List","测试与验证","2019-04-02 16:29:53","刘文晓","否","http://dmtks.hisense.com/display/CELAB/0.+Operator+List"
"CELAB","Certification Lab","15877039","15884545","3-EU Certifications","4K_HDR_UHD","2","2","Certification Lab 主页 / 3-EU Certifications / 4K_HDR_UHD","测试与验证","2023-12-06 09:58:46","未知用户 (leigang)","否","http://dmtks.hisense.com/display/CELAB/4K_HDR_UHD"
"CELAB","Certification Lab","307315129","15884545","3-EU Certifications","Antenni TV","2","3","Certification Lab 主页 / 3-EU Certifications / Antenni TV","测试与验证","2025-06-12 10:03:07","未知用户 (jiangxue3)","否","http://dmtks.hisense.com/display/CELAB/Antenni+TV"
"CELAB","Certification Lab","185284767","15884545","3-EU Certifications","ANTIK","2","4","Certification Lab 主页 / 3-EU Certifications / ANTIK","测试与验证","2023-08-22 14:30:23","未知用户 (jiangxue3)","否","http://dmtks.hisense.com/display/CELAB/ANTIK"
"CELAB","Certification Lab","16871726","15884545","3-EU Certifications","Application","2","5","Certification Lab 主页 / 3-EU Certifications / Application","测试与验证","2018-02-21 17:57:04","wangyong.park","否","http://dmtks.hisense.com/display/CELAB/Application"
"CELAB","Certification Lab","59445607","15884545","3-EU Certifications","Canal Plus Poland","2","6","Certification Lab 主页 / 3-EU Certifications / Canal Plus Poland","测试与验证","2024-08-06 10:42:06","未知用户 (jiangxue3)","否","http://dmtks.hisense.com/display/CELAB/Canal+Plus+Poland"
"CELAB","Certification Lab","15884445","15884545","3-EU Certifications","CI Plus","2","7","Certification Lab 主页 / 3-EU Certifications / CI Plus","测试与验证","2025-05-13 17:08:02","未知用户 (jiangxue3)","否","http://dmtks.hisense.com/display/CELAB/CI+Plus"
"CELAB","Certification Lab","59445604","15884545","3-EU Certifications","Cyfrowy Polsat","2","8","Certification Lab 主页 / 3-EU Certifications / Cyfrowy Polsat","测试与验证","2019-07-03 18:13:54","Torben Konopka","否","http://dmtks.hisense.com/display/CELAB/Cyfrowy+Polsat"
"CELAB","Certification Lab","303904008","15884545","3-EU Certifications","D-Smart","2","9","Certification Lab 主页 / 3-EU Certifications / D-Smart","测试与验证","2025-05-13 09:20:06","未知用户 (jiangxue3)","否","http://dmtks.hisense.com/display/CELAB/D-Smart"
"CELAB","Certification Lab","59445572","15884545","3-EU Certifications","DIGI TV","2","10","Certification Lab 主页 / 3-EU Certifications / DIGI TV","测试与验证","2025-06-09 09:43:35","未知用户 (jiangxue3)","否","http://dmtks.hisense.com/display/CELAB/DIGI+TV"
"CELAB","Certification Lab","303903972","15884545","3-EU Certifications","Digiturk","2","11","Certification Lab 主页 / 3-EU Certifications / Digiturk","测试与验证","2025-05-13 09:14:30","未知用户 (jiangxue3)","否","http://dmtks.hisense.com/display/CELAB/Digiturk"
"CELAB","Certification Lab","185275525","15884545","3-EU Certifications","DTG Council","2","12","Certification Lab 主页 / 3-EU Certifications / DTG Council","测试与验证","2024-02-20 00:41:13","RichardSleeman","否","http://dmtks.hisense.com/display/CELAB/DTG+Council"
"CELAB","Certification Lab","15884597","15884545","3-EU Certifications","DVB-T2 CRA Czech","2","13","Certification Lab 主页 / 3-EU Certifications / DVB-T2 CRA Czech","测试与验证","2021-02-04 00:34:05","RichardSleeman","否","http://dmtks.hisense.com/display/CELAB/DVB-T2+CRA+Czech"
"CELAB","Certification Lab","83991322","15884545","3-EU Certifications","DVB-T2 France","2","14","Certification Lab 主页 / 3-EU Certifications / DVB-T2 France","测试与验证","2020-04-29 09:36:51","胡兰","否","http://dmtks.hisense.com/display/CELAB/DVB-T2+France"
"CELAB","Certification Lab","15884600","15884545","3-EU Certifications","DVB-T2 HD Germany","2","15","Certification Lab 主页 / 3-EU Certifications / DVB-T2 HD Germany","测试与验证","2020-03-25 22:24:57","Torben Konopka","否","http://dmtks.hisense.com/display/CELAB/DVB-T2+HD+Germany"
"CELAB","Certification Lab","84647522","15884545","3-EU Certifications","DVB-T2 Poland","2","16","Certification Lab 主页 / 3-EU Certifications / DVB-T2 Poland","测试与验证","2020-04-03 19:24:21","胡兰","否","http://dmtks.hisense.com/display/CELAB/DVB-T2+Poland"
"CELAB","Certification Lab","31821587","15884545","3-EU Certifications","Foxxum","2","17","Certification Lab 主页 / 3-EU Certifications / Foxxum","测试与验证","2018-11-07 13:59:01","王丽娟","否","http://dmtks.hisense.com/display/CELAB/Foxxum"
"CELAB","Certification Lab","15884581","15884545","3-EU Certifications","Fransat (Old)","2","18","Certification Lab 主页 / 3-EU Certifications / Fransat (Old)","测试与验证","2020-07-24 23:49:25","RichardSleeman","否","http://dmtks.hisense.com/pages/viewpage.action?pageId=15884581"
"CELAB","Certification Lab","95167230","15884545","3-EU Certifications","Fransat 2021","2","19","Certification Lab 主页 / 3-EU Certifications / Fransat 2021","测试与验证","2021-03-01 17:29:04","RichardSleeman","否","http://dmtks.hisense.com/display/CELAB/Fransat+2021"
"CELAB","Certification Lab","79794042","15884545","3-EU Certifications","Freenet TV (DVB-S)","2","20","Certification Lab 主页 / 3-EU Certifications / Freenet TV (DVB-S)","测试与验证","2020-02-12 15:09:43","Torben Konopka","否","http://dmtks.hisense.com/pages/viewpage.action?pageId=79794042"
"CELAB","Certification Lab","15888645","15884545","3-EU Certifications","Freesat","2","21","Certification Lab 主页 / 3-EU Certifications / Freesat","测试与验证","2018-08-06 16:43:49","wangyong.park","否","http://dmtks.hisense.com/display/CELAB/Freesat"
"CELAB","Certification Lab","216895038","15884545","3-EU Certifications","Freeview Play/Freely","2","22","Certification Lab 主页 / 3-EU Certifications / Freeview Play/Freely","测试与验证","2024-08-09 10:19:07","未知用户 (jiangxue3)","否","http://dmtks.hisense.com/pages/viewpage.action?pageId=216895038"
"CELAB","Certification Lab","16659739","15884545","3-EU Certifications","GDPR","2","23","Certification Lab 主页 / 3-EU Certifications / GDPR","测试与验证","2023-08-10 16:57:51","未知用户 (sunwenping)","否","http://dmtks.hisense.com/display/CELAB/GDPR"
"CELAB","Certification Lab","16646905","15884545","3-EU Certifications","HbbTV","2","24","Certification Lab 主页 / 3-EU Certifications / HbbTV","测试与验证","2020-10-23 15:46:36","Torben Konopka","否","http://dmtks.hisense.com/display/CELAB/HbbTV"
"CELAB","Certification Lab","40044369","15884545","3-EU Certifications","HD Plus","2","25","Certification Lab 主页 / 3-EU Certifications / HD Plus","测试与验证","2023-04-17 17:54:03","RichardSleeman","否","http://dmtks.hisense.com/display/CELAB/HD+Plus"
"CELAB","Certification Lab","85361416","15884545","3-EU Certifications","HD Plus - Operator Application","2","26","Certification Lab 主页 / 3-EU Certifications / HD Plus - Operator Application","测试与验证","2024-10-17 13:44:21","未知用户 (jiangxue3)","否","http://dmtks.hisense.com/display/CELAB/HD+Plus+-+Operator+Application"
"CELAB","Certification Lab","85361410","15884545","3-EU Certifications","Lativu","2","27","Certification Lab 主页 / 3-EU Certifications / Lativu","测试与验证","2025-10-28 18:58:29","未知用户 (jiangxue3)","否","http://dmtks.hisense.com/display/CELAB/Lativu"
"CELAB","Certification Lab","59445834","15884545","3-EU Certifications","M7 Group","2","28","Certification Lab 主页 / 3-EU Certifications / M7 Group","测试与验证","2025-07-14 15:46:31","Torben Konopka","否","http://dmtks.hisense.com/display/CELAB/M7+Group"
"CELAB","Certification Lab","15884587","15884545","3-EU Certifications","Mediaset - For R2 see new R2 Tab (CAM READY)","2","29","Certification Lab 主页 / 3-EU Certifications / Mediaset - For R2 see new R2 Tab (CAM READY)","测试与验证","2020-11-19 21:35:09","RichardSleeman","否","http://dmtks.hisense.com/pages/viewpage.action?pageId=15884587"
"CELAB","Certification Lab","84649069","15884545","3-EU Certifications","Mediaset Play","2","30","Certification Lab 主页 / 3-EU Certifications / Mediaset Play","测试与验证","2025-04-08 13:54:23","未知用户 (jiangxue3)","否","http://dmtks.hisense.com/display/CELAB/Mediaset+Play"
"CELAB","Certification Lab","59445619","15884545","3-EU Certifications","Nordic","2","31","Certification Lab 主页 / 3-EU Certifications / Nordic","测试与验证","2024-08-21 10:01:31","未知用户 (jiangxue3)","否","http://dmtks.hisense.com/display/CELAB/Nordic"
"CELAB","Certification Lab","17171706","15884545","3-EU Certifications","NTV Plus","2","32","Certification Lab 主页 / 3-EU Certifications / NTV Plus","测试与验证","2019-03-30 16:18:16","刘文晓","否","http://dmtks.hisense.com/display/CELAB/NTV+Plus"
"CELAB","Certification Lab","69506622","15884545","3-EU Certifications","OiV","2","33","Certification Lab 主页 / 3-EU Certifications / OiV","测试与验证","2020-09-08 00:47:43","RichardSleeman","否","http://dmtks.hisense.com/display/CELAB/OiV"
"CELAB","Certification Lab","297478933","15884545","3-EU Certifications","ÖSTERREICH SATELLIT","2","34","Certification Lab 主页 / 3-EU Certifications / ÖSTERREICH SATELLIT","测试与验证","2025-03-31 09:18:21","未知用户 (jiangxue3)","否","http://dmtks.hisense.com/pages/viewpage.action?pageId=297478933"
"CELAB","Certification Lab","79794022","15884545","3-EU Certifications","Pyur","2","35","Certification Lab 主页 / 3-EU Certifications / Pyur","测试与验证","2020-03-25 22:05:53","Torben Konopka","否","http://dmtks.hisense.com/display/CELAB/Pyur"
"CELAB","Certification Lab","83991228","15884545","3-EU Certifications","R2","2","36","Certification Lab 主页 / 3-EU Certifications / R2","测试与验证","2021-07-23 23:46:40","RichardSleeman","否","http://dmtks.hisense.com/display/CELAB/R2"
"CELAB","Certification Lab","17795814","15884545","3-EU Certifications","SAT>IP","2","37","Certification Lab 主页 / 3-EU Certifications / SAT>IP","测试与验证","2018-04-10 22:21:29","未知用户 (huxuan1)","否","http://dmtks.hisense.com/display/CELAB/SAT%3EIP"
"CELAB","Certification Lab","15888647","15884545","3-EU Certifications","SimpliTV - DVB-S","2","38","Certification Lab 主页 / 3-EU Certifications / SimpliTV - DVB-S","测试与验证","2022-10-19 16:54:13","未知用户 (jiangxue3)","否","http://dmtks.hisense.com/display/CELAB/SimpliTV+-+DVB-S"
"CELAB","Certification Lab","95819842","15884545","3-EU Certifications","SimpliTV Antenna","2","39","Certification Lab 主页 / 3-EU Certifications / SimpliTV Antenna","测试与验证","2022-08-02 23:22:39","RichardSleeman","否","http://dmtks.hisense.com/display/CELAB/SimpliTV+Antenna"
"CELAB","Certification Lab","15884602","15884545","3-EU Certifications","SKY D","2","40","Certification Lab 主页 / 3-EU Certifications / SKY D","测试与验证","2020-12-15 20:34:47","RichardSleeman","否","http://dmtks.hisense.com/display/CELAB/SKY+D"
"CELAB","Certification Lab","15884551","15876935","Certification Lab 主页","4-SA Certifications","1","5","Certification Lab 主页 / 4-SA Certifications","测试与验证","2017-11-01 17:37:21","未知用户 (wanghaibin1)","否","http://dmtks.hisense.com/display/CELAB/4-SA+Certifications"
"CELAB","Certification Lab","63898137","15884551","4-SA Certifications","Claro Video","2","1","Certification Lab 主页 / 4-SA Certifications / Claro Video","测试与验证","2019-09-26 16:24:39","未知用户 (wangpofan)","否","http://dmtks.hisense.com/display/CELAB/Claro+Video"
"CELAB","Certification Lab","15884623","15884551","4-SA Certifications","Ginga","2","2","Certification Lab 主页 / 4-SA Certifications / Ginga","测试与验证","2022-07-05 09:51:57","刘文晓","否","http://dmtks.hisense.com/display/CELAB/Ginga"
"CELAB","Certification Lab","15884555","15876935","Certification Lab 主页","5-EM Certifications","1","6","Certification Lab 主页 / 5-EM Certifications","测试与验证","2017-11-01 17:38:18","未知用户 (wanghaibin1)","否","http://dmtks.hisense.com/display/CELAB/5-EM+Certifications"
"CELAB","Certification Lab","15884626","15884555","5-EM Certifications","Freeview Plus","2","1","Certification Lab 主页 / 5-EM Certifications / Freeview Plus","测试与验证","2020-11-30 15:42:15","未知用户 (wangpofan)","否","http://dmtks.hisense.com/display/CELAB/Freeview+Plus"
"CELAB","Certification Lab","50828479","15884555","5-EM Certifications","FreeviewPlus for NewZealand","2","2","Certification Lab 主页 / 5-EM Certifications / FreeviewPlus for NewZealand","测试与验证","2019-05-05 17:12:08","刘文晓","否","http://dmtks.hisense.com/display/CELAB/FreeviewPlus+for+NewZealand"
"CELAB","Certification Lab","63898025","15884555","5-EM Certifications","印尼 postel","2","3","Certification Lab 主页 / 5-EM Certifications / 印尼 postel","测试与验证","2025-01-20 15:26:33","未知用户 (jiangxue3)","否","http://dmtks.hisense.com/pages/viewpage.action?pageId=63898025"
"CELAB","Certification Lab","219565413","15884555","5-EM Certifications","印度 S2","2","4","Certification Lab 主页 / 5-EM Certifications / 印度 S2","测试与验证","2024-06-20 13:45:39","未知用户 (jiangxue3)","否","http://dmtks.hisense.com/pages/viewpage.action?pageId=219565413"
"CELAB","Certification Lab","216908932","15884555","5-EM Certifications","越南Vietnam T2","2","5","Certification Lab 主页 / 5-EM Certifications / 越南Vietnam T2","测试与验证","2025-03-31 16:32:36","未知用户 (jiangxue3)","否","http://dmtks.hisense.com/pages/viewpage.action?pageId=216908932"
"CELAB","Certification Lab","85953608","15884555","5-EM Certifications","马来西亚 T2认证","2","6","Certification Lab 主页 / 5-EM Certifications / 马来西亚 T2认证","测试与验证","2025-05-16 09:35:42","未知用户 (jiangxue3)","否","http://dmtks.hisense.com/pages/viewpage.action?pageId=85953608"
"CELAB","Certification Lab","15884633","15876935","Certification Lab 主页","6-JP Certifications","1","7","Certification Lab 主页 / 6-JP Certifications","测试与验证","2017-11-01 18:03:33","未知用户 (wanghaibin1)","否","http://dmtks.hisense.com/display/CELAB/6-JP+Certifications"
"CELAB","Certification Lab","15884643","15884633","6-JP Certifications","acTVila","2","1","Certification Lab 主页 / 6-JP Certifications / acTVila","测试与验证","2018-04-04 17:23:18","刘辉","否","http://dmtks.hisense.com/display/CELAB/acTVila"
"CELAB","Certification Lab","15884665","15884633","6-JP Certifications","Crank-in-Video","2","2","Certification Lab 主页 / 6-JP Certifications / Crank-in-Video","测试与验证","2018-02-05 16:12:05","姜慧/Jannah Jiang","否","http://dmtks.hisense.com/display/CELAB/Crank-in-Video"
"CELAB","Certification Lab","15884654","15884633","6-JP Certifications","Hikari TV","2","3","Certification Lab 主页 / 6-JP Certifications / Hikari TV","测试与验证","2018-02-05 16:16:36","姜慧/Jannah Jiang","否","http://dmtks.hisense.com/display/CELAB/Hikari+TV"
"CELAB","Certification Lab","15884658","15884633","6-JP Certifications","HybridCast","2","4","Certification Lab 主页 / 6-JP Certifications / HybridCast","测试与验证","2018-02-05 16:19:01","姜慧/Jannah Jiang","否","http://dmtks.hisense.com/display/CELAB/HybridCast"
"CELAB","Certification Lab","15884660","15884633","6-JP Certifications","NicoNico","2","5","Certification Lab 主页 / 6-JP Certifications / NicoNico","测试与验证","2017-11-01 18:07:18","未知用户 (wanghaibin1)","否","http://dmtks.hisense.com/display/CELAB/NicoNico"
"CELAB","Certification Lab","15884646","15884633","6-JP Certifications","TSUTAYA","2","6","Certification Lab 主页 / 6-JP Certifications / TSUTAYA","测试与验证","2018-02-05 16:22:36","姜慧/Jannah Jiang","否","http://dmtks.hisense.com/display/CELAB/TSUTAYA"
"CELAB","Certification Lab","15884650","15884633","6-JP Certifications","U-Next","2","7","Certification Lab 主页 / 6-JP Certifications / U-Next","测试与验证","2018-02-05 16:26:36","姜慧/Jannah Jiang","否","http://dmtks.hisense.com/display/CELAB/U-Next"
"CELAB","Certification Lab","299028701","15876935","Certification Lab 主页","7-国内认证","1","8","Certification Lab 主页 / 7-国内认证","测试与验证","2025-04-11 20:29:05","刘文晓","否","http://dmtks.hisense.com/pages/viewpage.action?pageId=299028701"
"CELAB","Certification Lab","299028703","299028701","7-国内认证","腾讯云游戏四星认证","2","1","Certification Lab 主页 / 7-国内认证 / 腾讯云游戏四星认证","测试与验证","2025-04-11 20:38:22","刘文晓","否","http://dmtks.hisense.com/pages/viewpage.action?pageId=299028703"
"test1","test1","8880958","","","test1 Home","0","1","test1 Home","测试与验证","2016-12-27 11:27:19","冯美美","否","http://dmtks.hisense.com/display/test1/test1+Home"
"test1","test1","232254064","8880958","test1 Home","1111111","1","1","test1 Home / 1111111","测试与验证","2024-04-21 15:36:01","窦学鹏","否","http://dmtks.hisense.com/display/test1/1111111"
"test1","test1","238858882","232254064","1111111","复制从 202403月度过程指标会议 20240327","2","1","test1 Home / 1111111 / 复制从 202403月度过程指标会议 20240327","测试与验证","2024-05-28 13:23:50","冯美美","否","http://dmtks.hisense.com/pages/viewpage.action?pageId=238858882"
"test1","test1","212860940","8880958","test1 Home","111222","1","2","test1 Home / 111222","测试与验证","2024-05-24 15:12:23","冯美美","否","http://dmtks.hisense.com/display/test1/111222"
"test1","test1","224241768","212860940","111222","JIRA 报告","2","1","test1 Home / 111222 / JIRA 报告","测试与验证","2023-11-13 10:31:16","李燕芬","否","http://dmtks.hisense.com/pages/viewpage.action?pageId=224241768"
"test1","test1","242004990","212860940","111222","wwww测试2操作","2","2","test1 Home / 111222 / wwww测试2操作","测试与验证","2024-07-19 16:22:13","冯美美","否","http://dmtks.hisense.com/pages/viewpage.action?pageId=242004990"
"test1","test1","220332034","8880958","test1 Home","111222333","1","3","test1 Home / 111222333","测试与验证","2024-05-24 15:02:19","冯美美","否","http://dmtks.hisense.com/display/test1/111222333"
"test1","test1","233930890","220332034","111222333","新明名称111222","2","1","test1 Home / 111222333 / 新明名称111222","测试与验证","2024-04-21 15:47:42","冯美美","否","http://dmtks.hisense.com/pages/viewpage.action?pageId=233930890"
"test1","test1","242006669","8880958","test1 Home","222111222","1","4","test1 Home / 222111222","测试与验证","2024-05-24 16:09:31","冯美美","否","http://dmtks.hisense.com/display/test1/222111222"
"test1","test1","242006675","242006669","222111222","2222222","2","1","test1 Home / 222111222 / 2222222","测试与验证","2024-05-24 16:09:31","冯美美","否","http://dmtks.hisense.com/display/test1/2222222"
"test1","test1","242006676","242006669","222111222","222JIRA 报告","2","2","test1 Home / 222111222 / 222JIRA 报告","测试与验证","2024-05-24 16:09:32","冯美美","否","http://dmtks.hisense.com/pages/viewpage.action?pageId=242006676"
"test1","test1","242006677","242006669","222111222","222wwww","2","3","test1 Home / 222111222 / 222wwww","测试与验证","2024-05-24 16:09:31","冯美美","否","http://dmtks.hisense.com/display/test1/222wwww"
"test1","test1","13720374","8880958","test1 Home","PRD3","1","5","test1 Home / PRD3","需求与功能","2023-06-27 10:32:42","冯美美","否","http://dmtks.hisense.com/display/test1/PRD3"
"test1","test1","13720385","8880958","test1 Home","PRD报告","1","6","test1 Home / PRD报告","需求与功能","2017-03-19 09:07:14","冯美美","否","http://dmtks.hisense.com/pages/viewpage.action?pageId=13720385"
"test1","test1","13720387","13720385","PRD报告","2","2","1","test1 Home / PRD报告 / 2","需求与功能","2017-03-19 13:56:00","冯美美","否","http://dmtks.hisense.com/display/test1/2"
"test1","test1","13720390","8880958","test1 Home","PRD报告2","1","7","test1 Home / PRD报告2","需求与功能","2017-03-19 09:13:15","冯美美","否","http://dmtks.hisense.com/pages/viewpage.action?pageId=13720390"
"test1","test1","13720393","8880958","test1 Home","prd报告3","1","8","test1 Home / prd报告3","需求与功能","2017-03-19 10:16:31","冯美美","否","http://dmtks.hisense.com/pages/viewpage.action?pageId=13720393"
"test1","test1","13720436","13720393","prd报告3","3","2","1","test1 Home / prd报告3 / 3","需求与功能","2017-03-19 13:17:43","冯美美","否","http://dmtks.hisense.com/display/test1/3"
"test1","test1","224241713","8880958","test1 Home","test11111","1","9","test1 Home / test11111","测试与验证","2023-11-13 10:26:59","李燕芬","否","http://dmtks.hisense.com/display/test1/test11111"
"test1","test1","224241769","224241713","test11111","[test]vidaa需求类","2","1","test1 Home / test11111 / [test]vidaa需求类","需求与功能","2023-11-13 10:31:15","李燕芬","否","http://dmtks.hisense.com/pages/viewpage.action?pageId=224241769"
"test1","test1","224241786","224241713","test11111","文件列表测试","2","2","test1 Home / test11111 / 文件列表测试","测试与验证","2023-11-13 10:35:27","李燕芬","否","http://dmtks.hisense.com/pages/viewpage.action?pageId=224241786"
"test1","test1","13720371","8880958","test1 Home","任务","1","10","test1 Home / 任务","测试与验证","2017-03-19 10:36:24","冯美美","否","http://dmtks.hisense.com/pages/viewpage.action?pageId=13720371"
"test1","test1","13706453","13720371","任务","ceshi","2","1","test1 Home / 任务 / ceshi","测试与验证","2017-05-10 14:51:40","冯美美","否","http://dmtks.hisense.com/display/test1/ceshi"
"test1","test1","24052833","8880958","test1 Home","共性问题宣贯材料","1","11","test1 Home / 共性问题宣贯材料","测试与验证","2018-07-19 15:45:16","闫伟玲","否","http://dmtks.hisense.com/pages/viewpage.action?pageId=24052833"
"test1","test1","26677572","24052833","共性问题宣贯材料","新品上线准时率等指标讨论会议纪要","2","1","test1 Home / 共性问题宣贯材料 / 新品上线准时率等指标讨论会议纪要","测试与验证","2018-07-19 15:44:30","闫伟玲","否","http://dmtks.hisense.com/pages/viewpage.action?pageId=26677572"
"test1","test1","49516829","8880958","test1 Home","头脑风暴 - 于涛","1","12","test1 Home / 头脑风暴 - 于涛","测试与验证","2019-03-21 19:55:36","未知用户 (yutao8)","否","http://dmtks.hisense.com/pages/viewpage.action?pageId=49516829"
"test1","test1","49516835","49516829","头脑风暴 - 于涛","二级目录测试","2","1","test1 Home / 头脑风暴 - 于涛 / 二级目录测试","测试与验证","2019-03-21 19:56:42","未知用户 (yutao8)","否","http://dmtks.hisense.com/pages/viewpage.action?pageId=49516835"
"test1","test1","13717602","8880958","test1 Home","流程培训","1","13","test1 Home / 流程培训","测试与验证","2018-07-19 15:46:09","闫伟玲","是","http://dmtks.hisense.com/pages/viewpage.action?pageId=13717602"
"test1","test1","17171213","13717602","流程培训","0","2","1","test1 Home / 流程培训 / 0","测试与验证","2019-04-29 12:04:37","冯美美","否","http://dmtks.hisense.com/display/test1/0"
"test1","test1","15862124","13717602","流程培训","11.认证管理","2","2","test1 Home / 流程培训 / 11.认证管理","测试与验证","2017-09-26 16:37:54","胡孝鹏","否","http://dmtks.hisense.com/pages/viewpage.action?pageId=15862124"
"test1","test1","43319905","13717602","流程培训","12","2","3","test1 Home / 流程培训 / 12","测试与验证","2021-09-27 11:32:52","冯美美","否","http://dmtks.hisense.com/display/test1/12"
"test1","test1","149982669","13717602","流程培训","12345","2","4","test1 Home / 流程培训 / 12345","测试与验证","2022-07-21 16:04:02","冯美美","否","http://dmtks.hisense.com/display/test1/12345"
"test1","test1","14533103","13717602","流程培训","2017-04-10 会议纪要","2","5","test1 Home / 流程培训 / 2017-04-10 会议纪要","测试与验证","2022-03-29 12:54:53","冯美美","否","http://dmtks.hisense.com/pages/viewpage.action?pageId=14533103"
"test1","test1","15763205","13717602","流程培训","2017-09-07 会议纪要","2","6","test1 Home / 流程培训 / 2017-09-07 会议纪要","测试与验证","2022-01-08 14:47:17","冯美美","否","http://dmtks.hisense.com/pages/viewpage.action?pageId=15763205"
"test1","test1","26677487","13717602","流程培训","2018-07-19 会议纪要","2","7","test1 Home / 流程培训 / 2018-07-19 会议纪要","测试与验证","2021-10-20 14:26:06","冯美美","否","http://dmtks.hisense.com/pages/viewpage.action?pageId=26677487"
"test1","test1","42668807","13717602","流程培训","7、TCP分析共享","2","8","test1 Home / 流程培训 / 7、TCP分析共享","测试与验证","2019-01-11 10:27:47","冯美美","否","http://dmtks.hisense.com/pages/viewpage.action?pageId=42668807"
"test1","test1","12978827","13717602","流程培训","A888","2","9","test1 Home / 流程培训 / A888","测试与验证","2017-03-07 14:23:41","未知用户 (liuchuanjun)","否","http://dmtks.hisense.com/display/test1/A888"
"test1","test1","15861270","13717602","流程培训","adb操作命令","2","10","test1 Home / 流程培训 / adb操作命令","测试与验证","2017-09-25 16:23:18","未知用户 (majunfeng)","否","http://dmtks.hisense.com/pages/viewpage.action?pageId=15861270"
"test1","test1","15883296","13717602","流程培训","APK管理","2","11","test1 Home / 流程培训 / APK管理","测试与验证","2017-10-31 18:33:41","高铭英","否","http://dmtks.hisense.com/pages/viewpage.action?pageId=15883296"
"test1","test1","14519984","13717602","流程培训","DITAA Diagrams","2","12","test1 Home / 流程培训 / DITAA Diagrams","测试与验证","2018-06-13 10:07:17","冯美美","否","http://dmtks.hisense.com/display/test1/DITAA+Diagrams"
"test1","test1","14519958","13717602","流程培训","English title test","2","13","test1 Home / 流程培训 / English title test","测试与验证","2017-04-07 12:23:59","赵树斌","否","http://dmtks.hisense.com/display/test1/English+title+test"
"test1","test1","131936056","13717602","流程培训","HUSA Test","2","14","test1 Home / 流程培训 / HUSA Test","测试与验证","2021-07-24 00:28:15","Sam Qin/秦曙光","否","http://dmtks.hisense.com/display/test1/HUSA+Test"
"test1","test1","14519634","13717602","流程培训","MyTestContent","2","15","test1 Home / 流程培训 / MyTestContent","测试与验证","2017-04-06 17:14:09","赵树斌","否","http://dmtks.hisense.com/display/test1/MyTestContent"
"test1","test1","125473458","13717602","流程培训","PRD","2","16","test1 Home / 流程培训 / PRD","需求与功能","2021-05-19 13:39:22","冯美美","否","http://dmtks.hisense.com/display/test1/PRD"
"test1","test1","199890511","13717602","流程培训","test 创建","2","17","test1 Home / 流程培训 / test 创建","测试与验证","2025-03-26 17:07:02","王笑言","否","http://dmtks.hisense.com/pages/viewpage.action?pageId=199890511"
"test1","test1","14519985","13717602","流程培训","uml","2","18","test1 Home / 流程培训 / uml","测试与验证","2017-04-07 12:58:52","赵树斌","否","http://dmtks.hisense.com/display/test1/uml"
"test1","test1","15573212","13717602","流程培训","UML Diagrams","2","19","test1 Home / 流程培训 / UML Diagrams","测试与验证","2017-08-03 14:36:55","未知用户 (zhanghuawei1)","否","http://dmtks.hisense.com/display/test1/UML+Diagrams"
"test1","test1","15591873","13717602","流程培训","UXD","2","20","test1 Home / 流程培训 / UXD","测试与验证","2017-08-29 10:23:01","冯美美","否","http://dmtks.hisense.com/display/test1/UXD"
"test1","test1","120526479","13717602","流程培训","week10-21_SLAM","2","21","test1 Home / 流程培训 / week10-21_SLAM","测试与验证","2021-03-31 16:25:00","王冉冉","否","http://dmtks.hisense.com/display/test1/week10-21_SLAM"
"test1","test1","201044435","13717602","流程培训","任务列表","2","22","test1 Home / 流程培训 / 任务列表","测试与验证","2023-03-01 16:54:20","冯美美","否","http://dmtks.hisense.com/pages/viewpage.action?pageId=201044435"
"test1","test1","106339423","13717602","流程培训","任职资格认证公示材料2020","2","23","test1 Home / 流程培训 / 任职资格认证公示材料2020","测试与验证","2020-11-13 17:49:59","刘莎","否","http://dmtks.hisense.com/pages/viewpage.action?pageId=106339423"
"test1","test1","15882925","13717602","流程培训","决策1","2","24","test1 Home / 流程培训 / 决策1","测试与验证","2018-05-30 21:09:23","冯美美","否","http://dmtks.hisense.com/pages/viewpage.action?pageId=15882925"
"test1","test1","15882929","13717602","流程培训","决策2","2","25","test1 Home / 流程培训 / 决策2","测试与验证","2021-05-11 16:05:43","李燕芬","否","http://dmtks.hisense.com/pages/viewpage.action?pageId=15882929"
"test1","test1","46107945","13717602","流程培训","刘涛瑜周报KW7 2019.02.11-15","2","26","test1 Home / 流程培训 / 刘涛瑜周报KW7 2019.02.11-15","测试与验证","2019-02-15 15:56:45","未知用户 (liutaoyu)","否","http://dmtks.hisense.com/pages/viewpage.action?pageId=46107945"
"test1","test1","185290838","13717602","流程培训","商显机器 升级写Room License文件的方法","2","27","test1 Home / 流程培训 / 商显机器 升级写Room License文件的方法","测试与验证","2023-02-28 15:03:34","冯美美","否","http://dmtks.hisense.com/pages/viewpage.action?pageId=185290838"
"test1","test1","132624748","13717602","流程培训","复制从 01）Scan功能","2","28","test1 Home / 流程培训 / 复制从 01）Scan功能","测试与验证","2021-07-30 17:50:27","冯美美","否","http://dmtks.hisense.com/pages/viewpage.action?pageId=132624748"
"test1","test1","15763209","13717602","流程培训","复制从 2017-09-07 会议纪要","2","29","test1 Home / 流程培训 / 复制从 2017-09-07 会议纪要","测试与验证","2017-09-07 10:51:27","冯美美","否","http://dmtks.hisense.com/pages/viewpage.action?pageId=15763209"
"test1","test1","15861276","13717602","流程培训","手动使用ADB开启应用：","2","30","test1 Home / 流程培训 / 手动使用ADB开启应用：","测试与验证","2021-03-01 18:23:27","冯美美","否","http://dmtks.hisense.com/pages/viewpage.action?pageId=15861276"
"test1","test1","177868597","13717602","流程培训","手机Log问题经验总结","2","31","test1 Home / 流程培训 / 手机Log问题经验总结","测试与验证","2022-09-01 15:13:31","未知用户 (caoyang11)","否","http://dmtks.hisense.com/pages/viewpage.action?pageId=177868597"
"test1","test1","15861269","13717602","流程培训","指导文章","2","32","test1 Home / 流程培训 / 指导文章","测试与验证","2017-09-25 16:23:19","未知用户 (majunfeng)","否","http://dmtks.hisense.com/pages/viewpage.action?pageId=15861269"
"test1","test1","39394097","13717602","流程培训","杨艺涛 工作周报-20181207","2","33","test1 Home / 流程培训 / 杨艺涛 工作周报-20181207","测试与验证","2021-02-01 16:21:54","冯美美","否","http://dmtks.hisense.com/pages/viewpage.action?pageId=39394097"
"test1","test1","14519528","13717602","流程培训","模组电路(alpha version)","2","34","test1 Home / 流程培训 / 模组电路(alpha version)","测试与验证","2017-04-08 12:32:15","赵树斌","否","http://dmtks.hisense.com/pages/viewpage.action?pageId=14519528"
"test1","test1","13707158","13717602","流程培训","测试","2","35","test1 Home / 流程培训 / 测试","测试与验证","2021-03-10 16:56:00","冯美美","否","http://dmtks.hisense.com/pages/viewpage.action?pageId=13707158"
"test1","test1","15874113","13717602","流程培训","测试11","2","36","test1 Home / 流程培训 / 测试11","测试与验证","2021-07-12 09:25:51","冯美美","否","http://dmtks.hisense.com/pages/viewpage.action?pageId=15874113"
"test1","test1","15874118","13717602","流程培训","测试22","2","37","test1 Home / 流程培训 / 测试22","测试与验证","2021-11-22 11:47:18","冯美美","否","http://dmtks.hisense.com/pages/viewpage.action?pageId=15874118"
"test1","test1","15874128","13717602","流程培训","测试3","2","38","test1 Home / 流程培训 / 测试3","测试与验证","2022-01-16 08:45:19","冯美美","否","http://dmtks.hisense.com/pages/viewpage.action?pageId=15874128"
"test1","test1","13713931","13717602","流程培训","测试@功能","2","39","test1 Home / 流程培训 / 测试@功能","测试与验证","2017-03-02 09:26:44","冯美美","否","http://dmtks.hisense.com/pages/viewpage.action?pageId=13713931"
"test1","test1","39394038","13717602","流程培训","熊俭荣的周报2018.12.3--7","2","40","test1 Home / 流程培训 / 熊俭荣的周报2018.12.3--7","测试与验证","2021-03-03 11:46:14","冯美美","否","http://dmtks.hisense.com/pages/viewpage.action?pageId=39394038"
"test1","test1","264601602","8880958","test1 Home","测试1111","1","14","test1 Home / 测试1111","测试与验证","2025-02-13 16:03:56","冯美美","否","http://dmtks.hisense.com/pages/viewpage.action?pageId=264601602"
"test1","test1","233635881","8880958","test1 Home","测试新环境","1","15","test1 Home / 测试新环境","测试与验证","2025-11-30 07:06:11","冯美美","否","http://dmtks.hisense.com/pages/viewpage.action?pageId=233635881"
"VIDAA","VIDAA","66391221","","","VIDAA Main page","0","1","VIDAA Main page","其他","2025-06-25 21:21:06","Talha Sentürk","否","http://dmtks.hisense.com/display/VIDAA/VIDAA+Main+page"
"VIDAA","VIDAA","66391561","66391221","VIDAA Main page","Partner Engagement Management (PEM)","1","1","VIDAA Main page / Partner Engagement Management (PEM)","其他","2025-05-02 21:54:29","张余庆/Louis Zhang","否","http://dmtks.hisense.com/pages/viewpage.action?pageId=66391561"
"VIDAA","VIDAA","157204346","66391561","Partner Engagement Management (PEM)","APEM framework","2","1","VIDAA Main page / Partner Engagement Management (PEM) / APEM framework","其他","2022-03-18 20:17:38","未知用户 (jochen.fiedler)","否","http://dmtks.hisense.com/display/VIDAA/APEM+framework"
"VIDAA","VIDAA","66391626","66391561","Partner Engagement Management (PEM)","BD PEM KITS","2","2","VIDAA Main page / Partner Engagement Management (PEM) / BD PEM KITS","其他","2022-03-24 03:32:53","未知用户 (justin.hansford)","否","http://dmtks.hisense.com/display/VIDAA/BD+PEM+KITS"
"VIDAA","VIDAA","232612916","66391561","Partner Engagement Management (PEM)","Copy of BD PEM KITS","2","3","VIDAA Main page / Partner Engagement Management (PEM) / Copy of BD PEM KITS","其他","2024-04-12 02:09:42","未知用户 (jeremy.jones)","否","http://dmtks.hisense.com/display/VIDAA/Copy+of+BD+PEM+KITS"
"VIDAA","VIDAA","70161117","66391561","Partner Engagement Management (PEM)","CSP Test Account Portal","2","4","VIDAA Main page / Partner Engagement Management (PEM) / CSP Test Account Portal","测试与验证","2024-04-16 04:33:51","张余庆/Louis Zhang","否","http://dmtks.hisense.com/display/VIDAA/CSP+Test+Account+Portal"
"VIDAA","VIDAA","99328082","66391561","Partner Engagement Management (PEM)","Hisense TV Models","2","5","VIDAA Main page / Partner Engagement Management (PEM) / Hisense TV Models","其他","2021-09-24 01:42:46","未知用户 (jeremy.jones)","否","http://dmtks.hisense.com/display/VIDAA/Hisense+TV+Models"
"VIDAA","VIDAA","85369004","66391561","Partner Engagement Management (PEM)","Images and Assets","2","6","VIDAA Main page / Partner Engagement Management (PEM) / Images and Assets","其他","2021-01-04 20:36:06","未知用户 (jernej.smisl)","否","http://dmtks.hisense.com/display/VIDAA/Images+and+Assets"
"VIDAA","VIDAA","81898975","66391561","Partner Engagement Management (PEM)","Integration Types and Procedures","2","7","VIDAA Main page / Partner Engagement Management (PEM) / Integration Types and Procedures","设计与架构","2022-05-02 23:12:56","未知用户 (jeremy.jones)","否","http://dmtks.hisense.com/display/VIDAA/Integration+Types+and+Procedures"
"VIDAA","VIDAA","79794700","66391561","Partner Engagement Management (PEM)","Legal Paperwork and Processes","2","8","VIDAA Main page / Partner Engagement Management (PEM) / Legal Paperwork and Processes","其他","2021-02-04 04:43:52","未知用户 (jeremy.jones)","否","http://dmtks.hisense.com/display/VIDAA/Legal+Paperwork+and+Processes"
"VIDAA","VIDAA","68854261","66391561","Partner Engagement Management (PEM)","PEM FRAMEWORK","2","9","VIDAA Main page / Partner Engagement Management (PEM) / PEM FRAMEWORK","其他","2019-10-20 19:56:28","未知用户 (jeremy.jones)","否","http://dmtks.hisense.com/display/VIDAA/PEM+FRAMEWORK"
"VIDAA","VIDAA","66391628","66391561","Partner Engagement Management (PEM)","Regional Mapping","2","10","VIDAA Main page / Partner Engagement Management (PEM) / Regional Mapping","其他","2020-02-29 00:13:41","未知用户 (jeremy.jones)","否","http://dmtks.hisense.com/display/VIDAA/Regional+Mapping"
"VIDAA","VIDAA","69504024","66391561","Partner Engagement Management (PEM)","Roles and Responsibilities","2","11","VIDAA Main page / Partner Engagement Management (PEM) / Roles and Responsibilities","其他","2019-10-30 22:43:03","未知用户 (jeremy.jones)","否","http://dmtks.hisense.com/display/VIDAA/Roles+and+Responsibilities"
"VIDAA","VIDAA","66391633","66391561","Partner Engagement Management (PEM)","Sample Ordering Process and Procedures","2","12","VIDAA Main page / Partner Engagement Management (PEM) / Sample Ordering Process and Procedures","其他","2021-08-04 06:18:18","Juan Romero","否","http://dmtks.hisense.com/display/VIDAA/Sample+Ordering+Process+and+Procedures"
"VIDAA","VIDAA","80454431","66391561","Partner Engagement Management (PEM)","Technical Documentation","2","13","VIDAA Main page / Partner Engagement Management (PEM) / Technical Documentation","其他","2023-01-26 23:27:57","张余庆/Louis Zhang","否","http://dmtks.hisense.com/display/VIDAA/Technical+Documentation"
"VIDAA","VIDAA","67636040","66391561","Partner Engagement Management (PEM)","TV model registration","2","14","VIDAA Main page / Partner Engagement Management (PEM) / TV model registration","其他","2019-10-02 08:15:02","张余庆/Louis Zhang","否","http://dmtks.hisense.com/display/VIDAA/TV+model+registration"
"VIDAA","VIDAA","83989056","66391561","Partner Engagement Management (PEM)","Vidaa Glossary","2","15","VIDAA Main page / Partner Engagement Management (PEM) / Vidaa Glossary","其他","2020-03-24 20:41:43","未知用户 (jeremy.jones)","否","http://dmtks.hisense.com/display/VIDAA/Vidaa+Glossary"
"VIDAA","VIDAA","64554444","66391221","VIDAA Main page","VIDAA Projects","1","2","VIDAA Main page / VIDAA Projects","项目管理","2025-03-26 10:52:27","武兵/Bill Wu","否","http://dmtks.hisense.com/display/VIDAA/VIDAA+Projects"
"VIDAA","VIDAA","65835178","64554444","VIDAA Projects","6886 Program","2","1","VIDAA Main page / VIDAA Projects / 6886 Program","项目管理","2019-10-11 11:17:51","未知用户 (linmengchao)","否","http://dmtks.hisense.com/display/VIDAA/6886+Program"
"VIDAA","VIDAA","65835174","64554444","VIDAA Projects","9602 Program","2","2","VIDAA Main page / VIDAA Projects / 9602 Program","项目管理","2019-09-12 16:46:54","王济洋","否","http://dmtks.hisense.com/display/VIDAA/9602+Program"
"VIDAA","VIDAA","66391168","64554444","VIDAA Projects","Cloud Program","2","3","VIDAA Main page / VIDAA Projects / Cloud Program","项目管理","2019-11-13 16:57:30","未知用户 (lixin31)","否","http://dmtks.hisense.com/display/VIDAA/Cloud+Program"
"VIDAA","VIDAA","68294357","64554444","VIDAA Projects","PEM Program","2","4","VIDAA Main page / VIDAA Projects / PEM Program","项目管理","2020-03-16 14:59:14","未知用户 (linmengchao)","否","http://dmtks.hisense.com/display/VIDAA/PEM+Program"
"VIDAA","VIDAA","191286683","64554444","VIDAA Projects","TVS Projects","2","5","VIDAA Main page / VIDAA Projects / TVS Projects","项目管理","2022-12-16 20:13:21","宋茂松/Mason Song","否","http://dmtks.hisense.com/display/VIDAA/TVS+Projects"
"VIDAA","VIDAA","85957272","64554444","VIDAA Projects","VIDAA Features","2","6","VIDAA Main page / VIDAA Projects / VIDAA Features","需求与功能","2023-03-07 23:19:58","Dominicus Brandjes","否","http://dmtks.hisense.com/display/VIDAA/VIDAA+Features"
"VIDAA","VIDAA","316548838","64554444","VIDAA Projects","项目管理例会宣贯汇总","2","7","VIDAA Main page / VIDAA Projects / 项目管理例会宣贯汇总","会议与协同","2025-07-24 13:55:11","李双增/S.Z. Li","否","http://dmtks.hisense.com/pages/viewpage.action?pageId=316548838"
"VIDAA","VIDAA","66391608","66391221","VIDAA Main page","VIDAA Quality","1","3","VIDAA Main page / VIDAA Quality","数据与质量","2019-09-19 02:20:25","未知用户 (ofir.orlinsky)","否","http://dmtks.hisense.com/display/VIDAA/VIDAA+Quality"
"VIDAA","VIDAA","230130021","66391608","VIDAA Quality","IT","2","1","VIDAA Main page / VIDAA Quality / IT","数据与质量","2024-02-22 17:33:53","徐倩男/Nancy Xu","否","http://dmtks.hisense.com/display/VIDAA/IT"
"VIDAA","VIDAA","173051796","66391608","VIDAA Quality","NPS管理","2","2","VIDAA Main page / VIDAA Quality / NPS管理","问题与复盘","2024-03-07 16:05:29","董娟/Debbie Dong","否","http://dmtks.hisense.com/pages/viewpage.action?pageId=173051796"
"VIDAA","VIDAA","215339101","66391608","VIDAA Quality","SQA过程管理","2","3","VIDAA Main page / VIDAA Quality / SQA过程管理","测试与验证","2023-05-31 17:06:29","未知用户 (yangyuling1)","否","http://dmtks.hisense.com/pages/viewpage.action?pageId=215339101"
"VIDAA","VIDAA","252866151","66391608","VIDAA Quality","VIDAA Integrated Testing Team(集成测试部)","2","4","VIDAA Main page / VIDAA Quality / VIDAA Integrated Testing Team(集成测试部)","设计与架构","2025-05-12 09:37:29","武兵/Bill Wu","否","http://dmtks.hisense.com/pages/viewpage.action?pageId=252866151"
"VIDAA","VIDAA","150747876","66391608","VIDAA Quality","云端后台Crash监控数据分析","2","5","VIDAA Main page / VIDAA Quality / 云端后台Crash监控数据分析","问题与复盘","2022-01-14 16:37:33","余春雨/Ethan Yu","否","http://dmtks.hisense.com/pages/viewpage.action?pageId=150747876"
"VIDAA","VIDAA","164071554","66391608","VIDAA Quality","体系管理","2","6","VIDAA Main page / VIDAA Quality / 体系管理","项目管理","2022-05-09 15:31:05","董娟/Debbie Dong","否","http://dmtks.hisense.com/pages/viewpage.action?pageId=164071554"
"VIDAA","VIDAA","171415718","66391608","VIDAA Quality","市场问题管理","2","7","VIDAA Main page / VIDAA Quality / 市场问题管理","问题与复盘","2025-01-10 17:53:05","未知用户 (wangjiao5)","否","http://dmtks.hisense.com/pages/viewpage.action?pageId=171415718"
"VIDAA","VIDAA","182064214","66391608","VIDAA Quality","海外共性问题","2","8","VIDAA Main page / VIDAA Quality / 海外共性问题","问题与复盘","2024-12-17 15:17:24","未知用户 (wangjiao5)","否","http://dmtks.hisense.com/pages/viewpage.action?pageId=182064214"
"VIDAA","VIDAA","207392086","66391608","VIDAA Quality","组合项目管理专题改进","2","9","VIDAA Main page / VIDAA Quality / 组合项目管理专题改进","项目管理","2023-04-03 16:26:04","未知用户 (lihaiqing1)","否","http://dmtks.hisense.com/pages/viewpage.action?pageId=207392086"
"VIDAA","VIDAA","219566814","66391608","VIDAA Quality","组织资产库","2","10","VIDAA Main page / VIDAA Quality / 组织资产库","数据与质量","2023-09-18 18:32:21","董娟/Debbie Dong","否","http://dmtks.hisense.com/pages/viewpage.action?pageId=219566814"
"VIDAA","VIDAA","201044753","66391608","VIDAA Quality","网评问题管理","2","11","VIDAA Main page / VIDAA Quality / 网评问题管理","问题与复盘","2023-12-19 10:10:19","石雷/Neil Shi","否","http://dmtks.hisense.com/pages/viewpage.action?pageId=201044753"
"VIDAA","VIDAA","243912117","66391608","VIDAA Quality","质量活动策划-2024","2","12","VIDAA Main page / VIDAA Quality / 质量活动策划-2024","数据与质量","2024-06-14 09:52:25","未知用户 (yangyuling1)","否","http://dmtks.hisense.com/pages/viewpage.action?pageId=243912117"
"VIDAA","VIDAA","231044936","66391608","VIDAA Quality","部门培训","2","13","VIDAA Main page / VIDAA Quality / 部门培训","培训与知识","2024-03-11 10:23:16","未知用户 (lihaiqing1)","否","http://dmtks.hisense.com/pages/viewpage.action?pageId=231044936"
"VIDAA","VIDAA","129801954","66391221","VIDAA Main page","VIDAA OEM","1","4","VIDAA Main page / VIDAA OEM","其他","2023-07-25 14:34:07","张海霞/Sally Zhang","否","http://dmtks.hisense.com/display/VIDAA/VIDAA+OEM"
"VIDAA","VIDAA","245767117","129801954","VIDAA OEM","App requirements","2","1","VIDAA Main page / VIDAA OEM / App requirements","需求与功能","2024-06-12 13:46:26","张海霞/Sally Zhang","否","http://dmtks.hisense.com/display/VIDAA/App+requirements"
"VIDAA","VIDAA","205690416","129801954","VIDAA OEM","CVTE需求沟通","2","2","VIDAA Main page / VIDAA OEM / CVTE需求沟通","需求与功能","2023-05-24 17:58:08","张海霞/Sally Zhang","否","http://dmtks.hisense.com/pages/viewpage.action?pageId=205690416"
"VIDAA","VIDAA","261748635","129801954","VIDAA OEM","DASS系统增加小包数据显示项目","2","3","VIDAA Main page / VIDAA OEM / DASS系统增加小包数据显示项目","项目管理","2024-09-03 14:16:04","衣晓亮/Derek Yi","否","http://dmtks.hisense.com/pages/viewpage.action?pageId=261748635"
"VIDAA","VIDAA","168149758","129801954","VIDAA OEM","Foxxum 合作品牌","2","4","VIDAA Main page / VIDAA OEM / Foxxum 合作品牌","其他","2022-06-21 10:24:52","刘莹莹/Jessie Liu","否","http://dmtks.hisense.com/pages/viewpage.action?pageId=168149758"
"VIDAA","VIDAA","302741410","129801954","VIDAA OEM","Mediaset认证报备品牌&机型list","2","5","VIDAA Main page / VIDAA OEM / Mediaset认证报备品牌&机型list","培训与知识","2025-05-23 17:29:39","丁立省/Gavin Ding","否","http://dmtks.hisense.com/pages/viewpage.action?pageId=302741410"
"VIDAA","VIDAA","155691232","129801954","VIDAA OEM","OEM工作计划","2","6","VIDAA Main page / VIDAA OEM / OEM工作计划","版本与计划","2022-04-13 14:47:42","刘莹莹/Jessie Liu","否","http://dmtks.hisense.com/pages/viewpage.action?pageId=155691232"
"VIDAA","VIDAA","182665663","129801954","VIDAA OEM","Portal网站相关","2","7","VIDAA Main page / VIDAA OEM / Portal网站相关","其他","2025-01-02 17:19:17","刘莹莹/Jessie Liu","否","http://dmtks.hisense.com/pages/viewpage.action?pageId=182665663"
"VIDAA","VIDAA","160374349","129801954","VIDAA OEM","VIDAA OEM定制化能力","2","8","VIDAA Main page / VIDAA OEM / VIDAA OEM定制化能力","其他","2022-08-09 18:48:50","刘莹莹/Jessie Liu","否","http://dmtks.hisense.com/pages/viewpage.action?pageId=160374349"
"VIDAA","VIDAA","228329853","129801954","VIDAA OEM","VIDAA平台降本","2","9","VIDAA Main page / VIDAA OEM / VIDAA平台降本","其他","2024-07-23 17:34:21","张海霞/Sally Zhang","否","http://dmtks.hisense.com/pages/viewpage.action?pageId=228329853"
"VIDAA","VIDAA","156482370","129801954","VIDAA OEM","YOUTUBE备案型号备忘","2","10","VIDAA Main page / VIDAA OEM / YOUTUBE备案型号备忘","其他","2025-04-17 10:11:23","刘莹莹/Jessie Liu","否","http://dmtks.hisense.com/pages/viewpage.action?pageId=156482370"
"VIDAA","VIDAA","267129477","129801954","VIDAA OEM","产品规划信息","2","11","VIDAA Main page / VIDAA OEM / 产品规划信息","其他","2024-09-12 16:13:26","张海霞/Sally Zhang","否","http://dmtks.hisense.com/pages/viewpage.action?pageId=267129477"
"VIDAA","VIDAA","183535824","129801954","VIDAA OEM","出差交流信息：","2","12","VIDAA Main page / VIDAA OEM / 出差交流信息：","其他","2024-08-19 17:44:50","张海霞/Sally Zhang","否","http://dmtks.hisense.com/pages/viewpage.action?pageId=183535824"
"VIDAA","VIDAA","160376108","129801954","VIDAA OEM","常用信息汇总","2","13","VIDAA Main page / VIDAA OEM / 常用信息汇总","其他","2022-04-13 14:50:06","刘莹莹/Jessie Liu","否","http://dmtks.hisense.com/pages/viewpage.action?pageId=160376108"
"VIDAA","VIDAA","145075032","129801954","VIDAA OEM","样机管理","2","14","VIDAA Main page / VIDAA OEM / 样机管理","项目管理","2025-05-28 14:21:40","张海霞/Sally Zhang","否","http://dmtks.hisense.com/pages/viewpage.action?pageId=145075032"
"VIDAA","VIDAA","229971110","129801954","VIDAA OEM","流程管理","2","15","VIDAA Main page / VIDAA OEM / 流程管理","规范与流程","2024-12-10 10:29:41","刘莹莹/Jessie Liu","否","http://dmtks.hisense.com/pages/viewpage.action?pageId=229971110"
"VIDAA","VIDAA","248716837","129801954","VIDAA OEM","软件项目记录","2","16","VIDAA Main page / VIDAA OEM / 软件项目记录","项目管理","2025-07-08 16:47:31","丁立省/Gavin Ding","否","http://dmtks.hisense.com/pages/viewpage.action?pageId=248716837"
"VIDAA","VIDAA","130460394","66391221","VIDAA Main page","VIDAA Design","1","5","VIDAA Main page / VIDAA Design","设计与架构","2023-04-27 11:13:06","郝文静/Vicky Hao","否","http://dmtks.hisense.com/display/VIDAA/VIDAA+Design"
"VIDAA","VIDAA","330915270","130460394","VIDAA Design","Ease of use NPS 2025","2","1","VIDAA Main page / VIDAA Design / Ease of use NPS 2025","设计与架构","2026-01-20 15:27:12","曾韦华/Willa Zeng","否","http://dmtks.hisense.com/display/VIDAA/Ease+of+use+NPS+2025"
"VIDAA","VIDAA","217335843","130460394","VIDAA Design","U8 Iconfont Naming Update","2","2","VIDAA Main page / VIDAA Design / U8 Iconfont Naming Update","设计与架构","2023-07-17 15:49:29","郝文静/Vicky Hao","否","http://dmtks.hisense.com/display/VIDAA/U8+Iconfont+Naming+Update"
"VIDAA","VIDAA","211092342","130460394","VIDAA Design","U8 TV Error Message Redefinition","2","3","VIDAA Main page / VIDAA Design / U8 TV Error Message Redefinition","设计与架构","2023-06-12 14:42:28","郝文静/Vicky Hao","否","http://dmtks.hisense.com/display/VIDAA/U8+TV+Error+Message+Redefinition"
"VIDAA","VIDAA","145726783","130460394","VIDAA Design","UX Documentation","2","4","VIDAA Main page / VIDAA Design / UX Documentation","设计与架构","2022-05-06 23:22:13","Yumie Toka","否","http://dmtks.hisense.com/display/VIDAA/UX+Documentation"
"VIDAA","VIDAA","303900535","66391221","VIDAA Main page","VIDAA TVOS R&D","1","6","VIDAA Main page / VIDAA TVOS R&D","其他","2025-05-12 09:47:15","武兵/Bill Wu","否","http://dmtks.hisense.com/pages/viewpage.action?pageId=303900535"
"VIDAA","VIDAA","303900915","303900535","VIDAA TVOS R&D","Key Programs in 2025","2","1","VIDAA Main page / VIDAA TVOS R&D / Key Programs in 2025","其他","2025-05-12 11:02:36","武兵/Bill Wu","否","http://dmtks.hisense.com/display/VIDAA/Key+Programs+in+2025"
"VIDAA","VIDAA","303900583","303900535","VIDAA TVOS R&D","Visit&Trip Space(出差交流空间)","2","2","VIDAA Main page / VIDAA TVOS R&D / Visit&Trip Space(出差交流空间)","其他","2025-05-12 11:07:01","武兵/Bill Wu","否","http://dmtks.hisense.com/pages/viewpage.action?pageId=303900583"
"VIDAA","VIDAA","341988084","303900535","VIDAA TVOS R&D","部门PBC-2026","2","3","VIDAA Main page / VIDAA TVOS R&D / 部门PBC-2026","其他","2025-12-09 15:18:54","武兵/Bill Wu","否","http://dmtks.hisense.com/pages/viewpage.action?pageId=341988084"
"VIDAA","VIDAA","173920041","66391221","VIDAA Main page","VIDAA Cloud","1","7","VIDAA Main page / VIDAA Cloud","其他","2023-10-30 19:47:13","吕嘉/Bob Lu","否","http://dmtks.hisense.com/display/VIDAA/VIDAA+Cloud"
"VIDAA","VIDAA","174736933","173920041","VIDAA Cloud","业务相关网站汇总","2","1","VIDAA Main page / VIDAA Cloud / 业务相关网站汇总","其他","2022-08-12 11:15:54","吕嘉/Bob Lu","否","http://dmtks.hisense.com/pages/viewpage.action?pageId=174736933"
"VIDAA","VIDAA","174736771","173920041","VIDAA Cloud","云业务相关调查整理文档","2","2","VIDAA Main page / VIDAA Cloud / 云业务相关调查整理文档","规范与流程","2023-10-30 19:45:23","吕嘉/Bob Lu","否","http://dmtks.hisense.com/pages/viewpage.action?pageId=174736771"
"VIDAA","VIDAA","174736727","173920041","VIDAA Cloud","设计评审文档","2","3","VIDAA Main page / VIDAA Cloud / 设计评审文档","设计与架构","2022-08-12 10:55:07","吕嘉/Bob Lu","否","http://dmtks.hisense.com/pages/viewpage.action?pageId=174736727"
"VIDAA","VIDAA","193498193","173920041","VIDAA Cloud","云端业务计划和记录","2","4","VIDAA Main page / VIDAA Cloud / 云端业务计划和记录","版本与计划","2023-01-03 14:03:51","吕嘉/Bob Lu","否","http://dmtks.hisense.com/pages/viewpage.action?pageId=193498193"
"VIDAA","VIDAA","174739853","173920041","VIDAA Cloud","个人记录","2","5","VIDAA Main page / VIDAA Cloud / 个人记录","其他","2022-08-12 18:01:18","吕嘉/Bob Lu","否","http://dmtks.hisense.com/pages/viewpage.action?pageId=174739853"
"VIDAA","VIDAA","175517710","173920041","VIDAA Cloud","Cloud Side Integration","2","6","VIDAA Main page / VIDAA Cloud / Cloud Side Integration","设计与架构","2022-08-17 21:59:07","吕嘉/Bob Lu","否","http://dmtks.hisense.com/display/VIDAA/Cloud+Side+Integration"
"VIDAA","VIDAA","186138347","173920041","VIDAA Cloud","RCA分析","2","7","VIDAA Main page / VIDAA Cloud / RCA分析","问题与复盘","2022-11-11 14:51:53","陈娜/Nina Chen","否","http://dmtks.hisense.com/pages/viewpage.action?pageId=186138347"
"VIDAA","VIDAA","190350332","173920041","VIDAA Cloud","测试相关","2","8","VIDAA Main page / VIDAA Cloud / 测试相关","测试与验证","2023-10-08 11:37:59","陈娜/Nina Chen","否","http://dmtks.hisense.com/pages/viewpage.action?pageId=190350332"
"VIDAA","VIDAA","197528655","173920041","VIDAA Cloud","VIDAA Cloud 进度周报","2","9","VIDAA Main page / VIDAA Cloud / VIDAA Cloud 进度周报","项目管理","2023-02-06 15:24:05","张楠/Nancy Zhang","否","http://dmtks.hisense.com/pages/viewpage.action?pageId=197528655"
"VIDAA","VIDAA","222799657","173920041","VIDAA Cloud","Weekly Review meeting 2023","2","10","VIDAA Main page / VIDAA Cloud / Weekly Review meeting 2023","会议与协同","2023-10-18 17:41:31","张楠/Nancy Zhang","否","http://dmtks.hisense.com/display/VIDAA/Weekly+Review+meeting+2023"
"VIDAA","VIDAA","222816495","173920041","VIDAA Cloud","2023 KPI","2","11","VIDAA Main page / VIDAA Cloud / 2023 KPI","其他","2023-10-19 10:07:52","张楠/Nancy Zhang","否","http://dmtks.hisense.com/display/VIDAA/2023+KPI"
"VIDAA","VIDAA","222817192","173920041","VIDAA Cloud","问题梳理和措施","2","12","VIDAA Main page / VIDAA Cloud / 问题梳理和措施","问题与复盘","2023-10-19 11:02:11","张楠/Nancy Zhang","否","http://dmtks.hisense.com/pages/viewpage.action?pageId=222817192"
"VIDAA","VIDAA","232988839","173920041","VIDAA Cloud","宣贯记录","2","13","VIDAA Main page / VIDAA Cloud / 宣贯记录","其他","2024-04-17 10:11:43","高吉涛/Eric Gao","否","http://dmtks.hisense.com/pages/viewpage.action?pageId=232988839"
"VIDAA","VIDAA","204738036","66391221","VIDAA Main page","VIDAA  Training","1","8","VIDAA Main page / VIDAA  Training","培训与知识","2023-07-28 17:56:01","徐立红/Molly Xu","否","http://dmtks.hisense.com/display/VIDAA/VIDAA++Training"
"VIDAA","VIDAA","307320917","204738036","VIDAA  Training","1、深圳华为、腾讯交流总结及培训内容","2","1","VIDAA Main page / VIDAA  Training / 1、深圳华为、腾讯交流总结及培训内容","培训与知识","2025-07-25 18:09:39","徐立红/Molly Xu","否","http://dmtks.hisense.com/pages/viewpage.action?pageId=307320917"
"VIDAA","VIDAA","308868406","204738036","VIDAA  Training","2、AI专项培训","2","2","VIDAA Main page / VIDAA  Training / 2、AI专项培训","培训与知识","2025-09-28 18:21:04","王家才/Jack Wang","否","http://dmtks.hisense.com/pages/viewpage.action?pageId=308868406"
"VIDAA","VIDAA","218154999","204738036","VIDAA  Training","VIDAA 各部门知识图谱及配套培训课程合集","2","3","VIDAA Main page / VIDAA  Training / VIDAA 各部门知识图谱及配套培训课程合集","培训与知识","2023-07-30 10:00:56","陈文柱/Vanjoe Chen","否","http://dmtks.hisense.com/pages/viewpage.action?pageId=218154999"
"VIDAA","VIDAA","213427062","204738036","VIDAA  Training","VIDAA-核心技术大讲堂","2","4","VIDAA Main page / VIDAA  Training / VIDAA-核心技术大讲堂","培训与知识","2025-10-23 11:31:38","徐立红/Molly Xu","否","http://dmtks.hisense.com/pages/viewpage.action?pageId=213427062"
"VIDAA","VIDAA","215323537","204738036","VIDAA  Training","VIDAA-讲师培训","2","5","VIDAA Main page / VIDAA  Training / VIDAA-讲师培训","培训与知识","2023-05-30 09:40:54","徐立红/Molly Xu","否","http://dmtks.hisense.com/pages/viewpage.action?pageId=215323537"
"VIDAA","VIDAA","204738172","204738036","VIDAA  Training","业务拓展部","2","6","VIDAA Main page / VIDAA  Training / 业务拓展部","培训与知识","2023-12-20 16:52:21","刘莹莹/Jessie Liu","否","http://dmtks.hisense.com/pages/viewpage.action?pageId=204738172"
"VIDAA","VIDAA","204738194","204738036","VIDAA  Training","产品部","2","7","VIDAA Main page / VIDAA  Training / 产品部","培训与知识","2023-05-29 15:41:48","王建怡/Eileen Wang","否","http://dmtks.hisense.com/pages/viewpage.action?pageId=204738194"
"VIDAA","VIDAA","232993677","204738036","VIDAA  Training","员工能力提升版块","2","8","VIDAA Main page / VIDAA  Training / 员工能力提升版块","培训与知识","2024-04-26 16:40:15","徐立红/Molly Xu","否","http://dmtks.hisense.com/pages/viewpage.action?pageId=232993677"
"VIDAA","VIDAA","204738191","204738036","VIDAA  Training","应用开发部","2","9","VIDAA Main page / VIDAA  Training / 应用开发部","培训与知识","2023-07-30 10:01:33","陈文柱/Vanjoe Chen","否","http://dmtks.hisense.com/pages/viewpage.action?pageId=204738191"
"VIDAA","VIDAA","209945835","204738036","VIDAA  Training","武汉开发部","2","10","VIDAA Main page / VIDAA  Training / 武汉开发部","培训与知识","2023-07-30 10:02:51","陈文柱/Vanjoe Chen","否","http://dmtks.hisense.com/pages/viewpage.action?pageId=209945835"
"VIDAA","VIDAA","204738176","204738036","VIDAA  Training","深圳开发部","2","11","VIDAA Main page / VIDAA  Training / 深圳开发部","培训与知识","2024-01-19 09:58:56","未知用户 (wangjianhua.ex)","否","http://dmtks.hisense.com/pages/viewpage.action?pageId=204738176"
"VIDAA","VIDAA","204738185","204738036","VIDAA  Training","系统开发部","2","12","VIDAA Main page / VIDAA  Training / 系统开发部","培训与知识","2023-07-30 10:03:14","陈文柱/Vanjoe Chen","否","http://dmtks.hisense.com/pages/viewpage.action?pageId=204738185"
"VIDAA","VIDAA","215349780","204738036","VIDAA  Training","规范/标准宣贯系列","2","13","VIDAA Main page / VIDAA  Training / 规范/标准宣贯系列","规范与流程","2023-10-12 13:35:02","徐立红/Molly Xu","否","http://dmtks.hisense.com/pages/viewpage.action?pageId=215349780"
"VIDAA","VIDAA","204738087","204738036","VIDAA  Training","质量与管理推进部","2","14","VIDAA Main page / VIDAA  Training / 质量与管理推进部","培训与知识","2024-03-11 10:23:59","未知用户 (lihaiqing1)","否","http://dmtks.hisense.com/pages/viewpage.action?pageId=204738087"
"VIDAA","VIDAA","204738188","204738036","VIDAA  Training","项目管理部","2","15","VIDAA Main page / VIDAA  Training / 项目管理部","培训与知识","2023-05-11 10:27:17","未知用户 (sunwenping)","否","http://dmtks.hisense.com/pages/viewpage.action?pageId=204738188"
"VIDAA","VIDAA","291490736","66391221","VIDAA Main page","AI Efficiency Improvement","1","9","VIDAA Main page / AI Efficiency Improvement","其他","2025-05-15 09:08:55","陈陟/Vincent Chen","否","http://dmtks.hisense.com/display/VIDAA/AI+Efficiency+Improvement"
"VIDAA","VIDAA","301263695","291490736","AI Efficiency Improvement","AI战略推进 月报&周报","2","1","VIDAA Main page / AI Efficiency Improvement / AI战略推进 月报&周报","其他","2025-09-01 10:53:47","朱守勤/Michael Zhu","否","http://dmtks.hisense.com/pages/viewpage.action?pageId=301263695"
"VIDAA","VIDAA","295879905","291490736","AI Efficiency Improvement","AI提效-产品","2","2","VIDAA Main page / AI Efficiency Improvement / AI提效-产品","其他","2025-03-27 18:10:52","陈陟/Vincent Chen","否","http://dmtks.hisense.com/pages/viewpage.action?pageId=295879905"
"VIDAA","VIDAA","295865376","291490736","AI Efficiency Improvement","AI提效-测试","2","3","VIDAA Main page / AI Efficiency Improvement / AI提效-测试","测试与验证","2025-07-24 18:01:09","未知用户 (zhuxiaopu)","否","http://dmtks.hisense.com/pages/viewpage.action?pageId=295865376"
"VIDAA","VIDAA","295865366","291490736","AI Efficiency Improvement","AI提效-软件开发","2","4","VIDAA Main page / AI Efficiency Improvement / AI提效-软件开发","其他","2025-03-25 11:25:32","朱守勤/Michael Zhu","否","http://dmtks.hisense.com/pages/viewpage.action?pageId=295865366"
"VIDAA","VIDAA","295865378","291490736","AI Efficiency Improvement","AI提效-运营","2","5","VIDAA Main page / AI Efficiency Improvement / AI提效-运营","其他","2025-07-24 11:40:05","未知用户 (leijiang1)","否","http://dmtks.hisense.com/pages/viewpage.action?pageId=295865378"
"VIDAA","VIDAA","295867811","291490736","AI Efficiency Improvement","AI提效工作组周报","2","6","VIDAA Main page / AI Efficiency Improvement / AI提效工作组周报","其他","2025-03-20 11:58:41","徐立红/Molly Xu","否","http://dmtks.hisense.com/pages/viewpage.action?pageId=295867811"
"VIDAA","VIDAA","320151973","291490736","AI Efficiency Improvement","AI提效模块端口负责人","2","7","VIDAA Main page / AI Efficiency Improvement / AI提效模块端口负责人","其他","2025-08-26 17:50:28","何炳祥/Benson He","否","http://dmtks.hisense.com/pages/viewpage.action?pageId=320151973"
"VIDAA","VIDAA","303913239","291490736","AI Efficiency Improvement","AI智能体及各板块目标落地验收量化","2","8","VIDAA Main page / AI Efficiency Improvement / AI智能体及各板块目标落地验收量化","其他","2025-05-30 16:37:32","朱守勤/Michael Zhu","否","http://dmtks.hisense.com/pages/viewpage.action?pageId=303913239"
"VIDAA","VIDAA","294128510","291490736","AI Efficiency Improvement","会议纪要","2","9","VIDAA Main page / AI Efficiency Improvement / 会议纪要","会议与协同","2025-03-07 18:10:28","徐立红/Molly Xu","否","http://dmtks.hisense.com/pages/viewpage.action?pageId=294128510"
"VIDAA","VIDAA","295884288","66391221","VIDAA Main page","VIDAA Operation","1","10","VIDAA Main page / VIDAA Operation","其他","2025-03-25 18:05:00","庞海滨/Hebe Pang","否","http://dmtks.hisense.com/display/VIDAA/VIDAA+Operation"
"VIDAA","VIDAA","310925106","295884288","VIDAA Operation","Documents","2","1","VIDAA Main page / VIDAA Operation / Documents","其他","2025-11-25 16:38:32","庞海滨/Hebe Pang","否","http://dmtks.hisense.com/display/VIDAA/Documents"
"VIDAA","VIDAA","297486995","295884288","VIDAA Operation","Online issue tracking","2","2","VIDAA Main page / VIDAA Operation / Online issue tracking","问题与复盘","2026-04-02 17:32:35","庞海滨/Hebe Pang","否","http://dmtks.hisense.com/display/VIDAA/Online+issue+tracking"
"VIDAA","VIDAA","295884291","295884288","VIDAA Operation","Op requirement management","2","3","VIDAA Main page / VIDAA Operation / Op requirement management","需求与功能","2025-03-25 18:06:02","庞海滨/Hebe Pang","否","http://dmtks.hisense.com/display/VIDAA/Op+requirement+management"
"VIDAA","VIDAA","302713871","295884288","VIDAA Operation","Operation workflow","2","4","VIDAA Main page / VIDAA Operation / Operation workflow","其他","2025-04-28 11:23:21","庞海滨/Hebe Pang","否","http://dmtks.hisense.com/display/VIDAA/Operation+workflow"
"VIDAA","VIDAA","324858164","295884288","VIDAA Operation","Vestal APP Version","2","5","VIDAA Main page / VIDAA Operation / Vestal APP Version","其他","2025-09-05 15:35:19","未知用户 (songyixuan)","否","http://dmtks.hisense.com/display/VIDAA/Vestal+APP+Version"
"VIDAA","VIDAA","87857026","66391221","VIDAA Main page","VIDAA Technology","1","11","VIDAA Main page / VIDAA Technology","其他","2025-05-12 09:40:57","武兵/Bill Wu","否","http://dmtks.hisense.com/display/VIDAA/VIDAA+Technology"
"VIDAA","VIDAA","87857029","87857026","VIDAA Technology","TV Device","2","1","VIDAA Main page / VIDAA Technology / TV Device","其他","2020-05-08 14:19:04","余春雨/Ethan Yu","否","http://dmtks.hisense.com/display/VIDAA/TV+Device"
"VIDAA","VIDAA","113475862","87857026","VIDAA Technology","VIDAA OS软件架构概念定义","2","2","VIDAA Main page / VIDAA Technology / VIDAA OS软件架构概念定义","设计与架构","2021-01-18 16:53:52","余春雨/Ethan Yu","否","http://dmtks.hisense.com/pages/viewpage.action?pageId=113475862"
"VIDAA","VIDAA","139076884","87857026","VIDAA Technology","VIDAA预研项目评审记录","2","3","VIDAA Main page / VIDAA Technology / VIDAA预研项目评审记录","项目管理","2021-10-09 15:12:42","余春雨/Ethan Yu","否","http://dmtks.hisense.com/pages/viewpage.action?pageId=139076884"
"VIDAA","VIDAA","181163584","87857026","VIDAA Technology","创新成果","2","4","VIDAA Main page / VIDAA Technology / 创新成果","其他","2022-09-30 17:46:56","余春雨/Ethan Yu","否","http://dmtks.hisense.com/pages/viewpage.action?pageId=181163584"
"VIDAA","VIDAA","83305186","66391221","VIDAA Main page","Certification Lab","1","12","VIDAA Main page / Certification Lab","测试与验证","2020-03-20 13:53:39","未知用户 (wangpofan)","否","http://dmtks.hisense.com/display/VIDAA/Certification+Lab"
"VIDAA","VIDAA","83305211","83305186","Certification Lab","0-General","2","1","VIDAA Main page / Certification Lab / 0-General","测试与验证","2020-03-20 13:58:56","未知用户 (wangpofan)","否","http://dmtks.hisense.com/display/VIDAA/0-General"
"VIDAA","VIDAA","83305828","83305186","Certification Lab","1-Global Certifications","2","2","VIDAA Main page / Certification Lab / 1-Global Certifications","测试与验证","2020-03-20 15:19:01","未知用户 (wangpofan)","否","http://dmtks.hisense.com/display/VIDAA/1-Global+Certifications"
"VIDAA","VIDAA","83306485","83305186","Certification Lab","2-NA Certifications","2","3","VIDAA Main page / Certification Lab / 2-NA Certifications","测试与验证","2020-03-20 16:11:20","未知用户 (wangpofan)","否","http://dmtks.hisense.com/display/VIDAA/2-NA+Certifications"
"VIDAA","VIDAA","83306561","83305186","Certification Lab","3-EU Certifications","2","4","VIDAA Main page / Certification Lab / 3-EU Certifications","测试与验证","2020-03-20 16:18:10","未知用户 (wangpofan)","否","http://dmtks.hisense.com/display/VIDAA/3-EU+Certifications"
"VIDAA","VIDAA","83984978","83305186","Certification Lab","4-SA Certifications","2","5","VIDAA Main page / Certification Lab / 4-SA Certifications","测试与验证","2020-03-23 10:49:48","未知用户 (wangpofan)","否","http://dmtks.hisense.com/display/VIDAA/4-SA+Certifications"
"VIDAA","VIDAA","83985003","83305186","Certification Lab","5-EM Certifications","2","6","VIDAA Main page / Certification Lab / 5-EM Certifications","测试与验证","2020-03-23 10:52:02","未知用户 (wangpofan)","否","http://dmtks.hisense.com/display/VIDAA/5-EM+Certifications"
"VIDAA","VIDAA","83985036","83305186","Certification Lab","6-JP Certifications","2","7","VIDAA Main page / Certification Lab / 6-JP Certifications","测试与验证","2020-03-23 10:55:07","未知用户 (wangpofan)","否","http://dmtks.hisense.com/display/VIDAA/6-JP+Certifications"
"VIDAA","VIDAA","66391585","66391221","VIDAA Main page","VIDAA USA On Boarding","1","13","VIDAA Main page / VIDAA USA On Boarding","其他","2019-09-24 15:19:24","未知用户 (ofir.orlinsky)","否","http://dmtks.hisense.com/display/VIDAA/VIDAA+USA+On+Boarding"
"VIDAA","VIDAA","66391591","66391585","VIDAA USA On Boarding","Decryption / Encryption for Mac/Windows users","2","1","VIDAA Main page / VIDAA USA On Boarding / Decryption / Encryption for Mac/Windows users","其他","2021-03-09 04:03:53","尚修远/Henry Shang","否","http://dmtks.hisense.com/pages/viewpage.action?pageId=66391591"
"VIDAA","VIDAA","83987212","66391585","VIDAA USA On Boarding","Families First Coronavirus Response Act","2","2","VIDAA Main page / VIDAA USA On Boarding / Families First Coronavirus Response Act","其他","2020-03-24 04:32:41","未知用户 (jeremy.jones)","否","http://dmtks.hisense.com/display/VIDAA/Families+First+Coronavirus+Response+Act"
"VIDAA","VIDAA","82583355","66391585","VIDAA USA On Boarding","Hisense Organizational Cheat Sheet","2","3","VIDAA Main page / VIDAA USA On Boarding / Hisense Organizational Cheat Sheet","其他","2020-03-13 04:38:03","未知用户 (jeremy.jones)","否","http://dmtks.hisense.com/display/VIDAA/Hisense+Organizational+Cheat+Sheet"
"VIDAA","VIDAA","66392619","66391585","VIDAA USA On Boarding","How to setup a VPN","2","4","VIDAA Main page / VIDAA USA On Boarding / How to setup a VPN","其他","2020-03-10 00:19:43","未知用户 (ofir.orlinsky)","否","http://dmtks.hisense.com/display/VIDAA/How+to+setup+a+VPN"
"VIDAA","VIDAA","66394150","66391585","VIDAA USA On Boarding","Payroll Schedule and Holidays","2","5","VIDAA Main page / VIDAA USA On Boarding / Payroll Schedule and Holidays","其他","2022-01-14 10:09:43","未知用户 (jeremy.jones)","否","http://dmtks.hisense.com/display/VIDAA/Payroll+Schedule+and+Holidays"
"VIDAA","VIDAA","79135494","66391585","VIDAA USA On Boarding","PEM Portal Information","2","6","VIDAA Main page / VIDAA USA On Boarding / PEM Portal Information","其他","2020-03-21 04:05:24","未知用户 (jeremy.jones)","否","http://dmtks.hisense.com/display/VIDAA/PEM+Portal+Information"
"VIDAA","VIDAA","78318313","66391585","VIDAA USA On Boarding","Setting up a webex account","2","7","VIDAA Main page / VIDAA USA On Boarding / Setting up a webex account","其他","2020-01-23 04:23:22","未知用户 (ofir.orlinsky)","否","http://dmtks.hisense.com/display/VIDAA/Setting+up+a+webex+account"
"VIDAA","VIDAA","66394135","66391585","VIDAA USA On Boarding","WiFi connection in Qingdao R&D (PC/Windows Only)","2","8","VIDAA Main page / VIDAA USA On Boarding / WiFi connection in Qingdao R&D (PC/Windows Only)","其他","2019-09-21 03:19:24","尚修远/Henry Shang","否","http://dmtks.hisense.com/pages/viewpage.action?pageId=66394135"
"VIDAA","VIDAA","303900368","66391221","VIDAA Main page","Archived-2025-0512","1","14","VIDAA Main page / Archived-2025-0512","其他","2025-05-12 09:19:45","武兵/Bill Wu","否","http://dmtks.hisense.com/display/VIDAA/Archived-2025-0512"
"VIDAA","VIDAA","66391630","303900368","Archived-2025-0512","2. Partner Portal","2","1","VIDAA Main page / Archived-2025-0512 / 2. Partner Portal","其他","2020-02-12 14:00:34","马永庆/Robert Ma","否","http://dmtks.hisense.com/display/VIDAA/2.+Partner+Portal"
"VIDAA","VIDAA","67636032","303900368","Archived-2025-0512","File lists","2","2","VIDAA Main page / Archived-2025-0512 / File lists","其他","2019-10-02 07:36:00","张余庆/Louis Zhang","否","http://dmtks.hisense.com/display/VIDAA/File+lists"
"VIDAA","VIDAA","66391566","303900368","Archived-2025-0512","Global Product Management","2","3","VIDAA Main page / Archived-2025-0512 / Global Product Management","其他","2020-07-03 10:52:20","未知用户 (rajin.persaud)","否","http://dmtks.hisense.com/display/VIDAA/Global+Product+Management"
"VIDAA","VIDAA","66394134","303900368","Archived-2025-0512","How-to articles","2","4","VIDAA Main page / Archived-2025-0512 / How-to articles","其他","2019-09-21 03:03:10","尚修远/Henry Shang","否","http://dmtks.hisense.com/display/VIDAA/How-to+articles"
"VIDAA","VIDAA","157205789","303900368","Archived-2025-0512","JIRA-Berichte","2","5","VIDAA Main page / Archived-2025-0512 / JIRA-Berichte","其他","2022-03-18 17:48:31","未知用户 (jochen.fiedler)","否","http://dmtks.hisense.com/display/VIDAA/JIRA-Berichte"
"VIDAA","VIDAA","92277067","303900368","Archived-2025-0512","Marketing","2","6","VIDAA Main page / Archived-2025-0512 / Marketing","其他","2020-12-15 03:40:42","未知用户 (jernej.smisl)","否","http://dmtks.hisense.com/display/VIDAA/Marketing"
"VIDAA","VIDAA","70159752","303900368","Archived-2025-0512","Meeting notes","2","7","VIDAA Main page / Archived-2025-0512 / Meeting notes","会议与协同","2019-10-30 02:37:59","未知用户 (jeremy.jones)","否","http://dmtks.hisense.com/display/VIDAA/Meeting+notes"
"VIDAA","VIDAA","66392642","303900368","Archived-2025-0512","OTT Lab - ""COMPETITION""","2","8","VIDAA Main page / Archived-2025-0512 / OTT Lab - ""COMPETITION""","测试与验证","2019-09-21 03:46:10","未知用户 (jeremy.jones)","否","http://dmtks.hisense.com/pages/viewpage.action?pageId=66392642"
"VIDAA","VIDAA","69501024","303900368","Archived-2025-0512","Salt Diagrams","2","9","VIDAA Main page / Archived-2025-0512 / Salt Diagrams","其他","2019-10-20 19:48:28","未知用户 (jeremy.jones)","否","http://dmtks.hisense.com/display/VIDAA/Salt+Diagrams"
"VIDAA","VIDAA","80448731","303900368","Archived-2025-0512","Vidaa Billing","2","10","VIDAA Main page / Archived-2025-0512 / Vidaa Billing","其他","2022-05-09 11:29:40","李晓鑫","否","http://dmtks.hisense.com/display/VIDAA/Vidaa+Billing"
"VIDAA","VIDAA","67080410","303900368","Archived-2025-0512","VIDAA Financial","2","11","VIDAA Main page / Archived-2025-0512 / VIDAA Financial","其他","2019-09-25 21:16:41","未知用户 (ofir.orlinsky)","否","http://dmtks.hisense.com/display/VIDAA/VIDAA+Financial"
"VIDAA","VIDAA","67078214","303900368","Archived-2025-0512","VIDAA HR","2","12","VIDAA Main page / Archived-2025-0512 / VIDAA HR","其他","2019-09-24 12:52:55","未知用户 (ofir.orlinsky)","否","http://dmtks.hisense.com/display/VIDAA/VIDAA+HR"
"VIDAA","VIDAA","104793403","303900368","Archived-2025-0512","VIDAA Patent","2","13","VIDAA Main page / Archived-2025-0512 / VIDAA Patent","其他","2020-10-28 14:45:23","余春雨/Ethan Yu","否","http://dmtks.hisense.com/display/VIDAA/VIDAA+Patent"
"VIDAA","VIDAA","203826382","303900368","Archived-2025-0512","VIDAA tv U8需求整理","2","14","VIDAA Main page / Archived-2025-0512 / VIDAA tv U8需求整理","需求与功能","2023-03-15 18:24:20","曾韦华/Willa Zeng","否","http://dmtks.hisense.com/pages/viewpage.action?pageId=203826382"
"VIDAA","VIDAA","67084201","303900368","Archived-2025-0512","VIDAA weekly report for Hisense board","2","15","VIDAA Main page / Archived-2025-0512 / VIDAA weekly report for Hisense board","其他","2019-10-22 14:19:59","李文涛/Martin Li","否","http://dmtks.hisense.com/display/VIDAA/VIDAA+weekly+report+for+Hisense+board"
"VIDAA","VIDAA","177872832","303900368","Archived-2025-0512","产品需求","2","16","VIDAA Main page / Archived-2025-0512 / 产品需求","需求与功能","2022-09-02 11:36:39","王新杰/Jacey Wang","否","http://dmtks.hisense.com/pages/viewpage.action?pageId=177872832"
"VIDAA","VIDAA","312524503","66391221","VIDAA Main page","R&D Efficiency Improvement","1","15","VIDAA Main page / R&D Efficiency Improvement","其他","2025-07-04 11:12:24","朱守勤/Michael Zhu","否","http://dmtks.hisense.com/pages/viewpage.action?pageId=312524503"
"VIDAA","VIDAA","313800343","312524503","R&D Efficiency Improvement","Patch提交流程优化","2","1","VIDAA Main page / R&D Efficiency Improvement / Patch提交流程优化","规范与流程","2025-07-24 13:46:48","李双增/S.Z. Li","否","http://dmtks.hisense.com/pages/viewpage.action?pageId=313800343"
"VIDAA","VIDAA","312524511","312524503","R&D Efficiency Improvement","研发过程改善-2025","2","2","VIDAA Main page / R&D Efficiency Improvement / 研发过程改善-2025","其他","2025-07-09 08:59:10","朱守勤/Michael Zhu","否","http://dmtks.hisense.com/pages/viewpage.action?pageId=312524511"
"VIDAA","VIDAA","313803519","66391221","VIDAA Main page","VIDAA Performance Management","1","16","VIDAA Main page / VIDAA Performance Management","其他","2025-07-10 15:33:56","未知用户 (fanyanjun)","否","http://dmtks.hisense.com/display/VIDAA/VIDAA+Performance+Management"
"VIDAA","VIDAA","313803599","313803519","VIDAA Performance Management","月度绩效加减分—2025.06","2","1","VIDAA Main page / VIDAA Performance Management / 月度绩效加减分—2025.06","其他","2025-07-10 16:21:37","未知用户 (fanyanjun)","否","http://dmtks.hisense.com/pages/viewpage.action?pageId=313803599"
"VIDAA","VIDAA","324846386","313803519","VIDAA Performance Management","月度绩效加减分—2025.07","2","2","VIDAA Main page / VIDAA Performance Management / 月度绩效加减分—2025.07","其他","2025-09-02 13:59:03","苏岩/Jessica Su","否","http://dmtks.hisense.com/pages/viewpage.action?pageId=324846386"
"VIDAA","VIDAA","324846497","313803519","VIDAA Performance Management","月度绩效加减分—2025.08","2","3","VIDAA Main page / VIDAA Performance Management / 月度绩效加减分—2025.08","其他","2025-09-02 14:46:24","苏岩/Jessica Su","否","http://dmtks.hisense.com/pages/viewpage.action?pageId=324846497"
"VIDAA","VIDAA","326686241","313803519","VIDAA Performance Management","月度绩效加减分—2025.09","2","4","VIDAA Main page / VIDAA Performance Management / 月度绩效加减分—2025.09","其他","2025-09-26 15:44:00","苏岩/Jessica Su","否","http://dmtks.hisense.com/pages/viewpage.action?pageId=326686241"
"VIDAA","VIDAA","335544905","313803519","VIDAA Performance Management","月度绩效加减分—2025.10","2","5","VIDAA Main page / VIDAA Performance Management / 月度绩效加减分—2025.10","其他","2025-11-03 14:41:19","苏岩/Jessica Su","否","http://dmtks.hisense.com/pages/viewpage.action?pageId=335544905"
"VIDAA","VIDAA","341994397","313803519","VIDAA Performance Management","月度绩效加减分—2025.11","2","6","VIDAA Main page / VIDAA Performance Management / 月度绩效加减分—2025.11","其他","2025-12-12 09:01:01","苏岩/Jessica Su","否","http://dmtks.hisense.com/pages/viewpage.action?pageId=341994397"
"VIDAA","VIDAA","313818914","66391221","VIDAA Main page","VIDAA Organization Construction","1","17","VIDAA Main page / VIDAA Organization Construction","其他","2025-07-16 10:52:00","苏岩/Jessica Su","否","http://dmtks.hisense.com/display/VIDAA/VIDAA+Organization+Construction"
"VIDAA","VIDAA","313818924","313818914","VIDAA Organization Construction","Department Responsibility/部门职责","2","1","VIDAA Main page / VIDAA Organization Construction / Department Responsibility/部门职责","其他","2025-07-30 16:49:38","丁明伟/Martin Ding","否","http://dmtks.hisense.com/pages/viewpage.action?pageId=313818924"
"VIDAA","VIDAA","313819009","313818914","VIDAA Organization Construction","Position Responsibility/岗位职责","2","2","VIDAA Main page / VIDAA Organization Construction / Position Responsibility/岗位职责","其他","2025-09-26 20:17:09","苏岩/Jessica Su","否","http://dmtks.hisense.com/pages/viewpage.action?pageId=313819009"
"HWDBYYS","VIDAA系统研发部","7340192","","","VIDAA系统研发部 Home","0","1","VIDAA系统研发部 Home","其他","2025-05-15 19:22:35","股份研发软件研发部配置管理组","否","http://dmtks.hisense.com/pages/viewpage.action?pageId=7340192"
"HWDBYYS","VIDAA系统研发部","7340063","7340192","VIDAA系统研发部 Home","0 新员工部门入职指引","1","1","VIDAA系统研发部 Home / 0 新员工部门入职指引","其他","2020-11-02 10:26:21","刘义峰/Yif Liu","否","http://dmtks.hisense.com/pages/viewpage.action?pageId=7340063"
"HWDBYYS","VIDAA系统研发部","53412473","7340063","0 新员工部门入职指引","1.新员工入职","2","1","VIDAA系统研发部 Home / 0 新员工部门入职指引 / 1.新员工入职","其他","2022-08-22 09:58:57","于立明/Sirius Yu","否","http://dmtks.hisense.com/pages/viewpage.action?pageId=53412473"
"HWDBYYS","VIDAA系统研发部","7340065","7340063","0 新员工部门入职指引","2.搭建电脑系统","2","2","VIDAA系统研发部 Home / 0 新员工部门入职指引 / 2.搭建电脑系统","其他","2020-10-30 16:08:30","刘义峰/Yif Liu","否","http://dmtks.hisense.com/pages/viewpage.action?pageId=7340065"
"HWDBYYS","VIDAA系统研发部","7340038","7340063","0 新员工部门入职指引","3.云桌面的使用","2","3","VIDAA系统研发部 Home / 0 新员工部门入职指引 / 3.云桌面的使用","其他","2020-10-30 16:08:42","刘义峰/Yif Liu","否","http://dmtks.hisense.com/pages/viewpage.action?pageId=7340038"
"HWDBYYS","VIDAA系统研发部","7340034","7340063","0 新员工部门入职指引","4.Confluence的使用","2","4","VIDAA系统研发部 Home / 0 新员工部门入职指引 / 4.Confluence的使用","其他","2020-10-30 16:08:54","刘义峰/Yif Liu","否","http://dmtks.hisense.com/pages/viewpage.action?pageId=7340034"
"HWDBYYS","VIDAA系统研发部","7340039","7340063","0 新员工部门入职指引","5.Gerrit的使用","2","5","VIDAA系统研发部 Home / 0 新员工部门入职指引 / 5.Gerrit的使用","其他","2020-10-30 16:09:04","刘义峰/Yif Liu","否","http://dmtks.hisense.com/pages/viewpage.action?pageId=7340039"
"HWDBYYS","VIDAA系统研发部","7340035","7340063","0 新员工部门入职指引","6.JIRA的使用","2","6","VIDAA系统研发部 Home / 0 新员工部门入职指引 / 6.JIRA的使用","其他","2020-10-30 16:09:15","刘义峰/Yif Liu","否","http://dmtks.hisense.com/pages/viewpage.action?pageId=7340035"
"HWDBYYS","VIDAA系统研发部","15762327","7340063","0 新员工部门入职指引","7.云账号申请","2","7","VIDAA系统研发部 Home / 0 新员工部门入职指引 / 7.云账号申请","其他","2020-10-30 16:09:45","刘义峰/Yif Liu","否","http://dmtks.hisense.com/pages/viewpage.action?pageId=15762327"
"HWDBYYS","VIDAA系统研发部","64555479","7340063","0 新员工部门入职指引","8.上网云桌面的使用","2","8","VIDAA系统研发部 Home / 0 新员工部门入职指引 / 8.上网云桌面的使用","其他","2020-10-30 16:12:07","刘义峰/Yif Liu","否","http://dmtks.hisense.com/pages/viewpage.action?pageId=64555479"
"HWDBYYS","VIDAA系统研发部","68291239","7340063","0 新员工部门入职指引","9.门禁申请流程","2","9","VIDAA系统研发部 Home / 0 新员工部门入职指引 / 9.门禁申请流程","规范与流程","2020-10-30 16:12:27","刘义峰/Yif Liu","否","http://dmtks.hisense.com/pages/viewpage.action?pageId=68291239"
"HWDBYYS","VIDAA系统研发部","16660112","7340063","0 新员工部门入职指引","10.申请低值易耗品流程","2","10","VIDAA系统研发部 Home / 0 新员工部门入职指引 / 10.申请低值易耗品流程","规范与流程","2020-10-30 16:13:11","刘义峰/Yif Liu","否","http://dmtks.hisense.com/pages/viewpage.action?pageId=16660112"
"HWDBYYS","VIDAA系统研发部","17044042","7340063","0 新员工部门入职指引","11.国际长途电话","2","11","VIDAA系统研发部 Home / 0 新员工部门入职指引 / 11.国际长途电话","其他","2020-10-30 16:13:38","刘义峰/Yif Liu","否","http://dmtks.hisense.com/pages/viewpage.action?pageId=17044042"
"HWDBYYS","VIDAA系统研发部","36244187","7340063","0 新员工部门入职指引","12.信鸿姓名后缀更改","2","12","VIDAA系统研发部 Home / 0 新员工部门入职指引 / 12.信鸿姓名后缀更改","其他","2020-10-30 16:14:01","刘义峰/Yif Liu","否","http://dmtks.hisense.com/pages/viewpage.action?pageId=36244187"
"HWDBYYS","VIDAA系统研发部","37523311","7340063","0 新员工部门入职指引","13.寄快递流程","2","13","VIDAA系统研发部 Home / 0 新员工部门入职指引 / 13.寄快递流程","规范与流程","2020-10-30 16:14:25","刘义峰/Yif Liu","否","http://dmtks.hisense.com/pages/viewpage.action?pageId=37523311"
"HWDBYYS","VIDAA系统研发部","14724434","7340063","0 新员工部门入职指引","14.电视借用/还机流程2019.9.23","2","14","VIDAA系统研发部 Home / 0 新员工部门入职指引 / 14.电视借用/还机流程2019.9.23","规范与流程","2020-10-30 16:15:19","刘义峰/Yif Liu","否","http://dmtks.hisense.com/pages/viewpage.action?pageId=14724434"
"HWDBYYS","VIDAA系统研发部","47486316","7340063","0 新员工部门入职指引","15.日常安全工作要求","2","15","VIDAA系统研发部 Home / 0 新员工部门入职指引 / 15.日常安全工作要求","其他","2020-10-30 16:15:58","刘义峰/Yif Liu","否","http://dmtks.hisense.com/pages/viewpage.action?pageId=47486316"
"HWDBYYS","VIDAA系统研发部","14534008","7340063","0 新员工部门入职指引","16.软件系统平台所员工行为指南","2","16","VIDAA系统研发部 Home / 0 新员工部门入职指引 / 16.软件系统平台所员工行为指南","规范与流程","2020-10-30 16:16:21","刘义峰/Yif Liu","否","http://dmtks.hisense.com/pages/viewpage.action?pageId=14534008"
"HWDBYYS","VIDAA系统研发部","7340037","7340063","0 新员工部门入职指引","17.建议的书籍","2","17","VIDAA系统研发部 Home / 0 新员工部门入职指引 / 17.建议的书籍","其他","2020-10-30 16:16:59","刘义峰/Yif Liu","否","http://dmtks.hisense.com/pages/viewpage.action?pageId=7340037"
"HWDBYYS","VIDAA系统研发部","7340048","7340063","0 新员工部门入职指引","18.部门新员工培训计划","2","18","VIDAA系统研发部 Home / 0 新员工部门入职指引 / 18.部门新员工培训计划","版本与计划","2020-10-30 16:17:19","刘义峰/Yif Liu","否","http://dmtks.hisense.com/pages/viewpage.action?pageId=7340048"
"HWDBYYS","VIDAA系统研发部","7340356","7340063","0 新员工部门入职指引","19.外包人员入职指南","2","19","VIDAA系统研发部 Home / 0 新员工部门入职指引 / 19.外包人员入职指南","规范与流程","2020-10-30 16:17:32","刘义峰/Yif Liu","否","http://dmtks.hisense.com/pages/viewpage.action?pageId=7340356"
"HWDBYYS","VIDAA系统研发部","55546516","7340063","0 新员工部门入职指引","20.XXX培训记录","2","20","VIDAA系统研发部 Home / 0 新员工部门入职指引 / 20.XXX培训记录","培训与知识","2020-11-02 14:18:32","刘义峰/Yif Liu","否","http://dmtks.hisense.com/pages/viewpage.action?pageId=55546516"
"HWDBYYS","VIDAA系统研发部","176295057","7340063","0 新员工部门入职指引","21 固定资产登记","2","21","VIDAA系统研发部 Home / 0 新员工部门入职指引 / 21 固定资产登记","其他","2023-01-06 17:36:49","姜慧/Jannah Jiang","否","http://dmtks.hisense.com/pages/viewpage.action?pageId=176295057"
"HWDBYYS","VIDAA系统研发部","176300244","7340063","0 新员工部门入职指引","22 系统开发部新员工日报模板","2","22","VIDAA系统研发部 Home / 0 新员工部门入职指引 / 22 系统开发部新员工日报模板","规范与流程","2022-08-24 10:18:44","臧晓华/Xiaohua Zang","否","http://dmtks.hisense.com/pages/viewpage.action?pageId=176300244"
"HWDBYYS","VIDAA系统研发部","192157831","7340063","0 新员工部门入职指引","系统开发部--订餐","2","23","VIDAA系统研发部 Home / 0 新员工部门入职指引 / 系统开发部--订餐","其他","2023-01-03 17:43:54","未知用户 (huyan1)","否","http://dmtks.hisense.com/pages/viewpage.action?pageId=192157831"
"HWDBYYS","VIDAA系统研发部","7340205","7340192","VIDAA系统研发部 Home","1 Software Platform Institute","1","2","VIDAA系统研发部 Home / 1 Software Platform Institute","其他","2018-05-21 19:00:51","高同庆/Hoveran Gao","否","http://dmtks.hisense.com/display/HWDBYYS/1+Software+Platform+Institute"
"HWDBYYS","VIDAA系统研发部","7340040","7340205","1 Software Platform Institute","Miscellaneous Items","2","1","VIDAA系统研发部 Home / 1 Software Platform Institute / Miscellaneous Items","其他","2016-09-02 09:34:24","高同庆/Hoveran Gao","否","http://dmtks.hisense.com/display/HWDBYYS/Miscellaneous+Items"
"HWDBYYS","VIDAA系统研发部","13706046","7340205","1 Software Platform Institute","Technical Forum","2","2","VIDAA系统研发部 Home / 1 Software Platform Institute / Technical Forum","其他","2017-03-06 09:18:56","周立辉","否","http://dmtks.hisense.com/display/HWDBYYS/Technical+Forum"
"HWDBYYS","VIDAA系统研发部","13708509","7340205","1 Software Platform Institute","Teams","2","3","VIDAA系统研发部 Home / 1 Software Platform Institute / Teams","其他","2017-02-17 13:19:50","余春雨/Ethan Yu","否","http://dmtks.hisense.com/display/HWDBYYS/Teams"
"HWDBYYS","VIDAA系统研发部","15891889","7340205","1 Software Platform Institute","Ability Improvement","2","4","VIDAA系统研发部 Home / 1 Software Platform Institute / Ability Improvement","其他","2017-11-10 10:39:06","高同庆/Hoveran Gao","否","http://dmtks.hisense.com/display/HWDBYYS/Ability+Improvement"
"HWDBYYS","VIDAA系统研发部","19662314","7340205","1 Software Platform Institute","Product","2","5","VIDAA系统研发部 Home / 1 Software Platform Institute / Product","其他","2018-05-04 09:24:14","高同庆/Hoveran Gao","否","http://dmtks.hisense.com/display/HWDBYYS/Product"
"HWDBYYS","VIDAA系统研发部","15891777","7340205","1 Software Platform Institute","Development Zone","2","6","VIDAA系统研发部 Home / 1 Software Platform Institute / Development Zone","其他","2017-11-10 09:36:36","高同庆/Hoveran Gao","否","http://dmtks.hisense.com/display/HWDBYYS/Development+Zone"
"HWDBYYS","VIDAA系统研发部","13708515","7340192","VIDAA系统研发部 Home","3 Hamming Platform Project","1","3","VIDAA系统研发部 Home / 3 Hamming Platform Project","项目管理","2018-05-21 19:01:12","高同庆/Hoveran Gao","否","http://dmtks.hisense.com/display/HWDBYYS/3+Hamming+Platform+Project"
"HWDBYYS","VIDAA系统研发部","15891722","13708515","3 Hamming Platform Project","1. Hamming In Progress Projects","2","1","VIDAA系统研发部 Home / 3 Hamming Platform Project / 1. Hamming In Progress Projects","项目管理","2018-07-11 09:44:17","高同庆/Hoveran Gao","否","http://dmtks.hisense.com/display/HWDBYYS/1.+Hamming+In+Progress+Projects"
"HWDBYYS","VIDAA系统研发部","15891724","13708515","3 Hamming Platform Project","2. Hamming Planning Projects","2","2","VIDAA系统研发部 Home / 3 Hamming Platform Project / 2. Hamming Planning Projects","项目管理","2018-07-11 09:44:33","高同庆/Hoveran Gao","否","http://dmtks.hisense.com/display/HWDBYYS/2.+Hamming+Planning+Projects"
"HWDBYYS","VIDAA系统研发部","15891727","13708515","3 Hamming Platform Project","3. Hamming Completed Projects","2","3","VIDAA系统研发部 Home / 3 Hamming Platform Project / 3. Hamming Completed Projects","项目管理","2018-07-11 09:44:44","高同庆/Hoveran Gao","否","http://dmtks.hisense.com/display/HWDBYYS/3.+Hamming+Completed+Projects"
"HWDBYYS","VIDAA系统研发部","25986615","13708515","3 Hamming Platform Project","4. Hamming Dropped Projects","2","4","VIDAA系统研发部 Home / 3 Hamming Platform Project / 4. Hamming Dropped Projects","项目管理","2018-07-11 09:45:03","高同庆/Hoveran Gao","否","http://dmtks.hisense.com/display/HWDBYYS/4.+Hamming+Dropped+Projects"
"HWDBYYS","VIDAA系统研发部","100763916","7340192","VIDAA系统研发部 Home","4 Institute knowledge base","1","4","VIDAA系统研发部 Home / 4 Institute knowledge base","其他","2022-04-21 14:38:52","高同庆/Hoveran Gao","否","http://dmtks.hisense.com/display/HWDBYYS/4+Institute+knowledge+base"
"HWDBYYS","VIDAA系统研发部","104800854","100763916","4 Institute knowledge base","1.Institute specifications","2","1","VIDAA系统研发部 Home / 4 Institute knowledge base / 1.Institute specifications","设计与架构","2020-11-12 11:11:48","刘义峰/Yif Liu","否","http://dmtks.hisense.com/display/HWDBYYS/1.Institute+specifications"
"HWDBYYS","VIDAA系统研发部","104800857","100763916","4 Institute knowledge base","2.Institute important meeting output","2","2","VIDAA系统研发部 Home / 4 Institute knowledge base / 2.Institute important meeting output","会议与协同","2020-10-31 09:31:13","刘义峰/Yif Liu","否","http://dmtks.hisense.com/display/HWDBYYS/2.Institute+important+meeting+output"
"HWDBYYS","VIDAA系统研发部","104800864","100763916","4 Institute knowledge base","3.Institute excellent examples","2","3","VIDAA系统研发部 Home / 4 Institute knowledge base / 3.Institute excellent examples","其他","2020-11-12 15:12:05","刘义峰/Yif Liu","否","http://dmtks.hisense.com/display/HWDBYYS/3.Institute+excellent+examples"
"HWDBYYS","VIDAA系统研发部","94470859","100763916","4 Institute knowledge base","4.Institute training materials","2","4","VIDAA系统研发部 Home / 4 Institute knowledge base / 4.Institute training materials","培训与知识","2022-04-06 10:29:56","魏强/Grand Wei","否","http://dmtks.hisense.com/display/HWDBYYS/4.Institute+training+materials"
"HWDBYYS","VIDAA系统研发部","105578965","100763916","4 Institute knowledge base","5.Institute miscellaneous knowledge","2","5","VIDAA系统研发部 Home / 4 Institute knowledge base / 5.Institute miscellaneous knowledge","其他","2020-11-02 11:05:25","刘义峰/Yif Liu","否","http://dmtks.hisense.com/display/HWDBYYS/5.Institute+miscellaneous+knowledge"
"HWDBYYS","VIDAA系统研发部","104800874","100763916","4 Institute knowledge base","6.Institute risk knowledge","2","6","VIDAA系统研发部 Home / 4 Institute knowledge base / 6.Institute risk knowledge","其他","2020-11-03 16:16:24","刘义峰/Yif Liu","否","http://dmtks.hisense.com/display/HWDBYYS/6.Institute+risk+knowledge"
"HWDBYYS","VIDAA系统研发部","104798197","7340192","VIDAA系统研发部 Home","4.1 任职资格认证材料公示-2020年","1","5","VIDAA系统研发部 Home / 4.1 任职资格认证材料公示-2020年","培训与知识","2022-04-21 14:39:11","高同庆/Hoveran Gao","否","http://dmtks.hisense.com/pages/viewpage.action?pageId=104798197"
"HWDBYYS","VIDAA系统研发部","7340071","7340192","VIDAA系统研发部 Home","5. QA Record Home","1","6","VIDAA系统研发部 Home / 5. QA Record Home","测试与验证","2020-10-30 18:27:49","刘义峰/Yif Liu","否","http://dmtks.hisense.com/display/HWDBYYS/5.+QA+Record+Home"
"HWDBYYS","VIDAA系统研发部","7340070","7340071","5. QA Record Home","1.Document Review QA Record","2","1","VIDAA系统研发部 Home / 5. QA Record Home / 1.Document Review QA Record","测试与验证","2023-06-28 11:29:10","娄畅/Laura Lou","否","http://dmtks.hisense.com/display/HWDBYYS/1.Document+Review+QA+Record"
"HWDBYYS","VIDAA系统研发部","16661054","7340071","5. QA Record Home","2.Root Cause Analysis Record","2","2","VIDAA系统研发部 Home / 5. QA Record Home / 2.Root Cause Analysis Record","测试与验证","2020-10-30 16:34:38","刘义峰/Yif Liu","否","http://dmtks.hisense.com/display/HWDBYYS/2.Root+Cause+Analysis+Record"
"HWDBYYS","VIDAA系统研发部","15872366","7340071","5. QA Record Home","3.Patches Verification Record","2","3","VIDAA系统研发部 Home / 5. QA Record Home / 3.Patches Verification Record","测试与验证","2020-10-30 17:33:02","刘义峰/Yif Liu","否","http://dmtks.hisense.com/display/HWDBYYS/3.Patches+Verification+Record"
"HWDBYYS","VIDAA系统研发部","16646461","7340071","5. QA Record Home","4.Soft-Module Coding Quality Record","2","4","VIDAA系统研发部 Home / 5. QA Record Home / 4.Soft-Module Coding Quality Record","测试与验证","2020-10-30 17:17:01","刘义峰/Yif Liu","否","http://dmtks.hisense.com/display/HWDBYYS/4.Soft-Module+Coding+Quality+Record"
"HWDBYYS","VIDAA系统研发部","104799849","7340192","VIDAA系统研发部 Home","6.History","1","7","VIDAA系统研发部 Home / 6.History","需求与功能","2020-10-30 18:28:01","刘义峰/Yif Liu","否","http://dmtks.hisense.com/display/HWDBYYS/6.History"
"HWDBYYS","VIDAA系统研发部","25986587","104799849","6.History","2 Micali Platform Project","2","1","VIDAA系统研发部 Home / 6.History / 2 Micali Platform Project","需求与功能","2020-10-30 16:02:44","刘义峰/Yif Liu","否","http://dmtks.hisense.com/display/HWDBYYS/2+Micali+Platform+Project"
"HWDBYYS","VIDAA系统研发部","7340203","104799849","6.History","2 Kilby Platform Project(done)","2","2","VIDAA系统研发部 Home / 6.History / 2 Kilby Platform Project(done)","需求与功能","2018-05-21 19:01:01","高同庆/Hoveran Gao","否","http://dmtks.hisense.com/pages/viewpage.action?pageId=7340203"
"HWDBYYS","VIDAA系统研发部","15597034","104799849","6.History","5 Toshiba SmartTV Project","2","3","VIDAA系统研发部 Home / 6.History / 5 Toshiba SmartTV Project","需求与功能","2018-07-11 14:22:19","汪先健/Eric Wang","否","http://dmtks.hisense.com/display/HWDBYYS/5+Toshiba+SmartTV+Project"
"HWDBYYS","VIDAA系统研发部","16673932","104799849","6.History","外销电视软件TCP竞品分析课题","2","4","VIDAA系统研发部 Home / 6.History / 外销电视软件TCP竞品分析课题","需求与功能","2017-12-20 10:33:47","余春雨/Ethan Yu","否","http://dmtks.hisense.com/pages/viewpage.action?pageId=16673932"
"HWDBYYS","VIDAA系统研发部","141073049","7340192","VIDAA系统研发部 Home","7.Training Plan","1","8","VIDAA系统研发部 Home / 7.Training Plan","培训与知识","2021-10-20 16:50:35","魏强/Grand Wei","否","http://dmtks.hisense.com/display/HWDBYYS/7.Training+Plan"
"HWDBYYS","VIDAA系统研发部","141073055","141073049","7.Training Plan","TrainingPlan-2022","2","1","VIDAA系统研发部 Home / 7.Training Plan / TrainingPlan-2022","培训与知识","2022-01-21 14:32:22","未知用户 (wanglilin1)","否","http://dmtks.hisense.com/display/HWDBYYS/TrainingPlan-2022"
"HWDBYYS","VIDAA系统研发部","141080264","141073049","7.Training Plan","每周课程培训表","2","2","VIDAA系统研发部 Home / 7.Training Plan / 每周课程培训表","培训与知识","2022-02-11 09:33:44","王昕昕/Sunny Wang","否","http://dmtks.hisense.com/pages/viewpage.action?pageId=141080264"
"HWDBYYS","VIDAA系统研发部","152314545","7340192","VIDAA系统研发部 Home","4.2 任职资格认证材料公示-2021年","1","9","VIDAA系统研发部 Home / 4.2 任职资格认证材料公示-2021年","培训与知识","2022-04-21 14:39:22","高同庆/Hoveran Gao","否","http://dmtks.hisense.com/pages/viewpage.action?pageId=152314545"
"HWDBYYS","VIDAA系统研发部","163259007","7340192","VIDAA系统研发部 Home","9900重复编译","1","10","VIDAA系统研发部 Home / 9900重复编译","其他","2022-05-06 17:01:22","王宇/Rain Wang","否","http://dmtks.hisense.com/pages/viewpage.action?pageId=163259007"
"HWDBYYS","VIDAA系统研发部","164075386","7340192","VIDAA系统研发部 Home","部门流程","1","11","VIDAA系统研发部 Home / 部门流程","规范与流程","2022-05-10 18:10:19","高同庆/Hoveran Gao","否","http://dmtks.hisense.com/pages/viewpage.action?pageId=164075386"
"HWDBYYS","VIDAA系统研发部","164075414","164075386","部门流程","公司流程模板","2","1","VIDAA系统研发部 Home / 部门流程 / 公司流程模板","规范与流程","2022-05-27 15:42:26","高同庆/Hoveran Gao","否","http://dmtks.hisense.com/pages/viewpage.action?pageId=164075414"
"HWDBYYS","VIDAA系统研发部","178607257","164075386","部门流程","其他技术规范/说明文档/合作方技术文档","2","2","VIDAA系统研发部 Home / 部门流程 / 其他技术规范/说明文档/合作方技术文档","设计与架构","2022-09-09 15:29:11","刘华/Stacy Liu","否","http://dmtks.hisense.com/pages/viewpage.action?pageId=178607257"
"HWDBYYS","VIDAA系统研发部","164078383","164075386","部门流程","参考规范","2","3","VIDAA系统研发部 Home / 部门流程 / 参考规范","规范与流程","2022-05-23 15:48:39","高同庆/Hoveran Gao","否","http://dmtks.hisense.com/pages/viewpage.action?pageId=164078383"
"HWDBYYS","VIDAA系统研发部","215339048","164075386","部门流程","模块设计文档重刷工作","2","4","VIDAA系统研发部 Home / 部门流程 / 模块设计文档重刷工作","设计与架构","2023-05-31 09:31:42","高同庆/Hoveran Gao","否","http://dmtks.hisense.com/pages/viewpage.action?pageId=215339048"
"HWDBYYS","VIDAA系统研发部","164081267","164075386","部门流程","系统开发部规范总览","2","5","VIDAA系统研发部 Home / 部门流程 / 系统开发部规范总览","规范与流程","2022-11-02 16:31:39","高同庆/Hoveran Gao","否","http://dmtks.hisense.com/pages/viewpage.action?pageId=164081267"
"HWDBYYS","VIDAA系统研发部","229970596","164075386","部门流程","系统部流程宣贯记录","2","6","VIDAA系统研发部 Home / 部门流程 / 系统部流程宣贯记录","规范与流程","2024-02-22 09:46:32","高同庆/Hoveran Gao","否","http://dmtks.hisense.com/pages/viewpage.action?pageId=229970596"
"HWDBYYS","VIDAA系统研发部","208216090","164075386","部门流程","系统部组织资产清单","2","7","VIDAA系统研发部 Home / 部门流程 / 系统部组织资产清单","规范与流程","2023-08-29 10:25:59","高同庆/Hoveran Gao","否","http://dmtks.hisense.com/pages/viewpage.action?pageId=208216090"
"HWDBYYS","VIDAA系统研发部","164078386","164075386","部门流程","系统部自查表","2","8","VIDAA系统研发部 Home / 部门流程 / 系统部自查表","规范与流程","2022-09-09 09:37:26","高同庆/Hoveran Gao","否","http://dmtks.hisense.com/pages/viewpage.action?pageId=164078386"
"HWDBYYS","VIDAA系统研发部","207401612","7340192","VIDAA系统研发部 Home","已分享的链接","1","12","VIDAA系统研发部 Home / 已分享的链接","其他","2023-04-06 16:18:52","未知用户 (anyanlin)","否","http://dmtks.hisense.com/pages/viewpage.action?pageId=207401612"
"HWDBYYS","VIDAA系统研发部","207401613","207401612","已分享的链接","人工时","2","1","VIDAA系统研发部 Home / 已分享的链接 / 人工时","其他","2023-04-06 16:18:53","未知用户 (anyanlin)","否","http://dmtks.hisense.com/pages/viewpage.action?pageId=207401613"
"HWDBYYS","VIDAA系统研发部","221309274","7340192","VIDAA系统研发部 Home","文件列表","1","13","VIDAA系统研发部 Home / 文件列表","其他","2023-09-13 14:41:42","宋子龙/Eddin Song","否","http://dmtks.hisense.com/pages/viewpage.action?pageId=221309274"
"HWDBYYS","VIDAA系统研发部","223298259","7340192","VIDAA系统研发部 Home","指导文章","1","14","VIDAA系统研发部 Home / 指导文章","其他","2023-10-26 17:21:40","未知用户 (zhanghualiang)","否","http://dmtks.hisense.com/pages/viewpage.action?pageId=223298259"
"ZYJCKC","专业基础课程","54103905","","","专业基础课程","0","1","专业基础课程","培训与知识","2019-05-09 09:36:29","冯美美","否","http://dmtks.hisense.com/pages/viewpage.action?pageId=54103905"
"ZYJCKC","专业基础课程","73897943","54103905","专业基础课程","文件列表","1","1","专业基础课程 / 文件列表","培训与知识","2019-12-05 16:32:33","杜强","否","http://dmtks.hisense.com/pages/viewpage.action?pageId=73897943"
"ZYJCKC","专业基础课程","56232833","54103905","专业基础课程","1 通用类","1","2","专业基础课程 / 1 通用类","培训与知识","2019-05-29 16:50:11","王艳","否","http://dmtks.hisense.com/pages/viewpage.action?pageId=56232833"
"ZYJCKC","专业基础课程","56232835","56232833","1 通用类","1 企业文化类","2","1","专业基础课程 / 1 通用类 / 1 企业文化类","培训与知识","2019-05-29 16:47:07","王艳","否","http://dmtks.hisense.com/pages/viewpage.action?pageId=56232835"
"ZYJCKC","专业基础课程","56232837","56232833","1 通用类","2 公文写作类（邮件、PPT）","2","2","专业基础课程 / 1 通用类 / 2 公文写作类（邮件、PPT）","培训与知识","2019-11-21 16:16:30","冯美美","否","http://dmtks.hisense.com/pages/viewpage.action?pageId=56232837"
"ZYJCKC","专业基础课程","56232839","56232833","1 通用类","3 办公工具类","2","3","专业基础课程 / 1 通用类 / 3 办公工具类","培训与知识","2019-05-29 16:47:32","王艳","否","http://dmtks.hisense.com/pages/viewpage.action?pageId=56232839"
"ZYJCKC","专业基础课程","56232842","56232833","1 通用类","4 行为规范类","2","4","专业基础课程 / 1 通用类 / 4 行为规范类","规范与流程","2019-05-29 16:47:45","王艳","否","http://dmtks.hisense.com/pages/viewpage.action?pageId=56232842"
"ZYJCKC","专业基础课程","56232850","56232833","1 通用类","5 人力资源类","2","5","专业基础课程 / 1 通用类 / 5 人力资源类","培训与知识","2019-05-29 16:48:19","王艳","否","http://dmtks.hisense.com/pages/viewpage.action?pageId=56232850"
"ZYJCKC","专业基础课程","56232852","56232833","1 通用类","6 质量管理类","2","6","专业基础课程 / 1 通用类 / 6 质量管理类","培训与知识","2019-05-29 16:48:55","王艳","否","http://dmtks.hisense.com/pages/viewpage.action?pageId=56232852"
"ZYJCKC","专业基础课程","56232854","56232833","1 通用类","7 安全教育类","2","7","专业基础课程 / 1 通用类 / 7 安全教育类","培训与知识","2019-05-29 16:49:19","王艳","否","http://dmtks.hisense.com/pages/viewpage.action?pageId=56232854"
"ZYJCKC","专业基础课程","77730654","56232833","1 通用类","“周四课堂”系列课程","2","8","专业基础课程 / 1 通用类 / “周四课堂”系列课程","培训与知识","2020-01-16 17:08:08","未知用户 (zhangxinyi2)","否","http://dmtks.hisense.com/pages/viewpage.action?pageId=77730654"
"ZYJCKC","专业基础课程","56232856","54103905","专业基础课程","2 专业类","1","3","专业基础课程 / 2 专业类","培训与知识","2019-05-29 16:49:59","王艳","否","http://dmtks.hisense.com/pages/viewpage.action?pageId=56232856"
"ZYJCKC","专业基础课程","56232861","56232856","2 专业类","1 技术管理部","2","1","专业基础课程 / 2 专业类 / 1 技术管理部","培训与知识","2019-05-29 16:51:02","王艳","否","http://dmtks.hisense.com/pages/viewpage.action?pageId=56232861"
"ZYJCKC","专业基础课程","56232863","56232856","2 专业类","2 软件研发部","2","2","专业基础课程 / 2 专业类 / 2 软件研发部","培训与知识","2019-05-29 16:51:35","王艳","否","http://dmtks.hisense.com/pages/viewpage.action?pageId=56232863"
"ZYJCKC","专业基础课程","56232865","56232856","2 专业类","3 硬件研发部","2","3","专业基础课程 / 2 专业类 / 3 硬件研发部","培训与知识","2019-11-11 14:25:37","未知用户 (zhanglili3)","否","http://dmtks.hisense.com/pages/viewpage.action?pageId=56232865"
"ZYJCKC","专业基础课程","56232867","56232856","2 专业类","4 结构设计部","2","4","专业基础课程 / 2 专业类 / 4 结构设计部","设计与架构","2020-06-02 10:58:44","未知用户 (wangna8)","否","http://dmtks.hisense.com/pages/viewpage.action?pageId=56232867"
"ZYJCKC","专业基础课程","56232870","56232856","2 专业类","5 研发测试部","2","5","专业基础课程 / 2 专业类 / 5 研发测试部","测试与验证","2019-05-29 16:52:43","王艳","否","http://dmtks.hisense.com/pages/viewpage.action?pageId=56232870"
"ZYJCKC","专业基础课程","56232872","56232856","2 专业类","6 显示研发部","2","6","专业基础课程 / 2 专业类 / 6 显示研发部","培训与知识","2022-05-31 11:33:21","李富琳","否","http://dmtks.hisense.com/pages/viewpage.action?pageId=56232872"
"ZYJCKC","专业基础课程","56232875","56232856","2 专业类","7 工艺设计部","2","7","专业基础课程 / 2 专业类 / 7 工艺设计部","设计与架构","2019-05-29 16:53:26","王艳","否","http://dmtks.hisense.com/pages/viewpage.action?pageId=56232875"
"ZYJCKC","专业基础课程","56232890","56232856","2 专业类","8 深圳研发中心","2","8","专业基础课程 / 2 专业类 / 8 深圳研发中心","培训与知识","2019-06-04 18:39:56","杨芳","否","http://dmtks.hisense.com/pages/viewpage.action?pageId=56232890"
"ZYJCKC","专业基础课程","56232893","56232856","2 专业类","9 武汉研发中心","2","9","专业基础课程 / 2 专业类 / 9 武汉研发中心","培训与知识","2019-05-29 17:02:01","王艳","否","http://dmtks.hisense.com/pages/viewpage.action?pageId=56232893"
"ZYJCKC","专业基础课程","158781295","56232856","2 专业类","10 LED显示产品线运营中心","2","10","专业基础课程 / 2 专业类 / 10 LED显示产品线运营中心","培训与知识","2022-04-02 10:39:13","李阳","否","http://dmtks.hisense.com/pages/viewpage.action?pageId=158781295"
"ZYJCKC","专业基础课程","287595490","56232856","2 专业类","11.订单推进管理2025","2","11","专业基础课程 / 2 专业类 / 11.订单推进管理2025","培训与知识","2025-01-20 20:55:22","何栋","否","http://dmtks.hisense.com/pages/viewpage.action?pageId=287595490"
"ZYJCKC","专业基础课程","54103906","54103905","专业基础课程","立刻开始","1","4","专业基础课程 / 立刻开始","培训与知识","2019-05-09 09:34:25","冯美美","否","http://dmtks.hisense.com/pages/viewpage.action?pageId=54103906"
"ZYJCKC","专业基础课程","54103907","54103906","立刻开始","制作一个模板","2","1","专业基础课程 / 立刻开始 / 制作一个模板","规范与流程","2019-05-09 09:34:25","冯美美","否","http://dmtks.hisense.com/pages/viewpage.action?pageId=54103907"
"ZYJCKC","专业基础课程","162399718","54103905","专业基础课程","NT68873","1","5","专业基础课程 / NT68873","培训与知识","2022-04-24 14:05:07","韩铎","否","http://dmtks.hisense.com/display/ZYJCKC/NT68873"
"ZYJCKC","专业基础课程","289937713","54103905","专业基础课程","产业技术资源分析","1","6","专业基础课程 / 产业技术资源分析","问题与复盘","2025-02-13 16:42:32","王希贵","否","http://dmtks.hisense.com/pages/viewpage.action?pageId=289937713"
"ZYJCKC","专业基础课程","295862852","54103905","专业基础课程","测试","1","7","专业基础课程 / 测试","测试与验证","2025-03-18 17:48:59","何冬冬","否","http://dmtks.hisense.com/pages/viewpage.action?pageId=295862852"
"ZYTSKC","专业提升课程","54103919","","","专业提升课程","0","1","专业提升课程","培训与知识","2019-05-09 09:45:08","冯美美","否","http://dmtks.hisense.com/pages/viewpage.action?pageId=54103919"
"ZYTSKC","专业提升课程","56232896","54103919","专业提升课程","1 技术管理部","1","1","专业提升课程 / 1 技术管理部","培训与知识","2019-05-29 17:03:25","王艳","否","http://dmtks.hisense.com/pages/viewpage.action?pageId=56232896"
"ZYTSKC","专业提升课程","56232898","54103919","专业提升课程","2 软件研发部","1","2","专业提升课程 / 2 软件研发部","培训与知识","2019-05-29 17:03:44","王艳","否","http://dmtks.hisense.com/pages/viewpage.action?pageId=56232898"
"ZYTSKC","专业提升课程","57442707","56232898","2 软件研发部","1 驱动软件所","2","1","专业提升课程 / 2 软件研发部 / 1 驱动软件所","培训与知识","2019-06-10 14:08:23","王永清","否","http://dmtks.hisense.com/pages/viewpage.action?pageId=57442707"
"ZYTSKC","专业提升课程","70157796","56232898","2 软件研发部","2 手机整机软件所","2","2","专业提升课程 / 2 软件研发部 / 2 手机整机软件所","培训与知识","2019-10-28 17:38:37","未知用户 (liukun15)","否","http://dmtks.hisense.com/pages/viewpage.action?pageId=70157796"
"ZYTSKC","专业提升课程","70159206","56232898","2 软件研发部","3 多媒体软件所","2","3","专业提升课程 / 2 软件研发部 / 3 多媒体软件所","培训与知识","2019-10-29 16:42:11","张敬坤","否","http://dmtks.hisense.com/pages/viewpage.action?pageId=70159206"
"ZYTSKC","专业提升课程","105582122","56232898","2 软件研发部","4 手机产品软件所","2","4","专业提升课程 / 2 软件研发部 / 4 手机产品软件所","培训与知识","2020-11-04 09:54:15","未知用户 (xiaoqian)","否","http://dmtks.hisense.com/pages/viewpage.action?pageId=105582122"
"ZYTSKC","专业提升课程","56232900","54103919","专业提升课程","3 硬件研发部","1","3","专业提升课程 / 3 硬件研发部","培训与知识","2019-05-29 17:04:03","王艳","否","http://dmtks.hisense.com/pages/viewpage.action?pageId=56232900"
"ZYTSKC","专业提升课程","71402663","56232900","3 硬件研发部","基带","2","1","专业提升课程 / 3 硬件研发部 / 基带","培训与知识","2019-11-11 14:39:35","未知用户 (zhanglili3)","否","http://dmtks.hisense.com/pages/viewpage.action?pageId=71402663"
"ZYTSKC","专业提升课程","69506961","56232900","3 硬件研发部","石墨及石墨烯高导膜特性及其应用简介","2","2","专业提升课程 / 3 硬件研发部 / 石墨及石墨烯高导膜特性及其应用简介","培训与知识","2019-10-25 09:29:49","未知用户 (xulianhu)","否","http://dmtks.hisense.com/pages/viewpage.action?pageId=69506961"
"ZYTSKC","专业提升课程","56232902","54103919","专业提升课程","4 结构设计部","1","4","专业提升课程 / 4 结构设计部","设计与架构","2019-05-29 17:04:21","王艳","否","http://dmtks.hisense.com/pages/viewpage.action?pageId=56232902"
"ZYTSKC","专业提升课程","56232905","54103919","专业提升课程","5 研发测试部","1","5","专业提升课程 / 5 研发测试部","测试与验证","2019-05-29 17:04:46","王艳","否","http://dmtks.hisense.com/pages/viewpage.action?pageId=56232905"
"ZYTSKC","专业提升课程","61377532","56232905","5 研发测试部","手机硬件测试室","2","1","专业提升课程 / 5 研发测试部 / 手机硬件测试室","测试与验证","2019-07-24 14:44:37","未知用户 (sunyongping)","否","http://dmtks.hisense.com/pages/viewpage.action?pageId=61377532"
"ZYTSKC","专业提升课程","56232907","54103919","专业提升课程","6 显示研发部","1","6","专业提升课程 / 6 显示研发部","培训与知识","2020-07-16 14:07:53","李雪峰","否","http://dmtks.hisense.com/pages/viewpage.action?pageId=56232907"
"ZYTSKC","专业提升课程","84645787","56232907","6 显示研发部","如何使用胶水和胶带-王灿","2","1","专业提升课程 / 6 显示研发部 / 如何使用胶水和胶带-王灿","培训与知识","2020-04-01 15:08:06","未知用户 (weichangchun)","否","http://dmtks.hisense.com/pages/viewpage.action?pageId=84645787"
"ZYTSKC","专业提升课程","84645776","56232907","6 显示研发部","如何选择常见粘接产品-王灿","2","2","专业提升课程 / 6 显示研发部 / 如何选择常见粘接产品-王灿","培训与知识","2020-04-01 15:07:25","未知用户 (weichangchun)","否","http://dmtks.hisense.com/pages/viewpage.action?pageId=84645776"
"ZYTSKC","专业提升课程","82581295","56232907","6 显示研发部","模组光学设计开发指导_张钦泉","2","3","专业提升课程 / 6 显示研发部 / 模组光学设计开发指导_张钦泉","设计与架构","2020-03-12 09:47:26","未知用户 (zhangqinquan)","否","http://dmtks.hisense.com/pages/viewpage.action?pageId=82581295"
"ZYTSKC","专业提升课程","84645791","56232907","6 显示研发部","胶黏原理及失效分析-王灿","2","4","专业提升课程 / 6 显示研发部 / 胶黏原理及失效分析-王灿","问题与复盘","2020-04-01 15:08:46","未知用户 (weichangchun)","否","http://dmtks.hisense.com/pages/viewpage.action?pageId=84645791"
"ZYTSKC","专业提升课程","89002576","56232907","6 显示研发部","质量问题解决思路指导-张钦泉","2","5","专业提升课程 / 6 显示研发部 / 质量问题解决思路指导-张钦泉","问题与复盘","2020-05-21 09:01:12","未知用户 (zhangqinquan)","否","http://dmtks.hisense.com/pages/viewpage.action?pageId=89002576"
"ZYTSKC","专业提升课程","56232909","54103919","专业提升课程","7 工艺设计部","1","7","专业提升课程 / 7 工艺设计部","设计与架构","2019-05-29 17:05:22","王艳","否","http://dmtks.hisense.com/pages/viewpage.action?pageId=56232909"
"ZYTSKC","专业提升课程","56232914","54103919","专业提升课程","8 深圳研发中心","1","8","专业提升课程 / 8 深圳研发中心","培训与知识","2019-05-29 17:05:56","王艳","否","http://dmtks.hisense.com/pages/viewpage.action?pageId=56232914"
"ZYTSKC","专业提升课程","56232916","54103919","专业提升课程","9 武汉研发中心","1","9","专业提升课程 / 9 武汉研发中心","培训与知识","2019-05-29 17:06:14","王艳","否","http://dmtks.hisense.com/pages/viewpage.action?pageId=56232916"
"ZYTSKC","专业提升课程","73897921","54103919","专业提升课程","文件列表","1","10","专业提升课程 / 文件列表","培训与知识","2019-12-05 16:25:02","杜强","否","http://dmtks.hisense.com/pages/viewpage.action?pageId=73897921"
"ZYTSKC","专业提升课程","73897922","73897921","文件列表","培训","2","1","专业提升课程 / 文件列表 / 培训","培训与知识","2019-12-05 16:25:02","杜强","否","http://dmtks.hisense.com/pages/viewpage.action?pageId=73897922"
"ZYTSKC","专业提升课程","142584363","54103919","专业提升课程","焊接培训","1","11","专业提升课程 / 焊接培训","培训与知识","2021-11-04 20:00:28","未知用户 (suzhibo)","否","http://dmtks.hisense.com/pages/viewpage.action?pageId=142584363"
"ZYTSKC","专业提升课程","54103920","54103919","专业提升课程","立刻开始","1","12","专业提升课程 / 立刻开始","培训与知识","2019-05-09 09:38:32","冯美美","否","http://dmtks.hisense.com/pages/viewpage.action?pageId=54103920"
"ZYTSKC","专业提升课程","54103921","54103920","立刻开始","制作一个模板","2","1","专业提升课程 / 立刻开始 / 制作一个模板","规范与流程","2019-05-09 09:38:32","冯美美","否","http://dmtks.hisense.com/pages/viewpage.action?pageId=54103921"
"YYZX","产品线运营中心学习资料共享","82583404","","","电视产品线运营中心学习共享","0","1","电视产品线运营中心学习共享","培训与知识","2023-10-19 14:49:53","杜红娟","否","http://dmtks.hisense.com/pages/viewpage.action?pageId=82583404"
"YYZX","产品线运营中心学习资料共享","83992363","82583404","电视产品线运营中心学习共享","02-日常关键规范总结整理","1","1","电视产品线运营中心学习共享 / 02-日常关键规范总结整理","规范与流程","2025-09-22 17:03:34","杜红娟","否","http://dmtks.hisense.com/pages/viewpage.action?pageId=83992363"
"YYZX","产品线运营中心学习资料共享","84646997","82583404","电视产品线运营中心学习共享","03-日常通知的规范要求汇总","1","2","电视产品线运营中心学习共享 / 03-日常通知的规范要求汇总","规范与流程","2024-05-28 10:30:08","杜红娟","否","http://dmtks.hisense.com/pages/viewpage.action?pageId=84646997"
"YYZX","产品线运营中心学习资料共享","85368198","82583404","电视产品线运营中心学习共享","04-新品首单排查表","1","3","电视产品线运营中心学习共享 / 04-新品首单排查表","培训与知识","2020-04-23 16:30:39","未知用户 (xiabizhu)","否","http://dmtks.hisense.com/pages/viewpage.action?pageId=85368198"
"YYZX","产品线运营中心学习资料共享","86547401","85368198","04-新品首单排查表","第18周首单新品项目排查结果","2","1","电视产品线运营中心学习共享 / 04-新品首单排查表 / 第18周首单新品项目排查结果","培训与知识","2020-04-23 16:26:07","未知用户 (xiabizhu)","否","http://dmtks.hisense.com/pages/viewpage.action?pageId=86547401"
"YYZX","产品线运营中心学习资料共享","86547421","85368198","04-新品首单排查表","第19周首单新品项目排查结果","2","2","电视产品线运营中心学习共享 / 04-新品首单排查表 / 第19周首单新品项目排查结果","培训与知识","2020-04-23 16:27:12","未知用户 (xiabizhu)","否","http://dmtks.hisense.com/pages/viewpage.action?pageId=86547421"
"YYZX","产品线运营中心学习资料共享","107057651","82583404","电视产品线运营中心学习共享","产品线任职资格评定材料公示2020","1","4","电视产品线运营中心学习共享 / 产品线任职资格评定材料公示2020","培训与知识","2020-11-18 14:51:02","刘莎","否","http://dmtks.hisense.com/pages/viewpage.action?pageId=107057651"
"YYZX","产品线运营中心学习资料共享","169713515","82583404","电视产品线运营中心学习共享","05-各专业应知应会清单及岗位操作手册","1","5","电视产品线运营中心学习共享 / 05-各专业应知应会清单及岗位操作手册","规范与流程","2022-08-16 10:05:11","赵英芹","否","http://dmtks.hisense.com/pages/viewpage.action?pageId=169713515"
"YYZX","产品线运营中心学习资料共享","169713519","169713515","05-各专业应知应会清单及岗位操作手册","00-通用知识","2","1","电视产品线运营中心学习共享 / 05-各专业应知应会清单及岗位操作手册 / 00-通用知识","规范与流程","2022-06-29 11:37:19","赵英芹","否","http://dmtks.hisense.com/pages/viewpage.action?pageId=169713519"
"YYZX","产品线运营中心学习资料共享","169713539","169713515","05-各专业应知应会清单及岗位操作手册","01-电路","2","2","电视产品线运营中心学习共享 / 05-各专业应知应会清单及岗位操作手册 / 01-电路","规范与流程","2022-06-29 11:40:59","赵英芹","否","http://dmtks.hisense.com/pages/viewpage.action?pageId=169713539"
"YYZX","产品线运营中心学习资料共享","169713542","169713515","05-各专业应知应会清单及岗位操作手册","02-结构","2","3","电视产品线运营中心学习共享 / 05-各专业应知应会清单及岗位操作手册 / 02-结构","规范与流程","2022-06-29 11:41:15","赵英芹","否","http://dmtks.hisense.com/pages/viewpage.action?pageId=169713542"
"YYZX","产品线运营中心学习资料共享","169713550","169713515","05-各专业应知应会清单及岗位操作手册","03-模组光学","2","4","电视产品线运营中心学习共享 / 05-各专业应知应会清单及岗位操作手册 / 03-模组光学","规范与流程","2022-06-29 11:42:22","赵英芹","否","http://dmtks.hisense.com/pages/viewpage.action?pageId=169713550"
"YYZX","产品线运营中心学习资料共享","169713551","169713515","05-各专业应知应会清单及岗位操作手册","04-模组结构","2","5","电视产品线运营中心学习共享 / 05-各专业应知应会清单及岗位操作手册 / 04-模组结构","规范与流程","2022-06-29 11:42:35","赵英芹","否","http://dmtks.hisense.com/pages/viewpage.action?pageId=169713551"
"YYZX","产品线运营中心学习资料共享","169713553","169713515","05-各专业应知应会清单及岗位操作手册","05-产品经理","2","6","电视产品线运营中心学习共享 / 05-各专业应知应会清单及岗位操作手册 / 05-产品经理","规范与流程","2022-06-29 11:42:50","赵英芹","否","http://dmtks.hisense.com/pages/viewpage.action?pageId=169713553"
"YYZX","产品线运营中心学习资料共享","169713555","169713515","05-各专业应知应会清单及岗位操作手册","06-项目推进经理","2","7","电视产品线运营中心学习共享 / 05-各专业应知应会清单及岗位操作手册 / 06-项目推进经理","规范与流程","2022-06-29 11:43:06","赵英芹","否","http://dmtks.hisense.com/pages/viewpage.action?pageId=169713555"
"YYZX","产品线运营中心学习资料共享","169713558","169713515","05-各专业应知应会清单及岗位操作手册","07-用户文档","2","8","电视产品线运营中心学习共享 / 05-各专业应知应会清单及岗位操作手册 / 07-用户文档","规范与流程","2022-06-29 11:43:24","赵英芹","否","http://dmtks.hisense.com/pages/viewpage.action?pageId=169713558"
"YYZX","产品线运营中心学习资料共享","169713560","169713515","05-各专业应知应会清单及岗位操作手册","08-平面设计","2","9","电视产品线运营中心学习共享 / 05-各专业应知应会清单及岗位操作手册 / 08-平面设计","设计与架构","2022-06-29 11:43:37","赵英芹","否","http://dmtks.hisense.com/pages/viewpage.action?pageId=169713560"
"YYZX","产品线运营中心学习资料共享","169713561","169713515","05-各专业应知应会清单及岗位操作手册","09-订单推进经理","2","10","电视产品线运营中心学习共享 / 05-各专业应知应会清单及岗位操作手册 / 09-订单推进经理","规范与流程","2022-06-29 11:43:53","赵英芹","否","http://dmtks.hisense.com/pages/viewpage.action?pageId=169713561"
"YYZX","产品线运营中心学习资料共享","174731200","169713515","05-各专业应知应会清单及岗位操作手册","10-工艺","2","11","电视产品线运营中心学习共享 / 05-各专业应知应会清单及岗位操作手册 / 10-工艺","规范与流程","2022-08-10 22:58:24","赵英芹","否","http://dmtks.hisense.com/pages/viewpage.action?pageId=174731200"
"YYZX","产品线运营中心学习资料共享","170542369","82583404","电视产品线运营中心学习共享","06-日常培训课件和技术分享","1","6","电视产品线运营中心学习共享 / 06-日常培训课件和技术分享","培训与知识","2022-08-16 10:05:23","赵英芹","否","http://dmtks.hisense.com/pages/viewpage.action?pageId=170542369"
"YYZX","产品线运营中心学习资料共享","170542375","170542369","06-日常培训课件和技术分享","01-技术分享","2","1","电视产品线运营中心学习共享 / 06-日常培训课件和技术分享 / 01-技术分享","培训与知识","2022-07-26 10:37:06","未知用户 (pingzheng)","否","http://dmtks.hisense.com/pages/viewpage.action?pageId=170542375"
"YYZX","产品线运营中心学习资料共享","170542383","170542369","06-日常培训课件和技术分享","02-日常培训","2","2","电视产品线运营中心学习共享 / 06-日常培训课件和技术分享 / 02-日常培训","培训与知识","2022-07-08 16:26:31","赵英芹","否","http://dmtks.hisense.com/pages/viewpage.action?pageId=170542383"
"YYZX","产品线运营中心学习资料共享","170542406","170542369","06-日常培训课件和技术分享","03-优秀课件","2","3","电视产品线运营中心学习共享 / 06-日常培训课件和技术分享 / 03-优秀课件","培训与知识","2022-07-08 16:30:24","赵英芹","否","http://dmtks.hisense.com/pages/viewpage.action?pageId=170542406"
"YYZX","产品线运营中心学习资料共享","199889928","82583404","电视产品线运营中心学习共享","01-产品线运营中心质量知识资产库","1","7","电视产品线运营中心学习共享 / 01-产品线运营中心质量知识资产库","培训与知识","2023-05-30 09:41:55","于航","否","http://dmtks.hisense.com/pages/viewpage.action?pageId=199889928"
"YYZX","产品线运营中心学习资料共享","213427283","82583404","电视产品线运营中心学习共享","07-项目经验总结","1","8","电视产品线运营中心学习共享 / 07-项目经验总结","培训与知识","2023-05-10 12:07:18","杜红娟","否","http://dmtks.hisense.com/pages/viewpage.action?pageId=213427283"
"YYZX","产品线运营中心学习资料共享","213427310","213427283","07-项目经验总结","65寸灯影问题复盘","2","1","电视产品线运营中心学习共享 / 07-项目经验总结 / 65寸灯影问题复盘","问题与复盘","2023-05-10 12:19:30","闫伟玲","否","http://dmtks.hisense.com/pages/viewpage.action?pageId=213427310"
"YYZX","产品线运营中心学习资料共享","213427314","213427283","07-项目经验总结","反射片按压工装问题复盘","2","2","电视产品线运营中心学习共享 / 07-项目经验总结 / 反射片按压工装问题复盘","问题与复盘","2023-05-10 12:18:25","闫伟玲","否","http://dmtks.hisense.com/pages/viewpage.action?pageId=213427314"
"YYZX","产品线运营中心学习资料共享","215826839","213427283","07-项目经验总结","量子点扩散板问题复盘","2","3","电视产品线运营中心学习共享 / 07-项目经验总结 / 量子点扩散板问题复盘","问题与复盘","2023-06-08 16:06:48","闫伟玲","否","http://dmtks.hisense.com/pages/viewpage.action?pageId=215826839"
"YYZX","产品线运营中心学习资料共享","213427309","82583404","电视产品线运营中心学习共享","指导文章","1","9","电视产品线运营中心学习共享 / 指导文章","培训与知识","2023-05-10 12:15:46","闫伟玲","否","http://dmtks.hisense.com/pages/viewpage.action?pageId=213427309"
"DZKJDSHWKF","产品线运营中心深圳研发部","13716871","","","产品线深圳研发中心电视开发所 主页","0","1","产品线深圳研发中心电视开发所 主页","其他","2025-09-29 17:37:29","吴利华(William Wu)","否","http://dmtks.hisense.com/pages/viewpage.action?pageId=13716871"
"DZKJDSHWKF","产品线运营中心深圳研发部","13716874","13716871","产品线深圳研发中心电视开发所 主页","深圳研发部运作支持 主页","1","1","产品线深圳研发中心电视开发所 主页 / 深圳研发部运作支持 主页","其他","2021-09-26 15:26:08","吴利华(William Wu)","否","http://dmtks.hisense.com/pages/viewpage.action?pageId=13716874"
"DZKJDSHWKF","产品线运营中心深圳研发部","13718317","13716874","深圳研发部运作支持 主页","01-周报管理","2","1","产品线深圳研发中心电视开发所 主页 / 深圳研发部运作支持 主页 / 01-周报管理","项目管理","2019-03-18 11:18:45","吴利华(William Wu)","否","http://dmtks.hisense.com/pages/viewpage.action?pageId=13718317"
"DZKJDSHWKF","产品线运营中心深圳研发部","14534163","13716874","深圳研发部运作支持 主页","02-月报管理","2","2","产品线深圳研发中心电视开发所 主页 / 深圳研发部运作支持 主页 / 02-月报管理","项目管理","2019-10-15 10:02:53","吴利华(William Wu)","否","http://dmtks.hisense.com/pages/viewpage.action?pageId=14534163"
"DZKJDSHWKF","产品线运营中心深圳研发部","16865966","13716874","深圳研发部运作支持 主页","03-指标管理","2","3","产品线深圳研发中心电视开发所 主页 / 深圳研发部运作支持 主页 / 03-指标管理","项目管理","2019-03-18 11:18:08","吴利华(William Wu)","否","http://dmtks.hisense.com/pages/viewpage.action?pageId=16865966"
"DZKJDSHWKF","产品线运营中心深圳研发部","68848287","13716874","深圳研发部运作支持 主页","04-项目过程管理","2","4","产品线深圳研发中心电视开发所 主页 / 深圳研发部运作支持 主页 / 04-项目过程管理","项目管理","2021-09-28 09:57:21","吴利华(William Wu)","否","http://dmtks.hisense.com/pages/viewpage.action?pageId=68848287"
"DZKJDSHWKF","产品线运营中心深圳研发部","13718297","13716874","深圳研发部运作支持 主页","05-订单推进管理","2","5","产品线深圳研发中心电视开发所 主页 / 深圳研发部运作支持 主页 / 05-订单推进管理","项目管理","2021-09-28 11:11:30","吴利华(William Wu)","否","http://dmtks.hisense.com/pages/viewpage.action?pageId=13718297"
"DZKJDSHWKF","产品线运营中心深圳研发部","14537293","13716874","深圳研发部运作支持 主页","06-质量管理","2","6","产品线深圳研发中心电视开发所 主页 / 深圳研发部运作支持 主页 / 06-质量管理","项目管理","2021-09-28 11:12:09","吴利华(William Wu)","否","http://dmtks.hisense.com/pages/viewpage.action?pageId=14537293"
"DZKJDSHWKF","产品线运营中心深圳研发部","29853258","13716874","深圳研发部运作支持 主页","07-成本管理","2","7","产品线深圳研发中心电视开发所 主页 / 深圳研发部运作支持 主页 / 07-成本管理","项目管理","2021-09-28 11:12:24","吴利华(William Wu)","否","http://dmtks.hisense.com/pages/viewpage.action?pageId=29853258"
"DZKJDSHWKF","产品线运营中心深圳研发部","139073763","13716874","深圳研发部运作支持 主页","08-流程管理","2","8","产品线深圳研发中心电视开发所 主页 / 深圳研发部运作支持 主页 / 08-流程管理","规范与流程","2021-09-28 11:12:41","吴利华(William Wu)","否","http://dmtks.hisense.com/pages/viewpage.action?pageId=139073763"
"DZKJDSHWKF","产品线运营中心深圳研发部","13718287","13716874","深圳研发部运作支持 主页","09-通用化管理","2","9","产品线深圳研发中心电视开发所 主页 / 深圳研发部运作支持 主页 / 09-通用化管理","项目管理","2021-09-28 11:13:02","吴利华(William Wu)","否","http://dmtks.hisense.com/pages/viewpage.action?pageId=13718287"
"DZKJDSHWKF","产品线运营中心深圳研发部","68848132","13716874","深圳研发部运作支持 主页","10-内部表扬","2","10","产品线深圳研发中心电视开发所 主页 / 深圳研发部运作支持 主页 / 10-内部表扬","其他","2021-09-28 11:13:17","吴利华(William Wu)","否","http://dmtks.hisense.com/pages/viewpage.action?pageId=68848132"
"DZKJDSHWKF","产品线运营中心深圳研发部","13718314","13716874","深圳研发部运作支持 主页","11-培训提升","2","11","产品线深圳研发中心电视开发所 主页 / 深圳研发部运作支持 主页 / 11-培训提升","培训与知识","2021-09-28 11:13:39","吴利华(William Wu)","否","http://dmtks.hisense.com/pages/viewpage.action?pageId=13718314"
"DZKJDSHWKF","产品线运营中心深圳研发部","139074227","13716874","深圳研发部运作支持 主页","12-综合管理","2","12","产品线深圳研发中心电视开发所 主页 / 深圳研发部运作支持 主页 / 12-综合管理","项目管理","2021-09-28 11:54:20","吴利华(William Wu)","否","http://dmtks.hisense.com/pages/viewpage.action?pageId=139074227"
"DZKJDSHWKF","产品线运营中心深圳研发部","14533685","13716871","产品线深圳研发中心电视开发所 主页","1、通用事项","1","2","产品线深圳研发中心电视开发所 主页 / 1、通用事项","其他","2018-08-20 15:13:57","何灿","否","http://dmtks.hisense.com/pages/viewpage.action?pageId=14533685"
"DZKJDSHWKF","产品线运营中心深圳研发部","17175162","14533685","1、通用事项","10、常用工具软件","2","1","产品线深圳研发中心电视开发所 主页 / 1、通用事项 / 10、常用工具软件","其他","2018-06-12 21:25:17","未知用户 (xiedaigen)","否","http://dmtks.hisense.com/pages/viewpage.action?pageId=17175162"
"DZKJDSHWKF","产品线运营中心深圳研发部","29230422","14533685","1、通用事项","11、江门采购分工及联系方式","2","2","产品线深圳研发中心电视开发所 主页 / 1、通用事项 / 11、江门采购分工及联系方式","其他","2020-09-10 12:00:21","曹波","否","http://dmtks.hisense.com/pages/viewpage.action?pageId=29230422"
"DZKJDSHWKF","产品线运营中心深圳研发部","30507456","14533685","1、通用事项","12、消防安全","2","3","产品线深圳研发中心电视开发所 主页 / 1、通用事项 / 12、消防安全","其他","2018-08-27 14:13:32","曹波","否","http://dmtks.hisense.com/pages/viewpage.action?pageId=30507456"
"DZKJDSHWKF","产品线运营中心深圳研发部","33064675","14533685","1、通用事项","14、物料解禁流程","2","4","产品线深圳研发中心电视开发所 主页 / 1、通用事项 / 14、物料解禁流程","规范与流程","2018-09-30 15:59:41","未知用户 (xiedaigen)","否","http://dmtks.hisense.com/pages/viewpage.action?pageId=33064675"
"DZKJDSHWKF","产品线运营中心深圳研发部","44041935","14533685","1、通用事项","15、设计变更流程","2","5","产品线深圳研发中心电视开发所 主页 / 1、通用事项 / 15、设计变更流程","设计与架构","2019-03-08 10:09:40","曹波","否","http://dmtks.hisense.com/pages/viewpage.action?pageId=44041935"
"DZKJDSHWKF","产品线运营中心深圳研发部","154211220","14533685","1、通用事项","16-1、2022深研工艺联系书编号","2","6","产品线深圳研发中心电视开发所 主页 / 1、通用事项 / 16-1、2022深研工艺联系书编号","其他","2022-05-06 18:21:25","彭芬","否","http://dmtks.hisense.com/pages/viewpage.action?pageId=154211220"
"DZKJDSHWKF","产品线运营中心深圳研发部","50140298","14533685","1、通用事项","16、深研工艺联系书编号","2","7","产品线深圳研发中心电视开发所 主页 / 1、通用事项 / 16、深研工艺联系书编号","其他","2021-12-28 10:14:03","彭芬","否","http://dmtks.hisense.com/pages/viewpage.action?pageId=50140298"
"DZKJDSHWKF","产品线运营中心深圳研发部","72090190","14533685","1、通用事项","18、费用预测","2","8","产品线深圳研发中心电视开发所 主页 / 1、通用事项 / 18、费用预测","其他","2019-12-26 15:43:35","吴利华(William Wu)","否","http://dmtks.hisense.com/pages/viewpage.action?pageId=72090190"
"DZKJDSHWKF","产品线运营中心深圳研发部","15888165","14533685","1、通用事项","19、文件列表","2","9","产品线深圳研发中心电视开发所 主页 / 1、通用事项 / 19、文件列表","其他","2018-06-12 19:18:24","未知用户 (xiedaigen)","否","http://dmtks.hisense.com/pages/viewpage.action?pageId=15888165"
"DZKJDSHWKF","产品线运营中心深圳研发部","14728165","14533685","1、通用事项","1、新员工入职培训","2","10","产品线深圳研发中心电视开发所 主页 / 1、通用事项 / 1、新员工入职培训","培训与知识","2019-02-13 17:12:25","未知用户 (xiedaigen)","否","http://dmtks.hisense.com/pages/viewpage.action?pageId=14728165"
"DZKJDSHWKF","产品线运营中心深圳研发部","14533651","14533685","1、通用事项","20、工作常用流程（通用类，各专业的放在专业下面）","2","11","产品线深圳研发中心电视开发所 主页 / 1、通用事项 / 20、工作常用流程（通用类，各专业的放在专业下面）","规范与流程","2021-09-26 16:18:10","吴利华(William Wu)","否","http://dmtks.hisense.com/pages/viewpage.action?pageId=14533651"
"DZKJDSHWKF","产品线运营中心深圳研发部","14728178","14533685","1、通用事项","2、工作兼职情况","2","12","产品线深圳研发中心电视开发所 主页 / 1、通用事项 / 2、工作兼职情况","其他","2021-09-28 11:19:51","吴利华(William Wu)","否","http://dmtks.hisense.com/pages/viewpage.action?pageId=14728178"
"DZKJDSHWKF","产品线运营中心深圳研发部","14816796","14533685","1、通用事项","3、固定资产","2","13","产品线深圳研发中心电视开发所 主页 / 1、通用事项 / 3、固定资产","其他","2021-09-08 11:00:15","吴利华(William Wu)","否","http://dmtks.hisense.com/pages/viewpage.action?pageId=14816796"
"DZKJDSHWKF","产品线运营中心深圳研发部","14828135","14533685","1、通用事项","4、易耗品情况","2","14","产品线深圳研发中心电视开发所 主页 / 1、通用事项 / 4、易耗品情况","其他","2017-11-06 09:26:09","未知用户 (xiedaigen)","否","http://dmtks.hisense.com/pages/viewpage.action?pageId=14828135"
"DZKJDSHWKF","产品线运营中心深圳研发部","14828617","14533685","1、通用事项","5、电视整机经费","2","15","产品线深圳研发中心电视开发所 主页 / 1、通用事项 / 5、电视整机经费","其他","2020-03-17 18:55:24","未知用户 (xiedaigen)","否","http://dmtks.hisense.com/pages/viewpage.action?pageId=14828617"
"DZKJDSHWKF","产品线运营中心深圳研发部","14842942","14533685","1、通用事项","6、Confluence使用","2","16","产品线深圳研发中心电视开发所 主页 / 1、通用事项 / 6、Confluence使用","其他","2017-07-21 14:01:29","未知用户 (xiedaigen)","否","http://dmtks.hisense.com/pages/viewpage.action?pageId=14842942"
"DZKJDSHWKF","产品线运营中心深圳研发部","15571505","14533685","1、通用事项","7、值日安排表","2","17","产品线深圳研发中心电视开发所 主页 / 1、通用事项 / 7、值日安排表","其他","2021-09-08 10:59:26","吴利华(William Wu)","否","http://dmtks.hisense.com/pages/viewpage.action?pageId=15571505"
"DZKJDSHWKF","产品线运营中心深圳研发部","16844909","14533685","1、通用事项","8、日常表单","2","18","产品线深圳研发中心电视开发所 主页 / 1、通用事项 / 8、日常表单","其他","2018-12-12 10:11:57","未知用户 (hushude)","否","http://dmtks.hisense.com/pages/viewpage.action?pageId=16844909"
"DZKJDSHWKF","产品线运营中心深圳研发部","14533631","13716871","产品线深圳研发中心电视开发所 主页","2、例会纪要","1","3","产品线深圳研发中心电视开发所 主页 / 2、例会纪要","会议与协同","2018-06-12 21:27:11","未知用户 (xiedaigen)","否","http://dmtks.hisense.com/pages/viewpage.action?pageId=14533631"
"DZKJDSHWKF","产品线运营中心深圳研发部","139069500","14533631","2、例会纪要","例会纪要（old）","2","1","产品线深圳研发中心电视开发所 主页 / 2、例会纪要 / 例会纪要（old）","会议与协同","2021-09-26 15:28:38","吴利华(William Wu)","否","http://dmtks.hisense.com/pages/viewpage.action?pageId=139069500"
"DZKJDSHWKF","产品线运营中心深圳研发部","151625345","14533631","2、例会纪要","2022年例会","2","2","产品线深圳研发中心电视开发所 主页 / 2、例会纪要 / 2022年例会","会议与协同","2022-01-18 10:09:52","吴利华(William Wu)","否","http://dmtks.hisense.com/pages/viewpage.action?pageId=151625345"
"DZKJDSHWKF","产品线运营中心深圳研发部","14533659","13716871","产品线深圳研发中心电视开发所 主页","3、电路开发室(杨东)","1","4","产品线深圳研发中心电视开发所 主页 / 3、电路开发室(杨东)","其他","2025-03-29 22:11:12","杨东","否","http://dmtks.hisense.com/pages/viewpage.action?pageId=14533659"
"DZKJDSHWKF","产品线运营中心深圳研发部","24676548","14533659","3、电路开发室(杨东)","10、硬件开发室周例会","2","1","产品线深圳研发中心电视开发所 主页 / 3、电路开发室(杨东) / 10、硬件开发室周例会","会议与协同","2024-04-26 10:44:52","曹波","否","http://dmtks.hisense.com/pages/viewpage.action?pageId=24676548"
"DZKJDSHWKF","产品线运营中心深圳研发部","69506864","14533659","3、电路开发室(杨东)","11、能力提升","2","2","产品线深圳研发中心电视开发所 主页 / 3、电路开发室(杨东) / 11、能力提升","其他","2019-10-25 08:59:16","丁强","否","http://dmtks.hisense.com/pages/viewpage.action?pageId=69506864"
"DZKJDSHWKF","产品线运营中心深圳研发部","68849421","14533659","3、电路开发室(杨东)","13、新员工入职","2","3","产品线深圳研发中心电视开发所 主页 / 3、电路开发室(杨东) / 13、新员工入职","其他","2019-10-15 20:18:00","曹波","否","http://dmtks.hisense.com/pages/viewpage.action?pageId=68849421"
"DZKJDSHWKF","产品线运营中心深圳研发部","70781419","14533659","3、电路开发室(杨东)","14、深研模组电路","2","4","产品线深圳研发中心电视开发所 主页 / 3、电路开发室(杨东) / 14、深研模组电路","其他","2021-08-25 16:11:30","曹波","否","http://dmtks.hisense.com/pages/viewpage.action?pageId=70781419"
"DZKJDSHWKF","产品线运营中心深圳研发部","75172977","14533659","3、电路开发室(杨东)","15、硬件开发室经费","2","5","产品线深圳研发中心电视开发所 主页 / 3、电路开发室(杨东) / 15、硬件开发室经费","其他","2020-09-03 09:22:59","曹波","否","http://dmtks.hisense.com/pages/viewpage.action?pageId=75172977"
"DZKJDSHWKF","产品线运营中心深圳研发部","87167429","14533659","3、电路开发室(杨东)","16、901实验室/借领机","2","6","产品线深圳研发中心电视开发所 主页 / 3、电路开发室(杨东) / 16、901实验室/借领机","测试与验证","2021-11-16 14:23:10","曹波","否","http://dmtks.hisense.com/pages/viewpage.action?pageId=87167429"
"DZKJDSHWKF","产品线运营中心深圳研发部","92941623","14533659","3、电路开发室(杨东)","17、SE策划论证","2","7","产品线深圳研发中心电视开发所 主页 / 3、电路开发室(杨东) / 17、SE策划论证","其他","2026-01-22 15:18:19","曹波","否","http://dmtks.hisense.com/pages/viewpage.action?pageId=92941623"
"DZKJDSHWKF","产品线运营中心深圳研发部","116821342","14533659","3、电路开发室(杨东)","18、降本措施导入","2","8","产品线深圳研发中心电视开发所 主页 / 3、电路开发室(杨东) / 18、降本措施导入","问题与复盘","2024-06-12 11:10:53","曹波","否","http://dmtks.hisense.com/pages/viewpage.action?pageId=116821342"
"DZKJDSHWKF","产品线运营中心深圳研发部","54855487","14533659","3、电路开发室(杨东)","19、研发认证","2","9","产品线深圳研发中心电视开发所 主页 / 3、电路开发室(杨东) / 19、研发认证","培训与知识","2026-01-29 16:56:38","曹波","否","http://dmtks.hisense.com/pages/viewpage.action?pageId=54855487"
"DZKJDSHWKF","产品线运营中心深圳研发部","15566003","14533659","3、电路开发室(杨东)","1、电路经验共享","2","10","产品线深圳研发中心电视开发所 主页 / 3、电路开发室(杨东) / 1、电路经验共享","其他","2025-11-13 16:53:14","曹波","否","http://dmtks.hisense.com/pages/viewpage.action?pageId=15566003"
"DZKJDSHWKF","产品线运营中心深圳研发部","154939002","14533659","3、电路开发室(杨东)","20、板卡设计","2","11","产品线深圳研发中心电视开发所 主页 / 3、电路开发室(杨东) / 20、板卡设计","设计与架构","2025-02-05 09:43:20","曹波","否","http://dmtks.hisense.com/pages/viewpage.action?pageId=154939002"
"DZKJDSHWKF","产品线运营中心深圳研发部","175512733","14533659","3、电路开发室(杨东)","21、创新提案/专利","2","12","产品线深圳研发中心电视开发所 主页 / 3、电路开发室(杨东) / 21、创新提案/专利","其他","2023-03-01 15:11:37","曹波","否","http://dmtks.hisense.com/pages/viewpage.action?pageId=175512733"
"DZKJDSHWKF","产品线运营中心深圳研发部","180264712","14533659","3、电路开发室(杨东)","22、采购、订单分工","2","13","产品线深圳研发中心电视开发所 主页 / 3、电路开发室(杨东) / 22、采购、订单分工","其他","2022-11-18 11:14:23","曹波","否","http://dmtks.hisense.com/pages/viewpage.action?pageId=180264712"
"DZKJDSHWKF","产品线运营中心深圳研发部","186977681","14533659","3、电路开发室(杨东)","23、质量事件","2","14","产品线深圳研发中心电视开发所 主页 / 3、电路开发室(杨东) / 23、质量事件","数据与质量","2024-07-04 17:50:34","曹波","否","http://dmtks.hisense.com/pages/viewpage.action?pageId=186977681"
"DZKJDSHWKF","产品线运营中心深圳研发部","215819780","14533659","3、电路开发室(杨东)","24、物料厂家/联系人","2","15","产品线深圳研发中心电视开发所 主页 / 3、电路开发室(杨东) / 24、物料厂家/联系人","其他","2026-01-04 13:40:41","石绍均","否","http://dmtks.hisense.com/pages/viewpage.action?pageId=215819780"
"DZKJDSHWKF","产品线运营中心深圳研发部","32477376","14533659","3、电路开发室(杨东)","2、电路工作规定/雷区","2","16","产品线深圳研发中心电视开发所 主页 / 3、电路开发室(杨东) / 2、电路工作规定/雷区","其他","2025-07-21 10:14:40","曹波","否","http://dmtks.hisense.com/pages/viewpage.action?pageId=32477376"
"DZKJDSHWKF","产品线运营中心深圳研发部","33065150","14533659","3、电路开发室(杨东)","3、电路常用表格/流程","2","17","产品线深圳研发中心电视开发所 主页 / 3、电路开发室(杨东) / 3、电路常用表格/流程","规范与流程","2022-04-12 11:49:25","曹波","否","http://dmtks.hisense.com/pages/viewpage.action?pageId=33065150"
"DZKJDSHWKF","产品线运营中心深圳研发部","17045732","14533659","3、电路开发室(杨东)","4、画质相关","2","18","产品线深圳研发中心电视开发所 主页 / 3、电路开发室(杨东) / 4、画质相关","其他","2021-06-28 16:08:45","曹波","否","http://dmtks.hisense.com/pages/viewpage.action?pageId=17045732"
"DZKJDSHWKF","产品线运营中心深圳研发部","65175951","14533659","3、电路开发室(杨东)","5、各市场开发规范和要求","2","19","产品线深圳研发中心电视开发所 主页 / 3、电路开发室(杨东) / 5、各市场开发规范和要求","规范与流程","2024-05-29 19:06:16","曹波","否","http://dmtks.hisense.com/pages/viewpage.action?pageId=65175951"
"DZKJDSHWKF","产品线运营中心深圳研发部","40044525","14533659","3、电路开发室(杨东)","6、大客户/ODM项目要求","2","20","产品线深圳研发中心电视开发所 主页 / 3、电路开发室(杨东) / 6、大客户/ODM项目要求","项目管理","2019-08-08 11:59:41","曹波","否","http://dmtks.hisense.com/pages/viewpage.action?pageId=40044525"
"DZKJDSHWKF","产品线运营中心深圳研发部","46796968","14533659","3、电路开发室(杨东)","7、板卡/线材/扬声器/组件等物料明细","2","21","产品线深圳研发中心电视开发所 主页 / 3、电路开发室(杨东) / 7、板卡/线材/扬声器/组件等物料明细","其他","2022-08-05 12:09:15","曹波","否","http://dmtks.hisense.com/pages/viewpage.action?pageId=46796968"
"DZKJDSHWKF","产品线运营中心深圳研发部","51482197","14533659","3、电路开发室(杨东)","8、订单互检轮值表","2","22","产品线深圳研发中心电视开发所 主页 / 3、电路开发室(杨东) / 8、订单互检轮值表","其他","2026-03-03 17:05:35","刘超杰","否","http://dmtks.hisense.com/pages/viewpage.action?pageId=51482197"
"DZKJDSHWKF","产品线运营中心深圳研发部","98601185","14533659","3、电路开发室(杨东)","9、软件相关注意事项","2","23","产品线深圳研发中心电视开发所 主页 / 3、电路开发室(杨东) / 9、软件相关注意事项","其他","2024-12-30 20:10:18","刘超杰","否","http://dmtks.hisense.com/pages/viewpage.action?pageId=98601185"
"DZKJDSHWKF","产品线运营中心深圳研发部","14726741","13716871","产品线深圳研发中心电视开发所 主页","4、电视结构开发室","1","5","产品线深圳研发中心电视开发所 主页 / 4、电视结构开发室","其他","2026-04-21 11:25:09","潘文广","否","http://dmtks.hisense.com/pages/viewpage.action?pageId=14726741"
"DZKJDSHWKF","产品线运营中心深圳研发部","221861189","14726741","4、电视结构开发室","10、任职资格实操考试","2","1","产品线深圳研发中心电视开发所 主页 / 4、电视结构开发室 / 10、任职资格实操考试","其他","2023-09-21 19:52:32","潘文广","否","http://dmtks.hisense.com/pages/viewpage.action?pageId=221861189"
"DZKJDSHWKF","产品线运营中心深圳研发部","25986490","14726741","4、电视结构开发室","1、部门周报","2","2","产品线深圳研发中心电视开发所 主页 / 4、电视结构开发室 / 1、部门周报","其他","2024-04-16 09:47:44","黄颢珣","否","http://dmtks.hisense.com/pages/viewpage.action?pageId=25986490"
"DZKJDSHWKF","产品线运营中心深圳研发部","14722042","14726741","4、电视结构开发室","1、项目/任务","2","3","产品线深圳研发中心电视开发所 主页 / 4、电视结构开发室 / 1、项目/任务","项目管理","2020-10-22 10:59:42","杨芳","否","http://dmtks.hisense.com/pages/viewpage.action?pageId=14722042"
"DZKJDSHWKF","产品线运营中心深圳研发部","15565968","14726741","4、电视结构开发室","2、工作思路","2","4","产品线深圳研发中心电视开发所 主页 / 4、电视结构开发室 / 2、工作思路","其他","2023-08-16 09:58:59","杨芳","否","http://dmtks.hisense.com/pages/viewpage.action?pageId=15565968"
"DZKJDSHWKF","产品线运营中心深圳研发部","15567171","14726741","4、电视结构开发室","2、知识库","2","5","产品线深圳研发中心电视开发所 主页 / 4、电视结构开发室 / 2、知识库","其他","2021-03-31 16:13:55","潘文广","否","http://dmtks.hisense.com/pages/viewpage.action?pageId=15567171"
"DZKJDSHWKF","产品线运营中心深圳研发部","20188628","14726741","4、电视结构开发室","3、基础工作","2","6","产品线深圳研发中心电视开发所 主页 / 4、电视结构开发室 / 3、基础工作","其他","2019-11-29 11:06:21","未知用户 (xiedaigen)","否","http://dmtks.hisense.com/pages/viewpage.action?pageId=20188628"
"DZKJDSHWKF","产品线运营中心深圳研发部","19106335","14726741","4、电视结构开发室","4、经验共享及内部培训","2","7","产品线深圳研发中心电视开发所 主页 / 4、电视结构开发室 / 4、经验共享及内部培训","培训与知识","2021-03-31 17:54:36","潘文广","否","http://dmtks.hisense.com/pages/viewpage.action?pageId=19106335"
"DZKJDSHWKF","产品线运营中心深圳研发部","17796788","14726741","4、电视结构开发室","5、ODM/OEM委外结构注意事项","2","8","产品线深圳研发中心电视开发所 主页 / 4、电视结构开发室 / 5、ODM/OEM委外结构注意事项","其他","2021-05-12 17:54:10","潘文广","否","http://dmtks.hisense.com/pages/viewpage.action?pageId=17796788"
"DZKJDSHWKF","产品线运营中心深圳研发部","23430844","14726741","4、电视结构开发室","5、ODM、OEM标准","2","9","产品线深圳研发中心电视开发所 主页 / 4、电视结构开发室 / 5、ODM、OEM标准","规范与流程","2018-09-07 10:41:09","未知用户 (xiedaigen)","否","http://dmtks.hisense.com/pages/viewpage.action?pageId=23430844"
"DZKJDSHWKF","产品线运营中心深圳研发部","120527544","14726741","4、电视结构开发室","6、流程文件","2","10","产品线深圳研发中心电视开发所 主页 / 4、电视结构开发室 / 6、流程文件","规范与流程","2021-07-21 16:25:41","潘文广","否","http://dmtks.hisense.com/pages/viewpage.action?pageId=120527544"
"DZKJDSHWKF","产品线运营中心深圳研发部","203823281","14726741","4、电视结构开发室","7、出差报告","2","11","产品线深圳研发中心电视开发所 主页 / 4、电视结构开发室 / 7、出差报告","其他","2023-03-15 16:40:56","潘文广","否","http://dmtks.hisense.com/pages/viewpage.action?pageId=203823281"
"DZKJDSHWKF","产品线运营中心深圳研发部","204755332","14726741","4、电视结构开发室","8、培训资料","2","12","产品线深圳研发中心电视开发所 主页 / 4、电视结构开发室 / 8、培训资料","培训与知识","2024-03-12 14:59:09","未知用户 (guolei8)","否","http://dmtks.hisense.com/pages/viewpage.action?pageId=204755332"
"DZKJDSHWKF","产品线运营中心深圳研发部","94474814","14726741","4、电视结构开发室","9、手板编号","2","13","产品线深圳研发中心电视开发所 主页 / 4、电视结构开发室 / 9、手板编号","其他","2023-09-21 19:51:19","潘文广","否","http://dmtks.hisense.com/pages/viewpage.action?pageId=94474814"
"DZKJDSHWKF","产品线运营中心深圳研发部","14726776","13716871","产品线深圳研发中心电视开发所 主页","5、显示开发室（刘良云）","1","6","产品线深圳研发中心电视开发所 主页 / 5、显示开发室（刘良云）","其他","2021-10-25 09:19:25","刘良云","否","http://dmtks.hisense.com/pages/viewpage.action?pageId=14726776"
"DZKJDSHWKF","产品线运营中心深圳研发部","48828704","14726776","5、显示开发室（刘良云）","1、常用模板","2","1","产品线深圳研发中心电视开发所 主页 / 5、显示开发室（刘良云） / 1、常用模板","规范与流程","2020-03-20 14:23:04","刘良云","否","http://dmtks.hisense.com/pages/viewpage.action?pageId=48828704"
"DZKJDSHWKF","产品线运营中心深圳研发部","15567175","14726776","5、显示开发室（刘良云）","2、显示调研报告","2","2","产品线深圳研发中心电视开发所 主页 / 5、显示开发室（刘良云） / 2、显示调研报告","其他","2021-10-25 09:19:12","刘良云","否","http://dmtks.hisense.com/pages/viewpage.action?pageId=15567175"
"DZKJDSHWKF","产品线运营中心深圳研发部","15567178","14726776","5、显示开发室（刘良云）","3、模组雷区总结","2","3","产品线深圳研发中心电视开发所 主页 / 5、显示开发室（刘良云） / 3、模组雷区总结","其他","2019-03-13 17:04:25","Kejian Ou/区可坚","否","http://dmtks.hisense.com/pages/viewpage.action?pageId=15567178"
"DZKJDSHWKF","产品线运营中心深圳研发部","14819101","14726776","5、显示开发室（刘良云）","4、模组培训内容","2","4","产品线深圳研发中心电视开发所 主页 / 5、显示开发室（刘良云） / 4、模组培训内容","培训与知识","2023-06-26 11:23:21","王德金","否","http://dmtks.hisense.com/pages/viewpage.action?pageId=14819101"
"DZKJDSHWKF","产品线运营中心深圳研发部","29852134","13716871","产品线深圳研发中心电视开发所 主页","6、质量改善","1","7","产品线深圳研发中心电视开发所 主页 / 6、质量改善","数据与质量","2021-09-26 16:19:29","吴利华(William Wu)","否","http://dmtks.hisense.com/pages/viewpage.action?pageId=29852134"
"DZKJDSHWKF","产品线运营中心深圳研发部","29852139","29852134","6、质量改善","1、质量改善措施跟进","2","1","产品线深圳研发中心电视开发所 主页 / 6、质量改善 / 1、质量改善措施跟进","问题与复盘","2018-10-30 16:11:04","陈军","否","http://dmtks.hisense.com/pages/viewpage.action?pageId=29852139"
"DZKJDSHWKF","产品线运营中心深圳研发部","154928103","29852134","6、质量改善","2、质量事件“四不放过”汇总","2","2","产品线深圳研发中心电视开发所 主页 / 6、质量改善 / 2、质量事件“四不放过”汇总","数据与质量","2022-02-23 18:56:07","曹波","否","http://dmtks.hisense.com/pages/viewpage.action?pageId=154928103"
"DZKJDSHWKF","产品线运营中心深圳研发部","168922461","29852134","6、质量改善","3、江门试制问题跟进及反馈","2","3","产品线深圳研发中心电视开发所 主页 / 6、质量改善 / 3、江门试制问题跟进及反馈","问题与复盘","2022-06-20 19:42:38","吴利华(William Wu)","否","http://dmtks.hisense.com/pages/viewpage.action?pageId=168922461"
"DZKJDSHWKF","产品线运营中心深圳研发部","14836446","29852134","6、质量改善","4、质量案例宣贯","2","4","产品线深圳研发中心电视开发所 主页 / 6、质量改善 / 4、质量案例宣贯","数据与质量","2019-01-17 09:44:29","未知用户 (xiedaigen)","否","http://dmtks.hisense.com/pages/viewpage.action?pageId=14836446"
"DZKJDSHWKF","产品线运营中心深圳研发部","14533662","13716871","产品线深圳研发中心电视开发所 主页","7、培训提升","1","8","产品线深圳研发中心电视开发所 主页 / 7、培训提升","培训与知识","2023-09-22 10:36:55","杨芳","否","http://dmtks.hisense.com/pages/viewpage.action?pageId=14533662"
"DZKJDSHWKF","产品线运营中心深圳研发部","217349100","14533662","7、培训提升","培训记录--小礼品发放人员","2","1","产品线深圳研发中心电视开发所 主页 / 7、培训提升 / 培训记录--小礼品发放人员","培训与知识","2023-07-14 15:25:47","彭芬","否","http://dmtks.hisense.com/pages/viewpage.action?pageId=217349100"
"DZKJDSHWKF","产品线运营中心深圳研发部","14538907","14533662","7、培训提升","培训资料","2","2","产品线深圳研发中心电视开发所 主页 / 7、培训提升 / 培训资料","培训与知识","2018-11-23 09:58:41","未知用户 (luochangliang)","否","http://dmtks.hisense.com/pages/viewpage.action?pageId=14538907"
"DZKJDSHWKF","产品线运营中心深圳研发部","15571723","13716871","产品线深圳研发中心电视开发所 主页","8、创新提案","1","9","产品线深圳研发中心电视开发所 主页 / 8、创新提案","其他","2021-09-26 16:19:55","吴利华(William Wu)","否","http://dmtks.hisense.com/pages/viewpage.action?pageId=15571723"
"DZKJDSHWKF","产品线运营中心深圳研发部","15573046","15571723","8、创新提案","16年创新提案","2","1","产品线深圳研发中心电视开发所 主页 / 8、创新提案 / 16年创新提案","其他","2017-08-03 13:58:00","曹波","否","http://dmtks.hisense.com/pages/viewpage.action?pageId=15573046"
"DZKJDSHWKF","产品线运营中心深圳研发部","15573058","15571723","8、创新提案","17年创新提案","2","2","产品线深圳研发中心电视开发所 主页 / 8、创新提案 / 17年创新提案","其他","2017-08-03 13:54:26","曹波","否","http://dmtks.hisense.com/pages/viewpage.action?pageId=15573058"
"DZKJDSHWKF","产品线运营中心深圳研发部","38176741","15571723","8、创新提案","18年创新提案","2","3","产品线深圳研发中心电视开发所 主页 / 8、创新提案 / 18年创新提案","其他","2018-11-20 17:59:33","未知用户 (luolongchao)","否","http://dmtks.hisense.com/pages/viewpage.action?pageId=38176741"
"DZKJDSHWKF","产品线运营中心深圳研发部","15574348","15571723","8、创新提案","以往获奖创新提案","2","4","产品线深圳研发中心电视开发所 主页 / 8、创新提案 / 以往获奖创新提案","其他","2017-08-04 14:56:37","曹波","否","http://dmtks.hisense.com/pages/viewpage.action?pageId=15574348"
"DZKJDSHWKF","产品线运营中心深圳研发部","15571725","13716871","产品线深圳研发中心电视开发所 主页","9、发明专利","1","10","产品线深圳研发中心电视开发所 主页 / 9、发明专利","其他","2021-09-26 16:20:04","吴利华(William Wu)","否","http://dmtks.hisense.com/pages/viewpage.action?pageId=15571725"
"DZKJDSHWKF","产品线运营中心深圳研发部","15591407","15571725","9、发明专利","16年专利提交","2","1","产品线深圳研发中心电视开发所 主页 / 9、发明专利 / 16年专利提交","其他","2017-08-28 18:01:48","未知用户 (luolongchao)","否","http://dmtks.hisense.com/pages/viewpage.action?pageId=15591407"
"DZKJDSHWKF","产品线运营中心深圳研发部","15591410","15571725","9、发明专利","17年专利提交","2","2","产品线深圳研发中心电视开发所 主页 / 9、发明专利 / 17年专利提交","其他","2017-08-28 18:03:41","未知用户 (luolongchao)","否","http://dmtks.hisense.com/pages/viewpage.action?pageId=15591410"
"DZKJDSHWKF","产品线运营中心深圳研发部","15591415","15571725","9、发明专利","17年专利申请任务分配表","2","3","产品线深圳研发中心电视开发所 主页 / 9、发明专利 / 17年专利申请任务分配表","项目管理","2017-08-28 18:11:08","未知用户 (luolongchao)","否","http://dmtks.hisense.com/pages/viewpage.action?pageId=15591415"
"DZKJDSHWKF","产品线运营中心深圳研发部","15591404","15571725","9、发明专利","专利模板","2","4","产品线深圳研发中心电视开发所 主页 / 9、发明专利 / 专利模板","规范与流程","2017-08-28 18:10:30","未知用户 (luolongchao)","否","http://dmtks.hisense.com/pages/viewpage.action?pageId=15591404"
"DZKJDSHWKF","产品线运营中心深圳研发部","139069849","13716871","产品线深圳研发中心电视开发所 主页","10、样机管理（项目+市场）","1","11","产品线深圳研发中心电视开发所 主页 / 10、样机管理（项目+市场）","项目管理","2021-09-26 16:23:45","吴利华(William Wu)","否","http://dmtks.hisense.com/pages/viewpage.action?pageId=139069849"
"DZKJDSHWKF","产品线运营中心深圳研发部","15761902","139069849","10、样机管理（项目+市场）","1、样机管理（市场）","2","1","产品线深圳研发中心电视开发所 主页 / 10、样机管理（项目+市场） / 1、样机管理（市场）","项目管理","2021-09-26 16:24:01","吴利华(William Wu)","否","http://dmtks.hisense.com/pages/viewpage.action?pageId=15761902"
"DZKJDSHWKF","产品线运营中心深圳研发部","139069869","139069849","10、样机管理（项目+市场）","2、项目样机管理","2","2","产品线深圳研发中心电视开发所 主页 / 10、样机管理（项目+市场） / 2、项目样机管理","项目管理","2021-09-26 16:28:07","吴利华(William Wu)","否","http://dmtks.hisense.com/pages/viewpage.action?pageId=139069869"
"DZKJDSHWKF","产品线运营中心深圳研发部","139069917","13716871","产品线深圳研发中心电视开发所 主页","11、5S管理","1","12","产品线深圳研发中心电视开发所 主页 / 11、5S管理","项目管理","2021-09-26 16:48:15","吴利华(William Wu)","否","http://dmtks.hisense.com/pages/viewpage.action?pageId=139069917"
"DZKJDSHWKF","产品线运营中心深圳研发部","13721220","13716871","产品线深圳研发中心电视开发所 主页","12、团队建设(彭芬)","1","13","产品线深圳研发中心电视开发所 主页 / 12、团队建设(彭芬)","其他","2021-09-26 16:25:24","吴利华(William Wu)","否","http://dmtks.hisense.com/pages/viewpage.action?pageId=13721220"
"DZKJDSHWKF","产品线运营中心深圳研发部","13721259","13721220","12、团队建设(彭芬)","2017踏春活动方案","2","1","产品线深圳研发中心电视开发所 主页 / 12、团队建设(彭芬) / 2017踏春活动方案","设计与架构","2017-04-11 11:46:29","未知用户 (shizimin)","否","http://dmtks.hisense.com/pages/viewpage.action?pageId=13721259"
"DZKJDSHWKF","产品线运营中心深圳研发部","14825325","13721220","12、团队建设(彭芬)","2017年7月1日 香港烟花汇演攻略","2","2","产品线深圳研发中心电视开发所 主页 / 12、团队建设(彭芬) / 2017年7月1日 香港烟花汇演攻略","其他","2017-06-29 15:00:21","唐杏","否","http://dmtks.hisense.com/pages/viewpage.action?pageId=14825325"
"DZKJDSHWKF","产品线运营中心深圳研发部","15576265","13721220","12、团队建设(彭芬)","2017 电视开发所第三季度活动","2","3","产品线深圳研发中心电视开发所 主页 / 12、团队建设(彭芬) / 2017 电视开发所第三季度活动","其他","2017-08-10 13:54:20","未知用户 (zhangwei61)","否","http://dmtks.hisense.com/pages/viewpage.action?pageId=15576265"
"DZKJDSHWKF","产品线运营中心深圳研发部","15589163","13721220","12、团队建设(彭芬)","电视开发所员工生日会礼品券领取登记表","2","4","产品线深圳研发中心电视开发所 主页 / 12、团队建设(彭芬) / 电视开发所员工生日会礼品券领取登记表","其他","2017-09-04 17:06:32","唐杏","否","http://dmtks.hisense.com/pages/viewpage.action?pageId=15589163"
"DZKJDSHWKF","产品线运营中心深圳研发部","31131034","13721220","12、团队建设(彭芬)","2018  9月 部门活动计划","2","5","产品线深圳研发中心电视开发所 主页 / 12、团队建设(彭芬) / 2018  9月 部门活动计划","版本与计划","2018-09-04 18:43:42","唐杏","否","http://dmtks.hisense.com/pages/viewpage.action?pageId=31131034"
"DZKJDSHWKF","产品线运营中心深圳研发部","46795668","13721220","12、团队建设(彭芬)","茶歇购买记录","2","6","产品线深圳研发中心电视开发所 主页 / 12、团队建设(彭芬) / 茶歇购买记录","其他","2020-04-14 15:12:27","唐杏","否","http://dmtks.hisense.com/pages/viewpage.action?pageId=46795668"
"DZKJDSHWKF","产品线运营中心深圳研发部","70783231","13721220","12、团队建设(彭芬)","凤凰山一日游","2","7","产品线深圳研发中心电视开发所 主页 / 12、团队建设(彭芬) / 凤凰山一日游","其他","2019-11-08 14:01:34","赖艳梅","否","http://dmtks.hisense.com/pages/viewpage.action?pageId=70783231"
"DZKJDSHWKF","产品线运营中心深圳研发部","19108606","13721220","12、团队建设(彭芬)","阳朔春之行-照片","2","8","产品线深圳研发中心电视开发所 主页 / 12、团队建设(彭芬) / 阳朔春之行-照片","其他","2018-04-28 16:01:18","未知用户 (xieweilong)","否","http://dmtks.hisense.com/pages/viewpage.action?pageId=19108606"
"DZKJDSHWKF","产品线运营中心深圳研发部","14519483","13721220","12、团队建设(彭芬)","活动内容","2","9","产品线深圳研发中心电视开发所 主页 / 12、团队建设(彭芬) / 活动内容","其他","2021-09-26 16:09:18","吴利华(William Wu)","否","http://dmtks.hisense.com/pages/viewpage.action?pageId=14519483"
"DZKJDSHWKF","产品线运营中心深圳研发部","139072503","13721220","12、团队建设(彭芬)","2021惠州富力南昆山温泉养生谷","2","10","产品线深圳研发中心电视开发所 主页 / 12、团队建设(彭芬) / 2021惠州富力南昆山温泉养生谷","其他","2021-09-27 15:04:20","彭芬","否","http://dmtks.hisense.com/pages/viewpage.action?pageId=139072503"
"DZKJDSHWKF","产品线运营中心深圳研发部","139072517","13721220","12、团队建设(彭芬)","2020年终自选小礼物","2","11","产品线深圳研发中心电视开发所 主页 / 12、团队建设(彭芬) / 2020年终自选小礼物","其他","2021-09-27 15:07:12","彭芬","否","http://dmtks.hisense.com/pages/viewpage.action?pageId=139072517"
"DZKJDSHWKF","产品线运营中心深圳研发部","139072546","13721220","12、团队建设(彭芬)","视像科技2021年“慈善一日捐”","2","12","产品线深圳研发中心电视开发所 主页 / 12、团队建设(彭芬) / 视像科技2021年“慈善一日捐”","其他","2021-09-27 15:11:38","彭芬","否","http://dmtks.hisense.com/pages/viewpage.action?pageId=139072546"
"DZKJDSHWKF","产品线运营中心深圳研发部","19661241","13716871","产品线深圳研发中心电视开发所 主页","13、青岛、深圳、江门三地管理","1","14","产品线深圳研发中心电视开发所 主页 / 13、青岛、深圳、江门三地管理","项目管理","2021-09-26 16:32:49","吴利华(William Wu)","否","http://dmtks.hisense.com/pages/viewpage.action?pageId=19661241"
"DZKJDSHWKF","产品线运营中心深圳研发部","19661243","19661241","13、青岛、深圳、江门三地管理","Confluence两地同步","2","1","产品线深圳研发中心电视开发所 主页 / 13、青岛、深圳、江门三地管理 / Confluence两地同步","项目管理","2018-05-02 11:38:27","未知用户 (shizimin)","否","http://dmtks.hisense.com/pages/viewpage.action?pageId=19661243"
"DZKJDSHWKF","产品线运营中心深圳研发部","15576372","13716871","产品线深圳研发中心电视开发所 主页","14、信息收集及相关报告（包括出差报告）","1","15","产品线深圳研发中心电视开发所 主页 / 14、信息收集及相关报告（包括出差报告）","其他","2019-02-14 09:59:42","未知用户 (xiedaigen)","否","http://dmtks.hisense.com/pages/viewpage.action?pageId=15576372"
"DZKJDSHWKF","产品线运营中心深圳研发部","46106488","15576372","14、信息收集及相关报告（包括出差报告）","1、广州、深圳相关展会信息","2","1","产品线深圳研发中心电视开发所 主页 / 14、信息收集及相关报告（包括出差报告） / 1、广州、深圳相关展会信息","其他","2019-02-14 10:01:02","未知用户 (xiedaigen)","否","http://dmtks.hisense.com/pages/viewpage.action?pageId=46106488"
"DZKJDSHWKF","产品线运营中心深圳研发部","46106499","15576372","14、信息收集及相关报告（包括出差报告）","2、相关报告（包括出差报告）","2","2","产品线深圳研发中心电视开发所 主页 / 14、信息收集及相关报告（包括出差报告） / 2、相关报告（包括出差报告）","其他","2019-03-07 19:16:27","未知用户 (xiedaigen)","否","http://dmtks.hisense.com/pages/viewpage.action?pageId=46106499"
"DZKJDSHWKF","产品线运营中心深圳研发部","29229388","13716871","产品线深圳研发中心电视开发所 主页","15、深研项目预研","1","16","产品线深圳研发中心电视开发所 主页 / 15、深研项目预研","项目管理","2022-10-31 17:25:28","吴利华(William Wu)","否","http://dmtks.hisense.com/pages/viewpage.action?pageId=29229388"
"DZKJDSHWKF","产品线运营中心深圳研发部","59443831","29229388","15、深研项目预研","1、调研计划","2","1","产品线深圳研发中心电视开发所 主页 / 15、深研项目预研 / 1、调研计划","版本与计划","2022-12-16 10:25:59","未知用户 (lvyan5)","否","http://dmtks.hisense.com/pages/viewpage.action?pageId=59443831"
"DZKJDSHWKF","产品线运营中心深圳研发部","186138292","29229388","15、深研项目预研","2、调研总结","2","2","产品线深圳研发中心电视开发所 主页 / 15、深研项目预研 / 2、调研总结","项目管理","2022-12-02 14:30:33","未知用户 (lvyan5)","否","http://dmtks.hisense.com/pages/viewpage.action?pageId=186138292"
"DZKJDSHWKF","产品线运营中心深圳研发部","216387041","13716871","产品线深圳研发中心电视开发所 主页","16、休假登记（用于人工时统计）","1","17","产品线深圳研发中心电视开发所 主页 / 16、休假登记（用于人工时统计）","数据与质量","2026-04-01 19:03:50","吴水喜","否","http://dmtks.hisense.com/pages/viewpage.action?pageId=216387041"
"DZKJDSHWKF","产品线运营中心深圳研发部","229108137","13716871","产品线深圳研发中心电视开发所 主页","17、面板损坏记录","1","18","产品线深圳研发中心电视开发所 主页 / 17、面板损坏记录","其他","2024-02-01 11:11:20","曹波","否","http://dmtks.hisense.com/pages/viewpage.action?pageId=229108137"
"DZKJDSHWKF","产品线运营中心深圳研发部","328522831","13716871","产品线深圳研发中心电视开发所 主页","18、周末加班登记说明","1","19","产品线深圳研发中心电视开发所 主页 / 18、周末加班登记说明","其他","2025-09-29 17:38:49","吴利华(William Wu)","否","http://dmtks.hisense.com/pages/viewpage.action?pageId=328522831"
"DZKJDSHWKF","产品线运营中心深圳研发部","14722031","13716871","产品线深圳研发中心电视开发所 主页","10、平面设计（杨芳）","1","20","产品线深圳研发中心电视开发所 主页 / 10、平面设计（杨芳）","设计与架构","2023-08-17 15:30:31","杨芳","否","http://dmtks.hisense.com/pages/viewpage.action?pageId=14722031"
"DZKJDSHWKF","产品线运营中心深圳研发部","27918922","14722031","10、平面设计（杨芳）","01. 变更过程管理(2024~)","2","1","产品线深圳研发中心电视开发所 主页 / 10、平面设计（杨芳） / 01. 变更过程管理(2024~)","设计与架构","2025-01-08 15:09:19","金梦圆","否","http://dmtks.hisense.com/pages/viewpage.action?pageId=27918922"
"DZKJDSHWKF","产品线运营中心深圳研发部","20808379","14722031","10、平面设计（杨芳）","02. 任务单(2025)","2","2","产品线深圳研发中心电视开发所 主页 / 10、平面设计（杨芳） / 02. 任务单(2025)","设计与架构","2025-12-29 10:08:44","杨芳","否","http://dmtks.hisense.com/pages/viewpage.action?pageId=20808379"
"DZKJDSHWKF","产品线运营中心深圳研发部","15569150","14722031","10、平面设计（杨芳）","03. 产品线用户文档项目(2026~)","2","3","产品线深圳研发中心电视开发所 主页 / 10、平面设计（杨芳） / 03. 产品线用户文档项目(2026~)","设计与架构","2026-05-06 15:11:08","杨芳","否","http://dmtks.hisense.com/pages/viewpage.action?pageId=15569150"
"DZKJDSHWKF","产品线运营中心深圳研发部","15569219","14722031","10、平面设计（杨芳）","04. 产品线存放箱项目(2025)","2","4","产品线深圳研发中心电视开发所 主页 / 10、平面设计（杨芳） / 04. 产品线存放箱项目(2025)","设计与架构","2026-03-30 10:02:16","金梦圆","否","http://dmtks.hisense.com/pages/viewpage.action?pageId=15569219"
"DZKJDSHWKF","产品线运营中心深圳研发部","77138519","14722031","10、平面设计（杨芳）","05. Roku 印刷品明细(2024)","2","5","产品线深圳研发中心电视开发所 主页 / 10、平面设计（杨芳） / 05. Roku 印刷品明细(2024)","设计与架构","2025-07-02 19:20:23","金梦圆","否","http://dmtks.hisense.com/pages/viewpage.action?pageId=77138519"
"DZKJDSHWKF","产品线运营中心深圳研发部","145721662","14722031","10、平面设计（杨芳）","06. 平面常用规范","2","6","产品线深圳研发中心电视开发所 主页 / 10、平面设计（杨芳） / 06. 平面常用规范","设计与架构","2023-12-18 15:42:34","杨芳","否","http://dmtks.hisense.com/pages/viewpage.action?pageId=145721662"
"DZKJDSHWKF","产品线运营中心深圳研发部","222310730","14722031","10、平面设计（杨芳）","07. 产品线分工","2","7","产品线深圳研发中心电视开发所 主页 / 10、平面设计（杨芳） / 07. 产品线分工","设计与架构","2024-02-05 14:08:52","杨芳","否","http://dmtks.hisense.com/pages/viewpage.action?pageId=222310730"
"DZKJDSHWKF","产品线运营中心深圳研发部","224680150","14722031","10、平面设计（杨芳）","08. 2024年培训点检","2","8","产品线深圳研发中心电视开发所 主页 / 10、平面设计（杨芳） / 08. 2024年培训点检","设计与架构","2023-11-24 17:54:14","杨芳","否","http://dmtks.hisense.com/pages/viewpage.action?pageId=224680150"
"DZKJDSHWKF","产品线运营中心深圳研发部","224680328","14722031","10、平面设计（杨芳）","09. 印刷品模板更新维护记录","2","9","产品线深圳研发中心电视开发所 主页 / 10、平面设计（杨芳） / 09. 印刷品模板更新维护记录","设计与架构","2024-08-22 13:57:43","未知用户 (songaiyu)","否","http://dmtks.hisense.com/pages/viewpage.action?pageId=224680328"
"DZKJDSHWKF","产品线运营中心深圳研发部","226952426","14722031","10、平面设计（杨芳）","10. 提效降本通用化","2","10","产品线深圳研发中心电视开发所 主页 / 10、平面设计（杨芳） / 10. 提效降本通用化","设计与架构","2024-04-29 16:36:36","杨芳","否","http://dmtks.hisense.com/pages/viewpage.action?pageId=226952426"
"DZKJDSHWKF","产品线运营中心深圳研发部","243904068","13716871","产品线深圳研发中心电视开发所 主页","5、各专业雷区","1","21","产品线深圳研发中心电视开发所 主页 / 5、各专业雷区","其他","2024-06-13 12:52:43","曹波","否","http://dmtks.hisense.com/pages/viewpage.action?pageId=243904068"
"DZKJDSHWKF","产品线运营中心深圳研发部","139069731","13716871","产品线深圳研发中心电视开发所 主页","深圳研发中心 电视交付测试室（吴国柱）","1","22","产品线深圳研发中心电视开发所 主页 / 深圳研发中心 电视交付测试室（吴国柱）","测试与验证","2021-10-08 13:46:51","吴国柱","否","http://dmtks.hisense.com/pages/viewpage.action?pageId=139069731"
"DZKJDSHWKF","产品线运营中心深圳研发部","176305659","139069731","深圳研发中心 电视交付测试室（吴国柱）","00_科室简介","2","1","产品线深圳研发中心电视开发所 主页 / 深圳研发中心 电视交付测试室（吴国柱） / 00_科室简介","测试与验证","2025-07-18 16:59:22","吴国柱","否","http://dmtks.hisense.com/pages/viewpage.action?pageId=176305659"
"DZKJDSHWKF","产品线运营中心深圳研发部","176312423","139069731","深圳研发中心 电视交付测试室（吴国柱）","01_新员工入职指引","2","2","产品线深圳研发中心电视开发所 主页 / 深圳研发中心 电视交付测试室（吴国柱） / 01_新员工入职指引","测试与验证","2022-10-24 20:16:09","吴国柱","否","http://dmtks.hisense.com/pages/viewpage.action?pageId=176312423"
"DZKJDSHWKF","产品线运营中心深圳研发部","176306588","139069731","深圳研发中心 电视交付测试室（吴国柱）","02_基础管理工作要求","2","3","产品线深圳研发中心电视开发所 主页 / 深圳研发中心 电视交付测试室（吴国柱） / 02_基础管理工作要求","测试与验证","2022-08-27 16:26:56","吴国柱","否","http://dmtks.hisense.com/pages/viewpage.action?pageId=176306588"
"DZKJDSHWKF","产品线运营中心深圳研发部","141074010","139069731","深圳研发中心 电视交付测试室（吴国柱）","03_任职资格及职衔晋升","2","4","产品线深圳研发中心电视开发所 主页 / 深圳研发中心 电视交付测试室（吴国柱） / 03_任职资格及职衔晋升","测试与验证","2022-08-27 16:27:23","吴国柱","否","http://dmtks.hisense.com/pages/viewpage.action?pageId=141074010"
"DZKJDSHWKF","产品线运营中心深圳研发部","136914359","139069731","深圳研发中心 电视交付测试室（吴国柱）","04_周会纪要及重点任务完成情况","2","5","产品线深圳研发中心电视开发所 主页 / 深圳研发中心 电视交付测试室（吴国柱） / 04_周会纪要及重点任务完成情况","测试与验证","2022-08-27 16:27:49","吴国柱","否","http://dmtks.hisense.com/pages/viewpage.action?pageId=136914359"
"DZKJDSHWKF","产品线运营中心深圳研发部","159616993","139069731","深圳研发中心 电视交付测试室（吴国柱）","05_LIT业务","2","6","产品线深圳研发中心电视开发所 主页 / 深圳研发中心 电视交付测试室（吴国柱） / 05_LIT业务","测试与验证","2022-08-27 16:29:11","吴国柱","否","http://dmtks.hisense.com/pages/viewpage.action?pageId=159616993"
"DZKJDSHWKF","产品线运营中心深圳研发部","160370469","139069731","深圳研发中心 电视交付测试室（吴国柱）","06_SIT业务","2","7","产品线深圳研发中心电视开发所 主页 / 深圳研发中心 电视交付测试室（吴国柱） / 06_SIT业务","测试与验证","2022-08-27 16:29:38","吴国柱","否","http://dmtks.hisense.com/pages/viewpage.action?pageId=160370469"
"DZKJDSHWKF","产品线运营中心深圳研发部","160370456","139069731","深圳研发中心 电视交付测试室（吴国柱）","08_硬件测试业务","2","8","产品线深圳研发中心电视开发所 主页 / 深圳研发中心 电视交付测试室（吴国柱） / 08_硬件测试业务","测试与验证","2025-10-31 19:23:03","王忠","否","http://dmtks.hisense.com/pages/viewpage.action?pageId=160370456"
"DZKJDSHWKF","产品线运营中心深圳研发部","164083586","139069731","深圳研发中心 电视交付测试室（吴国柱）","09_知识分享&培训","2","9","产品线深圳研发中心电视开发所 主页 / 深圳研发中心 电视交付测试室（吴国柱） / 09_知识分享&培训","测试与验证","2024-03-29 09:19:37","吴国柱","否","http://dmtks.hisense.com/pages/viewpage.action?pageId=164083586"
"DZKJDSHWKF","产品线运营中心深圳研发部","164083579","139069731","深圳研发中心 电视交付测试室（吴国柱）","10_预研创新","2","10","产品线深圳研发中心电视开发所 主页 / 深圳研发中心 电视交付测试室（吴国柱） / 10_预研创新","测试与验证","2022-08-27 16:36:11","吴国柱","否","http://dmtks.hisense.com/pages/viewpage.action?pageId=164083579"
"DZKJDSHWKF","产品线运营中心深圳研发部","149990098","139069731","深圳研发中心 电视交付测试室（吴国柱）","11_科室信息统计","2","11","产品线深圳研发中心电视开发所 主页 / 深圳研发中心 电视交付测试室（吴国柱） / 11_科室信息统计","测试与验证","2022-08-27 16:35:59","吴国柱","否","http://dmtks.hisense.com/pages/viewpage.action?pageId=149990098"
"DZKJDSHWKF","产品线运营中心深圳研发部","140354449","139069731","深圳研发中心 电视交付测试室（吴国柱）","待整理","2","12","产品线深圳研发中心电视开发所 主页 / 深圳研发中心 电视交付测试室（吴国柱） / 待整理","测试与验证","2022-03-10 09:35:34","王忠","否","http://dmtks.hisense.com/pages/viewpage.action?pageId=140354449"
"DZKJDSHWKF","产品线运营中心深圳研发部","178587689","139069731","深圳研发中心 电视交付测试室（吴国柱）","13_新员工培养","2","13","产品线深圳研发中心电视开发所 主页 / 深圳研发中心 电视交付测试室（吴国柱） / 13_新员工培养","测试与验证","2022-09-05 11:56:28","吴国柱","否","http://dmtks.hisense.com/pages/viewpage.action?pageId=178587689"
"DZKJDSHWKF","产品线运营中心深圳研发部","196567399","139069731","深圳研发中心 电视交付测试室（吴国柱）","12_过程管理","2","14","产品线深圳研发中心电视开发所 主页 / 深圳研发中心 电视交付测试室（吴国柱） / 12_过程管理","测试与验证","2023-02-04 14:08:18","吴国柱","否","http://dmtks.hisense.com/pages/viewpage.action?pageId=196567399"
"DZKJDSHWKF","产品线运营中心深圳研发部","216384588","139069731","深圳研发中心 电视交付测试室（吴国柱）","新PLM使用操作指导共享","2","15","产品线深圳研发中心电视开发所 主页 / 深圳研发中心 电视交付测试室（吴国柱） / 新PLM使用操作指导共享","测试与验证","2023-06-19 17:45:35","吴国柱","否","http://dmtks.hisense.com/pages/viewpage.action?pageId=216384588"
"DZKJDSHWKF","产品线运营中心深圳研发部","297496003","139069731","深圳研发中心 电视交付测试室（吴国柱）","015—提效收集","2","16","产品线深圳研发中心电视开发所 主页 / 深圳研发中心 电视交付测试室（吴国柱） / 015—提效收集","测试与验证","2025-04-25 15:27:37","赖艳梅","否","http://dmtks.hisense.com/pages/viewpage.action?pageId=297496003"
"~fengmeimei","冯美美","119708399","","","冯美美的主页","0","1","冯美美的主页","其他","2021-03-25 09:27:35","冯美美","否","http://dmtks.hisense.com/pages/viewpage.action?pageId=119708399"
"~fengmeimei","冯美美","134684631","119708399","冯美美的主页","刘洪刚权限申请","1","1","冯美美的主页 / 刘洪刚权限申请","其他","2021-08-19 18:15:19","未知用户 (liuhonggang3)","否","http://dmtks.hisense.com/pages/viewpage.action?pageId=134684631"
"~fengmeimei","冯美美","256861356","119708399","冯美美的主页","复制从 202407月度过程指标会议 20240729","1","2","冯美美的主页 / 复制从 202407月度过程指标会议 20240729","会议与协同","2024-08-02 17:37:31","冯美美","否","http://dmtks.hisense.com/pages/viewpage.action?pageId=256861356"
"~fengmeimei","冯美美","187814693","119708399","冯美美的主页","文件列表","1","3","冯美美的主页 / 文件列表","其他","2022-11-25 15:56:20","未知用户 (maxiaona)","否","http://dmtks.hisense.com/pages/viewpage.action?pageId=187814693"
"~fengmeimei","冯美美","234518997","187814693","文件列表","测试文件上传下载","2","1","冯美美的主页 / 文件列表 / 测试文件上传下载","测试与验证","2024-04-26 14:01:33","test","否","http://dmtks.hisense.com/pages/viewpage.action?pageId=234518997"
"~fengmeimei","冯美美","234502175","119708399","冯美美的主页","测试","1","4","冯美美的主页 / 测试","测试与验证","2024-04-26 14:00:09","test","否","http://dmtks.hisense.com/pages/viewpage.action?pageId=234502175"
"RZZGXM","员工管理","81139783","","","员工管理","0","1","员工管理","项目管理","2022-02-18 09:41:39","冯美美","否","http://dmtks.hisense.com/pages/viewpage.action?pageId=81139783"
"RZZGXM","员工管理","104106136","81139783","员工管理","研发专业任职资格标准","1","1","员工管理 / 研发专业任职资格标准","规范与流程","2023-04-21 10:50:12","冯美美","否","http://dmtks.hisense.com/pages/viewpage.action?pageId=104106136"
"RZZGXM","员工管理","207403830","104106136","研发专业任职资格标准","软件开发子类细分方向说明","2","1","员工管理 / 研发专业任职资格标准 / 软件开发子类细分方向说明","规范与流程","2023-08-30 17:48:54","刘承龙","否","http://dmtks.hisense.com/pages/viewpage.action?pageId=207403830"
"PXZL","培训资料","15587085","","","培训资料","0","1","培训资料","培训与知识","2018-12-07 11:27:44","未知用户 (guolinhai)","否","http://dmtks.hisense.com/pages/viewpage.action?pageId=15587085"
"PXZL","培训资料","15588591","15587085","培训资料","文件列表","1","1","培训资料 / 文件列表","培训与知识","2017-08-24 15:12:50","未知用户 (dujuan7)","否","http://dmtks.hisense.com/pages/viewpage.action?pageId=15588591"
"PXZL","培训资料","50140357","15588591","文件列表","WiFi网络模块介绍","2","1","培训资料 / 文件列表 / WiFi网络模块介绍","培训与知识","2019-03-29 15:40:45","未知用户 (zhangxu22)","否","http://dmtks.hisense.com/pages/viewpage.action?pageId=50140357"
"PXZL","培训资料","76448709","15588591","文件列表","4K内置TCON自动测工装培训资料","2","2","培训资料 / 文件列表 / 4K内置TCON自动测工装培训资料","培训与知识","2019-12-30 15:58:53","未知用户 (lixutong)","否","http://dmtks.hisense.com/pages/viewpage.action?pageId=76448709"
"PXZL","培训资料","16847751","15588591","文件列表","2018年第一季度培训资料","2","3","培训资料 / 文件列表 / 2018年第一季度培训资料","培训与知识","2018-01-05 16:37:55","庄广海","否","http://dmtks.hisense.com/pages/viewpage.action?pageId=16847751"
"PXZL","培训资料","20188071","15588591","文件列表","2018显示技术及产业链论坛","2","4","培训资料 / 文件列表 / 2018显示技术及产业链论坛","培训与知识","2018-05-10 14:01:20","未知用户 (yuechunbo)","否","http://dmtks.hisense.com/pages/viewpage.action?pageId=20188071"
"PXZL","培训资料","26677690","15588591","文件列表","fdv","2","5","培训资料 / 文件列表 / fdv","培训与知识","2018-07-19 17:04:41","闫伟玲","否","http://dmtks.hisense.com/display/PXZL/fdv"
"PXZL","培训资料","73897937","15588591","文件列表","Local Dimming 基本原理及驱动应用","2","6","培训资料 / 文件列表 / Local Dimming 基本原理及驱动应用","培训与知识","2019-12-05 16:28:54","杜强","否","http://dmtks.hisense.com/pages/viewpage.action?pageId=73897937"
"PXZL","培训资料","92276587","15588591","文件列表","Nova 98525 guide","2","7","培训资料 / 文件列表 / Nova 98525 guide","规范与流程","2020-06-22 18:30:56","未知用户 (caoguibao)","否","http://dmtks.hisense.com/display/PXZL/Nova+98525+guide"
"PXZL","培训资料","30508567","15588591","文件列表","TCP-IP基础","2","8","培训资料 / 文件列表 / TCP-IP基础","培训与知识","2018-08-28 16:31:29","董亮亮","否","http://dmtks.hisense.com/pages/viewpage.action?pageId=30508567"
"PXZL","培训资料","85367059","15588591","文件列表","各产品线新品首单点检资料汇总","2","9","培训资料 / 文件列表 / 各产品线新品首单点检资料汇总","培训与知识","2020-04-10 10:50:48","未知用户 (xiabizhu)","否","http://dmtks.hisense.com/pages/viewpage.action?pageId=85367059"
"PXZL","培训资料","85950583","15588591","文件列表","平面文档室 2020培训资料","2","10","培训资料 / 文件列表 / 平面文档室 2020培训资料","规范与流程","2020-05-21 15:37:35","未知用户 (lixiaofan1)","否","http://dmtks.hisense.com/pages/viewpage.action?pageId=85950583"
"PXZL","培训资料","27330876","15588591","文件列表","微结构加工工艺","2","11","培训资料 / 文件列表 / 微结构加工工艺","培训与知识","2018-07-26 10:34:16","未知用户 (yuechunbo)","否","http://dmtks.hisense.com/pages/viewpage.action?pageId=27330876"
"PXZL","培训资料","40701328","15588591","文件列表","显示驱动基本原理","2","12","培训资料 / 文件列表 / 显示驱动基本原理","培训与知识","2018-12-19 18:01:46","傅大田","否","http://dmtks.hisense.com/pages/viewpage.action?pageId=40701328"
"PXZL","培训资料","89003300","15588591","文件列表","疫情下的流行趋势","2","13","培训资料 / 文件列表 / 疫情下的流行趋势","培训与知识","2020-05-21 15:35:30","未知用户 (yanmingyan)","否","http://dmtks.hisense.com/pages/viewpage.action?pageId=89003300"
"PXZL","培训资料","23431059","15588591","文件列表","结构组（工艺部）","2","14","培训资料 / 文件列表 / 结构组（工艺部）","培训与知识","2018-06-13 08:54:58","王鹏程","否","http://dmtks.hisense.com/pages/viewpage.action?pageId=23431059"
"PXZL","培训资料","38830569","15588591","文件列表","结构BOM设计及使用说明","2","15","培训资料 / 文件列表 / 结构BOM设计及使用说明","设计与架构","2018-11-26 13:41:33","历彦波","否","http://dmtks.hisense.com/pages/viewpage.action?pageId=38830569"
"PXZL","培训资料","21432013","15588591","文件列表","结构设计","2","16","培训资料 / 文件列表 / 结构设计","设计与架构","2018-05-23 15:00:17","未知用户 (wangna8)","否","http://dmtks.hisense.com/pages/viewpage.action?pageId=21432013"
"PXZL","培训资料","57445223","15588591","文件列表","请删除","2","17","培训资料 / 文件列表 / 请删除","培训与知识","2019-06-12 17:31:44","未知用户 (zhaoyuanchao)","否","http://dmtks.hisense.com/pages/viewpage.action?pageId=57445223"
"PXZL","培训资料","126919687","15588591","文件列表","面板自带保护膜贴护屏胶带","2","18","培训资料 / 文件列表 / 面板自带保护膜贴护屏胶带","培训与知识","2021-06-04 09:26:06","未知用户 (wangcan1)","否","http://dmtks.hisense.com/pages/viewpage.action?pageId=126919687"
"PXZL","培训资料","128361988","15588591","文件列表","白平衡Gamma调整基础培训-上（白平衡Gamma原理）","2","19","培训资料 / 文件列表 / 白平衡Gamma调整基础培训-上（白平衡Gamma原理）","培训与知识","2021-06-18 19:41:37","栾复磊","否","http://dmtks.hisense.com/pages/viewpage.action?pageId=128361988"
"PXZL","培训资料","129800783","15588591","文件列表","显示结构技术室","2","20","培训资料 / 文件列表 / 显示结构技术室","培训与知识","2021-07-01 09:41:19","单平平","否","http://dmtks.hisense.com/pages/viewpage.action?pageId=129800783"
"PXZL","培训资料","145070023","15588591","文件列表","Gamma新老算法软件使用及常见问题分析方法","2","21","培训资料 / 文件列表 / Gamma新老算法软件使用及常见问题分析方法","问题与复盘","2021-11-24 14:20:26","栾复磊","否","http://dmtks.hisense.com/pages/viewpage.action?pageId=145070023"
"PXZL","培训资料","154216370","15588591","文件列表","基于仿真结果的神经元数学模型风险预测","2","22","培训资料 / 文件列表 / 基于仿真结果的神经元数学模型风险预测","二维三维与图形模型","2022-02-17 16:13:47","刘明召","否","http://dmtks.hisense.com/pages/viewpage.action?pageId=154216370"
"PXZL","培训资料","155688110","15588591","文件列表","AutoGamma在线调整流程及内容","2","23","培训资料 / 文件列表 / AutoGamma在线调整流程及内容","规范与流程","2022-03-02 11:22:51","栾复磊","否","http://dmtks.hisense.com/pages/viewpage.action?pageId=155688110"
"PXZL","培训资料","171424433","15588591","文件列表","CBB开发流程介绍","2","24","培训资料 / 文件列表 / CBB开发流程介绍","规范与流程","2022-07-15 11:12:17","徐兴红","否","http://dmtks.hisense.com/pages/viewpage.action?pageId=171424433"
"PXZL","培训资料","173908799","15588591","文件列表","消费者产品测试室","2","25","培训资料 / 文件列表 / 消费者产品测试室","测试与验证","2022-08-03 10:26:28","未知用户 (caorui1)","否","http://dmtks.hisense.com/pages/viewpage.action?pageId=173908799"
"PXZL","培训资料","204741870","15588591","文件列表","内部培训","2","26","培训资料 / 文件列表 / 内部培训","培训与知识","2023-03-21 15:18:26","未知用户 (mulinjia)","否","http://dmtks.hisense.com/pages/viewpage.action?pageId=204741870"
"PXZL","培训资料","209108916","15588591","文件列表","包装箱规划大表","2","27","培训资料 / 文件列表 / 包装箱规划大表","培训与知识","2023-04-21 09:40:20","杨秋兰","否","http://dmtks.hisense.com/pages/viewpage.action?pageId=209108916"
"PXZL","培训资料","218154899","15588591","文件列表","无","2","28","培训资料 / 文件列表 / 无","培训与知识","2023-07-27 18:22:21","未知用户 (sunyongliang3)","否","http://dmtks.hisense.com/pages/viewpage.action?pageId=218154899"
"PXZL","培训资料","15587099","15587085","培训资料","人力资源部","1","2","培训资料 / 人力资源部","培训与知识","2017-08-22 17:44:10","冯美美","否","http://dmtks.hisense.com/pages/viewpage.action?pageId=15587099"
"PXZL","培训资料","15588569","15587099","人力资源部","02、研发项目经理系列培训","2","1","培训资料 / 人力资源部 / 02、研发项目经理系列培训","培训与知识","2017-11-01 10:02:17","未知用户 (dujuan7)","否","http://dmtks.hisense.com/pages/viewpage.action?pageId=15588569"
"PXZL","培训资料","15861883","15587099","人力资源部","03、公司级内训师 “TTT”培训","2","2","培训资料 / 人力资源部 / 03、公司级内训师 “TTT”培训","培训与知识","2017-11-01 10:02:44","未知用户 (dujuan7)","否","http://dmtks.hisense.com/pages/viewpage.action?pageId=15861883"
"PXZL","培训资料","15876408","15587099","人力资源部","04、公司级培训和部门级培训师名单","2","3","培训资料 / 人力资源部 / 04、公司级培训和部门级培训师名单","培训与知识","2017-11-01 10:03:17","未知用户 (dujuan7)","否","http://dmtks.hisense.com/pages/viewpage.action?pageId=15876408"
"PXZL","培训资料","15587112","15587099","人力资源部","05、2017年公司级内训师课件资料","2","4","培训资料 / 人力资源部 / 05、2017年公司级内训师课件资料","培训与知识","2017-11-16 17:03:20","未知用户 (dujuan7)","否","http://dmtks.hisense.com/pages/viewpage.action?pageId=15587112"
"PXZL","培训资料","15891077","15587099","人力资源部","06、2017年外送培训资料分享","2","5","培训资料 / 人力资源部 / 06、2017年外送培训资料分享","培训与知识","2017-12-08 09:54:12","未知用户 (dujuan7)","否","http://dmtks.hisense.com/pages/viewpage.action?pageId=15891077"
"PXZL","培训资料","17040341","15587099","人力资源部","07、员工能力发展信息系统","2","6","培训资料 / 人力资源部 / 07、员工能力发展信息系统","培训与知识","2018-03-02 16:16:48","未知用户 (dujuan7)","否","http://dmtks.hisense.com/pages/viewpage.action?pageId=17040341"
"PXZL","培训资料","17043771","15587099","人力资源部","08、人资相关培训资料","2","7","培训资料 / 人力资源部 / 08、人资相关培训资料","培训与知识","2018-03-08 11:01:46","未知用户 (dujuan7)","否","http://dmtks.hisense.com/pages/viewpage.action?pageId=17043771"
"PXZL","培训资料","17043783","15587099","人力资源部","09、2018年公司级培训资料","2","8","培训资料 / 人力资源部 / 09、2018年公司级培训资料","培训与知识","2018-03-08 11:07:23","未知用户 (dujuan7)","否","http://dmtks.hisense.com/pages/viewpage.action?pageId=17043783"
"PXZL","培训资料","22813133","15587099","人力资源部","10、2018年“质量专题”微课大赛作品展示","2","9","培训资料 / 人力资源部 / 10、2018年“质量专题”微课大赛作品展示","培训与知识","2018-06-14 09:51:32","孙慧男","否","http://dmtks.hisense.com/pages/viewpage.action?pageId=22813133"
"PXZL","培训资料","27921093","15587099","人力资源部","11、2018年外送培训资料分享","2","10","培训资料 / 人力资源部 / 11、2018年外送培训资料分享","培训与知识","2018-08-02 14:54:26","王艳","否","http://dmtks.hisense.com/pages/viewpage.action?pageId=27921093"
"PXZL","培训资料","16677859","15587085","培训资料","工艺设计部","1","3","培训资料 / 工艺设计部","设计与架构","2017-12-26 16:26:01","冯美美","否","http://dmtks.hisense.com/pages/viewpage.action?pageId=16677859"
"PXZL","培训资料","52724423","16677859","工艺设计部","工艺设计部U盾使用注意事项  附件：供应商使用说明&供应商常见问题处理方法","2","1","培训资料 / 工艺设计部 / 工艺设计部U盾使用注意事项  附件：供应商使用说明&供应商常见问题处理方法","设计与架构","2019-04-24 10:19:35","魏延泽","否","http://dmtks.hisense.com/pages/viewpage.action?pageId=52724423"
"PXZL","培训资料","37522375","16677859","工艺设计部","新门类产品工艺室","2","2","培训资料 / 工艺设计部 / 新门类产品工艺室","设计与架构","2018-11-15 14:58:00","陈艳梅","否","http://dmtks.hisense.com/pages/viewpage.action?pageId=37522375"
"PXZL","培训资料","37522364","16677859","工艺设计部","电视电路工艺室","2","3","培训资料 / 工艺设计部 / 电视电路工艺室","设计与架构","2018-11-15 14:59:29","陈艳梅","否","http://dmtks.hisense.com/pages/viewpage.action?pageId=37522364"
"PXZL","培训资料","37522371","16677859","工艺设计部","电视结构工艺室","2","4","培训资料 / 工艺设计部 / 电视结构工艺室","设计与架构","2018-11-15 14:59:03","陈艳梅","否","http://dmtks.hisense.com/pages/viewpage.action?pageId=37522371"
"PXZL","培训资料","37522362","16677859","工艺设计部","电视软件工艺室","2","5","培训资料 / 工艺设计部 / 电视软件工艺室","设计与架构","2018-11-15 14:59:19","陈艳梅","否","http://dmtks.hisense.com/pages/viewpage.action?pageId=37522362"
"PXZL","培训资料","16677850","15587085","培训资料","显示研发部","1","4","培训资料 / 显示研发部","培训与知识","2017-12-26 16:24:39","冯美美","否","http://dmtks.hisense.com/pages/viewpage.action?pageId=16677850"
"PXZL","培训资料","27330878","16677850","显示研发部","新型微结构加工工艺","2","1","培训资料 / 显示研发部 / 新型微结构加工工艺","培训与知识","2018-07-26 10:39:42","未知用户 (yuechunbo)","否","http://dmtks.hisense.com/pages/viewpage.action?pageId=27330878"
"PXZL","培训资料","73891860","16677850","显示研发部","模组产品开发管理程序","2","2","培训资料 / 显示研发部 / 模组产品开发管理程序","培训与知识","2019-12-01 11:09:01","未知用户 (zhangqinquan)","否","http://dmtks.hisense.com/pages/viewpage.action?pageId=73891860"
"PXZL","培训资料","73891854","16677850","显示研发部","模组设计变更规范","2","3","培训资料 / 显示研发部 / 模组设计变更规范","设计与架构","2019-12-01 10:46:42","未知用户 (zhangqinquan)","否","http://dmtks.hisense.com/pages/viewpage.action?pageId=73891854"
"PXZL","培训资料","73891865","16677850","显示研发部","研发项目经理会议资料-DFMEA含义、填写指导","2","4","培训资料 / 显示研发部 / 研发项目经理会议资料-DFMEA含义、填写指导","会议与协同","2019-12-01 11:15:49","未知用户 (zhangqinquan)","否","http://dmtks.hisense.com/pages/viewpage.action?pageId=73891865"
"PXZL","培训资料","73891869","16677850","显示研发部","质量知识及APQP和NUDD培训","2","5","培训资料 / 显示研发部 / 质量知识及APQP和NUDD培训","培训与知识","2019-12-01 11:21:30","未知用户 (zhangqinquan)","否","http://dmtks.hisense.com/pages/viewpage.action?pageId=73891869"
"PXZL","培训资料","16677866","15587085","培训资料","深圳研发","1","5","培训资料 / 深圳研发","培训与知识","2019-01-15 12:32:29","未知用户 (huping3)","否","http://dmtks.hisense.com/pages/viewpage.action?pageId=16677866"
"PXZL","培训资料","16677863","15587085","培训资料","用户体验设计部","1","6","培训资料 / 用户体验设计部","设计与架构","2017-12-26 16:27:21","冯美美","否","http://dmtks.hisense.com/pages/viewpage.action?pageId=16677863"
"PXZL","培训资料","17041041","15587085","培训资料","知识产权部培训资料","1","7","培训资料 / 知识产权部培训资料","培训与知识","2018-03-05 10:37:01","于琳","否","http://dmtks.hisense.com/pages/viewpage.action?pageId=17041041"
"PXZL","培训资料","17041356","17041041","知识产权部培训资料","中国专利无效、诉讼","2","1","培训资料 / 知识产权部培训资料 / 中国专利无效、诉讼","培训与知识","2018-03-05 10:56:33","于琳","否","http://dmtks.hisense.com/pages/viewpage.action?pageId=17041356"
"PXZL","培训资料","17041353","17041041","知识产权部培训资料","中国专利申请","2","2","培训资料 / 知识产权部培训资料 / 中国专利申请","培训与知识","2018-03-05 10:57:12","于琳","否","http://dmtks.hisense.com/pages/viewpage.action?pageId=17041353"
"PXZL","培训资料","17041363","17041041","知识产权部培训资料","涉外专利申请","2","3","培训资料 / 知识产权部培训资料 / 涉外专利申请","培训与知识","2018-03-05 10:58:36","于琳","否","http://dmtks.hisense.com/pages/viewpage.action?pageId=17041363"
"PXZL","培训资料","16677854","15587085","培训资料","研发测试部","1","8","培训资料 / 研发测试部","测试与验证","2017-12-26 16:25:11","冯美美","否","http://dmtks.hisense.com/pages/viewpage.action?pageId=16677854"
"PXZL","培训资料","28542552","16677854","研发测试部"," 仪器仪表培训","2","1","培训资料 / 研发测试部 /  仪器仪表培训","测试与验证","2018-08-08 09:54:38","未知用户 (yaolihua)","否","http://dmtks.hisense.com/pages/viewpage.action?pageId=28542552"
"PXZL","培训资料","17045359","16677854","研发测试部","测试二所","2","2","培训资料 / 研发测试部 / 测试二所","测试与验证","2018-03-09 13:22:40","未知用户 (xiechunhui)","否","http://dmtks.hisense.com/pages/viewpage.action?pageId=17045359"
"PXZL","培训资料","70782861","16677854","研发测试部","研发测试部（手机线）","2","3","培训资料 / 研发测试部 / 研发测试部（手机线）","测试与验证","2019-11-06 16:56:58","未知用户 (shangyingying)","否","http://dmtks.hisense.com/pages/viewpage.action?pageId=70782861"
"PXZL","培训资料","17046812","16677854","研发测试部","研发测试部（电视线）","2","4","培训资料 / 研发测试部 / 研发测试部（电视线）","测试与验证","2019-11-18 19:14:58","未知用户 (zhouqiongqiong)","否","http://dmtks.hisense.com/pages/viewpage.action?pageId=17046812"
"PXZL","培训资料","16677843","15587085","培训资料","硬件研发部","1","9","培训资料 / 硬件研发部","培训与知识","2017-12-26 16:23:22","冯美美","否","http://dmtks.hisense.com/pages/viewpage.action?pageId=16677843"
"PXZL","培训资料","17040502","16677843","硬件研发部","外销整机硬件所","2","1","培训资料 / 硬件研发部 / 外销整机硬件所","培训与知识","2024-09-16 20:46:51","未知用户 (tanfei1)","否","http://dmtks.hisense.com/pages/viewpage.action?pageId=17040502"
"PXZL","培训资料","41357121","16677843","硬件研发部","安全设计","2","2","培训资料 / 硬件研发部 / 安全设计","设计与架构","2018-12-27 17:24:21","未知用户 (liuhaifeng)","否","http://dmtks.hisense.com/pages/viewpage.action?pageId=41357121"
"PXZL","培训资料","24674458","16677843","硬件研发部","类载板技术介绍","2","3","培训资料 / 硬件研发部 / 类载板技术介绍","培训与知识","2018-06-25 09:34:40","未知用户 (weidong)","否","http://dmtks.hisense.com/pages/viewpage.action?pageId=24674458"
"PXZL","培训资料","97912739","16677843","硬件研发部","部门知识库","2","4","培训资料 / 硬件研发部 / 部门知识库","培训与知识","2022-11-17 20:45:25","姜元亭","否","http://dmtks.hisense.com/pages/viewpage.action?pageId=97912739"
"PXZL","培训资料","16677856","15587085","培训资料","结构设计部","1","10","培训资料 / 结构设计部","设计与架构","2017-12-26 16:25:35","冯美美","否","http://dmtks.hisense.com/pages/viewpage.action?pageId=16677856"
"PXZL","培训资料","72091148","16677856","结构设计部","2019","2","1","培训资料 / 结构设计部 / 2019","设计与架构","2020-11-12 15:02:21","赵利华","否","http://dmtks.hisense.com/display/PXZL/2019"
"PXZL","培训资料","209953259","16677856","结构设计部","2023","2","2","培训资料 / 结构设计部 / 2023","设计与架构","2023-04-24 20:49:39","未知用户 (zhengchangxia)","否","http://dmtks.hisense.com/display/PXZL/2023"
"PXZL","培训资料","171412371","16677856","结构设计部","平面文档培训资料","2","3","培训资料 / 结构设计部 / 平面文档培训资料","设计与架构","2022-07-11 17:02:56","未知用户 (jiangyimin)","否","http://dmtks.hisense.com/pages/viewpage.action?pageId=171412371"
"PXZL","培训资料","16677861","15587085","培训资料","质量管理部","1","11","培训资料 / 质量管理部","培训与知识","2018-06-26 09:38:44","未知用户 (guofangjuan)","否","http://dmtks.hisense.com/pages/viewpage.action?pageId=16677861"
"PXZL","培训资料","24675158","16677861","质量管理部","QC小组活动开展方法培训----2018.6","2","1","培训资料 / 质量管理部 / QC小组活动开展方法培训----2018.6","培训与知识","2018-06-26 09:44:31","未知用户 (guofangjuan)","否","http://dmtks.hisense.com/pages/viewpage.action?pageId=24675158"
"PXZL","培训资料","19107901","16677861","质量管理部","QC新7工具培训资料","2","2","培训资料 / 质量管理部 / QC新7工具培训资料","培训与知识","2018-04-27 16:29:20","未知用户 (guofangjuan)","否","http://dmtks.hisense.com/pages/viewpage.action?pageId=19107901"
"PXZL","培训资料","24675151","16677861","质量管理部","QC活动管理和点评方法分享","2","3","培训资料 / 质量管理部 / QC活动管理和点评方法分享","培训与知识","2018-06-26 09:48:14","未知用户 (guofangjuan)","否","http://dmtks.hisense.com/pages/viewpage.action?pageId=24675151"
"PXZL","培训资料","24053193","16677861","质量管理部","六顶思考帽","2","4","培训资料 / 质量管理部 / 六顶思考帽","培训与知识","2018-06-20 17:23:49","未知用户 (duzongkun)","否","http://dmtks.hisense.com/pages/viewpage.action?pageId=24053193"
"PXZL","培训资料","24051952","16677861","质量管理部","内销产品测试管理关键流程解析-王玉新","2","5","培训资料 / 质量管理部 / 内销产品测试管理关键流程解析-王玉新","测试与验证","2018-06-19 09:24:16","未知用户 (guofangjuan)","否","http://dmtks.hisense.com/pages/viewpage.action?pageId=24051952"
"PXZL","培训资料","39393590","16677861","质量管理部","手机产品软件开发流程培训","2","6","培训资料 / 质量管理部 / 手机产品软件开发流程培训","规范与流程","2018-12-07 11:29:44","未知用户 (guofangjuan)","否","http://dmtks.hisense.com/pages/viewpage.action?pageId=39393590"
"PXZL","培训资料","39393593","16677861","质量管理部","软件需求与变更管理培训","2","7","培训资料 / 质量管理部 / 软件需求与变更管理培训","需求与功能","2018-12-07 11:30:33","未知用户 (guofangjuan)","否","http://dmtks.hisense.com/pages/viewpage.action?pageId=39393593"
"PXZL","培训资料","15589398","15587085","培训资料","软件研发部","1","12","培训资料 / 软件研发部","培训与知识","2017-08-25 13:51:00","冯美美","否","http://dmtks.hisense.com/pages/viewpage.action?pageId=15589398"
"PXZL","培训资料","17041861","15589398","软件研发部","外销电视整机软件所","2","1","培训资料 / 软件研发部 / 外销电视整机软件所","培训与知识","2018-03-05 17:06:01","王丽娟","否","http://dmtks.hisense.com/pages/viewpage.action?pageId=17041861"
"PXZL","培训资料","17040956","15589398","软件研发部","手机整机软件所","2","2","培训资料 / 软件研发部 / 手机整机软件所","培训与知识","2018-03-05 08:55:22","未知用户 (xuzhongyuan)","否","http://dmtks.hisense.com/pages/viewpage.action?pageId=17040956"
"PXZL","培训资料","15589410","15589398","软件研发部","电视驱动软件所","2","3","培训资料 / 软件研发部 / 电视驱动软件所","培训与知识","2019-04-01 15:50:19","冯美美","否","http://dmtks.hisense.com/pages/viewpage.action?pageId=15589410"
"TOOLS","工具池","97195588","","","工具池","0","1","工具池","其他","2020-08-14 09:57:02","冯美美","否","http://dmtks.hisense.com/pages/viewpage.action?pageId=97195588"
"TOOLS","工具池","97195716","97195588","工具池","ASAN","1","1","工具池 / ASAN","其他","2020-08-13 15:50:53","冯美美","否","http://dmtks.hisense.com/display/TOOLS/ASAN"
"TOOLS","工具池","97915103","97195588","工具池","临时- 代码及设计质量工具-试用软件进度跟踪","1","2","工具池 / 临时- 代码及设计质量工具-试用软件进度跟踪","设计与架构","2020-08-20 05:12:06","李燕芬","否","http://dmtks.hisense.com/pages/viewpage.action?pageId=97915103"
"TOOLS","工具池","97190863","97195588","工具池","代码及设计质量工具-试用软件进度跟踪","1","3","工具池 / 代码及设计质量工具-试用软件进度跟踪","设计与架构","2020-08-17 12:03:25","王之奎","否","http://dmtks.hisense.com/pages/viewpage.action?pageId=97190863"
"PTRJKFS","平台软件开发所","317692191","","","平台软件开发所 主页","0","1","平台软件开发所 主页","其他","2025-07-23 10:34:02","冯美美","否","http://dmtks.hisense.com/pages/viewpage.action?pageId=317692191"
"PTRJKFS","平台软件开发所","317692878","317692191","平台软件开发所 主页","1、模块空间","1","1","平台软件开发所 主页 / 1、模块空间","其他","2025-07-24 09:20:00","何营昊","否","http://dmtks.hisense.com/pages/viewpage.action?pageId=317692878"
"PTRJKFS","平台软件开发所","80451159","317692878","1、模块空间","图像与HDMI","2","1","平台软件开发所 主页 / 1、模块空间 / 图像与HDMI","其他","2025-07-24 08:50:53","何营昊","否","http://dmtks.hisense.com/pages/viewpage.action?pageId=80451159"
"PTRJKFS","平台软件开发所","4490031","317692878","1、模块空间","系统驱动","2","2","平台软件开发所 主页 / 1、模块空间 / 系统驱动","其他","2025-07-24 09:59:25","何营昊","否","http://dmtks.hisense.com/pages/viewpage.action?pageId=4490031"
"PTRJKFS","平台软件开发所","317692882","317692191","平台软件开发所 主页","2、NPI 导入","1","2","平台软件开发所 主页 / 2、NPI 导入","其他","2025-07-23 14:35:01","何营昊","否","http://dmtks.hisense.com/pages/viewpage.action?pageId=317692882"
"PTRJKFS","平台软件开发所","320162140","317692882","2、NPI 导入","1、MTK 9616","2","1","平台软件开发所 主页 / 2、NPI 导入 / 1、MTK 9616","其他","2025-08-04 20:56:22","何营昊","否","http://dmtks.hisense.com/pages/viewpage.action?pageId=320162140"
"PTRJKFS","平台软件开发所","326685506","317692882","2、NPI 导入","2、AML 966D5","2","2","平台软件开发所 主页 / 2、NPI 导入 / 2、AML 966D5","其他","2025-09-16 13:39:06","何营昊","否","http://dmtks.hisense.com/pages/viewpage.action?pageId=326685506"
"PTRJKFS","平台软件开发所","335549593","317692882","2、NPI 导入","3、UNI 6780","2","3","平台软件开发所 主页 / 2、NPI 导入 / 3、UNI 6780","其他","2025-11-05 20:53:20","何营昊","否","http://dmtks.hisense.com/pages/viewpage.action?pageId=335549593"
"PTRJKFS","平台软件开发所","317692886","317692191","平台软件开发所 主页","3、创新预研","1","3","平台软件开发所 主页 / 3、创新预研","其他","2025-07-23 14:35:17","何营昊","否","http://dmtks.hisense.com/pages/viewpage.action?pageId=317692886"
"PTRJKFS","平台软件开发所","317692894","317692191","平台软件开发所 主页","4、技术规划与调研","1","4","平台软件开发所 主页 / 4、技术规划与调研","其他","2025-07-24 10:41:16","何营昊","否","http://dmtks.hisense.com/pages/viewpage.action?pageId=317692894"
"PTRJKFS","平台软件开发所","227447264","317692894","4、技术规划与调研","01 - eBPF技术及应用","2","1","平台软件开发所 主页 / 4、技术规划与调研 / 01 - eBPF技术及应用","其他","2025-05-23 13:18:19","王永清","否","http://dmtks.hisense.com/pages/viewpage.action?pageId=227447264"
"PTRJKFS","平台软件开发所","226958148","317692894","4、技术规划与调研","02 - 内存管理","2","2","平台软件开发所 主页 / 4、技术规划与调研 / 02 - 内存管理","项目管理","2024-04-25 19:55:01","王永清","否","http://dmtks.hisense.com/pages/viewpage.action?pageId=226958148"
"PTRJKFS","平台软件开发所","226980965","317692894","4、技术规划与调研","03 - 功耗控制","2","3","平台软件开发所 主页 / 4、技术规划与调研 / 03 - 功耗控制","其他","2024-01-22 12:00:58","王永清","否","http://dmtks.hisense.com/pages/viewpage.action?pageId=226980965"
"PTRJKFS","平台软件开发所","226958161","317692894","4、技术规划与调研","04 - 文件系统","2","4","平台软件开发所 主页 / 4、技术规划与调研 / 04 - 文件系统","其他","2024-12-09 10:43:35","王永清","否","http://dmtks.hisense.com/pages/viewpage.action?pageId=226958161"
"PTRJKFS","平台软件开发所","226958170","317692894","4、技术规划与调研","05 - 进程调度","2","5","平台软件开发所 主页 / 4、技术规划与调研 / 05 - 进程调度","其他","2024-01-12 09:54:52","王永清","否","http://dmtks.hisense.com/pages/viewpage.action?pageId=226958170"
"PTRJKFS","平台软件开发所","226965375","317692894","4、技术规划与调研","06 - 底层软件开发提效","2","6","平台软件开发所 主页 / 4、技术规划与调研 / 06 - 底层软件开发提效","其他","2024-01-11 11:26:10","王永清","否","http://dmtks.hisense.com/pages/viewpage.action?pageId=226965375"
"PTRJKFS","平台软件开发所","227856310","317692894","4、技术规划与调研","07 - 内核版本更新","2","7","平台软件开发所 主页 / 4、技术规划与调研 / 07 - 内核版本更新","版本与计划","2025-08-20 10:48:52","王永清","否","http://dmtks.hisense.com/pages/viewpage.action?pageId=227856310"
"PTRJKFS","平台软件开发所","228344480","317692894","4、技术规划与调研","08 - 内核rust开发技术","2","8","平台软件开发所 主页 / 4、技术规划与调研 / 08 - 内核rust开发技术","其他","2025-07-24 10:41:36","何营昊","否","http://dmtks.hisense.com/pages/viewpage.action?pageId=228344480"
"PTRJKFS","平台软件开发所","231378593","317692894","4、技术规划与调研","09 - 稳定性及性能","2","9","平台软件开发所 主页 / 4、技术规划与调研 / 09 - 稳定性及性能","其他","2025-07-24 10:41:45","何营昊","否","http://dmtks.hisense.com/pages/viewpage.action?pageId=231378593"
"PTRJKFS","平台软件开发所","231400550","317692894","4、技术规划与调研","10 - 日常记录","2","10","平台软件开发所 主页 / 4、技术规划与调研 / 10 - 日常记录","其他","2025-07-24 10:41:58","何营昊","否","http://dmtks.hisense.com/pages/viewpage.action?pageId=231400550"
"PTRJKFS","平台软件开发所","233001592","317692894","4、技术规划与调研","11 - GKI整改","2","11","平台软件开发所 主页 / 4、技术规划与调研 / 11 - GKI整改","其他","2025-07-24 10:42:07","何营昊","否","http://dmtks.hisense.com/pages/viewpage.action?pageId=233001592"
"PTRJKFS","平台软件开发所","243908461","317692894","4、技术规划与调研","12 - TMG工作","2","12","平台软件开发所 主页 / 4、技术规划与调研 / 12 - TMG工作","其他","2025-08-20 10:48:26","王永清","否","http://dmtks.hisense.com/pages/viewpage.action?pageId=243908461"
"PTRJKFS","平台软件开发所","245790217","317692894","4、技术规划与调研","13 - Bazel技术","2","13","平台软件开发所 主页 / 4、技术规划与调研 / 13 - Bazel技术","其他","2025-07-24 10:42:24","何营昊","否","http://dmtks.hisense.com/pages/viewpage.action?pageId=245790217"
"PTRJKFS","平台软件开发所","273939605","317692894","4、技术规划与调研","14 - CLK-中国Linux开发者大会","2","14","平台软件开发所 主页 / 4、技术规划与调研 / 14 - CLK-中国Linux开发者大会","其他","2025-07-24 10:42:30","何营昊","否","http://dmtks.hisense.com/pages/viewpage.action?pageId=273939605"
"PTRJKFS","平台软件开发所","231387178","317692894","4、技术规划与调研","15 - RK-开发者大会","2","15","平台软件开发所 主页 / 4、技术规划与调研 / 15 - RK-开发者大会","其他","2025-07-24 10:42:43","何营昊","否","http://dmtks.hisense.com/pages/viewpage.action?pageId=231387178"
"PTRJKFS","平台软件开发所","338857116","317692894","4、技术规划与调研","16 - 方案设计","2","16","平台软件开发所 主页 / 4、技术规划与调研 / 16 - 方案设计","设计与架构","2025-11-18 10:27:06","王永清","否","http://dmtks.hisense.com/pages/viewpage.action?pageId=338857116"
"PTRJKFS","平台软件开发所","355568173","317692894","4、技术规划与调研","17 - 开关机","2","17","平台软件开发所 主页 / 4、技术规划与调研 / 17 - 开关机","其他","2026-01-26 11:04:07","王永清","否","http://dmtks.hisense.com/pages/viewpage.action?pageId=355568173"
"PTRJKFS","平台软件开发所","363105989","317692894","4、技术规划与调研","18 - Linux Kernel and AI Tec","2","18","平台软件开发所 主页 / 4、技术规划与调研 / 18 - Linux Kernel and AI Tec","其他","2026-03-23 10:32:33","王永清","否","http://dmtks.hisense.com/display/PTRJKFS/18+-+Linux+Kernel+and+AI+Tec"
"PTRJKFS","平台软件开发所","229098660","317692894","4、技术规划与调研","技术成长","2","19","平台软件开发所 主页 / 4、技术规划与调研 / 技术成长","其他","2024-01-30 10:52:09","王永清","否","http://dmtks.hisense.com/pages/viewpage.action?pageId=229098660"
"PTRJKFS","平台软件开发所","136152771","317692894","4、技术规划与调研","技术调研","2","20","平台软件开发所 主页 / 4、技术规划与调研 / 技术调研","其他","2024-01-04 09:42:30","王永清","否","http://dmtks.hisense.com/pages/viewpage.action?pageId=136152771"
"PTRJKFS","平台软件开发所","317692900","317692191","平台软件开发所 主页","5、技术资料","1","5","平台软件开发所 主页 / 5、技术资料","其他","2025-07-23 14:37:15","何营昊","否","http://dmtks.hisense.com/pages/viewpage.action?pageId=317692900"
"PTRJKFS","平台软件开发所","317692909","317692191","平台软件开发所 主页","6、流程与标准","1","6","平台软件开发所 主页 / 6、流程与标准","规范与流程","2025-07-23 14:38:15","何营昊","否","http://dmtks.hisense.com/pages/viewpage.action?pageId=317692909"
"PTRJKFS","平台软件开发所","317692918","317692191","平台软件开发所 主页","7、典型问题","1","7","平台软件开发所 主页 / 7、典型问题","问题与复盘","2025-07-23 14:39:33","何营昊","否","http://dmtks.hisense.com/pages/viewpage.action?pageId=317692918"
"PTRJKFS","平台软件开发所","317694450","317692191","平台软件开发所 主页","8、能力提升","1","8","平台软件开发所 主页 / 8、能力提升","其他","2026-02-09 18:09:02","未知用户 (lijianjun3)","否","http://dmtks.hisense.com/pages/viewpage.action?pageId=317694450"
"PTRJKFS","平台软件开发所","349812053","317694450","8、能力提升","中断子系统","2","1","平台软件开发所 主页 / 8、能力提升 / 中断子系统","其他","2026-01-05 16:31:41","未知用户 (lijianjun3)","否","http://dmtks.hisense.com/pages/viewpage.action?pageId=349812053"
"PTRJKFS","平台软件开发所","317692897","317692191","平台软件开发所 主页","9、信息统计","1","9","平台软件开发所 主页 / 9、信息统计","数据与质量","2025-07-24 10:43:41","何营昊","否","http://dmtks.hisense.com/pages/viewpage.action?pageId=317692897"
"PTRJKFS","平台软件开发所","326686152","317692897","9、信息统计","25年第三季度发票收集","2","1","平台软件开发所 主页 / 9、信息统计 / 25年第三季度发票收集","数据与质量","2025-09-28 09:08:42","焉为家","否","http://dmtks.hisense.com/pages/viewpage.action?pageId=326686152"
"PTRJKFS","平台软件开发所","341991973","317692897","9、信息统计","25年第四季度发票收集","2","2","平台软件开发所 主页 / 9、信息统计 / 25年第四季度发票收集","数据与质量","2025-12-25 14:47:08","王郅铭","否","http://dmtks.hisense.com/pages/viewpage.action?pageId=341991973"
"PTRJKFS","平台软件开发所","357857554","317692897","9、信息统计","26年第一季度发票收集","2","3","平台软件开发所 主页 / 9、信息统计 / 26年第一季度发票收集","数据与质量","2026-03-30 09:02:00","张朋","否","http://dmtks.hisense.com/pages/viewpage.action?pageId=357857554"
"PTRJKFS","平台软件开发所","363132924","317692897","9、信息统计","26年第二季度发票收集","2","4","平台软件开发所 主页 / 9、信息统计 / 26年第二季度发票收集","数据与质量","2026-05-06 20:01:53","焉为家","否","http://dmtks.hisense.com/pages/viewpage.action?pageId=363132924"
"PTRJKFS","平台软件开发所","321275982","317692191","平台软件开发所 主页","10、例会信息","1","10","平台软件开发所 主页 / 10、例会信息","会议与协同","2025-08-12 20:55:55","何营昊","否","http://dmtks.hisense.com/pages/viewpage.action?pageId=321275982"
"PTRJKFS","平台软件开发所","321275985","321275982","10、例会信息","2025/08/13","2","1","平台软件开发所 主页 / 10、例会信息 / 2025/08/13","会议与协同","2025-08-12 21:30:09","何营昊","否","http://dmtks.hisense.com/pages/viewpage.action?pageId=321275985"
"PTRJKFS","平台软件开发所","324859260","321275982","10、例会信息","2025/09/06","2","2","平台软件开发所 主页 / 10、例会信息 / 2025/09/06","会议与协同","2025-12-10 14:21:04","何营昊","否","http://dmtks.hisense.com/pages/viewpage.action?pageId=324859260"
"PTRJKFS","平台软件开发所","341991698","321275982","10、例会信息","2025/12/11","2","3","平台软件开发所 主页 / 10、例会信息 / 2025/12/11","会议与协同","2025-12-10 14:43:46","何营昊","否","http://dmtks.hisense.com/pages/viewpage.action?pageId=341991698"
"RBRJJSS","日本产品软件所","164839871","","","日本产品软件所 主页","0","1","日本产品软件所 主页","其他","2025-08-01 11:02:19","李文龙","否","http://dmtks.hisense.com/pages/viewpage.action?pageId=164839871"
"RBRJJSS","日本产品软件所","167324865","164839871","日本产品软件所 主页","001 日常工作","1","1","日本产品软件所 主页 / 001 日常工作","其他","2022-06-09 11:56:07","王济洋","否","http://dmtks.hisense.com/pages/viewpage.action?pageId=167324865"
"RBRJJSS","日本产品软件所","167324854","167324865","001 日常工作","1. 工作情况跟踪","2","1","日本产品软件所 主页 / 001 日常工作 / 1. 工作情况跟踪","其他","2024-06-14 16:34:10","万兴振","否","http://dmtks.hisense.com/pages/viewpage.action?pageId=167324854"
"RBRJJSS","日本产品软件所","167324877","167324865","001 日常工作","2. 科室例会","2","2","日本产品软件所 主页 / 001 日常工作 / 2. 科室例会","会议与协同","2022-06-09 11:49:56","王济洋","否","http://dmtks.hisense.com/pages/viewpage.action?pageId=167324877"
"RBRJJSS","日本产品软件所","167324901","167324865","001 日常工作","3. 专利与创新","2","3","日本产品软件所 主页 / 001 日常工作 / 3. 专利与创新","其他","2023-03-27 15:51:17","未知用户 (liyuxi)","否","http://dmtks.hisense.com/pages/viewpage.action?pageId=167324901"
"RBRJJSS","日本产品软件所","198348687","167324865","001 日常工作","4. 过程数据","2","4","日本产品软件所 主页 / 001 日常工作 / 4. 过程数据","数据与质量","2023-02-13 19:10:52","王济洋","否","http://dmtks.hisense.com/pages/viewpage.action?pageId=198348687"
"RBRJJSS","日本产品软件所","221859772","167324865","001 日常工作","5. 固定资产及仪表类低值易耗","2","5","日本产品软件所 主页 / 001 日常工作 / 5. 固定资产及仪表类低值易耗","其他","2023-12-28 14:01:13","何宏磊","否","http://dmtks.hisense.com/pages/viewpage.action?pageId=221859772"
"RBRJJSS","日本产品软件所","236716693","167324865","001 日常工作","6. 信息收集","2","6","日本产品软件所 主页 / 001 日常工作 / 6. 信息收集","其他","2024-04-28 09:59:23","苏正涛","否","http://dmtks.hisense.com/pages/viewpage.action?pageId=236716693"
"RBRJJSS","日本产品软件所","167324894","164839871","日本产品软件所 主页","002 培训与分享","1","2","日本产品软件所 主页 / 002 培训与分享","培训与知识","2023-04-07 11:15:27","李文龙","否","http://dmtks.hisense.com/pages/viewpage.action?pageId=167324894"
"RBRJJSS","日本产品软件所","230133848","167324894","002 培训与分享","CPP References Html book","2","1","日本产品软件所 主页 / 002 培训与分享 / CPP References Html book","培训与知识","2024-02-23 11:12:22","万兴振","否","http://dmtks.hisense.com/display/RBRJJSS/CPP+References+Html+book"
"RBRJJSS","日本产品软件所","222303736","167324894","002 培训与分享","Gator  DS-5","2","2","日本产品软件所 主页 / 002 培训与分享 / Gator  DS-5","培训与知识","2023-12-27 15:30:27","徐磊","否","http://dmtks.hisense.com/display/RBRJJSS/Gator++DS-5"
"RBRJJSS","日本产品软件所","220345923","167324894","002 培训与分享","GDB 使用手册","2","3","日本产品软件所 主页 / 002 培训与分享 / GDB 使用手册","规范与流程","2025-04-14 14:54:30","万兴振","否","http://dmtks.hisense.com/pages/viewpage.action?pageId=220345923"
"RBRJJSS","日本产品软件所","227839374","167324894","002 培训与分享","Hopper","2","4","日本产品软件所 主页 / 002 培训与分享 / Hopper","培训与知识","2024-01-08 16:23:28","万兴振","否","http://dmtks.hisense.com/display/RBRJJSS/Hopper"
"RBRJJSS","日本产品软件所","167324917","167324894","002 培训与分享","MT9980JP 设计资料","2","5","日本产品软件所 主页 / 002 培训与分享 / MT9980JP 设计资料","设计与架构","2022-06-09 11:58:36","王济洋","否","http://dmtks.hisense.com/pages/viewpage.action?pageId=167324917"
"RBRJJSS","日本产品软件所","261721677","167324894","002 培训与分享","TVExporter 服务器搭建","2","6","日本产品软件所 主页 / 002 培训与分享 / TVExporter 服务器搭建","培训与知识","2024-11-29 10:18:03","李晓斌","否","http://dmtks.hisense.com/pages/viewpage.action?pageId=261721677"
"RBRJJSS","日本产品软件所","259441127","167324894","002 培训与分享","TVS 业务能力盘点","2","7","日本产品软件所 主页 / 002 培训与分享 / TVS 业务能力盘点","培训与知识","2024-10-15 13:43:01","刘东东","否","http://dmtks.hisense.com/pages/viewpage.action?pageId=259441127"
"RBRJJSS","日本产品软件所","216383136","167324894","002 培训与分享","任职资格认证 - 实操考试名单","2","8","日本产品软件所 主页 / 002 培训与分享 / 任职资格认证 - 实操考试名单","培训与知识","2023-06-27 13:31:58","王衍平","否","http://dmtks.hisense.com/pages/viewpage.action?pageId=216383136"
"RBRJJSS","日本产品软件所","171414020","167324894","002 培训与分享","培训","2","9","日本产品软件所 主页 / 002 培训与分享 / 培训","培训与知识","2024-09-25 10:19:31","单晓雯","否","http://dmtks.hisense.com/pages/viewpage.action?pageId=171414020"
"RBRJJSS","日本产品软件所","219117420","167324894","002 培训与分享","常用工具总结","2","10","日本产品软件所 主页 / 002 培训与分享 / 常用工具总结","培训与知识","2023-08-09 19:52:51","何宏磊","否","http://dmtks.hisense.com/pages/viewpage.action?pageId=219117420"
"RBRJJSS","日本产品软件所","229968454","167324894","002 培训与分享","开发提效课题","2","11","日本产品软件所 主页 / 002 培训与分享 / 开发提效课题","培训与知识","2024-02-23 17:01:22","万兴振","否","http://dmtks.hisense.com/pages/viewpage.action?pageId=229968454"
"RBRJJSS","日本产品软件所","219558617","167324894","002 培训与分享","流程培训","2","12","日本产品软件所 主页 / 002 培训与分享 / 流程培训","规范与流程","2023-12-28 19:08:01","何宏磊","否","http://dmtks.hisense.com/pages/viewpage.action?pageId=219558617"
"RBRJJSS","日本产品软件所","178591194","167324894","002 培训与分享","海外VIDAA基础培训资料","2","13","日本产品软件所 主页 / 002 培训与分享 / 海外VIDAA基础培训资料","培训与知识","2022-09-06 09:53:25","王济洋","否","http://dmtks.hisense.com/pages/viewpage.action?pageId=178591194"
"RBRJJSS","日本产品软件所","177152518","167324894","002 培训与分享","海外日本业务知识总结","2","14","日本产品软件所 主页 / 002 培训与分享 / 海外日本业务知识总结","培训与知识","2025-03-14 17:08:49","韓嘯/HanXiao","否","http://dmtks.hisense.com/pages/viewpage.action?pageId=177152518"
"RBRJJSS","日本产品软件所","219118581","167324894","002 培训与分享","读书会","2","15","日本产品软件所 主页 / 002 培训与分享 / 读书会","培训与知识","2023-08-10 10:30:03","何宏磊","否","http://dmtks.hisense.com/pages/viewpage.action?pageId=219118581"
"RBRJJSS","日本产品软件所","192813604","167324894","002 培训与分享","软件主设计工作规范","2","16","日本产品软件所 主页 / 002 培训与分享 / 软件主设计工作规范","设计与架构","2022-12-28 14:03:58","王济洋","否","http://dmtks.hisense.com/pages/viewpage.action?pageId=192813604"
"RBRJJSS","日本产品软件所","167324896","164839871","日本产品软件所 主页","003 项目信息","1","3","日本产品软件所 主页 / 003 项目信息","项目管理","2022-06-09 11:56:24","王济洋","否","http://dmtks.hisense.com/pages/viewpage.action?pageId=167324896"
"RBRJJSS","日本产品软件所","180261200","167324896","003 项目信息","00. SRSガイド  SRS guide","2","1","日本产品软件所 主页 / 003 项目信息 / 00. SRSガイド  SRS guide","规范与流程","2022-09-20 15:57:55","杨佳","否","http://dmtks.hisense.com/pages/viewpage.action?pageId=180261200"
"RBRJJSS","日本产品软件所","168929865","167324896","003 项目信息","2022 VIDAA-REGZA MT9900","2","2","日本产品软件所 主页 / 003 项目信息 / 2022 VIDAA-REGZA MT9900","项目管理","2022-06-23 14:27:58","王济洋","否","http://dmtks.hisense.com/display/RBRJJSS/2022+VIDAA-REGZA+MT9900"
"RBRJJSS","日本产品软件所","176298828","167324896","003 项目信息","2023 VIDAA-REGZA MT9618","2","3","日本产品软件所 主页 / 003 项目信息 / 2023 VIDAA-REGZA MT9618","项目管理","2022-08-23 16:52:13","李文龙","否","http://dmtks.hisense.com/display/RBRJJSS/2023+VIDAA-REGZA+MT9618"
"RBRJJSS","日本产品软件所","269495132","167324896","003 项目信息","2024年重点项目跟踪","2","4","日本产品软件所 主页 / 003 项目信息 / 2024年重点项目跟踪","项目管理","2024-09-29 14:10:03","李文龙","否","http://dmtks.hisense.com/pages/viewpage.action?pageId=269495132"
"RBRJJSS","日本产品软件所","281019937","167324896","003 项目信息","2025 9618 项目里程碑计划","2","5","日本产品软件所 主页 / 003 项目信息 / 2025 9618 项目里程碑计划","版本与计划","2024-12-12 08:13:30","王绍鹏","否","http://dmtks.hisense.com/pages/viewpage.action?pageId=281019937"
"RBRJJSS","日本产品软件所","295890080","167324896","003 项目信息","2025年 过程数据确认","2","6","日本产品软件所 主页 / 003 项目信息 / 2025年 过程数据确认","项目管理","2025-03-27 17:22:40","李文龙","否","http://dmtks.hisense.com/pages/viewpage.action?pageId=295890080"
"RBRJJSS","日本产品软件所","291484048","167324896","003 项目信息","HUI自动化测试改善项目","2","7","日本产品软件所 主页 / 003 项目信息 / HUI自动化测试改善项目","测试与验证","2025-02-24 16:05:57","苏正涛","否","http://dmtks.hisense.com/pages/viewpage.action?pageId=291484048"
"RBRJJSS","日本产品软件所","313796280","167324896","003 项目信息","JP-硬件实验自动化测试需求","2","8","日本产品软件所 主页 / 003 项目信息 / JP-硬件实验自动化测试需求","需求与功能","2025-07-07 19:44:43","张磊","否","http://dmtks.hisense.com/pages/viewpage.action?pageId=313796280"
"RBRJJSS","日本产品软件所","301255280","167324896","003 项目信息","MT9655预研项目进度汇总","2","9","日本产品软件所 主页 / 003 项目信息 / MT9655预研项目进度汇总","项目管理","2025-07-08 15:06:27","单晓雯","否","http://dmtks.hisense.com/pages/viewpage.action?pageId=301255280"
"RBRJJSS","日本产品软件所","224685386","167324896","003 项目信息","MTK资料共享","2","10","日本产品软件所 主页 / 003 项目信息 / MTK资料共享","项目管理","2025-04-11 17:19:52","李文龙","否","http://dmtks.hisense.com/pages/viewpage.action?pageId=224685386"
"RBRJJSS","日本产品软件所","216368427","167324896","003 项目信息","TVS 模块开发-自测列表","2","11","日本产品软件所 主页 / 003 项目信息 / TVS 模块开发-自测列表","项目管理","2026-02-09 19:57:02","张磊","否","http://dmtks.hisense.com/pages/viewpage.action?pageId=216368427"
"RBRJJSS","日本产品软件所","238863532","167324896","003 项目信息","TVS出差话题收集","2","12","日本产品软件所 主页 / 003 项目信息 / TVS出差话题收集","项目管理","2024-05-13 14:59:36","李文龙","否","http://dmtks.hisense.com/pages/viewpage.action?pageId=238863532"
"RBRJJSS","日本产品软件所","168929854","167324896","003 项目信息","TVS技术融合项目","2","13","日本产品软件所 主页 / 003 项目信息 / TVS技术融合项目","项目管理","2022-06-23 14:26:35","王济洋","否","http://dmtks.hisense.com/pages/viewpage.action?pageId=168929854"
"RBRJJSS","日本产品软件所","221283435","167324896","003 项目信息","TVS技术融合项目二期","2","14","日本产品软件所 主页 / 003 项目信息 / TVS技术融合项目二期","项目管理","2023-11-10 17:34:38","杨晓涛","否","http://dmtks.hisense.com/pages/viewpage.action?pageId=221283435"
"RBRJJSS","日本产品软件所","173916775","167324896","003 项目信息","TVS资料共享","2","15","日本产品软件所 主页 / 003 项目信息 / TVS资料共享","项目管理","2022-09-23 16:51:57","杨佳","否","http://dmtks.hisense.com/pages/viewpage.action?pageId=173916775"
"RBRJJSS","日本产品软件所","199894867","167324896","003 项目信息","代码评审","2","16","日本产品软件所 主页 / 003 项目信息 / 代码评审","项目管理","2025-07-03 14:40:33","张磊","否","http://dmtks.hisense.com/pages/viewpage.action?pageId=199894867"
"RBRJJSS","日本产品软件所","264603009","167324896","003 项目信息","典型问题总结","2","17","日本产品软件所 主页 / 003 项目信息 / 典型问题总结","问题与复盘","2024-09-02 07:57:30","张磊","否","http://dmtks.hisense.com/pages/viewpage.action?pageId=264603009"
"RBRJJSS","日本产品软件所","228759106","167324896","003 项目信息","新PLM操作及问题","2","18","日本产品软件所 主页 / 003 项目信息 / 新PLM操作及问题","问题与复盘","2024-01-19 14:39:53","苏正涛","否","http://dmtks.hisense.com/pages/viewpage.action?pageId=228759106"
"RBRJJSS","日本产品软件所","286357303","167324896","003 项目信息","日志（log和EMMC中保存的数据）管理和清理","2","19","日本产品软件所 主页 / 003 项目信息 / 日志（log和EMMC中保存的数据）管理和清理","项目管理","2025-04-03 09:20:18","万兴振","否","http://dmtks.hisense.com/pages/viewpage.action?pageId=286357303"
"RBRJJSS","日本产品软件所","223312060","167324896","003 项目信息","日本软件系统技术室SPRINT看板","2","20","日本产品软件所 主页 / 003 项目信息 / 日本软件系统技术室SPRINT看板","项目管理","2023-11-07 20:14:17","张磊","否","http://dmtks.hisense.com/pages/viewpage.action?pageId=223312060"
"RBRJJSS","日本产品软件所","228762051","167324896","003 项目信息","日本项目开发指南","2","21","日本产品软件所 主页 / 003 项目信息 / 日本项目开发指南","规范与流程","2024-04-07 15:18:07","苏正涛","否","http://dmtks.hisense.com/pages/viewpage.action?pageId=228762051"
"RBRJJSS","日本产品软件所","227472217","167324896","003 项目信息","测试用相关仪表","2","22","日本产品软件所 主页 / 003 项目信息 / 测试用相关仪表","测试与验证","2024-01-17 16:32:33","王超","否","http://dmtks.hisense.com/pages/viewpage.action?pageId=227472217"
"RBRJJSS","日本产品软件所","231838756","167324896","003 项目信息","面向下一代TVS显示产品技术平台演进项目(一期)","2","23","日本产品软件所 主页 / 003 项目信息 / 面向下一代TVS显示产品技术平台演进项目(一期)","项目管理","2024-09-23 18:51:27","单晓雯","否","http://dmtks.hisense.com/pages/viewpage.action?pageId=231838756"
"RBRJJSS","日本产品软件所","231034251","167324896","003 项目信息","项目信息共享","2","24","日本产品软件所 主页 / 003 项目信息 / 项目信息共享","项目管理","2024-03-07 16:38:39","苏正涛","否","http://dmtks.hisense.com/pages/viewpage.action?pageId=231034251"
"RBRJJSS","日本产品软件所","238861470","167324896","003 项目信息","项目启动任务更新-日本项目","2","25","日本产品软件所 主页 / 003 项目信息 / 项目启动任务更新-日本项目","项目管理","2024-05-13 08:36:07","张磊","否","http://dmtks.hisense.com/pages/viewpage.action?pageId=238861470"
"RBRJJSS","日本产品软件所","184457663","167324896","003 项目信息","项目回顾复盘","2","26","日本产品软件所 主页 / 003 项目信息 / 项目回顾复盘","问题与复盘","2022-10-25 15:28:25","张磊","否","http://dmtks.hisense.com/pages/viewpage.action?pageId=184457663"
"RBRJJSS","日本产品软件所","167324908","164839871","日本产品软件所 主页","004 个人空间","1","4","日本产品软件所 主页 / 004 个人空间","其他","2024-08-19 19:19:29","王绍鹏","否","http://dmtks.hisense.com/pages/viewpage.action?pageId=167324908"
"RBRJJSS","日本产品软件所","167326236","167324908","004 个人空间","个人空间 - 何宏磊","2","1","日本产品软件所 主页 / 004 个人空间 / 个人空间 - 何宏磊","其他","2025-07-24 13:46:32","何宏磊","否","http://dmtks.hisense.com/pages/viewpage.action?pageId=167326236"
"RBRJJSS","日本产品软件所","261718617","167324908","004 个人空间","个人空间 - 安光峰","2","2","日本产品软件所 主页 / 004 个人空间 / 个人空间 - 安光峰","其他","2024-08-16 17:36:20","安光峰","否","http://dmtks.hisense.com/pages/viewpage.action?pageId=261718617"
"RBRJJSS","日本产品软件所","224680006","167324908","004 个人空间","个人空间 - 张朱磊","2","3","日本产品软件所 主页 / 004 个人空间 / 个人空间 - 张朱磊","其他","2025-04-24 16:39:45","张朱磊","否","http://dmtks.hisense.com/pages/viewpage.action?pageId=224680006"
"RBRJJSS","日本产品软件所","177876470","167324908","004 个人空间","个人空间 - 张磊","2","4","日本产品软件所 主页 / 004 个人空间 / 个人空间 - 张磊","其他","2022-09-02 18:10:12","张磊","否","http://dmtks.hisense.com/pages/viewpage.action?pageId=177876470"
"RBRJJSS","日本产品软件所","243903824","167324908","004 个人空间","个人空间 - 张辉娟","2","5","日本产品软件所 主页 / 004 个人空间 / 个人空间 - 张辉娟","其他","2024-06-03 15:50:49","张辉娟","否","http://dmtks.hisense.com/pages/viewpage.action?pageId=243903824"
"RBRJJSS","日本产品软件所","173900717","167324908","004 个人空间","个人空间 - 徐磊","2","6","日本产品软件所 主页 / 004 个人空间 / 个人空间 - 徐磊","其他","2023-06-14 15:06:05","徐磊","否","http://dmtks.hisense.com/pages/viewpage.action?pageId=173900717"
"RBRJJSS","日本产品软件所","232599620","167324908","004 个人空间","个人空间 - 李伟","2","7","日本产品软件所 主页 / 004 个人空间 / 个人空间 - 李伟","其他","2024-04-08 16:50:51","未知用户 (liwei86)","否","http://dmtks.hisense.com/pages/viewpage.action?pageId=232599620"
"RBRJJSS","日本产品软件所","168146864","167324908","004 个人空间","个人空间 - 李文龙","2","8","日本产品软件所 主页 / 004 个人空间 / 个人空间 - 李文龙","其他","2022-07-25 19:49:37","李文龙","否","http://dmtks.hisense.com/pages/viewpage.action?pageId=168146864"
"RBRJJSS","日本产品软件所","232241976","167324908","004 个人空间","个人空间 - 李晓斌","2","9","日本产品软件所 主页 / 004 个人空间 / 个人空间 - 李晓斌","其他","2024-04-01 19:29:28","李晓斌","否","http://dmtks.hisense.com/pages/viewpage.action?pageId=232241976"
"RBRJJSS","日本产品软件所","173905940","167324908","004 个人空间","个人空间 - 杨晓涛","2","10","日本产品软件所 主页 / 004 个人空间 / 个人空间 - 杨晓涛","其他","2022-08-02 13:05:00","杨晓涛","否","http://dmtks.hisense.com/pages/viewpage.action?pageId=173905940"
"RBRJJSS","日本产品软件所","221307281","167324908","004 个人空间","个人空间 - 王新宇","2","11","日本产品软件所 主页 / 004 个人空间 / 个人空间 - 王新宇","其他","2023-09-15 11:28:42","未知用户 (wangxinyu20)","否","http://dmtks.hisense.com/pages/viewpage.action?pageId=221307281"
"RBRJJSS","日本产品软件所","188660738","167324908","004 个人空间","个人空间 - 王济洋","2","12","日本产品软件所 主页 / 004 个人空间 / 个人空间 - 王济洋","其他","2022-12-01 13:58:44","王济洋","否","http://dmtks.hisense.com/pages/viewpage.action?pageId=188660738"
"RBRJJSS","日本产品软件所","261723367","167324908","004 个人空间","个人空间 - 王绍鹏","2","13","日本产品软件所 主页 / 004 个人空间 / 个人空间 - 王绍鹏","其他","2024-08-19 19:19:43","王绍鹏","否","http://dmtks.hisense.com/pages/viewpage.action?pageId=261723367"
"RBRJJSS","日本产品软件所","167330902","167324908","004 个人空间","个人空间 - 王衍平","2","14","日本产品软件所 主页 / 004 个人空间 / 个人空间 - 王衍平","其他","2026-02-25 10:05:41","王衍平","否","http://dmtks.hisense.com/pages/viewpage.action?pageId=167330902"
"RBRJJSS","日本产品软件所","221309245","167324908","004 个人空间","个人空间 - 王超","2","15","日本产品软件所 主页 / 004 个人空间 / 个人空间 - 王超","其他","2023-09-13 14:34:57","王超","否","http://dmtks.hisense.com/pages/viewpage.action?pageId=221309245"
"RBRJJSS","日本产品软件所","154215661","167324908","004 个人空间","个人空间 - 罗宝翔","2","16","日本产品软件所 主页 / 004 个人空间 / 个人空间 - 罗宝翔","其他","2022-06-10 15:58:24","未知用户 (luobaoxiang)","否","http://dmtks.hisense.com/pages/viewpage.action?pageId=154215661"
"RBRJJSS","日本产品软件所","171416930","167324908","004 个人空间","个人空间 - 苏正涛","2","17","日本产品软件所 主页 / 004 个人空间 / 个人空间 - 苏正涛","其他","2022-07-13 11:45:50","苏正涛","否","http://dmtks.hisense.com/pages/viewpage.action?pageId=171416930"
"RBRJJSS","日本产品软件所","154216008","167324908","004 个人空间","个人空间 - 许小雪","2","18","日本产品软件所 主页 / 004 个人空间 / 个人空间 - 许小雪","其他","2022-06-15 11:59:34","许小雪","否","http://dmtks.hisense.com/pages/viewpage.action?pageId=154216008"
"RBRJJSS","日本产品软件所","279531009","167324908","004 个人空间","个人空间 - 韩啸","2","19","日本产品软件所 主页 / 004 个人空间 / 个人空间 - 韩啸","其他","2024-12-03 14:56:14","韓嘯/HanXiao","否","http://dmtks.hisense.com/pages/viewpage.action?pageId=279531009"
"RBRJJSS","日本产品软件所","321261546","167324908","004 个人空间","个人空间 - 顾祥娣","2","20","日本产品软件所 主页 / 004 个人空间 / 个人空间 - 顾祥娣","其他","2025-08-07 16:40:46","未知用户 (guxiangdi.ex)","否","http://dmtks.hisense.com/pages/viewpage.action?pageId=321261546"
"RBRJJSS","日本产品软件所","172265150","167324908","004 个人空间","个人空间-刘东东","2","21","日本产品软件所 主页 / 004 个人空间 / 个人空间-刘东东","其他","2022-09-09 15:28:23","刘东东","否","http://dmtks.hisense.com/pages/viewpage.action?pageId=172265150"
"RBRJJSS","日本产品软件所","261719285","167324908","004 个人空间","个人空间-单晓雯","2","22","日本产品软件所 主页 / 004 个人空间 / 个人空间-单晓雯","其他","2024-11-21 12:52:58","单晓雯","否","http://dmtks.hisense.com/pages/viewpage.action?pageId=261719285"
"RBRJJSS","日本产品软件所","177150787","167324908","004 个人空间","个人空间-孙彦梅","2","23","日本产品软件所 主页 / 004 个人空间 / 个人空间-孙彦梅","其他","2022-08-30 16:25:48","未知用户 (sunyanmei)","否","http://dmtks.hisense.com/pages/viewpage.action?pageId=177150787"
"RBRJJSS","日本产品软件所","261719197","167324908","004 个人空间","个人空间-李雨熹","2","24","日本产品软件所 主页 / 004 个人空间 / 个人空间-李雨熹","其他","2024-08-16 19:56:20","未知用户 (liyuxi)","否","http://dmtks.hisense.com/pages/viewpage.action?pageId=261719197"
"RBRJJSS","日本产品软件所","295889983","164839871","日本产品软件所 主页","005 团队管理","1","5","日本产品软件所 主页 / 005 团队管理","项目管理","2025-03-27 16:53:42","李文龙","否","http://dmtks.hisense.com/pages/viewpage.action?pageId=295889983"
"RBRJJSS","日本产品软件所","302730438","164839871","日本产品软件所 主页","006 AI专区","1","6","日本产品软件所 主页 / 006 AI专区","其他","2025-04-29 17:12:39","张磊","否","http://dmtks.hisense.com/pages/viewpage.action?pageId=302730438"
"RBRJJSS","日本产品软件所","302730450","302730438","006 AI专区","AI可以完成的任务收集-2025.4","2","1","日本产品软件所 主页 / 006 AI专区 / AI可以完成的任务收集-2025.4","项目管理","2025-04-30 08:11:45","王绍鹏","否","http://dmtks.hisense.com/pages/viewpage.action?pageId=302730450"
"RBRJJSS","日本产品软件所","303917826","302730438","006 AI专区","AI提效路径与目标","2","2","日本产品软件所 主页 / 006 AI专区 / AI提效路径与目标","其他","2025-05-16 16:33:18","李文龙","否","http://dmtks.hisense.com/pages/viewpage.action?pageId=303917826"
"RBRJJSS","日本产品软件所","167324911","164839871","日本产品软件所 主页","999 其他","1","7","日本产品软件所 主页 / 999 其他","其他","2022-06-09 11:56:58","王济洋","否","http://dmtks.hisense.com/pages/viewpage.action?pageId=167324911"
"RBRJJSS","日本产品软件所","221306332","167324911","999 其他","2023年下半年任职资格公示","2","1","日本产品软件所 主页 / 999 其他 / 2023年下半年任职资格公示","其他","2023-11-28 11:16:28","张磊","否","http://dmtks.hisense.com/pages/viewpage.action?pageId=221306332"
"RBRJJSS","日本产品软件所","220354352","167324911","999 其他","2023年下半年招聘","2","2","日本产品软件所 主页 / 999 其他 / 2023年下半年招聘","其他","2023-12-13 15:46:35","何宏磊","否","http://dmtks.hisense.com/pages/viewpage.action?pageId=220354352"
"RBRJJSS","日本产品软件所","205689292","167324911","999 其他","2023年任职资格公示","2","3","日本产品软件所 主页 / 999 其他 / 2023年任职资格公示","其他","2023-03-31 13:15:51","王济洋","否","http://dmtks.hisense.com/pages/viewpage.action?pageId=205689292"
"RBRJJSS","日本产品软件所","228332386","167324911","999 其他","2024年上半年招聘","2","4","日本产品软件所 主页 / 999 其他 / 2024年上半年招聘","其他","2024-03-30 10:15:07","何宏磊","否","http://dmtks.hisense.com/pages/viewpage.action?pageId=228332386"
"RBRJJSS","日本产品软件所","231047161","167324911","999 其他","2024年专利申请","2","5","日本产品软件所 主页 / 999 其他 / 2024年专利申请","其他","2024-03-14 10:20:57","刘东东","否","http://dmtks.hisense.com/pages/viewpage.action?pageId=231047161"
"RBRJJSS","日本产品软件所","201042188","167324911","999 其他","人工时已填情况查询","2","6","日本产品软件所 主页 / 999 其他 / 人工时已填情况查询","其他","2023-03-01 10:37:22","王济洋","否","http://dmtks.hisense.com/pages/viewpage.action?pageId=201042188"
"RBRJJSS","日本产品软件所","178596675","167324911","999 其他","信息排查","2","7","日本产品软件所 主页 / 999 其他 / 信息排查","其他","2022-09-07 13:06:26","王济洋","否","http://dmtks.hisense.com/pages/viewpage.action?pageId=178596675"
"RBRJJSS","日本产品软件所","170527477","167324911","999 其他","值日安排","2","8","日本产品软件所 主页 / 999 其他 / 值日安排","其他","2022-07-04 16:10:43","王济洋","否","http://dmtks.hisense.com/pages/viewpage.action?pageId=170527477"
"RBRJJSS","日本产品软件所","219568110","167324911","999 其他","日本专线路由器使用台账","2","9","日本产品软件所 主页 / 999 其他 / 日本专线路由器使用台账","其他","2024-10-09 09:59:39","苏正涛","否","http://dmtks.hisense.com/pages/viewpage.action?pageId=219568110"
"RBRJJSS","日本产品软件所","236730187","167324911","999 其他","日本软件系统技术室+职位说明书","2","10","日本产品软件所 主页 / 999 其他 / 日本软件系统技术室+职位说明书","其他","2024-04-30 16:51:30","李文龙","否","http://dmtks.hisense.com/pages/viewpage.action?pageId=236730187"
"RBRJJSS","日本产品软件所","199900855","167324911","999 其他","月度工作任务书模板","2","11","日本产品软件所 主页 / 999 其他 / 月度工作任务书模板","规范与流程","2023-02-24 10:45:32","王济洋","否","http://dmtks.hisense.com/pages/viewpage.action?pageId=199900855"
"RBRJJSS","日本产品软件所","167330138","167324911","999 其他","科室经费","2","12","日本产品软件所 主页 / 999 其他 / 科室经费","其他","2026-03-18 15:29:20","李文龙","否","http://dmtks.hisense.com/pages/viewpage.action?pageId=167330138"
"RBRJJSS","日本产品软件所","178608056","164839871","日本产品软件所 主页","Develop Process","1","8","日本产品软件所 主页 / Develop Process","其他","2022-09-09 16:43:26","李文龙","否","http://dmtks.hisense.com/display/RBRJJSS/Develop+Process"
"RBRJJSS","日本产品软件所","177866379","178608056","Develop Process","Coding Rule→日译汉","2","1","日本产品软件所 主页 / Develop Process / Coding Rule→日译汉","其他","2022-09-01 19:08:59","王绍鹏","否","http://dmtks.hisense.com/pages/viewpage.action?pageId=177866379"
"RBRJJSS","日本产品软件所","171416596","178608056","Develop Process","MT9900 Regza World数据部署","2","2","日本产品软件所 主页 / Develop Process / MT9900 Regza World数据部署","数据与质量","2022-10-21 14:44:44","李文龙","否","http://dmtks.hisense.com/pages/viewpage.action?pageId=171416596"
"RBRJJSS","日本产品软件所","173052039","178608056","Develop Process","MT9900 派生机最小系统配置","2","3","日本产品软件所 主页 / Develop Process / MT9900 派生机最小系统配置","其他","2022-10-21 14:45:18","李文龙","否","http://dmtks.hisense.com/pages/viewpage.action?pageId=173052039"
"RBRJJSS","日本产品软件所","182663017","178608056","Develop Process","Quick Checklist for self-check and code reivew","2","4","日本产品软件所 主页 / Develop Process / Quick Checklist for self-check and code reivew","其他","2023-12-15 07:45:06","张磊","否","http://dmtks.hisense.com/display/RBRJJSS/Quick+Checklist+for+self-check+and+code+reivew"
"RBRJJSS","日本产品软件所","203823202","178608056","Develop Process","UT覆盖率不达标或覆盖不到的代码","2","5","日本产品软件所 主页 / Develop Process / UT覆盖率不达标或覆盖不到的代码","其他","2023-03-15 13:37:20","未知用户 (sunyanmei)","否","http://dmtks.hisense.com/pages/viewpage.action?pageId=203823202"
"RBRJJSS","日本产品软件所","182663023","178608056","Develop Process","持续集成 - Continuous Intergration","2","6","日本产品软件所 主页 / Develop Process / 持续集成 - Continuous Intergration","设计与架构","2022-10-21 14:43:22","李文龙","否","http://dmtks.hisense.com/pages/viewpage.action?pageId=182663023"
"RBRJJSS","日本产品软件所","173910811","164839871","日本产品软件所 主页","故障排除文章","1","9","日本产品软件所 主页 / 故障排除文章","问题与复盘","2022-08-03 16:57:42","杨晓涛","否","http://dmtks.hisense.com/pages/viewpage.action?pageId=173910811"
"RBRJJSS","日本产品软件所","232988998","164839871","日本产品软件所 主页","文件列表","1","10","日本产品软件所 主页 / 文件列表","其他","2024-04-17 10:39:49","未知用户 (liwei86)","否","http://dmtks.hisense.com/pages/viewpage.action?pageId=232988998"
"ALK","案例库","54103926","","","案例库","0","1","案例库","其他","2019-05-09 09:39:40","冯美美","否","http://dmtks.hisense.com/pages/viewpage.action?pageId=54103926"
"ALK","案例库","56232922","54103926","案例库","1 技术管理部","1","1","案例库 / 1 技术管理部","项目管理","2019-05-29 17:07:26","王艳","否","http://dmtks.hisense.com/pages/viewpage.action?pageId=56232922"
"ALK","案例库","56232928","54103926","案例库","2 软件研发部","1","2","案例库 / 2 软件研发部","其他","2019-05-29 17:08:25","王艳","否","http://dmtks.hisense.com/pages/viewpage.action?pageId=56232928"
"ALK","案例库","56232932","54103926","案例库","3 硬件研发部","1","3","案例库 / 3 硬件研发部","其他","2019-05-29 17:09:03","王艳","否","http://dmtks.hisense.com/pages/viewpage.action?pageId=56232932"
"ALK","案例库","56232935","54103926","案例库","4 结构设计部","1","4","案例库 / 4 结构设计部","设计与架构","2019-05-29 17:09:24","王艳","否","http://dmtks.hisense.com/pages/viewpage.action?pageId=56232935"
"ALK","案例库","56232939","54103926","案例库","5 研发测试部","1","5","案例库 / 5 研发测试部","测试与验证","2019-05-29 17:10:21","王艳","否","http://dmtks.hisense.com/pages/viewpage.action?pageId=56232939"
"ALK","案例库","56232945","54103926","案例库","6 显示研发部","1","6","案例库 / 6 显示研发部","其他","2019-05-29 17:11:49","王艳","否","http://dmtks.hisense.com/pages/viewpage.action?pageId=56232945"
"ALK","案例库","56232947","54103926","案例库","7 显示研发部","1","7","案例库 / 7 显示研发部","其他","2019-05-29 17:12:07","王艳","否","http://dmtks.hisense.com/pages/viewpage.action?pageId=56232947"
"ALK","案例库","56232960","54103926","案例库","8 深圳研发中心","1","8","案例库 / 8 深圳研发中心","其他","2019-05-29 17:13:07","王艳","否","http://dmtks.hisense.com/pages/viewpage.action?pageId=56232960"
"ALK","案例库","56232962","54103926","案例库","9 武汉研发中心","1","9","案例库 / 9 武汉研发中心","其他","2019-05-29 17:13:24","王艳","否","http://dmtks.hisense.com/pages/viewpage.action?pageId=56232962"
"JUOS","海信JuOS操作系统知识库","187802516","","","海信JuOS操作系统知识库","0","1","海信JuOS操作系统知识库","其他","2025-05-11 22:13:15","何灿","否","http://dmtks.hisense.com/pages/viewpage.action?pageId=187802516"
"JUOS","海信JuOS操作系统知识库","201950109","187802516","海信JuOS操作系统知识库","01. JuOS平台项目信息","1","1","海信JuOS操作系统知识库 / 01. JuOS平台项目信息","项目管理","2025-05-13 10:44:55","王强","否","http://dmtks.hisense.com/pages/viewpage.action?pageId=201950109"
"JUOS","海信JuOS操作系统知识库","303900604","201950109","01. JuOS平台项目信息","00.JuOS软件平台演进","2","1","海信JuOS操作系统知识库 / 01. JuOS平台项目信息 / 00.JuOS软件平台演进","项目管理","2025-06-26 01:51:45","于清晓","否","http://dmtks.hisense.com/pages/viewpage.action?pageId=303900604"
"JUOS","海信JuOS操作系统知识库","216892220","201950109","01. JuOS平台项目信息","01.JuOS版本规划及项目信息","2","2","海信JuOS操作系统知识库 / 01. JuOS平台项目信息 / 01.JuOS版本规划及项目信息","版本与计划","2025-05-13 10:48:24","王强","否","http://dmtks.hisense.com/pages/viewpage.action?pageId=216892220"
"JUOS","海信JuOS操作系统知识库","202778187","201950109","01. JuOS平台项目信息","02.JuOS平台周报","2","3","海信JuOS操作系统知识库 / 01. JuOS平台项目信息 / 02.JuOS平台周报","项目管理","2025-05-13 10:38:35","王强","否","http://dmtks.hisense.com/pages/viewpage.action?pageId=202778187"
"JUOS","海信JuOS操作系统知识库","213419721","201950109","01. JuOS平台项目信息","03.过程管理","2","4","海信JuOS操作系统知识库 / 01. JuOS平台项目信息 / 03.过程管理","项目管理","2025-05-12 20:51:28","王强","否","http://dmtks.hisense.com/pages/viewpage.action?pageId=213419721"
"JUOS","海信JuOS操作系统知识库","217778204","201950109","01. JuOS平台项目信息","04.项目基本信息管理","2","5","海信JuOS操作系统知识库 / 01. JuOS平台项目信息 / 04.项目基本信息管理","项目管理","2025-05-12 20:51:37","王强","否","http://dmtks.hisense.com/pages/viewpage.action?pageId=217778204"
"JUOS","海信JuOS操作系统知识库","222802361","201950109","01. JuOS平台项目信息","05.持续改进","2","6","海信JuOS操作系统知识库 / 01. JuOS平台项目信息 / 05.持续改进","项目管理","2025-05-12 20:50:02","王强","否","http://dmtks.hisense.com/pages/viewpage.action?pageId=222802361"
"JUOS","海信JuOS操作系统知识库","187817100","187802516","海信JuOS操作系统知识库","02. 知识库","1","2","海信JuOS操作系统知识库 / 02. 知识库","其他","2023-07-17 15:58:58","肖成创","否","http://dmtks.hisense.com/pages/viewpage.action?pageId=187817100"
"JUOS","海信JuOS操作系统知识库","222813128","187817100","02. 知识库","00.JuOS知识库补充计划","2","1","海信JuOS操作系统知识库 / 02. 知识库 / 00.JuOS知识库补充计划","版本与计划","2024-01-02 09:24:39","王强","否","http://dmtks.hisense.com/pages/viewpage.action?pageId=222813128"
"JUOS","海信JuOS操作系统知识库","224235396","187817100","02. 知识库","01.系统框架","2","2","海信JuOS操作系统知识库 / 02. 知识库 / 01.系统框架","其他","2023-12-18 09:52:38","贾亚洲","否","http://dmtks.hisense.com/pages/viewpage.action?pageId=224235396"
"JUOS","海信JuOS操作系统知识库","224235403","187817100","02. 知识库","02.多媒体","2","3","海信JuOS操作系统知识库 / 02. 知识库 / 02.多媒体","其他","2023-11-27 14:08:41","朱宗花","否","http://dmtks.hisense.com/pages/viewpage.action?pageId=224235403"
"JUOS","海信JuOS操作系统知识库","224235409","187817100","02. 知识库","03.终端互联","2","4","海信JuOS操作系统知识库 / 02. 知识库 / 03.终端互联","其他","2023-11-10 11:09:38","王强","否","http://dmtks.hisense.com/pages/viewpage.action?pageId=224235409"
"JUOS","海信JuOS操作系统知识库","224235406","187817100","02. 知识库","04.性能调优","2","5","海信JuOS操作系统知识库 / 02. 知识库 / 04.性能调优","其他","2023-11-10 11:09:30","王强","否","http://dmtks.hisense.com/pages/viewpage.action?pageId=224235406"
"JUOS","海信JuOS操作系统知识库","217348000","187817100","02. 知识库","05. 电视广播","2","6","海信JuOS操作系统知识库 / 02. 知识库 / 05. 电视广播","其他","2023-11-10 15:31:03","王强","否","http://dmtks.hisense.com/pages/viewpage.action?pageId=217348000"
"JUOS","海信JuOS操作系统知识库","224235414","187817100","02. 知识库","06.WEB技术","2","7","海信JuOS操作系统知识库 / 02. 知识库 / 06.WEB技术","其他","2023-11-10 11:07:52","王强","否","http://dmtks.hisense.com/pages/viewpage.action?pageId=224235414"
"JUOS","海信JuOS操作系统知识库","190362892","187817100","02. 知识库","07. 应用平台","2","8","海信JuOS操作系统知识库 / 02. 知识库 / 07. 应用平台","其他","2023-12-05 18:13:53","卢可敬","否","http://dmtks.hisense.com/pages/viewpage.action?pageId=190362892"
"JUOS","海信JuOS操作系统知识库","187817133","187817100","02. 知识库","01. 技术文档","2","9","海信JuOS操作系统知识库 / 02. 知识库 / 01. 技术文档","规范与流程","2023-03-07 15:48:18","贾亚洲","否","http://dmtks.hisense.com/pages/viewpage.action?pageId=187817133"
"JUOS","海信JuOS操作系统知识库","187817183","187817100","02. 知识库","03. 工具与调试","2","10","海信JuOS操作系统知识库 / 02. 知识库 / 03. 工具与调试","其他","2022-12-08 15:09:20","吴汉勇","否","http://dmtks.hisense.com/pages/viewpage.action?pageId=187817183"
"JUOS","海信JuOS操作系统知识库","190362787","187817100","02. 知识库","04. 知识分享","2","11","海信JuOS操作系统知识库 / 02. 知识库 / 04. 知识分享","其他","2022-12-08 13:55:01","吴汉勇","否","http://dmtks.hisense.com/pages/viewpage.action?pageId=190362787"
"JUOS","海信JuOS操作系统知识库","218159203","187817100","02. 知识库","07.技术模块","2","12","海信JuOS操作系统知识库 / 02. 知识库 / 07.技术模块","其他","2023-07-31 17:22:05","贾亚洲","否","http://dmtks.hisense.com/pages/viewpage.action?pageId=218159203"
"JUOS","海信JuOS操作系统知识库","221307053","187817100","02. 知识库","08.JuOS能力提升的专项课题-内外部培训","2","13","海信JuOS操作系统知识库 / 02. 知识库 / 08.JuOS能力提升的专项课题-内外部培训","培训与知识","2023-09-12 17:29:20","贾亚洲","否","http://dmtks.hisense.com/pages/viewpage.action?pageId=221307053"
"JUOS","海信JuOS操作系统知识库","230147881","187817100","02. 知识库","09. 系统基础库","2","14","海信JuOS操作系统知识库 / 02. 知识库 / 09. 系统基础库","其他","2024-02-27 18:03:54","贾亚洲","否","http://dmtks.hisense.com/pages/viewpage.action?pageId=230147881"
"JUOS","海信JuOS操作系统知识库","238872717","187817100","02. 知识库","10.Android Bootcamp","2","15","海信JuOS操作系统知识库 / 02. 知识库 / 10.Android Bootcamp","其他","2024-07-13 16:43:39","纪开虎","否","http://dmtks.hisense.com/display/JUOS/10.Android+Bootcamp"
"JUOS","海信JuOS操作系统知识库","243899759","187817100","02. 知识库","08.项目管理","2","16","海信JuOS操作系统知识库 / 02. 知识库 / 08.项目管理","项目管理","2024-07-31 16:43:16","王强","否","http://dmtks.hisense.com/pages/viewpage.action?pageId=243899759"
"JUOS","海信JuOS操作系统知识库","190350836","187802516","海信JuOS操作系统知识库","03.需求规划","1","3","海信JuOS操作系统知识库 / 03.需求规划","需求与功能","2025-05-11 22:14:40","何灿","否","http://dmtks.hisense.com/pages/viewpage.action?pageId=190350836"
"JUOS","海信JuOS操作系统知识库","198350133","190350836","03.需求规划","00.[HPA]技术需求规划流程及文档","2","1","海信JuOS操作系统知识库 / 03.需求规划 / 00.[HPA]技术需求规划流程及文档","需求与功能","2023-02-14 10:33:44","贾亚洲","否","http://dmtks.hisense.com/pages/viewpage.action?pageId=198350133"
"JUOS","海信JuOS操作系统知识库","198347845","190350836","03.需求规划","00.需求收集TODOList","2","2","海信JuOS操作系统知识库 / 03.需求规划 / 00.需求收集TODOList","需求与功能","2025-05-26 08:55:19","黄玖法","否","http://dmtks.hisense.com/pages/viewpage.action?pageId=198347845"
"JUOS","海信JuOS操作系统知识库","190350857","190350836","03.需求规划","01. 竞品分析","2","3","海信JuOS操作系统知识库 / 03.需求规划 / 01. 竞品分析","需求与功能","2022-12-08 15:09:31","吴汉勇","否","http://dmtks.hisense.com/pages/viewpage.action?pageId=190350857"
"JUOS","海信JuOS操作系统知识库","190359257","190350836","03.需求规划","02. 项目遗留","2","4","海信JuOS操作系统知识库 / 03.需求规划 / 02. 项目遗留","需求与功能","2022-12-07 14:45:55","吴汉勇","否","http://dmtks.hisense.com/pages/viewpage.action?pageId=190359257"
"JUOS","海信JuOS操作系统知识库","190359289","190350836","03.需求规划","03. 年度规划","2","5","海信JuOS操作系统知识库 / 03.需求规划 / 03. 年度规划","需求与功能","2022-12-07 14:49:08","吴汉勇","否","http://dmtks.hisense.com/pages/viewpage.action?pageId=190359289"
"JUOS","海信JuOS操作系统知识库","201039174","190350836","03.需求规划","04. 需求论证","2","6","海信JuOS操作系统知识库 / 03.需求规划 / 04. 需求论证","需求与功能","2024-07-02 10:58:08","黄玖法","否","http://dmtks.hisense.com/pages/viewpage.action?pageId=201039174"
"JUOS","海信JuOS操作系统知识库","201950107","190350836","03.需求规划","05. 版本规划","2","7","海信JuOS操作系统知识库 / 03.需求规划 / 05. 版本规划","需求与功能","2023-03-06 09:22:40","贾亚洲","否","http://dmtks.hisense.com/pages/viewpage.action?pageId=201950107"
"JUOS","海信JuOS操作系统知识库","259455598","190350836","03.需求规划","06.需求设计(SRS)","2","8","海信JuOS操作系统知识库 / 03.需求规划 / 06.需求设计(SRS)","需求与功能","2024-08-16 10:03:52","姜伟伟","否","http://dmtks.hisense.com/pages/viewpage.action?pageId=259455598"
"JUOS","海信JuOS操作系统知识库","303902430","190350836","03.需求规划","07. 方案商沟通","2","9","海信JuOS操作系统知识库 / 03.需求规划 / 07. 方案商沟通","需求与功能","2025-05-12 15:52:30","王强","否","http://dmtks.hisense.com/pages/viewpage.action?pageId=303902430"
"JUOS","海信JuOS操作系统知识库","197527615","187802516","海信JuOS操作系统知识库","04. 信息与资源","1","4","海信JuOS操作系统知识库 / 04. 信息与资源","其他","2025-05-11 22:14:57","何灿","否","http://dmtks.hisense.com/pages/viewpage.action?pageId=197527615"
"JUOS","海信JuOS操作系统知识库","197527617","197527615","04. 信息与资源","01. 竞品","2","1","海信JuOS操作系统知识库 / 04. 信息与资源 / 01. 竞品","其他","2025-05-11 22:15:02","何灿","否","http://dmtks.hisense.com/pages/viewpage.action?pageId=197527617"
"JUOS","海信JuOS操作系统知识库","204747718","197527615","04. 信息与资源","02. 发布会","2","2","海信JuOS操作系统知识库 / 04. 信息与资源 / 02. 发布会","其他","2025-05-11 22:15:17","何灿","否","http://dmtks.hisense.com/pages/viewpage.action?pageId=204747718"
"JUOS","海信JuOS操作系统知识库","218143193","197527615","04. 信息与资源","03.临时-市奖指标测试统计","2","3","海信JuOS操作系统知识库 / 04. 信息与资源 / 03.临时-市奖指标测试统计","测试与验证","2023-07-28 11:21:45","陈秀强","否","http://dmtks.hisense.com/pages/viewpage.action?pageId=218143193"
"JUOS","海信JuOS操作系统知识库","219566859","187802516","海信JuOS操作系统知识库","05.流程规范","1","5","海信JuOS操作系统知识库 / 05.流程规范","规范与流程","2025-05-12 11:14:11","王强","否","http://dmtks.hisense.com/pages/viewpage.action?pageId=219566859"
"JUOS","海信JuOS操作系统知识库","204743037","219566859","05.流程规范","01. 代码分支管理","2","1","海信JuOS操作系统知识库 / 05.流程规范 / 01. 代码分支管理","规范与流程","2023-11-09 14:27:02","王强","否","http://dmtks.hisense.com/pages/viewpage.action?pageId=204743037"
"JUOS","海信JuOS操作系统知识库","207402513","219566859","05.流程规范","02. 需求规划","2","2","海信JuOS操作系统知识库 / 05.流程规范 / 02. 需求规划","需求与功能","2023-11-09 14:27:15","王强","否","http://dmtks.hisense.com/pages/viewpage.action?pageId=207402513"
"JUOS","海信JuOS操作系统知识库","207402517","219566859","05.流程规范","03. 版本开发","2","3","海信JuOS操作系统知识库 / 05.流程规范 / 03. 版本开发","版本与计划","2024-01-30 16:28:42","黄玖法","否","http://dmtks.hisense.com/pages/viewpage.action?pageId=207402517"
"JUOS","海信JuOS操作系统知识库","207402525","219566859","05.流程规范","04. 版本测试","2","4","海信JuOS操作系统知识库 / 05.流程规范 / 04. 版本测试","测试与验证","2023-11-09 14:29:38","王强","否","http://dmtks.hisense.com/pages/viewpage.action?pageId=207402525"
"JUOS","海信JuOS操作系统知识库","204745636","219566859","05.流程规范","05. NPI导入","2","5","海信JuOS操作系统知识库 / 05.流程规范 / 05. NPI导入","规范与流程","2023-03-22 16:39:48","贾亚洲","否","http://dmtks.hisense.com/pages/viewpage.action?pageId=204745636"
"JUOS","海信JuOS操作系统知识库","207402503","219566859","05.流程规范","06. 应市导入","2","6","海信JuOS操作系统知识库 / 05.流程规范 / 06. 应市导入","规范与流程","2023-11-09 14:29:49","王强","否","http://dmtks.hisense.com/pages/viewpage.action?pageId=207402503"
"JUOS","海信JuOS操作系统知识库","207402533","219566859","05.流程规范","07. 功能规格检项","2","7","海信JuOS操作系统知识库 / 05.流程规范 / 07. 功能规格检项","规范与流程","2023-11-09 14:30:41","王强","否","http://dmtks.hisense.com/pages/viewpage.action?pageId=207402533"
"JUOS","海信JuOS操作系统知识库","221848467","219566859","05.流程规范","08. 版本发布","2","8","海信JuOS操作系统知识库 / 05.流程规范 / 08. 版本发布","版本与计划","2023-11-09 14:30:54","王强","否","http://dmtks.hisense.com/pages/viewpage.action?pageId=221848467"
"JUOS","海信JuOS操作系统知识库","203831949","219566859","05.流程规范","09. 安全","2","9","海信JuOS操作系统知识库 / 05.流程规范 / 09. 安全","规范与流程","2023-11-09 14:32:07","王强","否","http://dmtks.hisense.com/pages/viewpage.action?pageId=203831949"
"JUOS","海信JuOS操作系统知识库","204743025","219566859","05.流程规范","10. JTS","2","10","海信JuOS操作系统知识库 / 05.流程规范 / 10. JTS","规范与流程","2023-11-09 14:32:39","王强","否","http://dmtks.hisense.com/display/JUOS/10.+JTS"
"JUOS","海信JuOS操作系统知识库","220358377","219566859","05.流程规范","11.0 JuOS版本 性能要求","2","11","海信JuOS操作系统知识库 / 05.流程规范 / 11.0 JuOS版本 性能要求","版本与计划","2023-11-09 14:32:51","王强","否","http://dmtks.hisense.com/pages/viewpage.action?pageId=220358377"
"JUOS","海信JuOS操作系统知识库","228332843","219566859","05.流程规范","12.JUOS平台主干管理","2","12","海信JuOS操作系统知识库 / 05.流程规范 / 12.JUOS平台主干管理","规范与流程","2024-02-23 09:19:17","王强","否","http://dmtks.hisense.com/pages/viewpage.action?pageId=228332843"
"JUOS","海信JuOS操作系统知识库","229430372","219566859","05.流程规范","13. JuOS CI","2","13","海信JuOS操作系统知识库 / 05.流程规范 / 13. JuOS CI","规范与流程","2024-02-18 09:36:03","贾亚洲","否","http://dmtks.hisense.com/display/JUOS/13.+JuOS+CI"
"JUOS","海信JuOS操作系统知识库","236719596","219566859","05.流程规范","14. 月度点检（质量部）","2","14","海信JuOS操作系统知识库 / 05.流程规范 / 14. 月度点检（质量部）","规范与流程","2024-04-28 17:54:59","王强","否","http://dmtks.hisense.com/pages/viewpage.action?pageId=236719596"
"JUOS","海信JuOS操作系统知识库","291488917","219566859","05.流程规范","15. SBOM指标制定","2","15","海信JuOS操作系统知识库 / 05.流程规范 / 15. SBOM指标制定","规范与流程","2025-02-25 20:15:46","王强","否","http://dmtks.hisense.com/pages/viewpage.action?pageId=291488917"
"JUOS","海信JuOS操作系统知识库","291489968","219566859","05.流程规范","16.产品机型及CI流水线命名规则","2","16","海信JuOS操作系统知识库 / 05.流程规范 / 16.产品机型及CI流水线命名规则","规范与流程","2025-02-26 11:04:01","王强","否","http://dmtks.hisense.com/pages/viewpage.action?pageId=291489968"
"JUOS","海信JuOS操作系统知识库","187808141","219566859","05.流程规范","17. 版本管理","2","17","海信JuOS操作系统知识库 / 05.流程规范 / 17. 版本管理","版本与计划","2025-05-13 10:36:40","王强","否","http://dmtks.hisense.com/pages/viewpage.action?pageId=187808141"
"JUOS","海信JuOS操作系统知识库","234519670","219566859","05.流程规范","18.Release Note模版","2","18","海信JuOS操作系统知识库 / 05.流程规范 / 18.Release Note模版","版本与计划","2025-05-13 10:36:57","王强","否","http://dmtks.hisense.com/pages/viewpage.action?pageId=234519670"
"JUOS","海信JuOS操作系统知识库","313794005","219566859","05.流程规范","20. JIRA任务创建与关闭规范","2","19","海信JuOS操作系统知识库 / 05.流程规范 / 20. JIRA任务创建与关闭规范","规范与流程","2025-07-07 09:16:22","王强","否","http://dmtks.hisense.com/pages/viewpage.action?pageId=313794005"
"JUOS","海信JuOS操作系统知识库","313815839","219566859","05.流程规范","21. 软件开发规范指导","2","20","海信JuOS操作系统知识库 / 05.流程规范 / 21. 软件开发规范指导","规范与流程","2025-09-06 13:47:54","王强","否","http://dmtks.hisense.com/pages/viewpage.action?pageId=313815839"
"JUOS","海信JuOS操作系统知识库","216895581","187802516","海信JuOS操作系统知识库","06.竞品分析","1","6","海信JuOS操作系统知识库 / 06.竞品分析","问题与复盘","2025-05-11 22:15:56","何灿","否","http://dmtks.hisense.com/pages/viewpage.action?pageId=216895581"
"JUOS","海信JuOS操作系统知识库","220344252","216895581","06.竞品分析","竞品对标及性能测试数据","2","1","海信JuOS操作系统知识库 / 06.竞品分析 / 竞品对标及性能测试数据","测试与验证","2026-04-30 09:06:35","姜文祥.ex","否","http://dmtks.hisense.com/pages/viewpage.action?pageId=220344252"
"JUOS","海信JuOS操作系统知识库","216895598","216895581","06.竞品分析","01.竞品测试方法","2","2","海信JuOS操作系统知识库 / 06.竞品分析 / 01.竞品测试方法","测试与验证","2023-06-27 11:28:32","纪开虎","否","http://dmtks.hisense.com/pages/viewpage.action?pageId=216895598"
"JUOS","海信JuOS操作系统知识库","222306404","216895581","06.竞品分析","竞品分析系统需求收集","2","3","海信JuOS操作系统知识库 / 06.竞品分析 / 竞品分析系统需求收集","需求与功能","2024-12-12 10:27:13","吕彦斐","否","http://dmtks.hisense.com/pages/viewpage.action?pageId=222306404"
"JUOS","海信JuOS操作系统知识库","228331959","187802516","海信JuOS操作系统知识库","07.NPS","1","7","海信JuOS操作系统知识库 / 07.NPS","问题与复盘","2025-05-11 22:16:19","何灿","否","http://dmtks.hisense.com/display/JUOS/07.NPS"
"JUOS","海信JuOS操作系统知识库","228333359","228331959","07.NPS","内销NPS","2","1","海信JuOS操作系统知识库 / 07.NPS / 内销NPS","问题与复盘","2024-03-04 10:37:22","吕彦斐","否","http://dmtks.hisense.com/pages/viewpage.action?pageId=228333359"
"JUOS","海信JuOS操作系统知识库","228333366","228331959","07.NPS","美国NPS","2","2","海信JuOS操作系统知识库 / 07.NPS / 美国NPS","问题与复盘","2024-03-04 10:36:46","吕彦斐","否","http://dmtks.hisense.com/pages/viewpage.action?pageId=228333366"
"JUOS","海信JuOS操作系统知识库","259428111","187802516","海信JuOS操作系统知识库","08. AI Macey效率提升","1","8","海信JuOS操作系统知识库 / 08. AI Macey效率提升","其他","2025-05-13 09:20:03","王强","否","http://dmtks.hisense.com/pages/viewpage.action?pageId=259428111"
"JUOS","海信JuOS操作系统知识库","289955045","259428111","08. AI Macey效率提升","2024","2","1","海信JuOS操作系统知识库 / 08. AI Macey效率提升 / 2024","其他","2025-05-11 22:13:38","何灿","否","http://dmtks.hisense.com/display/JUOS/2024"
"JUOS","海信JuOS操作系统知识库","289955048","259428111","08. AI Macey效率提升","2025","2","2","海信JuOS操作系统知识库 / 08. AI Macey效率提升 / 2025","其他","2025-05-11 22:13:28","何灿","否","http://dmtks.hisense.com/display/JUOS/2025"
"JUOS","海信JuOS操作系统知识库","299028777","259428111","08. AI Macey效率提升","handouts","2","3","海信JuOS操作系统知识库 / 08. AI Macey效率提升 / handouts","其他","2025-05-11 22:13:44","何灿","否","http://dmtks.hisense.com/display/JUOS/handouts"
"JUOS","海信JuOS操作系统知识库","326695492","259428111","08. AI Macey效率提升","Macey3.0","2","4","海信JuOS操作系统知识库 / 08. AI Macey效率提升 / Macey3.0","其他","2025-09-19 19:33:47","孙超","否","http://dmtks.hisense.com/display/JUOS/Macey3.0"
"JUOS","海信JuOS操作系统知识库","269486194","187802516","海信JuOS操作系统知识库","09. JuOS Architecture Team","1","9","海信JuOS操作系统知识库 / 09. JuOS Architecture Team","设计与架构","2025-05-12 20:45:51","王强","否","http://dmtks.hisense.com/display/JUOS/09.+JuOS+Architecture+Team"
"JUOS","海信JuOS操作系统知识库","269486243","269486194","09. JuOS Architecture Team","JuOS Architecture","2","1","海信JuOS操作系统知识库 / 09. JuOS Architecture Team / JuOS Architecture","设计与架构","2024-09-26 20:36:15","贾亚洲","否","http://dmtks.hisense.com/display/JUOS/JuOS+Architecture"
"JUOS","海信JuOS操作系统知识库","312513137","269486194","09. JuOS Architecture Team","JuOS Workflow","2","2","海信JuOS操作系统知识库 / 09. JuOS Architecture Team / JuOS Workflow","设计与架构","2025-06-30 15:46:23","贾亚洲","否","http://dmtks.hisense.com/display/JUOS/JuOS+Workflow"
"JUOS","海信JuOS操作系统知识库","269486245","269486194","09. JuOS Architecture Team","JuOS Development Guidelin","2","3","海信JuOS操作系统知识库 / 09. JuOS Architecture Team / JuOS Development Guidelin","设计与架构","2025-03-24 11:08:02","贾亚洲","否","http://dmtks.hisense.com/display/JUOS/JuOS+Development+Guidelin"
"JUOS","海信JuOS操作系统知识库","269486247","269486194","09. JuOS Architecture Team","JuOS Mainline Design","2","4","海信JuOS操作系统知识库 / 09. JuOS Architecture Team / JuOS Mainline Design","设计与架构","2025-06-30 16:39:36","贾亚洲","否","http://dmtks.hisense.com/display/JUOS/JuOS+Mainline+Design"
"JUOS","海信JuOS操作系统知识库","282678450","269486194","09. JuOS Architecture Team","JuOS SBOM Design","2","5","海信JuOS操作系统知识库 / 09. JuOS Architecture Team / JuOS SBOM Design","设计与架构","2025-06-30 15:49:21","贾亚洲","否","http://dmtks.hisense.com/display/JUOS/JuOS+SBOM+Design"
"JUOS","海信JuOS操作系统知识库","269486202","269486194","09. JuOS Architecture Team","JuOS Feature Design Process","2","6","海信JuOS操作系统知识库 / 09. JuOS Architecture Team / JuOS Feature Design Process","需求与功能","2025-05-08 13:19:00","孙哲","否","http://dmtks.hisense.com/display/JUOS/JuOS+Feature+Design+Process"
"JUOS","海信JuOS操作系统知识库","276379808","269486194","09. JuOS Architecture Team","JuOS Product配置规则","2","7","海信JuOS操作系统知识库 / 09. JuOS Architecture Team / JuOS Product配置规则","设计与架构","2024-11-12 15:47:07","贾亚洲","否","http://dmtks.hisense.com/pages/viewpage.action?pageId=276379808"
"JUOS","海信JuOS操作系统知识库","291500835","269486194","09. JuOS Architecture Team","JUOS版本(SBOM)定点发车","2","8","海信JuOS操作系统知识库 / 09. JuOS Architecture Team / JUOS版本(SBOM)定点发车","设计与架构","2025-03-13 10:57:52","王强","否","http://dmtks.hisense.com/pages/viewpage.action?pageId=291500835"
"JUOS","海信JuOS操作系统知识库","294913504","269486194","09. JuOS Architecture Team","SBOM KPI指标制定","2","9","海信JuOS操作系统知识库 / 09. JuOS Architecture Team / SBOM KPI指标制定","设计与架构","2025-05-16 17:03:55","王强","否","http://dmtks.hisense.com/pages/viewpage.action?pageId=294913504"
"JUOS","海信JuOS操作系统知识库","295887162","269486194","09. JuOS Architecture Team","SBOM数字化平台","2","10","海信JuOS操作系统知识库 / 09. JuOS Architecture Team / SBOM数字化平台","设计与架构","2025-03-26 16:28:25","王强","否","http://dmtks.hisense.com/pages/viewpage.action?pageId=295887162"
"JUOS","海信JuOS操作系统知识库","302736502","269486194","09. JuOS Architecture Team","JuOS Autotest","2","11","海信JuOS操作系统知识库 / 09. JuOS Architecture Team / JuOS Autotest","设计与架构","2025-05-06 17:31:01","贾亚洲","否","http://dmtks.hisense.com/display/JUOS/JuOS+Autotest"
"JUOS","海信JuOS操作系统知识库","312513276","269486194","09. JuOS Architecture Team","JuOS Proof of Concept","2","12","海信JuOS操作系统知识库 / 09. JuOS Architecture Team / JuOS Proof of Concept","设计与架构","2025-06-30 13:44:09","贾亚洲","否","http://dmtks.hisense.com/display/JUOS/JuOS+Proof+of+Concept"
"JUOS","海信JuOS操作系统知识库","234499661","187802516","海信JuOS操作系统知识库","10.OSS","1","10","海信JuOS操作系统知识库 / 10.OSS","其他","2025-05-13 09:20:28","王强","否","http://dmtks.hisense.com/display/JUOS/10.OSS"
"JUOS","海信JuOS操作系统知识库","316542960","234499661","10.OSS","Hisense OSS Rigister","2","1","海信JuOS操作系统知识库 / 10.OSS / Hisense OSS Rigister","其他","2025-07-18 19:09:15","韩鹏飞","否","http://dmtks.hisense.com/display/JUOS/Hisense+OSS+Rigister"
"JUOS","海信JuOS操作系统知识库","232611153","234499661","10.OSS","Hisense OSS/CVE Rigister","2","2","海信JuOS操作系统知识库 / 10.OSS / Hisense OSS/CVE Rigister","其他","2025-07-18 17:26:19","韩鹏飞","否","http://dmtks.hisense.com/pages/viewpage.action?pageId=232611153"
"JUOS","海信JuOS操作系统知识库","232611232","234499661","10.OSS","SDK OSS/CVE Rigister","2","3","海信JuOS操作系统知识库 / 10.OSS / SDK OSS/CVE Rigister","设计与架构","2024-04-11 16:19:08","韩鹏飞","否","http://dmtks.hisense.com/pages/viewpage.action?pageId=232611232"
"JUOS","海信JuOS操作系统知识库","199900822","187802516","海信JuOS操作系统知识库","RVR","1","11","海信JuOS操作系统知识库 / RVR","其他","2025-05-11 22:16:40","何灿","否","http://dmtks.hisense.com/display/JUOS/RVR"
"JUOS","海信JuOS操作系统知识库","164827583","199900822","RVR","2.SteamVR USB串流技术研究与应用","2","1","海信JuOS操作系统知识库 / RVR / 2.SteamVR USB串流技术研究与应用","其他","2022-05-17 09:45:59","贾亚洲","否","http://dmtks.hisense.com/pages/viewpage.action?pageId=164827583"
"JUOS","海信JuOS操作系统知识库","190361479","187802516","海信JuOS操作系统知识库","指导文章","1","12","海信JuOS操作系统知识库 / 指导文章","其他","2022-12-08 10:38:09","王之奎","否","http://dmtks.hisense.com/pages/viewpage.action?pageId=190361479"
"JUOS","海信JuOS操作系统知识库","194354136","187802516","海信JuOS操作系统知识库","故障排除文章","1","13","海信JuOS操作系统知识库 / 故障排除文章","问题与复盘","2023-01-10 15:52:09","纪开虎","否","http://dmtks.hisense.com/pages/viewpage.action?pageId=194354136"
"DZKJSZDSPT","海外数字电视与浏览器开发所","13716865","","","海外数字电视与浏览器开发所 主页","0","1","海外数字电视与浏览器开发所 主页","其他","2025-09-04 17:06:52","娄哲","否","http://dmtks.hisense.com/pages/viewpage.action?pageId=13716865"
"DZKJSZDSPT","海外数字电视与浏览器开发所","122494329","13716865","海外数字电视与浏览器开发所 主页","会议纪要 (2)","1","1","海外数字电视与浏览器开发所 主页 / 会议纪要 (2)","会议与协同","2021-04-22 18:03:12","陈秀强","否","http://dmtks.hisense.com/pages/viewpage.action?pageId=122494329"
"DZKJSZDSPT","海外数字电视与浏览器开发所","146965716","13716865","海外数字电视与浏览器开发所 主页","已分享的链接","1","2","海外数字电视与浏览器开发所 主页 / 已分享的链接","其他","2021-12-06 10:53:01","未知用户 (linchao2)","否","http://dmtks.hisense.com/pages/viewpage.action?pageId=146965716"
"DZKJSZDSPT","海外数字电视与浏览器开发所","146965717","146965716","已分享的链接","teletext Level2.5新增功能简介","2","1","海外数字电视与浏览器开发所 主页 / 已分享的链接 / teletext Level2.5新增功能简介","其他","2021-12-06 10:53:01","未知用户 (linchao2)","否","http://dmtks.hisense.com/pages/viewpage.action?pageId=146965717"
"DZKJSZDSPT","海外数字电视与浏览器开发所","63900816","13716865","海外数字电视与浏览器开发所 主页","指导文章","1","3","海外数字电视与浏览器开发所 主页 / 指导文章","其他","2019-08-21 15:23:08","未知用户 (luhuase)","否","http://dmtks.hisense.com/pages/viewpage.action?pageId=63900816"
"DZKJSZDSPT","海外数字电视与浏览器开发所","14811687","13716865","海外数字电视与浏览器开发所 主页","文件列表","1","4","海外数字电视与浏览器开发所 主页 / 文件列表","其他","2018-04-08 13:37:26","何灿","否","http://dmtks.hisense.com/pages/viewpage.action?pageId=14811687"
"DZKJSZDSPT","海外数字电视与浏览器开发所","3670162","13716865","海外数字电视与浏览器开发所 主页","海外数字电视与浏览器开发所","1","5","海外数字电视与浏览器开发所 主页 / 海外数字电视与浏览器开发所","其他","2020-06-17 18:03:46","吴青/Frog Wu","否","http://dmtks.hisense.com/pages/viewpage.action?pageId=3670162"
"DZKJSZDSPT","海外数字电视与浏览器开发所","16874004","3670162","海外数字电视与浏览器开发所","Project Status","2","1","海外数字电视与浏览器开发所 主页 / 海外数字电视与浏览器开发所 / Project Status","项目管理","2018-03-19 13:22:29","何灿","否","http://dmtks.hisense.com/display/DZKJSZDSPT/Project+Status"
"DZKJSZDSPT","海外数字电视与浏览器开发所","3670045","3670162","海外数字电视与浏览器开发所","Project Materials","2","2","海外数字电视与浏览器开发所 主页 / 海外数字电视与浏览器开发所 / Project Materials","项目管理","2016-12-13 17:12:53","何灿","否","http://dmtks.hisense.com/display/DZKJSZDSPT/Project+Materials"
"DZKJSZDSPT","海外数字电视与浏览器开发所","16671188","3670162","海外数字电视与浏览器开发所","Weekly Summary","2","3","海外数字电视与浏览器开发所 主页 / 海外数字电视与浏览器开发所 / Weekly Summary","其他","2018-02-28 15:14:53","朱登宇","否","http://dmtks.hisense.com/display/DZKJSZDSPT/Weekly+Summary"
"DZKJSZDSPT","海外数字电视与浏览器开发所","3670145","3670162","海外数字电视与浏览器开发所","Testing/Dev Environment","2","4","海外数字电视与浏览器开发所 主页 / 海外数字电视与浏览器开发所 / Testing/Dev Environment","测试与验证","2016-07-21 10:41:09","何灿","否","http://dmtks.hisense.com/pages/viewpage.action?pageId=3670145"
"DZKJSZDSPT","海外数字电视与浏览器开发所","13709530","3670162","海外数字电视与浏览器开发所","Team Building","2","5","海外数字电视与浏览器开发所 主页 / 海外数字电视与浏览器开发所 / Team Building","其他","2017-09-30 17:07:02","未知用户 (guoxin)","否","http://dmtks.hisense.com/display/DZKJSZDSPT/Team+Building"
"DZKJSZDSPT","海外数字电视与浏览器开发所","16874602","3670162","海外数字电视与浏览器开发所","Meeting Minutes","2","6","海外数字电视与浏览器开发所 主页 / 海外数字电视与浏览器开发所 / Meeting Minutes","会议与协同","2018-03-28 11:14:59","何灿","否","http://dmtks.hisense.com/display/DZKJSZDSPT/Meeting+Minutes"
"DZKJSZDSPT","海外数字电视与浏览器开发所","15591883","3670162","海外数字电视与浏览器开发所","E-BOOK","2","7","海外数字电视与浏览器开发所 主页 / 海外数字电视与浏览器开发所 / E-BOOK","其他","2020-07-22 09:49:02","吴青/Frog Wu","否","http://dmtks.hisense.com/display/DZKJSZDSPT/E-BOOK"
"DZKJSZDSPT","海外数字电视与浏览器开发所","25329832","3670162","海外数字电视与浏览器开发所","Team Management","2","8","海外数字电视与浏览器开发所 主页 / 海外数字电视与浏览器开发所 / Team Management","其他","2020-10-14 21:55:29","覃思继","否","http://dmtks.hisense.com/display/DZKJSZDSPT/Team+Management"
"DZKJSZDSPT","海外数字电视与浏览器开发所","60066933","3670162","海外数字电视与浏览器开发所","Project Management","2","9","海外数字电视与浏览器开发所 主页 / 海外数字电视与浏览器开发所 / Project Management","项目管理","2019-08-07 16:31:34","胡兰","否","http://dmtks.hisense.com/display/DZKJSZDSPT/Project+Management"
"DZKJSZDSPT","海外数字电视与浏览器开发所","64557859","3670162","海外数字电视与浏览器开发所","After-sales Quality Problems","2","10","海外数字电视与浏览器开发所 主页 / 海外数字电视与浏览器开发所 / After-sales Quality Problems","数据与质量","2019-12-02 14:29:33","曾桂秀/Tiya Zeng","否","http://dmtks.hisense.com/display/DZKJSZDSPT/After-sales+Quality+Problems"
"DZKJSZDSPT","海外数字电视与浏览器开发所","137628066","3670162","海外数字电视与浏览器开发所","Interest Group","2","11","海外数字电视与浏览器开发所 主页 / 海外数字电视与浏览器开发所 / Interest Group","其他","2021-09-13 17:44:45","冯建斌","否","http://dmtks.hisense.com/display/DZKJSZDSPT/Interest+Group"
"DZKJSZDSPT","海外数字电视与浏览器开发所","162419295","13716865","海外数字电视与浏览器开发所 主页","VIDAA中国-深圳","1","6","海外数字电视与浏览器开发所 主页 / VIDAA中国-深圳","其他","2022-04-29 11:38:55","吴青/Frog Wu","否","http://dmtks.hisense.com/pages/viewpage.action?pageId=162419295"
"DZKJSZDSPT","海外数字电视与浏览器开发所","227836738","162419295","VIDAA中国-深圳","2022-工作汇总","2","1","海外数字电视与浏览器开发所 主页 / VIDAA中国-深圳 / 2022-工作汇总","其他","2024-01-02 09:59:26","吴青/Frog Wu","否","http://dmtks.hisense.com/pages/viewpage.action?pageId=227836738"
"DZKJSZDSPT","海外数字电视与浏览器开发所","227836749","162419295","VIDAA中国-深圳","2023-工作汇总","2","2","海外数字电视与浏览器开发所 主页 / VIDAA中国-深圳 / 2023-工作汇总","其他","2024-01-02 09:59:42","吴青/Frog Wu","否","http://dmtks.hisense.com/pages/viewpage.action?pageId=227836749"
"DZKJSZDSPT","海外数字电视与浏览器开发所","284096912","162419295","VIDAA中国-深圳","2024-工作汇总","2","3","海外数字电视与浏览器开发所 主页 / VIDAA中国-深圳 / 2024-工作汇总","其他","2024-12-31 09:30:18","吴青/Frog Wu","否","http://dmtks.hisense.com/pages/viewpage.action?pageId=284096912"
"DZKJSZDSPT","海外数字电视与浏览器开发所","284096931","162419295","VIDAA中国-深圳","2025-深圳开发部周报","2","4","海外数字电视与浏览器开发所 主页 / VIDAA中国-深圳 / 2025-深圳开发部周报","其他","2024-12-31 09:34:07","吴青/Frog Wu","否","http://dmtks.hisense.com/pages/viewpage.action?pageId=284096931"
"DZKJSZDSPT","海外数字电视与浏览器开发所","284096935","162419295","VIDAA中国-深圳","2025-深圳开发部月度重点工作","2","5","海外数字电视与浏览器开发所 主页 / VIDAA中国-深圳 / 2025-深圳开发部月度重点工作","其他","2024-12-31 09:34:31","吴青/Frog Wu","否","http://dmtks.hisense.com/pages/viewpage.action?pageId=284096935"
"DZKJSZDSPT","海外数字电视与浏览器开发所","164071785","162419295","VIDAA中国-深圳","团队能力建设","2","6","海外数字电视与浏览器开发所 主页 / VIDAA中国-深圳 / 团队能力建设","其他","2025-07-28 11:28:58","白梦/Lincy Bai","否","http://dmtks.hisense.com/pages/viewpage.action?pageId=164071785"
"DZKJSZDSPT","海外数字电视与浏览器开发所","166499144","162419295","VIDAA中国-深圳","浏览器应用/HbbTV模块建设","2","7","海外数字电视与浏览器开发所 主页 / VIDAA中国-深圳 / 浏览器应用/HbbTV模块建设","其他","2022-05-31 15:13:39","邓俊涛/Thomas Deng","否","http://dmtks.hisense.com/pages/viewpage.action?pageId=166499144"
"DZKJSZDSPT","海外数字电视与浏览器开发所","171414825","162419295","VIDAA中国-深圳","深研预研&应市项目管理","2","8","海外数字电视与浏览器开发所 主页 / VIDAA中国-深圳 / 深研预研&应市项目管理","项目管理","2023-08-15 09:33:50","苏欢欢/Susan Su","否","http://dmtks.hisense.com/pages/viewpage.action?pageId=171414825"
"DZKJSZDSPT","海外数字电视与浏览器开发所","256848044","162419295","VIDAA中国-深圳","综合管理","2","9","海外数字电视与浏览器开发所 主页 / VIDAA中国-深圳 / 综合管理","项目管理","2024-07-31 18:29:47","白梦/Lincy Bai","否","http://dmtks.hisense.com/pages/viewpage.action?pageId=256848044"
"DZKJSZDSPT","海外数字电视与浏览器开发所","165747039","162419295","VIDAA中国-深圳","调研/调查/资料共享","2","10","海外数字电视与浏览器开发所 主页 / VIDAA中国-深圳 / 调研/调查/资料共享","其他","2023-07-24 15:14:47","吴青/Frog Wu","否","http://dmtks.hisense.com/pages/viewpage.action?pageId=165747039"
"DZKJSZDSPT","海外数字电视与浏览器开发所","220346698","162419295","VIDAA中国-深圳","部门资产清单","2","11","海外数字电视与浏览器开发所 主页 / VIDAA中国-深圳 / 部门资产清单","其他","2024-11-25 09:53:21","常彦博/Bonnie Chang","否","http://dmtks.hisense.com/pages/viewpage.action?pageId=220346698"
"DZKJSZDSPT","海外数字电视与浏览器开发所","191273306","162419295","VIDAA中国-深圳","防疫相关","2","12","海外数字电视与浏览器开发所 主页 / VIDAA中国-深圳 / 防疫相关","其他","2022-12-20 14:14:32","未知用户 (lipingan)","否","http://dmtks.hisense.com/pages/viewpage.action?pageId=191273306"
"DZKJSZDSPT","海外数字电视与浏览器开发所","195987938","162419295","VIDAA中国-深圳","项目专题专项","2","13","海外数字电视与浏览器开发所 主页 / VIDAA中国-深圳 / 项目专题专项","项目管理","2023-01-28 15:47:11","吴青/Frog Wu","否","http://dmtks.hisense.com/pages/viewpage.action?pageId=195987938"
"DZKJSZDSPT","海外数字电视与浏览器开发所","13717194","13716865","海外数字电视与浏览器开发所 主页","深圳研发通用","1","7","海外数字电视与浏览器开发所 主页 / 深圳研发通用","其他","2017-03-09 19:22:59","未知用户 (shizimin)","否","http://dmtks.hisense.com/pages/viewpage.action?pageId=13717194"
"DZKJSZDSPT","海外数字电视与浏览器开发所","52105839","13717194","深圳研发通用","外来人员来访预约流程","2","1","海外数字电视与浏览器开发所 主页 / 深圳研发通用 / 外来人员来访预约流程","规范与流程","2019-04-17 15:19:27","朱登宇","否","http://dmtks.hisense.com/pages/viewpage.action?pageId=52105839"
"DZKJSZDSPT","海外数字电视与浏览器开发所","126230254","13717194","深圳研发通用","新员工开发环境配置指南","2","2","海外数字电视与浏览器开发所 主页 / 深圳研发通用 / 新员工开发环境配置指南","规范与流程","2023-03-29 19:20:31","马波","否","http://dmtks.hisense.com/pages/viewpage.action?pageId=126230254"
"DZKJSZDSPT","海外数字电视与浏览器开发所","154933887","13716865","海外数字电视与浏览器开发所 主页","项目信息记录：","1","8","海外数字电视与浏览器开发所 主页 / 项目信息记录：","项目管理","2022-02-23 11:01:32","苏欢欢/Susan Su","否","http://dmtks.hisense.com/pages/viewpage.action?pageId=154933887"
"DZKJSZDSPT","海外数字电视与浏览器开发所","162421773","13716865","海外数字电视与浏览器开发所 主页","电视软件技术所","1","9","海外数字电视与浏览器开发所 主页 / 电视软件技术所","其他","2022-10-13 14:38:45","陈俊晓","否","http://dmtks.hisense.com/pages/viewpage.action?pageId=162421773"
"DZKJSZDSPT","海外数字电视与浏览器开发所","163253550","162421773","电视软件技术所","1. Project Materials","2","1","海外数字电视与浏览器开发所 主页 / 电视软件技术所 / 1. Project Materials","项目管理","2023-07-20 14:28:06","唐杏","否","http://dmtks.hisense.com/display/DZKJSZDSPT/1.+Project+Materials"
"DZKJSZDSPT","海外数字电视与浏览器开发所","163253565","162421773","电视软件技术所","2.Team Building","2","2","海外数字电视与浏览器开发所 主页 / 电视软件技术所 / 2.Team Building","其他","2022-05-05 15:04:46","覃思继","否","http://dmtks.hisense.com/display/DZKJSZDSPT/2.Team+Building"
"DZKJSZDSPT","海外数字电视与浏览器开发所","163253570","162421773","电视软件技术所","3.Team Management","2","3","海外数字电视与浏览器开发所 主页 / 电视软件技术所 / 3.Team Management","其他","2022-10-13 14:38:54","陈俊晓","否","http://dmtks.hisense.com/display/DZKJSZDSPT/3.Team+Management"
"DZKJSZDSPT","海外数字电视与浏览器开发所","163253599","162421773","电视软件技术所","4.Project Management","2","4","海外数字电视与浏览器开发所 主页 / 电视软件技术所 / 4.Project Management","项目管理","2022-05-05 15:08:35","覃思继","否","http://dmtks.hisense.com/display/DZKJSZDSPT/4.Project+Management"
"DZKJSZDSPT","海外数字电视与浏览器开发所","164071383","162421773","电视软件技术所","5.Meeting Minutes","2","5","海外数字电视与浏览器开发所 主页 / 电视软件技术所 / 5.Meeting Minutes","会议与协同","2022-05-09 14:58:43","覃思继","否","http://dmtks.hisense.com/display/DZKJSZDSPT/5.Meeting+Minutes"
"DZKJSZDSPT","海外数字电视与浏览器开发所","168138548","162421773","电视软件技术所","6. Process Specification","2","6","海外数字电视与浏览器开发所 主页 / 电视软件技术所 / 6. Process Specification","设计与架构","2024-01-31 17:55:04","马波","否","http://dmtks.hisense.com/display/DZKJSZDSPT/6.+Process+Specification"
"DZKJSZDSPT","海外数字电视与浏览器开发所","178603177","162421773","电视软件技术所","7. Development Assets/Environment","2","7","海外数字电视与浏览器开发所 主页 / 电视软件技术所 / 7. Development Assets/Environment","其他","2022-09-08 18:13:31","覃思继","否","http://dmtks.hisense.com/pages/viewpage.action?pageId=178603177"
"DZKJSZDSPT","海外数字电视与浏览器开发所","310918813","162421773","电视软件技术所","8. 工作报告","2","8","海外数字电视与浏览器开发所 主页 / 电视软件技术所 / 8. 工作报告","其他","2025-06-25 15:38:50","胡兰","否","http://dmtks.hisense.com/pages/viewpage.action?pageId=310918813"
"dshwrj","海外软件开发所","5832933","","","海外软件开发所 Home","0","1","海外软件开发所 Home","其他","2019-10-15 09:51:43","万兴振","否","http://dmtks.hisense.com/pages/viewpage.action?pageId=5832933"
"dshwrj","海外软件开发所","100763768","5832933","海外软件开发所 Home","00.部门知识库","1","1","海外软件开发所 Home / 00.部门知识库","其他","2020-09-15 14:37:57","王艳","否","http://dmtks.hisense.com/pages/viewpage.action?pageId=100763768"
"dshwrj","海外软件开发所","100763784","100763768","00.部门知识库","0.海外软件开发所通用","2","1","海外软件开发所 Home / 00.部门知识库 / 0.海外软件开发所通用","其他","2020-09-15 14:58:32","王艳","否","http://dmtks.hisense.com/pages/viewpage.action?pageId=100763784"
"dshwrj","海外软件开发所","100763798","100763768","00.部门知识库","1.海外平台技术室","2","2","海外软件开发所 Home / 00.部门知识库 / 1.海外平台技术室","其他","2020-09-15 15:07:02","王艳","否","http://dmtks.hisense.com/pages/viewpage.action?pageId=100763798"
"dshwrj","海外软件开发所","100763804","100763768","00.部门知识库","2.海外音视频驱动室","2","3","海外软件开发所 Home / 00.部门知识库 / 2.海外音视频驱动室","其他","2020-09-15 15:09:21","王艳","否","http://dmtks.hisense.com/pages/viewpage.action?pageId=100763804"
"dshwrj","海外软件开发所","100763808","100763768","00.部门知识库","3.海外电视业务室","2","4","海外软件开发所 Home / 00.部门知识库 / 3.海外电视业务室","其他","2020-09-15 15:11:02","王艳","否","http://dmtks.hisense.com/pages/viewpage.action?pageId=100763808"
"dshwrj","海外软件开发所","5832928","5832933","海外软件开发所 Home","1、会议记录","1","2","海外软件开发所 Home / 1、会议记录","会议与协同","2015-09-02 13:52:38","冯美美","否","http://dmtks.hisense.com/pages/viewpage.action?pageId=5832928"
"dshwrj","海外软件开发所","5832878","5832928","1、会议记录","MTK问题交流周例会","2","1","海外软件开发所 Home / 1、会议记录 / MTK问题交流周例会","问题与复盘","2016-06-30 08:39:32","宋茂松/Mason Song","否","http://dmtks.hisense.com/pages/viewpage.action?pageId=5832878"
"dshwrj","海外软件开发所","36866156","5832928","1、会议记录","外销电视整机软件所周例会","2","2","海外软件开发所 Home / 1、会议记录 / 外销电视整机软件所周例会","会议与协同","2018-11-07 09:17:20","宋茂松/Mason Song","否","http://dmtks.hisense.com/pages/viewpage.action?pageId=36866156"
"dshwrj","海外软件开发所","15877766","5832928","1、会议记录","工作任务看板","2","3","海外软件开发所 Home / 1、会议记录 / 工作任务看板","会议与协同","2019-09-17 09:43:47","万兴振","否","http://dmtks.hisense.com/pages/viewpage.action?pageId=15877766"
"dshwrj","海外软件开发所","5832925","5832933","海外软件开发所 Home","2、工具使用文档","1","3","海外软件开发所 Home / 2、工具使用文档","规范与流程","2015-09-02 13:24:52","冯美美","否","http://dmtks.hisense.com/pages/viewpage.action?pageId=5832925"
"dshwrj","海外软件开发所","28542254","5832925","2、工具使用文档","Astah Community","2","1","海外软件开发所 Home / 2、工具使用文档 / Astah Community","规范与流程","2018-08-07 16:42:30","赵永健/Merry Zhao","否","http://dmtks.hisense.com/display/dshwrj/Astah+Community"
"dshwrj","海外软件开发所","5832720","5832925","2、工具使用文档","File Lists","2","2","海外软件开发所 Home / 2、工具使用文档 / File Lists","规范与流程","2016-05-04 08:33:39","万兴振","否","http://dmtks.hisense.com/display/dshwrj/File+Lists"
"dshwrj","海外软件开发所","5832836","5832925","2、工具使用文档","Git培训文档","2","3","海外软件开发所 Home / 2、工具使用文档 / Git培训文档","规范与流程","2016-07-18 16:12:08","张余庆/Louis Zhang","否","http://dmtks.hisense.com/pages/viewpage.action?pageId=5832836"
"dshwrj","海外软件开发所","42667014","5832925","2、工具使用文档","MultiLanguageTransTool","2","4","海外软件开发所 Home / 2、工具使用文档 / MultiLanguageTransTool","规范与流程","2019-01-09 14:10:21","赵永健/Merry Zhao","否","http://dmtks.hisense.com/display/dshwrj/MultiLanguageTransTool"
"dshwrj","海外软件开发所","14838892","5832925","2、工具使用文档","串口驱动","2","5","海外软件开发所 Home / 2、工具使用文档 / 串口驱动","规范与流程","2017-07-17 09:18:32","张余庆/Louis Zhang","否","http://dmtks.hisense.com/pages/viewpage.action?pageId=14838892"
"dshwrj","海外软件开发所","5832924","5832933","海外软件开发所 Home","3、流程管理类","1","4","海外软件开发所 Home / 3、流程管理类","规范与流程","2016-04-12 17:07:30","张余庆/Louis Zhang","否","http://dmtks.hisense.com/pages/viewpage.action?pageId=5832924"
"dshwrj","海外软件开发所","28544543","5832924","3、流程管理类","2018年度电子信息集团各公司公司级培训师评选","2","1","海外软件开发所 Home / 3、流程管理类 / 2018年度电子信息集团各公司公司级培训师评选","规范与流程","2018-08-20 13:44:22","王丽娟","否","http://dmtks.hisense.com/pages/viewpage.action?pageId=28544543"
"dshwrj","海外软件开发所","5832904","5832924","3、流程管理类","GFN0428内部借机及领用管理办法","2","2","海外软件开发所 Home / 3、流程管理类 / GFN0428内部借机及领用管理办法","规范与流程","2016-07-05 15:37:55","张余庆/Louis Zhang","否","http://dmtks.hisense.com/pages/viewpage.action?pageId=5832904"
"dshwrj","海外软件开发所","15876964","5832924","3、流程管理类","JIRA处理原则","2","3","海外软件开发所 Home / 3、流程管理类 / JIRA处理原则","规范与流程","2018-03-16 09:18:50","王海洋","否","http://dmtks.hisense.com/pages/viewpage.action?pageId=15876964"
"dshwrj","海外软件开发所","15866838","5832924","3、流程管理类","U盘权限申请流程","2","4","海外软件开发所 Home / 3、流程管理类 / U盘权限申请流程","规范与流程","2017-10-10 11:49:34","赵永健/Merry Zhao","否","http://dmtks.hisense.com/pages/viewpage.action?pageId=15866838"
"dshwrj","海外软件开发所","25333668","5832924","3、流程管理类","WMS领料系统操作流程","2","5","海外软件开发所 Home / 3、流程管理类 / WMS领料系统操作流程","规范与流程","2018-07-06 11:17:12","郝锐","否","http://dmtks.hisense.com/pages/viewpage.action?pageId=25333668"
"dshwrj","海外软件开发所","16860402","5832924","3、流程管理类","出国材料准备明细","2","6","海外软件开发所 Home / 3、流程管理类 / 出国材料准备明细","规范与流程","2018-01-25 08:36:34","郝锐","否","http://dmtks.hisense.com/pages/viewpage.action?pageId=16860402"
"dshwrj","海外软件开发所","5832827","5832924","3、流程管理类","出差及报销流程","2","7","海外软件开发所 Home / 3、流程管理类 / 出差及报销流程","规范与流程","2016-04-12 17:08:29","张余庆/Louis Zhang","否","http://dmtks.hisense.com/pages/viewpage.action?pageId=5832827"
"dshwrj","海外软件开发所","5832755","5832924","3、流程管理类","办公环境整理----5S","2","8","海外软件开发所 Home / 3、流程管理类 / 办公环境整理----5S","规范与流程","2017-01-06 14:55:38","赵永健/Merry Zhao","否","http://dmtks.hisense.com/pages/viewpage.action?pageId=5832755"
"dshwrj","海外软件开发所","5832754","5832924","3、流程管理类","员工仪容仪表、着装要求","2","9","海外软件开发所 Home / 3、流程管理类 / 员工仪容仪表、着装要求","规范与流程","2017-01-06 14:55:48","赵永健/Merry Zhao","否","http://dmtks.hisense.com/pages/viewpage.action?pageId=5832754"
"dshwrj","海外软件开发所","17046751","5832924","3、流程管理类","员工福利及报销流程","2","10","海外软件开发所 Home / 3、流程管理类 / 员工福利及报销流程","规范与流程","2020-06-22 11:47:12","马腾腾","否","http://dmtks.hisense.com/pages/viewpage.action?pageId=17046751"
"dshwrj","海外软件开发所","17040507","5832924","3、流程管理类","员工能力培训系统2.0使用手册","2","11","海外软件开发所 Home / 3、流程管理类 / 员工能力培训系统2.0使用手册","规范与流程","2018-05-30 15:58:16","王丽娟","否","http://dmtks.hisense.com/pages/viewpage.action?pageId=17040507"
"dshwrj","海外软件开发所","157188500","5832924","3、流程管理类","定制公交需求统计","2","12","海外软件开发所 Home / 3、流程管理类 / 定制公交需求统计","需求与功能","2022-03-14 16:47:06","未知用户 (wuxuemei5)","否","http://dmtks.hisense.com/pages/viewpage.action?pageId=157188500"
"dshwrj","海外软件开发所","16860505","5832924","3、流程管理类","工作常用的一些权限申请","2","13","海外软件开发所 Home / 3、流程管理类 / 工作常用的一些权限申请","规范与流程","2018-01-25 10:37:37","郝锐","否","http://dmtks.hisense.com/pages/viewpage.action?pageId=16860505"
"dshwrj","海外软件开发所","19662189","5832924","3、流程管理类","开发自测","2","14","海外软件开发所 Home / 3、流程管理类 / 开发自测","规范与流程","2018-05-03 18:06:54","未知用户 (yangzhiming)","否","http://dmtks.hisense.com/pages/viewpage.action?pageId=19662189"
"dshwrj","海外软件开发所","15568180","5832924","3、流程管理类","开源License管理","2","15","海外软件开发所 Home / 3、流程管理类 / 开源License管理","规范与流程","2017-11-24 09:33:04","万兴振","否","http://dmtks.hisense.com/pages/viewpage.action?pageId=15568180"
"dshwrj","海外软件开发所","5832753","5832924","3、流程管理类","新员工入职须知","2","16","海外软件开发所 Home / 3、流程管理类 / 新员工入职须知","规范与流程","2017-01-06 15:02:48","赵永健/Merry Zhao","否","http://dmtks.hisense.com/pages/viewpage.action?pageId=5832753"
"dshwrj","海外软件开发所","16860615","5832924","3、流程管理类","新研发员工加域手册","2","17","海外软件开发所 Home / 3、流程管理类 / 新研发员工加域手册","规范与流程","2018-01-25 11:53:07","郝锐","否","http://dmtks.hisense.com/pages/viewpage.action?pageId=16860615"
"dshwrj","海外软件开发所","5832757","5832924","3、流程管理类","日常工作须知","2","18","海外软件开发所 Home / 3、流程管理类 / 日常工作须知","规范与流程","2017-10-24 11:15:54","王海洋","否","http://dmtks.hisense.com/pages/viewpage.action?pageId=5832757"
"dshwrj","海外软件开发所","148574188","5832924","3、流程管理类","海外软件开发所年度表彰项","2","19","海外软件开发所 Home / 3、流程管理类 / 海外软件开发所年度表彰项","规范与流程","2021-12-29 11:24:25","李文龙","否","http://dmtks.hisense.com/pages/viewpage.action?pageId=148574188"
"dshwrj","海外软件开发所","23429551","5832924","3、流程管理类","用户体验设计能力培训-线上学习平台使用及考试指南","2","20","海外软件开发所 Home / 3、流程管理类 / 用户体验设计能力培训-线上学习平台使用及考试指南","设计与架构","2018-07-11 14:20:09","王丽娟","否","http://dmtks.hisense.com/pages/viewpage.action?pageId=23429551"
"dshwrj","海外软件开发所","5832823","5832924","3、流程管理类","电视海外研发部办公、实验环境及安全节能改善措施","2","21","海外软件开发所 Home / 3、流程管理类 / 电视海外研发部办公、实验环境及安全节能改善措施","测试与验证","2016-04-12 16:56:31","张余庆/Louis Zhang","否","http://dmtks.hisense.com/pages/viewpage.action?pageId=5832823"
"dshwrj","海外软件开发所","159617822","5832924","3、流程管理类","疫苗接种统计","2","22","海外软件开发所 Home / 3、流程管理类 / 疫苗接种统计","规范与流程","2023-03-15 20:35:34","张靖娅/Ally Zhang","否","http://dmtks.hisense.com/pages/viewpage.action?pageId=159617822"
"dshwrj","海外软件开发所","16663883","5832924","3、流程管理类","研发认证样机领用报告","2","23","海外软件开发所 Home / 3、流程管理类 / 研发认证样机领用报告","规范与流程","2017-12-05 08:57:36","郝锐","否","http://dmtks.hisense.com/pages/viewpage.action?pageId=16663883"
"dshwrj","海外软件开发所","15877015","5832924","3、流程管理类","绩效评价及能力评价","2","24","海外软件开发所 Home / 3、流程管理类 / 绩效评价及能力评价","规范与流程","2017-12-11 14:15:21","王海洋","否","http://dmtks.hisense.com/pages/viewpage.action?pageId=15877015"
"dshwrj","海外软件开发所","14832886","5832924","3、流程管理类","编码规范","2","25","海外软件开发所 Home / 3、流程管理类 / 编码规范","规范与流程","2017-07-08 10:52:58","张余庆/Louis Zhang","否","http://dmtks.hisense.com/pages/viewpage.action?pageId=14832886"
"dshwrj","海外软件开发所","5832820","5832924","3、流程管理类","请假流程","2","26","海外软件开发所 Home / 3、流程管理类 / 请假流程","规范与流程","2016-04-12 17:03:54","张余庆/Louis Zhang","否","http://dmtks.hisense.com/pages/viewpage.action?pageId=5832820"
"dshwrj","海外软件开发所","16673620","5832924","3、流程管理类","调休流程","2","27","海外软件开发所 Home / 3、流程管理类 / 调休流程","规范与流程","2019-07-26 19:51:31","未知用户 (zhaofaying1701)","否","http://dmtks.hisense.com/pages/viewpage.action?pageId=16673620"
"dshwrj","海外软件开发所","157196511","5832924","3、流程管理类","财务中台报销出租车票示例","2","28","海外软件开发所 Home / 3、流程管理类 / 财务中台报销出租车票示例","规范与流程","2022-03-16 12:00:32","郝锐","否","http://dmtks.hisense.com/pages/viewpage.action?pageId=157196511"
"dshwrj","海外软件开发所","16663812","5832924","3、流程管理类","软件下发流程","2","29","海外软件开发所 Home / 3、流程管理类 / 软件下发流程","规范与流程","2018-04-08 15:18:29","宋茂松/Mason Song","否","http://dmtks.hisense.com/pages/viewpage.action?pageId=16663812"
"dshwrj","海外软件开发所","16664960","5832924","3、流程管理类","软件物料号申请流程","2","30","海外软件开发所 Home / 3、流程管理类 / 软件物料号申请流程","规范与流程","2017-12-06 08:39:29","郝锐","否","http://dmtks.hisense.com/pages/viewpage.action?pageId=16664960"
"dshwrj","海外软件开发所","14832900","5832924","3、流程管理类","软件研发部度量指标","2","31","海外软件开发所 Home / 3、流程管理类 / 软件研发部度量指标","规范与流程","2018-03-22 11:19:00","未知用户 (yangzhiming)","否","http://dmtks.hisense.com/pages/viewpage.action?pageId=14832900"
"dshwrj","海外软件开发所","22059162","5832924","3、流程管理类","软件研发部相关流程","2","32","海外软件开发所 Home / 3、流程管理类 / 软件研发部相关流程","规范与流程","2018-06-01 11:03:50","未知用户 (yangzhiming)","否","http://dmtks.hisense.com/pages/viewpage.action?pageId=22059162"
"dshwrj","海外软件开发所","14818144","5832924","3、流程管理类","软件编码及单元测试操作规程","2","33","海外软件开发所 Home / 3、流程管理类 / 软件编码及单元测试操作规程","测试与验证","2017-09-26 14:05:41","王新鲁","否","http://dmtks.hisense.com/pages/viewpage.action?pageId=14818144"
"dshwrj","海外软件开发所","5832927","5832933","海外软件开发所 Home","4、共享","1","5","海外软件开发所 Home / 4、共享","其他","2019-09-12 16:41:01","万兴振","否","http://dmtks.hisense.com/pages/viewpage.action?pageId=5832927"
"dshwrj","海外软件开发所","5832745","5832927","4、共享","1-软件工具","2","1","海外软件开发所 Home / 4、共享 / 1-软件工具","其他","2024-09-06 10:30:37","李旭东","否","http://dmtks.hisense.com/pages/viewpage.action?pageId=5832745"
"dshwrj","海外软件开发所","16857998","5832927","4、共享","2-MTK 相关资料","2","2","海外软件开发所 Home / 4、共享 / 2-MTK 相关资料","其他","2018-01-21 09:30:56","万兴振","否","http://dmtks.hisense.com/pages/viewpage.action?pageId=16857998"
"dshwrj","海外软件开发所","16858003","5832927","4、共享","3-DB相关资料","2","3","海外软件开发所 Home / 4、共享 / 3-DB相关资料","其他","2018-01-21 09:35:59","万兴振","否","http://dmtks.hisense.com/pages/viewpage.action?pageId=16858003"
"dshwrj","海外软件开发所","16858005","5832927","4、共享","4-Mstar 相关资料","2","4","海外软件开发所 Home / 4、共享 / 4-Mstar 相关资料","其他","2019-10-24 14:40:18","万兴振","否","http://dmtks.hisense.com/pages/viewpage.action?pageId=16858005"
"dshwrj","海外软件开发所","16858008","5832927","4、共享","5-学习资料，技能树","2","5","海外软件开发所 Home / 4、共享 / 5-学习资料，技能树","培训与知识","2019-09-09 09:58:04","万兴振","否","http://dmtks.hisense.com/pages/viewpage.action?pageId=16858008"
"dshwrj","海外软件开发所","17171447","5832927","4、共享","6 开源软件","2","6","海外软件开发所 Home / 4、共享 / 6 开源软件","其他","2018-09-13 15:35:10","万兴振","否","http://dmtks.hisense.com/pages/viewpage.action?pageId=17171447"
"dshwrj","海外软件开发所","19663208","5832927","4、共享","7 文摘","2","7","海外软件开发所 Home / 4、共享 / 7 文摘","其他","2019-09-17 10:20:33","万兴振","否","http://dmtks.hisense.com/pages/viewpage.action?pageId=19663208"
"dshwrj","海外软件开发所","24677951","5832927","4、共享","8.Pixi 条件编译和优化","2","8","海外软件开发所 Home / 4、共享 / 8.Pixi 条件编译和优化","其他","2018-06-28 18:13:48","樊杰","否","http://dmtks.hisense.com/pages/viewpage.action?pageId=24677951"
"dshwrj","海外软件开发所","14838898","5832927","4、共享","MTK debug cmds manual","2","9","海外软件开发所 Home / 4、共享 / MTK debug cmds manual","问题与复盘","2017-07-17 09:20:10","张余庆/Louis Zhang","否","http://dmtks.hisense.com/display/dshwrj/MTK+debug+cmds+manual"
"dshwrj","海外软件开发所","227847351","5832927","4、共享","复制从 Hopper","2","10","海外软件开发所 Home / 4、共享 / 复制从 Hopper","其他","2024-01-08 16:23:43","万兴振","否","http://dmtks.hisense.com/pages/viewpage.action?pageId=227847351"
"dshwrj","海外软件开发所","77138350","5832927","4、共享","自由分享讨论区","2","11","海外软件开发所 Home / 4、共享 / 自由分享讨论区","其他","2020-01-07 21:02:46","李蕾","否","http://dmtks.hisense.com/pages/viewpage.action?pageId=77138350"
"dshwrj","海外软件开发所","5832727","5832933","海外软件开发所 Home","5、雷区总结","1","6","海外软件开发所 Home / 5、雷区总结","其他","2019-11-11 14:45:01","万兴振","否","http://dmtks.hisense.com/pages/viewpage.action?pageId=5832727"
"dshwrj","海外软件开发所","71402705","5832727","5、雷区总结","Android 3PL Smoke test","2","1","海外软件开发所 Home / 5、雷区总结 / Android 3PL Smoke test","测试与验证","2021-11-22 18:55:47","赵鹏杰","否","http://dmtks.hisense.com/display/dshwrj/Android+3PL+Smoke+test"
"dshwrj","海外软件开发所","100762311","5832727","5、雷区总结","DRM、KEY","2","2","海外软件开发所 Home / 5、雷区总结 / DRM、KEY","其他","2021-02-04 15:15:18","万兴振","否","http://dmtks.hisense.com/pages/viewpage.action?pageId=100762311"
"dshwrj","海外软件开发所","71402695","5832727","5、雷区总结","雷区点检表","2","3","海外软件开发所 Home / 5、雷区总结 / 雷区点检表","其他","2020-03-12 20:38:20","宋茂松/Mason Song","否","http://dmtks.hisense.com/pages/viewpage.action?pageId=71402695"
"dshwrj","海外软件开发所","5832722","5832933","海外软件开发所 Home","6、专利与创新","1","7","海外软件开发所 Home / 6、专利与创新","其他","2017-10-12 19:07:55","未知用户 (caozhe)","否","http://dmtks.hisense.com/pages/viewpage.action?pageId=5832722"
"dshwrj","海外软件开发所","66389432","5832722","6、专利与创新","专利提案","2","1","海外软件开发所 Home / 6、专利与创新 / 专利提案","其他","2019-09-17 09:34:00","未知用户 (wangguilan1)","否","http://dmtks.hisense.com/pages/viewpage.action?pageId=66389432"
"dshwrj","海外软件开发所","66389429","5832722","6、专利与创新","创新成果/提案","2","2","海外软件开发所 Home / 6、专利与创新 / 创新成果/提案","其他","2021-08-30 18:44:47","张智勇","否","http://dmtks.hisense.com/pages/viewpage.action?pageId=66389429"
"dshwrj","海外软件开发所","14824781","5832933","海外软件开发所 Home","8、NPS与竞品分析","1","8","海外软件开发所 Home / 8、NPS与竞品分析","问题与复盘","2020-12-16 13:09:45","宋虎","否","http://dmtks.hisense.com/pages/viewpage.action?pageId=14824781"
"dshwrj","海外软件开发所","110006804","14824781","8、NPS与竞品分析","海外Android NPS","2","1","海外软件开发所 Home / 8、NPS与竞品分析 / 海外Android NPS","问题与复盘","2020-12-16 13:10:54","宋虎","否","http://dmtks.hisense.com/pages/viewpage.action?pageId=110006804"
"dshwrj","海外软件开发所","110006807","14824781","8、NPS与竞品分析","海外Android竞品分析","2","2","海外软件开发所 Home / 8、NPS与竞品分析 / 海外Android竞品分析","问题与复盘","2020-12-16 13:11:59","宋虎","否","http://dmtks.hisense.com/pages/viewpage.action?pageId=110006807"
"dshwrj","海外软件开发所","15769982","5832933","海外软件开发所 Home","9、所内培训","1","9","海外软件开发所 Home / 9、所内培训","培训与知识","2018-09-28 10:29:37","王丽娟","否","http://dmtks.hisense.com/pages/viewpage.action?pageId=15769982"
"dshwrj","海外软件开发所","15772480","15769982","9、所内培训","2017年宣贯与材料","2","1","海外软件开发所 Home / 9、所内培训 / 2017年宣贯与材料","培训与知识","2020-12-31 16:27:15","张继栋","否","http://dmtks.hisense.com/pages/viewpage.action?pageId=15772480"
"dshwrj","海外软件开发所","36868209","15769982","9、所内培训","培训二维码生成方法","2","2","海外软件开发所 Home / 9、所内培训 / 培训二维码生成方法","二维三维与图形模型","2018-11-08 19:57:59","未知用户 (chenqi12)","否","http://dmtks.hisense.com/pages/viewpage.action?pageId=36868209"
"dshwrj","海外软件开发所","104106762","15769982","9、所内培训","培训需求收集","2","3","海外软件开发所 Home / 9、所内培训 / 培训需求收集","需求与功能","2020-10-22 10:29:55","未知用户 (houjinliang1)","否","http://dmtks.hisense.com/pages/viewpage.action?pageId=104106762"
"dshwrj","海外软件开发所","38178292","15769982","9、所内培训","所内书籍","2","4","海外软件开发所 Home / 9、所内培训 / 所内书籍","培训与知识","2018-12-10 10:29:40","未知用户 (chenqi12)","否","http://dmtks.hisense.com/pages/viewpage.action?pageId=38178292"
"dshwrj","海外软件开发所","15772947","15769982","9、所内培训","所内培训-2017","2","5","海外软件开发所 Home / 9、所内培训 / 所内培训-2017","培训与知识","2017-09-20 21:14:39","未知用户 (zhuyue1)","否","http://dmtks.hisense.com/pages/viewpage.action?pageId=15772947"
"dshwrj","海外软件开发所","15884255","15769982","9、所内培训","所内培训-2018","2","6","海外软件开发所 Home / 9、所内培训 / 所内培训-2018","培训与知识","2018-07-12 14:18:06","王丽娟","否","http://dmtks.hisense.com/pages/viewpage.action?pageId=15884255"
"dshwrj","海外软件开发所","36244424","15769982","9、所内培训","所内培训-2019","2","7","海外软件开发所 Home / 9、所内培训 / 所内培训-2019","培训与知识","2019-07-16 17:05:52","张继栋","否","http://dmtks.hisense.com/pages/viewpage.action?pageId=36244424"
"dshwrj","海外软件开发所","82576134","15769982","9、所内培训","所内培训-2020","2","8","海外软件开发所 Home / 9、所内培训 / 所内培训-2020","培训与知识","2020-07-16 16:40:01","汪静娴","否","http://dmtks.hisense.com/pages/viewpage.action?pageId=82576134"
"dshwrj","海外软件开发所","111452340","15769982","9、所内培训","所内培训-2021","2","9","海外软件开发所 Home / 9、所内培训 / 所内培训-2021","培训与知识","2021-01-02 15:45:40","宋虎","否","http://dmtks.hisense.com/pages/viewpage.action?pageId=111452340"
"dshwrj","海外软件开发所","149981039","15769982","9、所内培训","所内培训-2022","2","10","海外软件开发所 Home / 9、所内培训 / 所内培训-2022","培训与知识","2022-01-04 11:32:09","焉为家","否","http://dmtks.hisense.com/pages/viewpage.action?pageId=149981039"
"dshwrj","海外软件开发所","15862368","5832933","海外软件开发所 Home","10、认证知识库","1","10","海外软件开发所 Home / 10、认证知识库","培训与知识","2020-12-31 16:27:45","张继栋","否","http://dmtks.hisense.com/pages/viewpage.action?pageId=15862368"
"dshwrj","海外软件开发所","15862373","15862368","10、认证知识库","技术规范","2","1","海外软件开发所 Home / 10、认证知识库 / 技术规范","设计与架构","2017-09-28 10:26:16","胡孝鹏","否","http://dmtks.hisense.com/pages/viewpage.action?pageId=15862373"
"dshwrj","海外软件开发所","15862381","15862368","10、认证知识库","认证总结","2","2","海外软件开发所 Home / 10、认证知识库 / 认证总结","培训与知识","2021-04-02 16:17:19","张继栋","否","http://dmtks.hisense.com/pages/viewpage.action?pageId=15862381"
"dshwrj","海外软件开发所","15874586","15862368","10、认证知识库","认证费用","2","3","海外软件开发所 Home / 10、认证知识库 / 认证费用","培训与知识","2017-10-20 11:55:54","未知用户 (zhuyue1)","否","http://dmtks.hisense.com/pages/viewpage.action?pageId=15874586"
"dshwrj","海外软件开发所","15862376","15862368","10、认证知识库","证书总结","2","4","海外软件开发所 Home / 10、认证知识库 / 证书总结","培训与知识","2018-03-16 09:16:06","未知用户 (wangguilan1)","否","http://dmtks.hisense.com/pages/viewpage.action?pageId=15862376"
"dshwrj","海外软件开发所","15862384","15862368","10、认证知识库","项目状态","2","5","海外软件开发所 Home / 10、认证知识库 / 项目状态","培训与知识","2019-03-27 14:01:41","未知用户 (wangguilan1)","否","http://dmtks.hisense.com/pages/viewpage.action?pageId=15862384"
"dshwrj","海外软件开发所","17046865","5832933","海外软件开发所 Home","11、标准与规范","1","11","海外软件开发所 Home / 11、标准与规范","规范与流程","2020-12-31 16:27:52","张继栋","否","http://dmtks.hisense.com/pages/viewpage.action?pageId=17046865"
"dshwrj","海外软件开发所","17046867","17046865","11、标准与规范","1. 工作指南","2","1","海外软件开发所 Home / 11、标准与规范 / 1. 工作指南","规范与流程","2018-04-13 11:07:53","王海洋","否","http://dmtks.hisense.com/pages/viewpage.action?pageId=17046867"
"dshwrj","海外软件开发所","15873360","17046865","11、标准与规范","2. 海外电视开发规范","2","2","海外软件开发所 Home / 11、标准与规范 / 2. 海外电视开发规范","规范与流程","2018-03-13 15:25:39","未知用户 (hucunfang)","否","http://dmtks.hisense.com/pages/viewpage.action?pageId=15873360"
"dshwrj","海外软件开发所","16675045","17046865","11、标准与规范","3. JIRA分析规范","2","3","海外软件开发所 Home / 11、标准与规范 / 3. JIRA分析规范","问题与复盘","2019-11-19 16:13:07","宋虎","否","http://dmtks.hisense.com/pages/viewpage.action?pageId=16675045"
"dshwrj","海外软件开发所","72092458","17046865","11、标准与规范","4. 模块开发规范汇总","2","4","海外软件开发所 Home / 11、标准与规范 / 4. 模块开发规范汇总","规范与流程","2019-12-13 17:08:19","王彬","否","http://dmtks.hisense.com/pages/viewpage.action?pageId=72092458"
"dshwrj","海外软件开发所","72092473","17046865","11、标准与规范","5. 模块总结/模块设计/设计评审记录/自测用例","2","5","海外软件开发所 Home / 11、标准与规范 / 5. 模块总结/模块设计/设计评审记录/自测用例","设计与架构","2020-04-02 18:10:01","肖成创","否","http://dmtks.hisense.com/pages/viewpage.action?pageId=72092473"
"dshwrj","海外软件开发所","73338343","17046865","11、标准与规范","6. Android平台Key/Id知识汇总","2","6","海外软件开发所 Home / 11、标准与规范 / 6. Android平台Key/Id知识汇总","规范与流程","2019-11-28 12:32:35","宋虎","否","http://dmtks.hisense.com/pages/viewpage.action?pageId=73338343"
"dshwrj","海外软件开发所","5832871","17046865","11、标准与规范","规范文档","2","7","海外软件开发所 Home / 11、标准与规范 / 规范文档","规范与流程","2016-11-18 15:23:50","张余庆/Louis Zhang","否","http://dmtks.hisense.com/pages/viewpage.action?pageId=5832871"
"dshwrj","海外软件开发所","133991026","17046865","11、标准与规范","诚信教育","2","8","海外软件开发所 Home / 11、标准与规范 / 诚信教育","规范与流程","2021-08-10 16:03:49","刘文晓","否","http://dmtks.hisense.com/pages/viewpage.action?pageId=133991026"
"dshwrj","海外软件开发所","17046919","5832933","海外软件开发所 Home","12、质量案例","1","12","海外软件开发所 Home / 12、质量案例","数据与质量","2020-12-31 16:27:59","张继栋","否","http://dmtks.hisense.com/pages/viewpage.action?pageId=17046919"
"dshwrj","海外软件开发所","18483565","17046919","12、质量案例","1.15-17年软件质量问题汇总","2","1","海外软件开发所 Home / 12、质量案例 / 1.15-17年软件质量问题汇总","问题与复盘","2018-04-18 15:03:28","未知用户 (yangzhiming)","否","http://dmtks.hisense.com/pages/viewpage.action?pageId=18483565"
"dshwrj","海外软件开发所","17046921","17046919","12、质量案例","2. 2018年质量案例","2","2","海外软件开发所 Home / 12、质量案例 / 2. 2018年质量案例","数据与质量","2018-04-18 15:03:37","未知用户 (yangzhiming)","否","http://dmtks.hisense.com/pages/viewpage.action?pageId=17046921"
"dshwrj","海外软件开发所","52101213","17046919","12、质量案例","3.2019质量案例","2","3","海外软件开发所 Home / 12、质量案例 / 3.2019质量案例","数据与质量","2019-04-14 16:02:29","宋茂松/Mason Song","否","http://dmtks.hisense.com/pages/viewpage.action?pageId=52101213"
"dshwrj","海外软件开发所","92940476","17046919","12、质量案例","4.2020质量案例","2","4","海外软件开发所 Home / 12、质量案例 / 4.2020质量案例","数据与质量","2020-07-02 15:45:37","李现旗","否","http://dmtks.hisense.com/pages/viewpage.action?pageId=92940476"
"dshwrj","海外软件开发所","67082825","5832933","海外软件开发所 Home","13、预研项目","1","13","海外软件开发所 Home / 13、预研项目","项目管理","2020-12-31 16:28:06","张继栋","否","http://dmtks.hisense.com/pages/viewpage.action?pageId=67082825"
"dshwrj","海外软件开发所","67082842","67082825","13、预研项目","2019预研项目","2","1","海外软件开发所 Home / 13、预研项目 / 2019预研项目","项目管理","2019-09-27 14:48:32","刘义峰/Yif Liu","否","http://dmtks.hisense.com/pages/viewpage.action?pageId=67082842"
"dshwrj","海外软件开发所","77138756","67082825","13、预研项目","2020预研项目","2","2","海外软件开发所 Home / 13、预研项目 / 2020预研项目","项目管理","2021-01-22 14:19:53","未知用户 (yupengde)","否","http://dmtks.hisense.com/pages/viewpage.action?pageId=77138756"
"dshwrj","海外软件开发所","104798237","67082825","13、预研项目","2021预研项目","2","3","海外软件开发所 Home / 13、预研项目 / 2021预研项目","项目管理","2022-01-05 09:44:24","宋虎","否","http://dmtks.hisense.com/pages/viewpage.action?pageId=104798237"
"dshwrj","海外软件开发所","141853870","67082825","13、预研项目","2022预研项目","2","4","海外软件开发所 Home / 13、预研项目 / 2022预研项目","项目管理","2022-01-28 12:04:50","宋虎","否","http://dmtks.hisense.com/pages/viewpage.action?pageId=141853870"
"dshwrj","海外软件开发所","83299518","5832933","海外软件开发所 Home","14、模块管理","1","14","海外软件开发所 Home / 14、模块管理","项目管理","2020-12-31 16:28:12","张继栋","否","http://dmtks.hisense.com/pages/viewpage.action?pageId=83299518"
"dshwrj","海外软件开发所","83299523","83299518","14、模块管理","1. 动态域名","2","1","海外软件开发所 Home / 14、模块管理 / 1. 动态域名","项目管理","2022-04-29 12:50:44","杜萌","否","http://dmtks.hisense.com/pages/viewpage.action?pageId=83299523"
"dshwrj","海外软件开发所","90935303","83299518","14、模块管理","2. 包名管理","2","2","海外软件开发所 Home / 14、模块管理 / 2. 包名管理","项目管理","2020-06-10 10:52:30","宋虎","否","http://dmtks.hisense.com/pages/viewpage.action?pageId=90935303"
"dshwrj","海外软件开发所","100041062","83299518","14、模块管理","3. 单元测试","2","3","海外软件开发所 Home / 14、模块管理 / 3. 单元测试","测试与验证","2020-09-07 10:23:37","宋虎","否","http://dmtks.hisense.com/pages/viewpage.action?pageId=100041062"
"dshwrj","海外软件开发所","112827001","5832933","海外软件开发所 Home","15、人员招聘","1","15","海外软件开发所 Home / 15、人员招聘","其他","2021-01-14 12:47:49","刘文晓","否","http://dmtks.hisense.com/pages/viewpage.action?pageId=112827001"
"dshwrj","海外软件开发所","144245195","5832933","海外软件开发所 Home","16、系统专家组","1","16","海外软件开发所 Home / 16、系统专家组","其他","2021-11-15 09:49:46","宋虎","否","http://dmtks.hisense.com/pages/viewpage.action?pageId=144245195"
"dshwrj","海外软件开发所","144245341","144245195","16、系统专家组","[1] 专家组会议记录","2","1","海外软件开发所 Home / 16、系统专家组 / [1] 专家组会议记录","会议与协同","2021-11-15 18:46:25","宋虎","否","http://dmtks.hisense.com/pages/viewpage.action?pageId=144245341"
"dshwrj","海外软件开发所","144245344","144245195","16、系统专家组","[2] 选题&研究","2","2","海外软件开发所 Home / 16、系统专家组 / [2] 选题&研究","其他","2021-11-15 10:12:06","宋虎","否","http://dmtks.hisense.com/pages/viewpage.action?pageId=144245344"
"dshwrj","海外软件开发所","144245349","144245195","16、系统专家组","[3] 成果&推广","2","3","海外软件开发所 Home / 16、系统专家组 / [3] 成果&推广","其他","2021-11-15 10:06:45","宋虎","否","http://dmtks.hisense.com/pages/viewpage.action?pageId=144245349"
"dshwrj","海外软件开发所","152315467","5832933","海外软件开发所 Home","17. 任职资格","1","17","海外软件开发所 Home / 17. 任职资格","其他","2022-01-27 14:15:52","宋虎","否","http://dmtks.hisense.com/pages/viewpage.action?pageId=152315467"
"dshwrj","海外软件开发所","104798194","152315467","17. 任职资格","2021年度任职资格","2","1","海外软件开发所 Home / 17. 任职资格 / 2021年度任职资格","其他","2022-01-27 14:16:32","宋虎","否","http://dmtks.hisense.com/pages/viewpage.action?pageId=104798194"
"dshwrj","海外软件开发所","152315460","152315467","17. 任职资格","2022年度任职资格","2","2","海外软件开发所 Home / 17. 任职资格 / 2022年度任职资格","其他","2022-03-01 18:50:37","未知用户 (gaohong4)","否","http://dmtks.hisense.com/pages/viewpage.action?pageId=152315460"
"dshwrj","海外软件开发所","5832909","5832933","海外软件开发所 Home","【浏览器和应用开发历史资料】","1","18","海外软件开发所 Home / 【浏览器和应用开发历史资料】","其他","2019-09-12 17:04:21","万兴振","否","http://dmtks.hisense.com/pages/viewpage.action?pageId=5832909"
"dshwrj","海外软件开发所","16647858","5832909","【浏览器和应用开发历史资料】","4K_HDR_UHD 认证 IP 部分当前问题","2","1","海外软件开发所 Home / 【浏览器和应用开发历史资料】 / 4K_HDR_UHD 认证 IP 部分当前问题","问题与复盘","2017-11-16 17:02:42","孙凯/Kai Sun","否","http://dmtks.hisense.com/pages/viewpage.action?pageId=16647858"
"dshwrj","海外软件开发所","31818538","5832909","【浏览器和应用开发历史资料】","5658 and 5659 FVP Concession Issues","2","2","海外软件开发所 Home / 【浏览器和应用开发历史资料】 / 5658 and 5659 FVP Concession Issues","问题与复盘","2018-09-10 18:54:54","孙凯/Kai Sun","否","http://dmtks.hisense.com/display/dshwrj/5658+and+5659+FVP+Concession+Issues"
"dshwrj","海外软件开发所","15586794","5832909","【浏览器和应用开发历史资料】","5658Fransat_HBBTV_TEST_20170815","2","3","海外软件开发所 Home / 【浏览器和应用开发历史资料】 / 5658Fransat_HBBTV_TEST_20170815","测试与验证","2017-08-22 14:58:00","未知用户 (huxuan1)","否","http://dmtks.hisense.com/display/dshwrj/5658Fransat_HBBTV_TEST_20170815"
"dshwrj","海外软件开发所","13708690","5832909","【浏览器和应用开发历史资料】","5658FVP_HBBTV_TEST_20170209","2","4","海外软件开发所 Home / 【浏览器和应用开发历史资料】 / 5658FVP_HBBTV_TEST_20170209","测试与验证","2017-02-20 15:28:21","未知用户 (huxuan1)","否","http://dmtks.hisense.com/display/dshwrj/5658FVP_HBBTV_TEST_20170209"
"dshwrj","海外软件开发所","13728391","5832909","【浏览器和应用开发历史资料】","5658FVP_HBBTV_TEST_20170324","2","5","海外软件开发所 Home / 【浏览器和应用开发历史资料】 / 5658FVP_HBBTV_TEST_20170324","测试与验证","2017-03-27 17:25:37","未知用户 (huxuan1)","否","http://dmtks.hisense.com/display/dshwrj/5658FVP_HBBTV_TEST_20170324"
"dshwrj","海外软件开发所","14536956","5832909","【浏览器和应用开发历史资料】","5658FVP_HBBTV_TEST_H0415","2","6","海外软件开发所 Home / 【浏览器和应用开发历史资料】 / 5658FVP_HBBTV_TEST_H0415","测试与验证","2017-04-18 15:06:05","未知用户 (huxuan1)","否","http://dmtks.hisense.com/display/dshwrj/5658FVP_HBBTV_TEST_H0415"
"dshwrj","海外软件开发所","15890104","5832909","【浏览器和应用开发历史资料】","Amazon 语音问题：","2","7","海外软件开发所 Home / 【浏览器和应用开发历史资料】 / Amazon 语音问题：","问题与复盘","2017-11-16 20:02:27","王春晖/Bright Wang","否","http://dmtks.hisense.com/pages/viewpage.action?pageId=15890104"
"dshwrj","海外软件开发所","16852400","5832909","【浏览器和应用开发历史资料】","DFB 相关知识","2","8","海外软件开发所 Home / 【浏览器和应用开发历史资料】 / DFB 相关知识","其他","2018-01-12 09:58:49","樊杰","否","http://dmtks.hisense.com/pages/viewpage.action?pageId=16852400"
"dshwrj","海外软件开发所","25329816","5832909","【浏览器和应用开发历史资料】","Freeview Play Technical Specifications","2","9","海外软件开发所 Home / 【浏览器和应用开发历史资料】 / Freeview Play Technical Specifications","设计与架构","2018-07-02 10:25:49","孙凯/Kai Sun","否","http://dmtks.hisense.com/display/dshwrj/Freeview+Play+Technical+Specifications"
"dshwrj","海外软件开发所","15885696","5832909","【浏览器和应用开发历史资料】","HBBTV 2018 认证","2","10","海外软件开发所 Home / 【浏览器和应用开发历史资料】 / HBBTV 2018 认证","培训与知识","2018-03-13 09:41:21","周立辉","否","http://dmtks.hisense.com/pages/viewpage.action?pageId=15885696"
"dshwrj","海外软件开发所","12978661","5832909","【浏览器和应用开发历史资料】","MTK依赖问题跟踪","2","11","海外软件开发所 Home / 【浏览器和应用开发历史资料】 / MTK依赖问题跟踪","问题与复盘","2017-06-19 15:16:56","未知用户 (doumeng)","否","http://dmtks.hisense.com/pages/viewpage.action?pageId=12978661"
"dshwrj","海外软件开发所","12978668","5832909","【浏览器和应用开发历史资料】","Opera依赖问题跟踪","2","12","海外软件开发所 Home / 【浏览器和应用开发历史资料】 / Opera依赖问题跟踪","问题与复盘","2017-06-29 18:51:10","李金波/Jinbo Li","否","http://dmtks.hisense.com/pages/viewpage.action?pageId=12978668"
"dshwrj","海外软件开发所","16657048","5832909","【浏览器和应用开发历史资料】","The 29th HbbTV Interop Workshop and Germany In-Field Test Issues","2","13","海外软件开发所 Home / 【浏览器和应用开发历史资料】 / The 29th HbbTV Interop Workshop and Germany In-Field Test Issues","测试与验证","2018-06-29 15:42:00","孙凯/Kai Sun","否","http://dmtks.hisense.com/display/dshwrj/The+29th+HbbTV+Interop+Workshop+and+Germany+In-Field+Test+Issues"
"dshwrj","海外软件开发所","24678713","5832909","【浏览器和应用开发历史资料】","The 31st HbbTV Interop Workshop and Testing Event in Munich (summary)","2","14","海外软件开发所 Home / 【浏览器和应用开发历史资料】 / The 31st HbbTV Interop Workshop and Testing Event in Munich (summary)","测试与验证","2018-09-23 08:53:44","孙凯/Kai Sun","否","http://dmtks.hisense.com/pages/viewpage.action?pageId=24678713"
"dshwrj","海外软件开发所","44042320","5832909","【浏览器和应用开发历史资料】","【MSD6886】内存优化","2","15","海外软件开发所 Home / 【浏览器和应用开发历史资料】 / 【MSD6886】内存优化","其他","2019-01-23 09:04:59","赵永健/Merry Zhao","否","http://dmtks.hisense.com/pages/viewpage.action?pageId=44042320"
"dshwrj","海外软件开发所","16648700","5832909","【浏览器和应用开发历史资料】","各个市场常用浏览器测试网址统计","2","16","海外软件开发所 Home / 【浏览器和应用开发历史资料】 / 各个市场常用浏览器测试网址统计","测试与验证","2017-11-15 09:17:38","樊杰","否","http://dmtks.hisense.com/pages/viewpage.action?pageId=16648700"
"dshwrj","海外软件开发所","15771567","5832909","【浏览器和应用开发历史资料】","小组周例会","2","17","海外软件开发所 Home / 【浏览器和应用开发历史资料】 / 小组周例会","会议与协同","2017-12-06 09:12:07","未知用户 (caozhe)","否","http://dmtks.hisense.com/pages/viewpage.action?pageId=15771567"
"dshwrj","海外软件开发所","16649138","5832909","【浏览器和应用开发历史资料】","应用账号统计","2","18","海外软件开发所 Home / 【浏览器和应用开发历史资料】 / 应用账号统计","数据与质量","2017-11-15 16:54:24","樊杰","否","http://dmtks.hisense.com/pages/viewpage.action?pageId=16649138"
"dshwrj","海外软件开发所","5832800","5832909","【浏览器和应用开发历史资料】","技术分享","2","19","海外软件开发所 Home / 【浏览器和应用开发历史资料】 / 技术分享","其他","2016-11-30 09:58:41","樊杰","否","http://dmtks.hisense.com/pages/viewpage.action?pageId=5832800"
"dshwrj","海外软件开发所","15774018","5832909","【浏览器和应用开发历史资料】","技术路线演进汇总","2","20","海外软件开发所 Home / 【浏览器和应用开发历史资料】 / 技术路线演进汇总","其他","2017-09-21 19:26:34","未知用户 (caozhe)","否","http://dmtks.hisense.com/pages/viewpage.action?pageId=15774018"
"dshwrj","海外软件开发所","5832796","5832909","【浏览器和应用开发历史资料】","文档","2","21","海外软件开发所 Home / 【浏览器和应用开发历史资料】 / 文档","规范与流程","2017-12-20 19:50:29","李金波/Jinbo Li","否","http://dmtks.hisense.com/pages/viewpage.action?pageId=5832796"
"dshwrj","海外软件开发所","15886275","5832909","【浏览器和应用开发历史资料】","新员工培养","2","22","海外软件开发所 Home / 【浏览器和应用开发历史资料】 / 新员工培养","其他","2017-11-03 11:40:34","未知用户 (caozhe)","否","http://dmtks.hisense.com/pages/viewpage.action?pageId=15886275"
"dshwrj","海外软件开发所","16852177","5832909","【浏览器和应用开发历史资料】","浏览器常用问题：","2","23","海外软件开发所 Home / 【浏览器和应用开发历史资料】 / 浏览器常用问题：","问题与复盘","2018-01-12 09:58:08","樊杰","否","http://dmtks.hisense.com/pages/viewpage.action?pageId=16852177"
"dshwrj","海外软件开发所","16648849","5832909","【浏览器和应用开发历史资料】","预置应用版本信息统计","2","24","海外软件开发所 Home / 【浏览器和应用开发历史资料】 / 预置应用版本信息统计","版本与计划","2017-11-15 13:39:09","樊杰","否","http://dmtks.hisense.com/pages/viewpage.action?pageId=16648849"
"dshwrj","海外软件开发所","5832912","5832933","海外软件开发所 Home","【老方案平台历史资料】","1","19","海外软件开发所 Home / 【老方案平台历史资料】","设计与架构","2019-12-27 11:59:36","刘文晓","否","http://dmtks.hisense.com/pages/viewpage.action?pageId=5832912"
"dshwrj","海外软件开发所","13722048","5832912","【老方案平台历史资料】","5658 STR关机，按键处理流程梳理","2","1","海外软件开发所 Home / 【老方案平台历史资料】 / 5658 STR关机，按键处理流程梳理","设计与架构","2017-03-23 10:55:01","未知用户 (liuqian4)","否","http://dmtks.hisense.com/pages/viewpage.action?pageId=13722048"
"dshwrj","海外软件开发所","5832719","5832912","【老方案平台历史资料】","Bluetooth","2","2","海外软件开发所 Home / 【老方案平台历史资料】 / Bluetooth","设计与架构","2016-05-31 15:11:49","杜刚","否","http://dmtks.hisense.com/display/dshwrj/Bluetooth"
"dshwrj","海外软件开发所","5832939","5832912","【老方案平台历史资料】","Miracast","2","3","海外软件开发所 Home / 【老方案平台历史资料】 / Miracast","设计与架构","2016-06-01 18:52:34","杜刚","否","http://dmtks.hisense.com/display/dshwrj/Miracast"
"dshwrj","海外软件开发所","13722041","5832912","【老方案平台历史资料】","OTA","2","4","海外软件开发所 Home / 【老方案平台历史资料】 / OTA","设计与架构","2018-11-19 15:41:01","未知用户 (mazheng)","否","http://dmtks.hisense.com/display/dshwrj/OTA"
"dshwrj","海外软件开发所","5832941","5832912","【老方案平台历史资料】","WIFI","2","5","海外软件开发所 Home / 【老方案平台历史资料】 / WIFI","设计与架构","2016-06-01 18:52:05","杜刚","否","http://dmtks.hisense.com/display/dshwrj/WIFI"
"dshwrj","海外软件开发所","37519581","5832933","海外软件开发所 Home","海外下市场","1","20","海外软件开发所 Home / 海外下市场","其他","2018-11-12 09:20:05","王新鲁","否","http://dmtks.hisense.com/pages/viewpage.action?pageId=37519581"
"dshwrj","海外软件开发所","46106673","37519581","海外下市场","美国、加拿大签证统计(2023年)","2","1","海外软件开发所 Home / 海外下市场 / 美国、加拿大签证统计(2023年)","数据与质量","2023-08-23 16:39:42","汪建华","否","http://dmtks.hisense.com/pages/viewpage.action?pageId=46106673"
"dshwrj","海外软件开发所","37519584","37519581","海外下市场","美国市场","2","2","海外软件开发所 Home / 海外下市场 / 美国市场","其他","2018-11-12 09:22:31","王新鲁","否","http://dmtks.hisense.com/pages/viewpage.action?pageId=37519584"
"dshwrj","海外软件开发所","5832877","5832933","海外软件开发所 Home","海外业务及应用组","1","21","海外软件开发所 Home / 海外业务及应用组","其他","2018-08-30 14:36:30","贾桂丽","否","http://dmtks.hisense.com/pages/viewpage.action?pageId=5832877"
"dshwrj","海外软件开发所","16869541","5832877","海外业务及应用组","10、休假安排","2","1","海外软件开发所 Home / 海外业务及应用组 / 10、休假安排","其他","2018-02-08 17:34:40","赵永健/Merry Zhao","否","http://dmtks.hisense.com/pages/viewpage.action?pageId=16869541"
"dshwrj","海外软件开发所","25331849","5832877","海外业务及应用组","11.学习资料","2","2","海外软件开发所 Home / 海外业务及应用组 / 11.学习资料","培训与知识","2018-07-04 11:27:40","樊杰","否","http://dmtks.hisense.com/pages/viewpage.action?pageId=25331849"
"dshwrj","海外软件开发所","23434381","5832877","海外业务及应用组","12、常见任务工作思路","2","3","海外软件开发所 Home / 海外业务及应用组 / 12、常见任务工作思路","项目管理","2018-07-04 11:28:01","樊杰","否","http://dmtks.hisense.com/pages/viewpage.action?pageId=23434381"
"dshwrj","海外软件开发所","45253750","5832877","海外业务及应用组","13 问题总结","2","4","海外软件开发所 Home / 海外业务及应用组 / 13 问题总结","问题与复盘","2019-01-29 09:44:31","樊杰","否","http://dmtks.hisense.com/pages/viewpage.action?pageId=45253750"
"dshwrj","海外软件开发所","5832874","5832877","海外业务及应用组","1、会议纪要","2","5","海外软件开发所 Home / 海外业务及应用组 / 1、会议纪要","会议与协同","2016-03-17 17:31:14","赵永健/Merry Zhao","否","http://dmtks.hisense.com/pages/viewpage.action?pageId=5832874"
"dshwrj","海外软件开发所","5832875","5832877","海外业务及应用组","2、UI SDK","2","6","海外软件开发所 Home / 海外业务及应用组 / 2、UI SDK","设计与架构","2016-03-17 17:50:34","赵永健/Merry Zhao","否","http://dmtks.hisense.com/pages/viewpage.action?pageId=5832875"
"dshwrj","海外软件开发所","5832888","5832877","海外业务及应用组","3、交流分享","2","7","海外软件开发所 Home / 海外业务及应用组 / 3、交流分享","其他","2018-04-12 15:00:49","樊杰","否","http://dmtks.hisense.com/pages/viewpage.action?pageId=5832888"
"dshwrj","海外软件开发所","5832885","5832877","海外业务及应用组","4、技术参考","2","8","海外软件开发所 Home / 海外业务及应用组 / 4、技术参考","其他","2016-03-17 17:51:23","赵永健/Merry Zhao","否","http://dmtks.hisense.com/pages/viewpage.action?pageId=5832885"
"dshwrj","海外软件开发所","5832833","5832877","海外业务及应用组","5、设计备忘","2","9","海外软件开发所 Home / 海外业务及应用组 / 5、设计备忘","设计与架构","2016-08-22 13:51:11","赵永健/Merry Zhao","否","http://dmtks.hisense.com/pages/viewpage.action?pageId=5832833"
"dshwrj","海外软件开发所","5832787","5832877","海外业务及应用组","6、项目工作","2","10","海外软件开发所 Home / 海外业务及应用组 / 6、项目工作","项目管理","2016-09-13 08:44:59","赵永健/Merry Zhao","否","http://dmtks.hisense.com/pages/viewpage.action?pageId=5832787"
"dshwrj","海外软件开发所","5832768","5832877","海外业务及应用组","7、综合","2","11","海外软件开发所 Home / 海外业务及应用组 / 7、综合","其他","2016-08-22 13:50:34","赵永健/Merry Zhao","否","http://dmtks.hisense.com/pages/viewpage.action?pageId=5832768"
"dshwrj","海外软件开发所","5832856","5832877","海外业务及应用组","8、测试用例","2","12","海外软件开发所 Home / 海外业务及应用组 / 8、测试用例","测试与验证","2016-12-05 10:55:59","满丽/Sherry Man","否","http://dmtks.hisense.com/pages/viewpage.action?pageId=5832856"
"dshwrj","海外软件开发所","15865671","5832877","海外业务及应用组","9.工作周报","2","13","海外软件开发所 Home / 海外业务及应用组 / 9.工作周报","其他","2017-10-02 00:03:19","赵永健/Merry Zhao","否","http://dmtks.hisense.com/pages/viewpage.action?pageId=15865671"
"dshwrj","海外软件开发所","46107441","5832877","海外业务及应用组","module building","2","14","海外软件开发所 Home / 海外业务及应用组 / module building","其他","2019-02-15 10:52:43","贾桂丽","否","http://dmtks.hisense.com/display/dshwrj/module+building"
"dshwrj","海外软件开发所","15869540","5832877","海外业务及应用组","海外UI组员工文档列表","2","15","海外软件开发所 Home / 海外业务及应用组 / 海外UI组员工文档列表","规范与流程","2017-10-13 10:50:27","赵永健/Merry Zhao","否","http://dmtks.hisense.com/pages/viewpage.action?pageId=15869540"
"dshwrj","海外软件开发所","46107367","5832933","海外软件开发所 Home","海外业务开发室（Android）","1","22","海外软件开发所 Home / 海外业务开发室（Android）","其他","2019-05-10 09:02:11","贾桂丽","否","http://dmtks.hisense.com/pages/viewpage.action?pageId=46107367"
"dshwrj","海外软件开发所","168146180","46107367","海外业务开发室（Android）","app版本演进建设","2","1","海外软件开发所 Home / 海外业务开发室（Android） / app版本演进建设","版本与计划","2022-06-16 20:27:03","贾桂丽","否","http://dmtks.hisense.com/pages/viewpage.action?pageId=168146180"
"dshwrj","海外软件开发所","40046945","46107367","海外业务开发室（Android）","Modules Building","2","2","海外软件开发所 Home / 海外业务开发室（Android） / Modules Building","其他","2020-05-11 10:17:06","未知用户 (xuxiangtai)","否","http://dmtks.hisense.com/display/dshwrj/Modules+Building"
"dshwrj","海外软件开发所","46107380","46107367","海外业务开发室（Android）","业务分享","2","3","海外软件开发所 Home / 海外业务开发室（Android） / 业务分享","其他","2019-02-15 10:16:00","贾桂丽","否","http://dmtks.hisense.com/pages/viewpage.action?pageId=46107380"
"dshwrj","海外软件开发所","55546962","46107367","海外业务开发室（Android）","创新成果和专利提案","2","4","海外软件开发所 Home / 海外业务开发室（Android） / 创新成果和专利提案","其他","2019-05-24 11:16:35","贾桂丽","否","http://dmtks.hisense.com/pages/viewpage.action?pageId=55546962"
"dshwrj","海外软件开发所","117510100","46107367","海外业务开发室（Android）","历史培训2019-2020","2","5","海外软件开发所 Home / 海外业务开发室（Android） / 历史培训2019-2020","培训与知识","2021-03-02 15:12:32","贾桂丽","否","http://dmtks.hisense.com/pages/viewpage.action?pageId=117510100"
"dshwrj","海外软件开发所","46107418","46107367","海外业务开发室（Android）","学习计划及个人空间","2","6","海外软件开发所 Home / 海外业务开发室（Android） / 学习计划及个人空间","版本与计划","2021-03-02 15:15:14","贾桂丽","否","http://dmtks.hisense.com/pages/viewpage.action?pageId=46107418"
"dshwrj","海外软件开发所","46107387","46107367","海外业务开发室（Android）","学习资料","2","7","海外软件开发所 Home / 海外业务开发室（Android） / 学习资料","培训与知识","2019-02-15 10:17:51","贾桂丽","否","http://dmtks.hisense.com/pages/viewpage.action?pageId=46107387"
"dshwrj","海外软件开发所","46793166","46107367","海外业务开发室（Android）","工作基本要求","2","8","海外软件开发所 Home / 海外业务开发室（Android） / 工作基本要求","其他","2019-03-30 11:09:34","贾桂丽","否","http://dmtks.hisense.com/pages/viewpage.action?pageId=46793166"
"dshwrj","海外软件开发所","85365769","46107367","海外业务开发室（Android）","技术探讨和研究","2","9","海外软件开发所 Home / 海外业务开发室（Android） / 技术探讨和研究","其他","2020-04-09 15:28:35","樊杰","否","http://dmtks.hisense.com/pages/viewpage.action?pageId=85365769"
"dshwrj","海外软件开发所","46107540","46107367","海外业务开发室（Android）","新员工管理","2","10","海外软件开发所 Home / 海外业务开发室（Android） / 新员工管理","项目管理","2019-02-15 11:37:47","贾桂丽","否","http://dmtks.hisense.com/pages/viewpage.action?pageId=46107540"
"dshwrj","海外软件开发所","171424626","46107367","海外业务开发室（Android）","竞品信息","2","11","海外软件开发所 Home / 海外业务开发室（Android） / 竞品信息","其他","2022-07-15 11:46:33","贾桂丽","否","http://dmtks.hisense.com/pages/viewpage.action?pageId=171424626"
"dshwrj","海外软件开发所","117510179","46107367","海外业务开发室（Android）","组内例会","2","12","海外软件开发所 Home / 海外业务开发室（Android） / 组内例会","会议与协同","2021-03-02 15:37:35","贾桂丽","否","http://dmtks.hisense.com/pages/viewpage.action?pageId=117510179"
"dshwrj","海外软件开发所","46107537","46107367","海外业务开发室（Android）","经验教训总结","2","13","海外软件开发所 Home / 海外业务开发室（Android） / 经验教训总结","其他","2019-02-15 11:37:19","贾桂丽","否","http://dmtks.hisense.com/pages/viewpage.action?pageId=46107537"
"dshwrj","海外软件开发所","107055489","46107367","海外业务开发室（Android）","设计和问题雷区","2","14","海外软件开发所 Home / 海外业务开发室（Android） / 设计和问题雷区","设计与架构","2022-03-11 10:24:00","樊杰","否","http://dmtks.hisense.com/pages/viewpage.action?pageId=107055489"
"dshwrj","海外软件开发所","48832191","5832933","海外软件开发所 Home","海外应用开发室","1","23","海外软件开发所 Home / 海外应用开发室","其他","2019-03-16 18:42:18","宋虎","否","http://dmtks.hisense.com/pages/viewpage.action?pageId=48832191"
"dshwrj","海外软件开发所","50825183","48832191","海外应用开发室","0. 科室模块","2","1","海外软件开发所 Home / 海外应用开发室 / 0. 科室模块","其他","2022-03-01 16:41:42","刘勇.ex","否","http://dmtks.hisense.com/pages/viewpage.action?pageId=50825183"
"dshwrj","海外软件开发所","48832199","48832191","海外应用开发室","2. 培训与技术分享","2","2","海外软件开发所 Home / 海外应用开发室 / 2. 培训与技术分享","培训与知识","2019-03-16 18:45:52","宋虎","否","http://dmtks.hisense.com/pages/viewpage.action?pageId=48832199"
"dshwrj","海外软件开发所","48832201","48832191","海外应用开发室","3. 创新空间","2","3","海外软件开发所 Home / 海外应用开发室 / 3. 创新空间","其他","2019-03-16 18:46:18","宋虎","否","http://dmtks.hisense.com/pages/viewpage.action?pageId=48832201"
"dshwrj","海外软件开发所","48832193","48832191","海外应用开发室","4. 应用独立编译平台","2","4","海外软件开发所 Home / 海外应用开发室 / 4. 应用独立编译平台","其他","2019-04-01 17:23:28","宋虎","否","http://dmtks.hisense.com/pages/viewpage.action?pageId=48832193"
"dshwrj","海外软件开发所","52727971","48832191","海外应用开发室","5. 应试项目","2","5","海外软件开发所 Home / 海外应用开发室 / 5. 应试项目","项目管理","2019-04-25 13:14:15","宋虎","否","http://dmtks.hisense.com/pages/viewpage.action?pageId=52727971"
"dshwrj","海外软件开发所","50827868","48832191","海外应用开发室","6. 其它事宜","2","6","海外软件开发所 Home / 海外应用开发室 / 6. 其它事宜","其他","2019-04-25 13:14:22","宋虎","否","http://dmtks.hisense.com/pages/viewpage.action?pageId=50827868"
"dshwrj","海外软件开发所","155690417","48832191","海外应用开发室","科室规划","2","7","海外软件开发所 Home / 海外应用开发室 / 科室规划","其他","2022-03-03 09:38:32","片兆峰","否","http://dmtks.hisense.com/pages/viewpage.action?pageId=155690417"
"dshwrj","海外软件开发所","5832804","5832933","海外软件开发所 Home","海外电视业务室","1","24","海外软件开发所 Home / 海外电视业务室","其他","2022-10-13 11:04:37","刘文晓","否","http://dmtks.hisense.com/pages/viewpage.action?pageId=5832804"
"dshwrj","海外软件开发所","51478576","5832804","海外电视业务室","0.重点工作&业务划分","2","1","海外软件开发所 Home / 海外电视业务室 / 0.重点工作&业务划分","其他","2022-09-27 13:47:48","王艳丽","否","http://dmtks.hisense.com/pages/viewpage.action?pageId=51478576"
"dshwrj","海外软件开发所","5832752","5832804","海外电视业务室","3.培训&学习&总结资料","2","2","海外软件开发所 Home / 海外电视业务室 / 3.培训&学习&总结资料","培训与知识","2022-06-20 16:36:02","刘文晓","否","http://dmtks.hisense.com/pages/viewpage.action?pageId=5832752"
"dshwrj","海外软件开发所","5832910","5832933","海外软件开发所 Home","海外系统技术室","1","25","海外软件开发所 Home / 海外系统技术室","其他","2018-09-04 08:51:03","宋茂松/Mason Song","否","http://dmtks.hisense.com/pages/viewpage.action?pageId=5832910"
"dshwrj","海外软件开发所","14727134","5832910","海外系统技术室","1.项目管理","2","1","海外软件开发所 Home / 海外系统技术室 / 1.项目管理","项目管理","2017-06-06 13:34:52","未知用户 (yangzhiming)","否","http://dmtks.hisense.com/pages/viewpage.action?pageId=14727134"
"dshwrj","海外软件开发所","89001796","5832910","海外系统技术室","10.通过PLM上传知识库软件记录","2","2","海外软件开发所 Home / 海外系统技术室 / 10.通过PLM上传知识库软件记录","其他","2023-11-21 09:28:21","刘鹏/Roc Liu","否","http://dmtks.hisense.com/pages/viewpage.action?pageId=89001796"
"dshwrj","海外软件开发所","14827426","5832910","海外系统技术室","11.主设计工作规范","2","3","海外软件开发所 Home / 海外系统技术室 / 11.主设计工作规范","设计与架构","2021-06-22 15:36:19","赵尚起/Shangqi Zhao","否","http://dmtks.hisense.com/pages/viewpage.action?pageId=14827426"
"dshwrj","海外软件开发所","129076698","5832910","海外系统技术室","12.外销项目输入汇总","2","4","海外软件开发所 Home / 海外系统技术室 / 12.外销项目输入汇总","项目管理","2021-06-22 17:27:22","赵尚起/Shangqi Zhao","否","http://dmtks.hisense.com/pages/viewpage.action?pageId=129076698"
"dshwrj","海外软件开发所","14727145","5832910","海外系统技术室","2.会议纪要","2","5","海外软件开发所 Home / 海外系统技术室 / 2.会议纪要","会议与协同","2017-06-06 13:38:46","未知用户 (yangzhiming)","否","http://dmtks.hisense.com/pages/viewpage.action?pageId=14727145"
"dshwrj","海外软件开发所","14727153","5832910","海外系统技术室","3.信息共享","2","6","海外软件开发所 Home / 海外系统技术室 / 3.信息共享","其他","2017-06-06 13:40:15","未知用户 (yangzhiming)","否","http://dmtks.hisense.com/pages/viewpage.action?pageId=14727153"
"dshwrj","海外软件开发所","14727161","5832910","海外系统技术室","4.经验共享","2","7","海外软件开发所 Home / 海外系统技术室 / 4.经验共享","其他","2020-04-26 11:02:47","宋茂松/Mason Song","否","http://dmtks.hisense.com/pages/viewpage.action?pageId=14727161"
"dshwrj","海外软件开发所","14727171","5832910","海外系统技术室","5.培训","2","8","海外软件开发所 Home / 海外系统技术室 / 5.培训","培训与知识","2017-06-06 13:47:12","未知用户 (yangzhiming)","否","http://dmtks.hisense.com/pages/viewpage.action?pageId=14727171"
"dshwrj","海外软件开发所","14727173","5832910","海外系统技术室","6.新员工指南","2","9","海外软件开发所 Home / 海外系统技术室 / 6.新员工指南","规范与流程","2019-07-02 10:20:46","宋茂松/Mason Song","否","http://dmtks.hisense.com/pages/viewpage.action?pageId=14727173"
"dshwrj","海外软件开发所","17048592","5832910","海外系统技术室","7.无软件预警","2","10","海外软件开发所 Home / 海外系统技术室 / 7.无软件预警","其他","2024-05-29 11:15:45","丁明伟/Martin Ding","否","http://dmtks.hisense.com/pages/viewpage.action?pageId=17048592"
"dshwrj","海外软件开发所","51483798","5832910","海外系统技术室","8.软件申请与下发","2","11","海外软件开发所 Home / 海外系统技术室 / 8.软件申请与下发","其他","2019-09-29 11:05:16","未知用户 (zhaofaying1701)","否","http://dmtks.hisense.com/pages/viewpage.action?pageId=51483798"
"dshwrj","海外软件开发所","79790784","5832910","海外系统技术室","9.疫情防控期间供餐预定---软件研发部--海外系统设计室","2","12","海外软件开发所 Home / 海外系统技术室 / 9.疫情防控期间供餐预定---软件研发部--海外系统设计室","设计与架构","2020-02-10 12:11:47","未知用户 (zhaofaying1701)","否","http://dmtks.hisense.com/pages/viewpage.action?pageId=79790784"
"dshwrj","海外软件开发所","29854499","5832933","海外软件开发所 Home","海外软件支撑室","1","26","海外软件开发所 Home / 海外软件支撑室","其他","2020-03-27 16:54:12","孙启凤","否","http://dmtks.hisense.com/pages/viewpage.action?pageId=29854499"
"dshwrj","海外软件开发所","50826304","29854499","海外软件支撑室","自动化压测场景及各项目压测结果","2","1","海外软件开发所 Home / 海外软件支撑室 / 自动化压测场景及各项目压测结果","项目管理","2020-05-15 09:31:35","魏强/Grand Wei","否","http://dmtks.hisense.com/pages/viewpage.action?pageId=50826304"
"SYSHARE","深研公共分享","24052361","","","深圳研发中心服务平台","0","1","深圳研发中心服务平台","其他","2024-04-24 09:39:19","刘飞","否","http://dmtks.hisense.com/pages/viewpage.action?pageId=24052361"
"SYSHARE","深研公共分享","77140123","24052361","深圳研发中心服务平台","1.综合管理室分享","1","1","深圳研发中心服务平台 / 1.综合管理室分享","项目管理","2025-03-14 09:31:31","刘飞","否","http://dmtks.hisense.com/pages/viewpage.action?pageId=77140123"
"SYSHARE","深研公共分享","155692973","77140123","1.综合管理室分享","1、深研下午茶","2","1","深圳研发中心服务平台 / 1.综合管理室分享 / 1、深研下午茶","项目管理","2022-03-03 19:51:06","刘飞","否","http://dmtks.hisense.com/pages/viewpage.action?pageId=155692973"
"SYSHARE","深研公共分享","77140127","77140123","1.综合管理室分享","2.深研供应商明细表","2","2","深圳研发中心服务平台 / 1.综合管理室分享 / 2.深研供应商明细表","项目管理","2026-04-02 09:46:05","刘飞","否","http://dmtks.hisense.com/pages/viewpage.action?pageId=77140127"
"SYSHARE","深研公共分享","91625637","77140123","1.综合管理室分享","3.信息安全专栏","2","3","深圳研发中心服务平台 / 1.综合管理室分享 / 3.信息安全专栏","项目管理","2020-06-18 10:28:08","刘飞","否","http://dmtks.hisense.com/pages/viewpage.action?pageId=91625637"
"SYSHARE","深研公共分享","110005318","77140123","1.综合管理室分享","4.深研周年庆","2","4","深圳研发中心服务平台 / 1.综合管理室分享 / 4.深研周年庆","项目管理","2020-12-15 15:42:10","刘飞","否","http://dmtks.hisense.com/pages/viewpage.action?pageId=110005318"
"SYSHARE","深研公共分享","77728108","77140123","1.综合管理室分享","深研五周年庆祝活动照片","2","5","深圳研发中心服务平台 / 1.综合管理室分享 / 深研五周年庆祝活动照片","项目管理","2020-01-14 18:06:38","未知用户 (zhulin16)","否","http://dmtks.hisense.com/pages/viewpage.action?pageId=77728108"
"SYSHARE","深研公共分享","168926278","77140123","1.综合管理室分享","第二届乒乓球比赛照片","2","6","深圳研发中心服务平台 / 1.综合管理室分享 / 第二届乒乓球比赛照片","项目管理","2022-06-23 18:03:46","贾欢欢","否","http://dmtks.hisense.com/pages/viewpage.action?pageId=168926278"
"SYSHARE","深研公共分享","164839270","77140123","1.综合管理室分享","顺丰快递明细","2","7","深圳研发中心服务平台 / 1.综合管理室分享 / 顺丰快递明细","项目管理","2022-05-20 10:43:22","刘飞","否","http://dmtks.hisense.com/pages/viewpage.action?pageId=164839270"
"SYSHARE","深研公共分享","143426162","24052361","深圳研发中心服务平台","10.深研综管相关制度流程","1","2","深圳研发中心服务平台 / 10.深研综管相关制度流程","规范与流程","2022-09-05 16:16:05","未知用户 (liluman)","否","http://dmtks.hisense.com/pages/viewpage.action?pageId=143426162"
"SYSHARE","深研公共分享","231859089","143426162","10.深研综管相关制度流程","社招新员工成长跟踪（含实习生）","2","1","深圳研发中心服务平台 / 10.深研综管相关制度流程 / 社招新员工成长跟踪（含实习生）","规范与流程","2024-04-02 10:01:13","未知用户 (liluman)","否","http://dmtks.hisense.com/pages/viewpage.action?pageId=231859089"
"SYSHARE","深研公共分享","162400818","143426162","10.深研综管相关制度流程","（1）员工服务手册及指引","2","2","深圳研发中心服务平台 / 10.深研综管相关制度流程 / （1）员工服务手册及指引","规范与流程","2025-07-02 11:14:03","尹霞","否","http://dmtks.hisense.com/pages/viewpage.action?pageId=162400818"
"SYSHARE","深研公共分享","143426172","143426162","10.深研综管相关制度流程","（2）校招新员工导师沟通（2021年）","2","3","深圳研发中心服务平台 / 10.深研综管相关制度流程 / （2）校招新员工导师沟通（2021年）","规范与流程","2023-04-26 17:50:19","未知用户 (liluman)","否","http://dmtks.hisense.com/pages/viewpage.action?pageId=143426172"
"SYSHARE","深研公共分享","164072117","143426162","10.深研综管相关制度流程","（3）校招新员工导师沟通（2022年）","2","4","深圳研发中心服务平台 / 10.深研综管相关制度流程 / （3）校招新员工导师沟通（2022年）","规范与流程","2023-04-26 17:50:31","未知用户 (liluman)","否","http://dmtks.hisense.com/pages/viewpage.action?pageId=164072117"
"SYSHARE","深研公共分享","210731201","143426162","10.深研综管相关制度流程","（4）校招新员工导师沟通（2023年）","2","5","深圳研发中心服务平台 / 10.深研综管相关制度流程 / （4）校招新员工导师沟通（2023年）","规范与流程","2024-05-06 20:47:04","李海浩","否","http://dmtks.hisense.com/pages/viewpage.action?pageId=210731201"
"SYSHARE","深研公共分享","167330482","24052361","深圳研发中心服务平台","12.基层管理者培训","1","3","深圳研发中心服务平台 / 12.基层管理者培训","培训与知识","2022-06-10 16:56:19","尹霞","否","http://dmtks.hisense.com/pages/viewpage.action?pageId=167330482"
"SYSHARE","深研公共分享","167330595","167330482","12.基层管理者培训","2022年新晋升室主任90天转身计划","2","1","深圳研发中心服务平台 / 12.基层管理者培训 / 2022年新晋升室主任90天转身计划","版本与计划","2022-06-10 17:13:42","尹霞","否","http://dmtks.hisense.com/pages/viewpage.action?pageId=167330595"
"SYSHARE","深研公共分享","167330597","167330482","12.基层管理者培训","2022年深研学习行动小组计划","2","2","深圳研发中心服务平台 / 12.基层管理者培训 / 2022年深研学习行动小组计划","版本与计划","2022-06-10 17:13:59","尹霞","否","http://dmtks.hisense.com/pages/viewpage.action?pageId=167330597"
"SYSHARE","深研公共分享","209094834","167330482","12.基层管理者培训","2023年深研管理提升项目","2","3","深圳研发中心服务平台 / 12.基层管理者培训 / 2023年深研管理提升项目","培训与知识","2023-04-17 15:45:08","未知用户 (liluman)","否","http://dmtks.hisense.com/pages/viewpage.action?pageId=209094834"
"SYSHARE","深研公共分享","204744107","24052361","深圳研发中心服务平台","13.任职资格公示专区","1","4","深圳研发中心服务平台 / 13.任职资格公示专区","其他","2023-03-22 10:48:10","尹霞","否","http://dmtks.hisense.com/pages/viewpage.action?pageId=204744107"
"SYSHARE","深研公共分享","204744134","204744107","13.任职资格公示专区","2020年度任职资格公示区","2","1","深圳研发中心服务平台 / 13.任职资格公示专区 / 2020年度任职资格公示区","其他","2023-08-30 16:02:03","尹霞","否","http://dmtks.hisense.com/pages/viewpage.action?pageId=204744134"
"SYSHARE","深研公共分享","204744190","204744107","13.任职资格公示专区","2021年度任职资格公示区","2","2","深圳研发中心服务平台 / 13.任职资格公示专区 / 2021年度任职资格公示区","其他","2023-08-30 16:07:08","尹霞","否","http://dmtks.hisense.com/pages/viewpage.action?pageId=204744190"
"SYSHARE","深研公共分享","204744201","204744107","13.任职资格公示专区","2023上半年任职资格公示专区","2","3","深圳研发中心服务平台 / 13.任职资格公示专区 / 2023上半年任职资格公示专区","其他","2023-08-29 18:57:18","尹霞","否","http://dmtks.hisense.com/pages/viewpage.action?pageId=204744201"
"SYSHARE","深研公共分享","220341056","204744107","13.任职资格公示专区","2023年下半年全员任职资格认证公示区","2","4","深圳研发中心服务平台 / 13.任职资格公示专区 / 2023年下半年全员任职资格认证公示区","培训与知识","2023-11-02 19:43:04","汪超","否","http://dmtks.hisense.com/pages/viewpage.action?pageId=220341056"
"SYSHARE","深研公共分享","220343380","204744107","13.任职资格公示专区","任职资格ppt范例","2","5","深圳研发中心服务平台 / 13.任职资格公示专区 / 任职资格ppt范例","其他","2023-08-30 15:51:41","尹霞","否","http://dmtks.hisense.com/pages/viewpage.action?pageId=220343380"
"SYSHARE","深研公共分享","231856872","24052361","深圳研发中心服务平台","14.流程文化建设","1","5","深圳研发中心服务平台 / 14.流程文化建设","规范与流程","2024-03-25 15:29:13","尹霞","否","http://dmtks.hisense.com/pages/viewpage.action?pageId=231856872"
"SYSHARE","深研公共分享","231856879","231856872","14.流程文化建设","一、案例宣贯","2","1","深圳研发中心服务平台 / 14.流程文化建设 / 一、案例宣贯","规范与流程","2024-03-25 15:29:48","尹霞","否","http://dmtks.hisense.com/pages/viewpage.action?pageId=231856879"
"SYSHARE","深研公共分享","234518879","231856872","14.流程文化建设","二、SQA","2","2","深圳研发中心服务平台 / 14.流程文化建设 / 二、SQA","测试与验证","2024-04-26 13:52:58","吴国柱","否","http://dmtks.hisense.com/pages/viewpage.action?pageId=234518879"
"SYSHARE","深研公共分享","232603050","24052361","深圳研发中心服务平台","15-深圳研发中心服务文档","1","6","深圳研发中心服务平台 / 15-深圳研发中心服务文档","规范与流程","2024-04-09 15:54:01","未知用户 (liluman)","否","http://dmtks.hisense.com/pages/viewpage.action?pageId=232603050"
"SYSHARE","深研公共分享","232603059","232603050","15-深圳研发中心服务文档","A-综管服务内容和分工","2","1","深圳研发中心服务平台 / 15-深圳研发中心服务文档 / A-综管服务内容和分工","规范与流程","2024-05-21 15:21:35","未知用户 (liluman)","否","http://dmtks.hisense.com/pages/viewpage.action?pageId=232603059"
"SYSHARE","深研公共分享","233000817","232603050","15-深圳研发中心服务文档","B-人资板块","2","2","深圳研发中心服务平台 / 15-深圳研发中心服务文档 / B-人资板块","规范与流程","2024-04-19 10:46:13","刘飞","否","http://dmtks.hisense.com/pages/viewpage.action?pageId=233000817"
"SYSHARE","深研公共分享","233000831","232603050","15-深圳研发中心服务文档","C-人事共享","2","3","深圳研发中心服务平台 / 15-深圳研发中心服务文档 / C-人事共享","规范与流程","2024-04-19 10:47:27","刘飞","否","http://dmtks.hisense.com/pages/viewpage.action?pageId=233000831"
"SYSHARE","深研公共分享","233000838","232603050","15-深圳研发中心服务文档","D-财务板块","2","4","深圳研发中心服务平台 / 15-深圳研发中心服务文档 / D-财务板块","规范与流程","2024-04-19 10:47:50","刘飞","否","http://dmtks.hisense.com/pages/viewpage.action?pageId=233000838"
"SYSHARE","深研公共分享","233000680","232603050","15-深圳研发中心服务文档","E-行政板块","2","5","深圳研发中心服务平台 / 15-深圳研发中心服务文档 / E-行政板块","规范与流程","2024-04-19 18:03:00","刘飞","否","http://dmtks.hisense.com/pages/viewpage.action?pageId=233000680"
"SYSHARE","深研公共分享","224674882","24052361","深圳研发中心服务平台","2.技术分享与创新活动","1","7","深圳研发中心服务平台 / 2.技术分享与创新活动","其他","2026-01-26 16:34:41","曾杰","否","http://dmtks.hisense.com/pages/viewpage.action?pageId=224674882"
"SYSHARE","深研公共分享","231838447","224674882","2.技术分享与创新活动","“大模型、Agent技术”AI主题专项微提案征集 头脑风暴 20240320","2","1","深圳研发中心服务平台 / 2.技术分享与创新活动 / “大模型、Agent技术”AI主题专项微提案征集 头脑风暴 20240320","二维三维与图形模型","2024-05-07 13:48:08","彭明建","否","http://dmtks.hisense.com/pages/viewpage.action?pageId=231838447"
"SYSHARE","深研公共分享","355568868","224674882","2.技术分享与创新活动","技术情报线索提供","2","2","深圳研发中心服务平台 / 2.技术分享与创新活动 / 技术情报线索提供","其他","2026-01-26 16:20:08","曾杰","否","http://dmtks.hisense.com/pages/viewpage.action?pageId=355568868"
"SYSHARE","深研公共分享","109281723","224674882","2.技术分享与创新活动","技术沙龙进行步骤","2","3","深圳研发中心服务平台 / 2.技术分享与创新活动 / 技术沙龙进行步骤","其他","2026-01-26 19:14:03","朱登宇","否","http://dmtks.hisense.com/pages/viewpage.action?pageId=109281723"
"SYSHARE","深研公共分享","326685651","224674882","2.技术分享与创新活动","提案创新活动材料登记","2","4","深圳研发中心服务平台 / 2.技术分享与创新活动 / 提案创新活动材料登记","其他","2026-01-04 10:05:27","朱登宇","否","http://dmtks.hisense.com/pages/viewpage.action?pageId=326685651"
"SYSHARE","深研公共分享","289958248","24052361","深圳研发中心服务平台","3. 数字化转型与AI智能化专题","1","8","深圳研发中心服务平台 / 3. 数字化转型与AI智能化专题","其他","2025-02-19 15:21:01","王济洋","否","http://dmtks.hisense.com/pages/viewpage.action?pageId=289958248"
"SYSHARE","深研公共分享","289958256","289958248","3. 数字化转型与AI智能化专题","AI Macey业务工具专题","2","1","深圳研发中心服务平台 / 3. 数字化转型与AI智能化专题 / AI Macey业务工具专题","其他","2025-04-07 14:12:56","冯建斌","否","http://dmtks.hisense.com/pages/viewpage.action?pageId=289958256"
"SYSHARE","深研公共分享","317708792","289958248","3. 数字化转型与AI智能化专题","工作流Demo","2","2","深圳研发中心服务平台 / 3. 数字化转型与AI智能化专题 / 工作流Demo","其他","2025-09-26 15:00:57","马波","否","http://dmtks.hisense.com/pages/viewpage.action?pageId=317708792"
"SYSHARE","深研公共分享","126229446","24052361","深圳研发中心服务平台","5、深研样机数量统计","1","9","深圳研发中心服务平台 / 5、深研样机数量统计","数据与质量","2021-08-17 11:39:39","李海兵/Haibing Li","否","http://dmtks.hisense.com/pages/viewpage.action?pageId=126229446"
"SYSHARE","深研公共分享","118952534","24052361","深圳研发中心服务平台","7、深圳研发中心周报","1","10","深圳研发中心服务平台 / 7、深圳研发中心周报","其他","2021-03-16 18:43:53","刘飞","否","http://dmtks.hisense.com/pages/viewpage.action?pageId=118952534"
"SYSHARE","深研公共分享","111447897","118952534","7、深圳研发中心周报","2021-深圳研发中心周报","2","1","深圳研发中心服务平台 / 7、深圳研发中心周报 / 2021-深圳研发中心周报","其他","2021-03-07 20:49:29","刘飞","否","http://dmtks.hisense.com/pages/viewpage.action?pageId=111447897"
"SYSHARE","深研公共分享","149304462","118952534","7、深圳研发中心周报","2022-深圳研发中心周报","2","2","深圳研发中心服务平台 / 7、深圳研发中心周报 / 2022-深圳研发中心周报","其他","2021-12-31 15:32:03","刘飞","否","http://dmtks.hisense.com/pages/viewpage.action?pageId=149304462"
"SYSHARE","深研公共分享","193511249","118952534","7、深圳研发中心周报","2023-深圳研发中心周报","2","3","深圳研发中心服务平台 / 7、深圳研发中心周报 / 2023-深圳研发中心周报","其他","2023-01-06 17:10:31","刘飞","否","http://dmtks.hisense.com/pages/viewpage.action?pageId=193511249"
"SYSHARE","深研公共分享","225854188","118952534","7、深圳研发中心周报","2024-深圳研发中心周报","2","4","深圳研发中心服务平台 / 7、深圳研发中心周报 / 2024-深圳研发中心周报","其他","2023-12-07 10:16:26","刘飞","否","http://dmtks.hisense.com/pages/viewpage.action?pageId=225854188"
"SYSHARE","深研公共分享","285356040","118952534","7、深圳研发中心周报","2025-深圳研发中心周报","2","5","深圳研发中心服务平台 / 7、深圳研发中心周报 / 2025-深圳研发中心周报","其他","2025-01-03 10:36:00","刘飞","否","http://dmtks.hisense.com/pages/viewpage.action?pageId=285356040"
"SYSHARE","深研公共分享","345749746","118952534","7、深圳研发中心周报","2026-深圳研发中心周报","2","6","深圳研发中心服务平台 / 7、深圳研发中心周报 / 2026-深圳研发中心周报","其他","2025-12-19 14:17:09","刘飞","否","http://dmtks.hisense.com/pages/viewpage.action?pageId=345749746"
"SYSHARE","深研公共分享","149982884","24052361","深圳研发中心服务平台","8、深研周例会会议纪要","1","11","深圳研发中心服务平台 / 8、深研周例会会议纪要","会议与协同","2022-01-04 17:45:20","刘飞","否","http://dmtks.hisense.com/pages/viewpage.action?pageId=149982884"
"SYSHARE","深研公共分享","123995406","149982884","8、深研周例会会议纪要","2021年周例会会议纪要","2","1","深圳研发中心服务平台 / 8、深研周例会会议纪要 / 2021年周例会会议纪要","会议与协同","2022-01-04 17:45:53","刘飞","否","http://dmtks.hisense.com/pages/viewpage.action?pageId=123995406"
"SYSHARE","深研公共分享","149982913","149982884","8、深研周例会会议纪要","2022年周例会会议纪要","2","2","深圳研发中心服务平台 / 8、深研周例会会议纪要 / 2022年周例会会议纪要","会议与协同","2022-01-04 17:46:44","刘飞","否","http://dmtks.hisense.com/pages/viewpage.action?pageId=149982913"
"SYSHARE","深研公共分享","215836573","149982884","8、深研周例会会议纪要","2023年周例会会议纪要","2","3","深圳研发中心服务平台 / 8、深研周例会会议纪要 / 2023年周例会会议纪要","会议与协同","2023-06-12 14:58:20","刘飞","否","http://dmtks.hisense.com/pages/viewpage.action?pageId=215836573"
"SYSHARE","深研公共分享","164072299","24052361","深圳研发中心服务平台","文件列表","1","12","深圳研发中心服务平台 / 文件列表","其他","2024-04-10 16:24:58","未知用户 (liluman)","否","http://dmtks.hisense.com/pages/viewpage.action?pageId=164072299"
"SYSHARE","深研公共分享","320145601","164072299","文件列表","AI Square","2","1","深圳研发中心服务平台 / 文件列表 / AI Square","其他","2025-07-31 19:13:29","马波","否","http://dmtks.hisense.com/display/SYSHARE/AI+Square"
"SYSHARE","深研公共分享","192809206","164072299","文件列表","系统性能优化团队","2","2","深圳研发中心服务平台 / 文件列表 / 系统性能优化团队","其他","2022-12-26 13:26:01","未知用户 (walter)","否","http://dmtks.hisense.com/pages/viewpage.action?pageId=192809206"
"SYKS","深研知识分享体系","216896133","","","深研知识分享体系 主页","0","1","深研知识分享体系 主页","其他","2024-06-19 14:47:52","朱登宇","否","http://dmtks.hisense.com/pages/viewpage.action?pageId=216896133"
"SYKS","深研知识分享体系","216896557","216896133","深研知识分享体系 主页","0.空间说明","1","1","深研知识分享体系 主页 / 0.空间说明","其他","2023-06-27 14:17:06","朱登宇","否","http://dmtks.hisense.com/pages/viewpage.action?pageId=216896557"
"SYKS","深研知识分享体系","216918944","216896557","0.空间说明","本空间目录系统的设计原则","2","1","深研知识分享体系 主页 / 0.空间说明 / 本空间目录系统的设计原则","设计与架构","2023-07-04 17:44:06","朱登宇","否","http://dmtks.hisense.com/pages/viewpage.action?pageId=216918944"
"SYKS","深研知识分享体系","216918942","216896557","0.空间说明","本空间文档页面命名和布局规则","2","2","深研知识分享体系 主页 / 0.空间说明 / 本空间文档页面命名和布局规则","规范与流程","2023-07-11 17:48:14","朱登宇","否","http://dmtks.hisense.com/pages/viewpage.action?pageId=216918942"
"SYKS","深研知识分享体系","216920746","216896557","0.空间说明","文档页面模板","2","3","深研知识分享体系 主页 / 0.空间说明 / 文档页面模板","规范与流程","2023-07-04 14:56:40","朱登宇","否","http://dmtks.hisense.com/pages/viewpage.action?pageId=216920746"
"SYKS","深研知识分享体系","216896569","216896133","深研知识分享体系 主页","1. 业务技术","1","2","深研知识分享体系 主页 / 1. 业务技术","其他","2023-06-27 14:22:01","朱登宇","否","http://dmtks.hisense.com/pages/viewpage.action?pageId=216896569"
"SYKS","深研知识分享体系","222317616","216896569","1. 业务技术","0. 电视开发规范","2","1","深研知识分享体系 主页 / 1. 业务技术 / 0. 电视开发规范","规范与流程","2023-11-27 20:37:10","金程贵","否","http://dmtks.hisense.com/pages/viewpage.action?pageId=222317616"
"SYKS","深研知识分享体系","216896582","216896569","1. 业务技术","1. 电视广播（DTV）","2","2","深研知识分享体系 主页 / 1. 业务技术 / 1. 电视广播（DTV）","其他","2023-06-27 14:26:29","朱登宇","否","http://dmtks.hisense.com/pages/viewpage.action?pageId=216896582"
"SYKS","深研知识分享体系","216896613","216896569","1. 业务技术","2. Web技术","2","3","深研知识分享体系 主页 / 1. 业务技术 / 2. Web技术","其他","2023-06-27 14:22:33","朱登宇","否","http://dmtks.hisense.com/pages/viewpage.action?pageId=216896613"
"SYKS","深研知识分享体系","216896619","216896569","1. 业务技术","3. TVS相关技术","2","4","深研知识分享体系 主页 / 1. 业务技术 / 3. TVS相关技术","其他","2023-06-27 14:22:54","朱登宇","否","http://dmtks.hisense.com/pages/viewpage.action?pageId=216896619"
"SYKS","深研知识分享体系","217322636","216896569","1. 业务技术","4. 系统性能","2","5","深研知识分享体系 主页 / 1. 业务技术 / 4. 系统性能","其他","2023-07-06 19:10:11","朱登宇","否","http://dmtks.hisense.com/pages/viewpage.action?pageId=217322636"
"SYKS","深研知识分享体系","217322638","216896569","1. 业务技术","5. 语音算法","2","6","深研知识分享体系 主页 / 1. 业务技术 / 5. 语音算法","其他","2023-07-06 19:10:34","朱登宇","否","http://dmtks.hisense.com/pages/viewpage.action?pageId=217322638"
"SYKS","深研知识分享体系","219561798","216896569","1. 业务技术","6.其他业务技术","2","7","深研知识分享体系 主页 / 1. 业务技术 / 6.其他业务技术","其他","2023-08-15 19:39:59","朱登宇","否","http://dmtks.hisense.com/pages/viewpage.action?pageId=219561798"
"SYKS","深研知识分享体系","216903479","216896133","深研知识分享体系 主页","10.培训管理","1","3","深研知识分享体系 主页 / 10.培训管理","培训与知识","2024-03-06 16:24:47","未知用户 (liluman)","否","http://dmtks.hisense.com/pages/viewpage.action?pageId=216903479"
"SYKS","深研知识分享体系","217336884","216903479","10.培训管理","培训文档模板和案例","2","1","深研知识分享体系 主页 / 10.培训管理 / 培训文档模板和案例","规范与流程","2023-07-14 12:29:01","朱登宇","否","http://dmtks.hisense.com/pages/viewpage.action?pageId=217336884"
"SYKS","深研知识分享体系","216922663","216903479","10.培训管理","技术管理类培训","2","2","深研知识分享体系 主页 / 10.培训管理 / 技术管理类培训","培训与知识","2023-10-08 14:29:15","朱登宇","否","http://dmtks.hisense.com/pages/viewpage.action?pageId=216922663"
"SYKS","深研知识分享体系","216922665","216903479","10.培训管理","测试技术类培训","2","3","深研知识分享体系 主页 / 10.培训管理 / 测试技术类培训","测试与验证","2023-07-04 22:32:59","朱登宇","否","http://dmtks.hisense.com/pages/viewpage.action?pageId=216922665"
"SYKS","深研知识分享体系","216922660","216903479","10.培训管理","软件开发-通用技术培训（操作系统、编程语言、软件设计等）","2","4","深研知识分享体系 主页 / 10.培训管理 / 软件开发-通用技术培训（操作系统、编程语言、软件设计等）","设计与架构","2024-06-05 20:44:18","吴金旺","否","http://dmtks.hisense.com/pages/viewpage.action?pageId=216922660"
"SYKS","深研知识分享体系","226954779","216903479","10.培训管理","历史培训文档存档","2","5","深研知识分享体系 主页 / 10.培训管理 / 历史培训文档存档","规范与流程","2023-12-13 14:43:01","朱登宇","否","http://dmtks.hisense.com/pages/viewpage.action?pageId=226954779"
"SYKS","深研知识分享体系","231029791","216903479","10.培训管理","其他类别培训（日语、）","2","6","深研知识分享体系 主页 / 10.培训管理 / 其他类别培训（日语、）","培训与知识","2024-12-25 21:34:47","未知用户 (zhangjiao6)","否","http://dmtks.hisense.com/pages/viewpage.action?pageId=231029791"
"SYKS","深研知识分享体系","231029805","216903479","10.培训管理","业务技术培训","2","7","深研知识分享体系 主页 / 10.培训管理 / 业务技术培训","培训与知识","2024-03-06 16:43:41","未知用户 (liluman)","否","http://dmtks.hisense.com/pages/viewpage.action?pageId=231029805"
"SYKS","深研知识分享体系","232229939","216903479","10.培训管理","2024培训计划","2","8","深研知识分享体系 主页 / 10.培训管理 / 2024培训计划","版本与计划","2024-09-12 09:59:59","未知用户 (wuyaohua)","否","http://dmtks.hisense.com/pages/viewpage.action?pageId=232229939"
"SYKS","深研知识分享体系","216896571","216896133","深研知识分享体系 主页","2. 软件开发","1","4","深研知识分享体系 主页 / 2. 软件开发","其他","2023-06-27 14:36:01","朱登宇","否","http://dmtks.hisense.com/pages/viewpage.action?pageId=216896571"
"SYKS","深研知识分享体系","216896779","216896571","2. 软件开发","1. 操作系统","2","1","深研知识分享体系 主页 / 2. 软件开发 / 1. 操作系统","其他","2023-06-27 14:37:27","朱登宇","否","http://dmtks.hisense.com/pages/viewpage.action?pageId=216896779"
"SYKS","深研知识分享体系","216896809","216896571","2. 软件开发","10. 其他","2","2","深研知识分享体系 主页 / 2. 软件开发 / 10. 其他","其他","2023-06-29 15:14:43","朱登宇","否","http://dmtks.hisense.com/pages/viewpage.action?pageId=216896809"
"SYKS","深研知识分享体系","216896784","216896571","2. 软件开发","2. 软件设计","2","3","深研知识分享体系 主页 / 2. 软件开发 / 2. 软件设计","设计与架构","2023-06-29 14:00:35","朱登宇","否","http://dmtks.hisense.com/pages/viewpage.action?pageId=216896784"
"SYKS","深研知识分享体系","216896791","216896571","2. 软件开发","3. C&C++","2","4","深研知识分享体系 主页 / 2. 软件开发 / 3. C&C++","其他","2023-06-27 14:38:09","朱登宇","否","http://dmtks.hisense.com/pages/viewpage.action?pageId=216896791"
"SYKS","深研知识分享体系","216896795","216896571","2. 软件开发","4. Java","2","5","深研知识分享体系 主页 / 2. 软件开发 / 4. Java","其他","2023-06-27 14:38:22","朱登宇","否","http://dmtks.hisense.com/display/SYKS/4.+Java"
"SYKS","深研知识分享体系","216896800","216896571","2. 软件开发","5. JavaScript","2","6","深研知识分享体系 主页 / 2. 软件开发 / 5. JavaScript","其他","2023-06-27 14:38:37","朱登宇","否","http://dmtks.hisense.com/display/SYKS/5.+JavaScript"
"SYKS","深研知识分享体系","216896802","216896571","2. 软件开发","6. 开源软件","2","7","深研知识分享体系 主页 / 2. 软件开发 / 6. 开源软件","其他","2023-06-27 14:39:03","朱登宇","否","http://dmtks.hisense.com/pages/viewpage.action?pageId=216896802"
"SYKS","深研知识分享体系","216905298","216896571","2. 软件开发","7. 软件调试","2","8","深研知识分享体系 主页 / 2. 软件开发 / 7. 软件调试","其他","2023-06-29 15:15:05","朱登宇","否","http://dmtks.hisense.com/pages/viewpage.action?pageId=216905298"
"SYKS","深研知识分享体系","216896806","216896571","2. 软件开发","8. 提效工具","2","9","深研知识分享体系 主页 / 2. 软件开发 / 8. 提效工具","其他","2023-12-20 09:50:55","陈秀强","否","http://dmtks.hisense.com/pages/viewpage.action?pageId=216896806"
"SYKS","深研知识分享体系","216905334","216896571","2. 软件开发","9. 系统构建（编译与链接）","2","10","深研知识分享体系 主页 / 2. 软件开发 / 9. 系统构建（编译与链接）","其他","2023-06-29 15:14:35","朱登宇","否","http://dmtks.hisense.com/pages/viewpage.action?pageId=216905334"
"SYKS","深研知识分享体系","216905430","216896133","深研知识分享体系 主页","3. 软件测试","1","5","深研知识分享体系 主页 / 3. 软件测试","测试与验证","2023-06-29 15:31:47","朱登宇","否","http://dmtks.hisense.com/pages/viewpage.action?pageId=216905430"
"SYKS","深研知识分享体系","217338077","216905430","3. 软件测试","电视软件测试基础知识","2","1","深研知识分享体系 主页 / 3. 软件测试 / 电视软件测试基础知识","测试与验证","2023-07-11 20:11:56","吴国柱","否","http://dmtks.hisense.com/pages/viewpage.action?pageId=217338077"
"SYKS","深研知识分享体系","217338084","216905430","3. 软件测试","电视软件测试进阶知识","2","2","深研知识分享体系 主页 / 3. 软件测试 / 电视软件测试进阶知识","测试与验证","2023-07-11 20:25:52","吴国柱","否","http://dmtks.hisense.com/pages/viewpage.action?pageId=217338084"
"SYKS","深研知识分享体系","217338088","216905430","3. 软件测试","TVS_JP 测试","2","3","深研知识分享体系 主页 / 3. 软件测试 / TVS_JP 测试","测试与验证","2023-07-11 20:44:06","吴国柱","否","http://dmtks.hisense.com/pages/viewpage.action?pageId=217338088"
"SYKS","深研知识分享体系","217338092","216905430","3. 软件测试","测试仪器&辅助工具","2","4","深研知识分享体系 主页 / 3. 软件测试 / 测试仪器&辅助工具","测试与验证","2023-07-11 20:45:34","吴国柱","否","http://dmtks.hisense.com/pages/viewpage.action?pageId=217338092"
"SYKS","深研知识分享体系","217338094","216905430","3. 软件测试","自动化测试","2","5","深研知识分享体系 主页 / 3. 软件测试 / 自动化测试","测试与验证","2023-07-11 20:53:10","吴国柱","否","http://dmtks.hisense.com/pages/viewpage.action?pageId=217338094"
"SYKS","深研知识分享体系","217338098","216905430","3. 软件测试","认证测试","2","6","深研知识分享体系 主页 / 3. 软件测试 / 认证测试","测试与验证","2023-07-11 20:53:20","吴国柱","否","http://dmtks.hisense.com/pages/viewpage.action?pageId=217338098"
"SYKS","深研知识分享体系","217338101","216905430","3. 软件测试","电视软件开发及测试参考信息","2","7","深研知识分享体系 主页 / 3. 软件测试 / 电视软件开发及测试参考信息","测试与验证","2023-07-11 20:58:12","吴国柱","否","http://dmtks.hisense.com/pages/viewpage.action?pageId=217338101"
"SYKS","深研知识分享体系","218150453","216905430","3. 软件测试","开发测试","2","8","深研知识分享体系 主页 / 3. 软件测试 / 开发测试","测试与验证","2023-07-26 15:03:18","朱登宇","否","http://dmtks.hisense.com/pages/viewpage.action?pageId=218150453"
"SYKS","深研知识分享体系","216896576","216896133","深研知识分享体系 主页","4. 技术管理","1","6","深研知识分享体系 主页 / 4. 技术管理","项目管理","2023-06-29 15:30:01","朱登宇","否","http://dmtks.hisense.com/pages/viewpage.action?pageId=216896576"
"SYKS","深研知识分享体系","216896812","216896576","4. 技术管理","1. 标准与规范","2","1","深研知识分享体系 主页 / 4. 技术管理 / 1. 标准与规范","规范与流程","2023-06-27 14:39:54","朱登宇","否","http://dmtks.hisense.com/pages/viewpage.action?pageId=216896812"
"SYKS","深研知识分享体系","216896815","216896576","4. 技术管理","2. 技术调研","2","2","深研知识分享体系 主页 / 4. 技术管理 / 2. 技术调研","项目管理","2023-06-27 14:41:48","朱登宇","否","http://dmtks.hisense.com/pages/viewpage.action?pageId=216896815"
"SYKS","深研知识分享体系","216896817","216896576","4. 技术管理","3. 开发流程","2","3","深研知识分享体系 主页 / 4. 技术管理 / 3. 开发流程","规范与流程","2023-06-27 14:40:13","朱登宇","否","http://dmtks.hisense.com/pages/viewpage.action?pageId=216896817"
"SYKS","深研知识分享体系","223799025","216896576","4. 技术管理","4. 政府项目归档","2","4","深研知识分享体系 主页 / 4. 技术管理 / 4. 政府项目归档","项目管理","2023-11-07 19:56:16","朱登宇","否","http://dmtks.hisense.com/pages/viewpage.action?pageId=223799025"
"SYKS","深研知识分享体系","227846510","216896576","4. 技术管理","预研项目管理","2","5","深研知识分享体系 主页 / 4. 技术管理 / 预研项目管理","项目管理","2024-01-03 20:14:40","朱登宇","否","http://dmtks.hisense.com/pages/viewpage.action?pageId=227846510"
"DZKJZLCS","深研质量改善小组","13716878","","","深研质量改善小组 主页","0","1","深研质量改善小组 主页","数据与质量","2020-01-14 10:21:51","未知用户 (wangxiangxiang)","否","http://dmtks.hisense.com/pages/viewpage.action?pageId=13716878"
"DZKJZLCS","深研质量改善小组","77136246","13716878","深研质量改善小组 主页","深研质量流程体系","1","1","深研质量改善小组 主页 / 深研质量流程体系","规范与流程","2020-01-07 18:40:13","未知用户 (wangxiangxiang)","否","http://dmtks.hisense.com/pages/viewpage.action?pageId=77136246"
"DZKJZLCS","深研质量改善小组","77137954","77136246","深研质量流程体系","深研质量关系架构图","2","1","深研质量改善小组 主页 / 深研质量流程体系 / 深研质量关系架构图","设计与架构","2020-01-07 18:39:14","未知用户 (wangxiangxiang)","否","http://dmtks.hisense.com/pages/viewpage.action?pageId=77137954"
"DZKJZLCS","深研质量改善小组","77138241","77136246","深研质量流程体系","研发流程文件地图","2","2","深研质量改善小组 主页 / 深研质量流程体系 / 研发流程文件地图","规范与流程","2020-01-07 18:40:36","未知用户 (wangxiangxiang)","否","http://dmtks.hisense.com/pages/viewpage.action?pageId=77138241"
"DZKJZLCS","深研质量改善小组","77136252","13716878","深研质量改善小组 主页","深研质量策划与控制","1","2","深研质量改善小组 主页 / 深研质量策划与控制","数据与质量","2020-01-06 12:36:03","未知用户 (wangxiangxiang)","否","http://dmtks.hisense.com/pages/viewpage.action?pageId=77136252"
"DZKJZLCS","深研质量改善小组","77138179","77136252","深研质量策划与控制","深研质量指标年度计划","2","1","深研质量改善小组 主页 / 深研质量策划与控制 / 深研质量指标年度计划","版本与计划","2020-01-07 18:03:34","未知用户 (wangxiangxiang)","否","http://dmtks.hisense.com/pages/viewpage.action?pageId=77138179"
"DZKJZLCS","深研质量改善小组","77136460","77136252","深研质量策划与控制","深研质量指标数据","2","2","深研质量改善小组 主页 / 深研质量策划与控制 / 深研质量指标数据","数据与质量","2020-01-06 12:36:56","未知用户 (wangxiangxiang)","否","http://dmtks.hisense.com/pages/viewpage.action?pageId=77136460"
"DZKJZLCS","深研质量改善小组","77136462","77136252","深研质量策划与控制","深研质量指标分析","2","3","深研质量改善小组 主页 / 深研质量策划与控制 / 深研质量指标分析","问题与复盘","2020-01-06 12:37:15","未知用户 (wangxiangxiang)","否","http://dmtks.hisense.com/pages/viewpage.action?pageId=77136462"
"DZKJZLCS","深研质量改善小组","77136249","13716878","深研质量改善小组 主页","深研质量改进工作","1","3","深研质量改善小组 主页 / 深研质量改进工作","数据与质量","2020-01-06 12:39:35","未知用户 (wangxiangxiang)","否","http://dmtks.hisense.com/pages/viewpage.action?pageId=77136249"
"DZKJZLCS","深研质量改善小组","77138243","77136249","深研质量改进工作","深研质量改进年度计划","2","1","深研质量改善小组 主页 / 深研质量改进工作 / 深研质量改进年度计划","版本与计划","2020-01-07 18:42:41","未知用户 (wangxiangxiang)","否","http://dmtks.hisense.com/pages/viewpage.action?pageId=77138243"
"DZKJZLCS","深研质量改善小组","77136279","77136249","深研质量改进工作","深研质量月报","2","2","深研质量改善小组 主页 / 深研质量改进工作 / 深研质量月报","数据与质量","2020-01-06 10:44:47","未知用户 (wangxiangxiang)","否","http://dmtks.hisense.com/pages/viewpage.action?pageId=77136279"
"DZKJZLCS","深研质量改善小组","77136268","77136249","深研质量改进工作","深研质量课题推进状态","2","3","深研质量改善小组 主页 / 深研质量改进工作 / 深研质量课题推进状态","数据与质量","2020-01-06 12:41:11","未知用户 (wangxiangxiang)","否","http://dmtks.hisense.com/pages/viewpage.action?pageId=77136268"
"DZKJZLCS","深研质量改善小组","77136275","77136249","深研质量改进工作","深研QCC推进状态","2","4","深研质量改善小组 主页 / 深研质量改进工作 / 深研QCC推进状态","数据与质量","2020-01-06 12:40:50","未知用户 (wangxiangxiang)","否","http://dmtks.hisense.com/pages/viewpage.action?pageId=77136275"
"DZKJZLCS","深研质量改善小组","77136473","77136249","深研质量改进工作","深研质量激励报告台帐","2","5","深研质量改善小组 主页 / 深研质量改进工作 / 深研质量激励报告台帐","数据与质量","2020-01-07 18:43:32","未知用户 (wangxiangxiang)","否","http://dmtks.hisense.com/pages/viewpage.action?pageId=77136473"
"DZKJZLCS","深研质量改善小组","77136475","77136249","深研质量改进工作","深研质量教育培训","2","6","深研质量改善小组 主页 / 深研质量改进工作 / 深研质量教育培训","培训与知识","2020-01-06 12:42:57","未知用户 (wangxiangxiang)","否","http://dmtks.hisense.com/pages/viewpage.action?pageId=77136475"
"DZKJZLCS","深研质量改善小组","77136257","13716878","深研质量改善小组 主页","深研质量保证","1","4","深研质量改善小组 主页 / 深研质量保证","数据与质量","2020-01-06 12:44:12","未知用户 (wangxiangxiang)","否","http://dmtks.hisense.com/pages/viewpage.action?pageId=77136257"
"DZKJZLCS","深研质量改善小组","77136289","77136257","深研质量保证","深研交付界面管理","2","1","深研质量改善小组 主页 / 深研质量保证 / 深研交付界面管理","项目管理","2020-01-06 12:45:53","未知用户 (wangxiangxiang)","否","http://dmtks.hisense.com/pages/viewpage.action?pageId=77136289"
"DZKJZLCS","深研质量改善小组","77136291","77136257","深研质量保证","质量事件闭环管理","2","2","深研质量改善小组 主页 / 深研质量保证 / 质量事件闭环管理","项目管理","2020-01-16 15:37:36","未知用户 (xieweilong)","否","http://dmtks.hisense.com/pages/viewpage.action?pageId=77136291"
"DZKJZLCS","深研质量改善小组","77138248","77136257","深研质量保证","江门工厂新品问题定责台帐","2","3","深研质量改善小组 主页 / 深研质量保证 / 江门工厂新品问题定责台帐","问题与复盘","2020-01-07 18:46:29","未知用户 (wangxiangxiang)","否","http://dmtks.hisense.com/pages/viewpage.action?pageId=77138248"
"DZKJZLCS","深研质量改善小组","77136284","77136257","深研质量保证","深研内审","2","4","深研质量改善小组 主页 / 深研质量保证 / 深研内审","数据与质量","2020-01-06 10:45:35","未知用户 (wangxiangxiang)","否","http://dmtks.hisense.com/pages/viewpage.action?pageId=77136284"
"DZKJZLCS","深研质量改善小组","77136480","77136257","深研质量保证","深研外审","2","5","深研质量改善小组 主页 / 深研质量保证 / 深研外审","数据与质量","2020-01-06 12:44:36","未知用户 (wangxiangxiang)","否","http://dmtks.hisense.com/pages/viewpage.action?pageId=77136480"
"DZKJZLCS","深研质量改善小组","77138256","13716878","深研质量改善小组 主页","其他","1","5","深研质量改善小组 主页 / 其他","数据与质量","2020-01-07 18:49:11","未知用户 (wangxiangxiang)","否","http://dmtks.hisense.com/pages/viewpage.action?pageId=77138256"
"ZJJSWYH","电子信息集团研发中心专业技术委员会","25985462","","","电子信息集团研发中心专业技术委员会","0","1","电子信息集团研发中心专业技术委员会","其他","2020-08-07 13:58:10","冯美美","否","http://dmtks.hisense.com/pages/viewpage.action?pageId=25985462"
"ZJJSWYH","电子信息集团研发中心专业技术委员会","25985474","25985462","电子信息集团研发中心专业技术委员会","手机产品线","1","1","电子信息集团研发中心专业技术委员会 / 手机产品线","其他","2018-07-09 14:58:34","冯美美","否","http://dmtks.hisense.com/pages/viewpage.action?pageId=25985474"
"ZJJSWYH","电子信息集团研发中心专业技术委员会","87174345","25985474","手机产品线","推荐文章及解读","2","1","电子信息集团研发中心专业技术委员会 / 手机产品线 / 推荐文章及解读","其他","2020-04-30 17:17:43","冯美美","否","http://dmtks.hisense.com/pages/viewpage.action?pageId=87174345"
"ZJJSWYH","电子信息集团研发中心专业技术委员会","87174420","25985474","手机产品线","重要技术提案","2","2","电子信息集团研发中心专业技术委员会 / 手机产品线 / 重要技术提案","其他","2020-04-30 15:23:37","况成贤","否","http://dmtks.hisense.com/pages/viewpage.action?pageId=87174420"
"ZJJSWYH","电子信息集团研发中心专业技术委员会","25985472","25985462","电子信息集团研发中心专业技术委员会","电视产品线（TV）","1","2","电子信息集团研发中心专业技术委员会 / 电视产品线（TV）","其他","2019-11-08 11:26:59","曲军伟","否","http://dmtks.hisense.com/pages/viewpage.action?pageId=25985472"
"ZJJSWYH","电子信息集团研发中心专业技术委员会","70785100","25985472","电视产品线（TV）","【1】文章推荐及详细解读 Recommendation and interpretation of technical documents","2","1","电子信息集团研发中心专业技术委员会 / 电视产品线（TV） / 【1】文章推荐及详细解读 Recommendation and interpretation of technical documents","其他","2019-11-08 11:43:00","曲军伟","否","http://dmtks.hisense.com/pages/viewpage.action?pageId=70785100"
"ZJJSWYH","电子信息集团研发中心专业技术委员会","70785133","25985472","电视产品线（TV）","【2】重要技术提案 Proposals of Technical Project by committee","2","2","电子信息集团研发中心专业技术委员会 / 电视产品线（TV） / 【2】重要技术提案 Proposals of Technical Project by committee","项目管理","2019-11-11 15:44:44","曲军伟","否","http://dmtks.hisense.com/pages/viewpage.action?pageId=70785133"
"ZJJSWYH","电子信息集团研发中心专业技术委员会","28541464","25985462","电子信息集团研发中心专业技术委员会","文件列表","1","3","电子信息集团研发中心专业技术委员会 / 文件列表","其他","2018-09-05 18:23:28","曲军伟","否","http://dmtks.hisense.com/pages/viewpage.action?pageId=28541464"
"DMTYFCXLT","电子信息集团研发中心创新论坛","14838943","","","视像科技研发中心创新论坛 主页","0","1","视像科技研发中心创新论坛 主页","其他","2024-06-12 09:13:50","未知用户 (liuyang1)","否","http://dmtks.hisense.com/pages/viewpage.action?pageId=14838943"
"DMTYFCXLT","电子信息集团研发中心创新论坛","15576936","14838943","视像科技研发中心创新论坛 主页","文件列表","1","1","视像科技研发中心创新论坛 主页 / 文件列表","其他","2017-08-08 16:21:34","未知用户 (sunliping1)","否","http://dmtks.hisense.com/pages/viewpage.action?pageId=15576936"
"DMTYFCXLT","电子信息集团研发中心创新论坛","250626235","15576936","文件列表","202406技术类","2","1","视像科技研发中心创新论坛 主页 / 文件列表 / 202406技术类","其他","2024-07-04 11:09:05","未知用户 (liuyang1)","否","http://dmtks.hisense.com/pages/viewpage.action?pageId=250626235"
"DMTYFCXLT","电子信息集团研发中心创新论坛","14838956","14838943","视像科技研发中心创新论坛 主页","论坛数据","1","2","视像科技研发中心创新论坛 主页 / 论坛数据","数据与质量","2017-07-17 11:34:04","冯美美","否","http://dmtks.hisense.com/pages/viewpage.action?pageId=14838956"
"DMTYFCXLT","电子信息集团研发中心创新论坛","54100266","14838943","视像科技研发中心创新论坛 主页","创新成果","1","3","视像科技研发中心创新论坛 主页 / 创新成果","其他","2019-05-05 14:36:35","未知用户 (sunliping1)","否","http://dmtks.hisense.com/pages/viewpage.action?pageId=54100266"
"DMTYFCXLT","电子信息集团研发中心创新论坛","54100268","54100266","创新成果","2019年Q1","2","1","视像科技研发中心创新论坛 主页 / 创新成果 / 2019年Q1","其他","2019-05-05 14:37:32","未知用户 (sunliping1)","否","http://dmtks.hisense.com/pages/viewpage.action?pageId=54100268"
"DMTYFCXLT","电子信息集团研发中心创新论坛","62034020","54100266","创新成果","2019年Q2","2","2","视像科技研发中心创新论坛 主页 / 创新成果 / 2019年Q2","其他","2019-07-31 17:47:06","未知用户 (sunliping1)","否","http://dmtks.hisense.com/pages/viewpage.action?pageId=62034020"
"DMTYFCXLT","电子信息集团研发中心创新论坛","70779355","54100266","创新成果","2019年Q3","2","3","视像科技研发中心创新论坛 主页 / 创新成果 / 2019年Q3","其他","2019-11-04 10:14:06","未知用户 (sunliping1)","否","http://dmtks.hisense.com/pages/viewpage.action?pageId=70779355"
"DMTYFCXLT","电子信息集团研发中心创新论坛","78318207","54100266","创新成果","2019年Q4","2","4","视像科技研发中心创新论坛 主页 / 创新成果 / 2019年Q4","其他","2020-01-22 15:07:29","未知用户 (sunliping1)","否","http://dmtks.hisense.com/pages/viewpage.action?pageId=78318207"
"DMTYFCXLT","电子信息集团研发中心创新论坛","89000724","54100266","创新成果","2020年Q1","2","5","视像科技研发中心创新论坛 主页 / 创新成果 / 2020年Q1","其他","2020-05-19 17:15:03","未知用户 (sunliping1)","否","http://dmtks.hisense.com/pages/viewpage.action?pageId=89000724"
"DMTYFCXLT","电子信息集团研发中心创新论坛","98606222","54100266","创新成果","2020年Q2","2","6","视像科技研发中心创新论坛 主页 / 创新成果 / 2020年Q2","其他","2020-08-28 17:56:44","未知用户 (sunliping1)","否","http://dmtks.hisense.com/pages/viewpage.action?pageId=98606222"
"DMTYFCXLT","电子信息集团研发中心创新论坛","105583366","54100266","创新成果","2020年Q3","2","7","视像科技研发中心创新论坛 主页 / 创新成果 / 2020年Q3","其他","2020-11-05 09:58:29","王军","否","http://dmtks.hisense.com/pages/viewpage.action?pageId=105583366"
"DMTYFCXLT","电子信息集团研发中心创新论坛","112821127","54100266","创新成果","2020年Q4","2","8","视像科技研发中心创新论坛 主页 / 创新成果 / 2020年Q4","其他","2021-01-11 11:31:40","王军","否","http://dmtks.hisense.com/pages/viewpage.action?pageId=112821127"
"DMTYFCXLT","电子信息集团研发中心创新论坛","124716253","54100266","创新成果","2021年Q1","2","9","视像科技研发中心创新论坛 主页 / 创新成果 / 2021年Q1","其他","2021-05-10 14:40:55","王军","否","http://dmtks.hisense.com/pages/viewpage.action?pageId=124716253"
"DMTYFCXLT","电子信息集团研发中心创新论坛","129081323","54100266","创新成果","2021年Q2","2","10","视像科技研发中心创新论坛 主页 / 创新成果 / 2021年Q2","其他","2021-07-19 11:00:48","未知用户 (zhangjiguang)","否","http://dmtks.hisense.com/pages/viewpage.action?pageId=129081323"
"DMTYFCXLT","电子信息集团研发中心创新论坛","139073921","54100266","创新成果","2021年Q3","2","11","视像科技研发中心创新论坛 主页 / 创新成果 / 2021年Q3","其他","2021-09-28 10:10:42","王军","否","http://dmtks.hisense.com/pages/viewpage.action?pageId=139073921"
"DMTYFCXLT","电子信息集团研发中心创新论坛","146976244","54100266","创新成果","2021年Q4","2","12","视像科技研发中心创新论坛 主页 / 创新成果 / 2021年Q4","其他","2021-12-10 10:40:20","未知用户 (liuyang1)","否","http://dmtks.hisense.com/pages/viewpage.action?pageId=146976244"
"DMTYFCXLT","电子信息集团研发中心创新论坛","157987245","54100266","创新成果","2022年Q1","2","13","视像科技研发中心创新论坛 主页 / 创新成果 / 2022年Q1","其他","2022-03-24 18:11:12","未知用户 (liuyang1)","否","http://dmtks.hisense.com/pages/viewpage.action?pageId=157987245"
"DMTYFCXLT","电子信息集团研发中心创新论坛","172273606","54100266","创新成果","2022年Q2","2","14","视像科技研发中心创新论坛 主页 / 创新成果 / 2022年Q2","其他","2022-07-21 10:25:19","未知用户 (liuyang1)","否","http://dmtks.hisense.com/pages/viewpage.action?pageId=172273606"
"DMTYFCXLT","电子信息集团研发中心创新论坛","181156787","54100266","创新成果","2022年Q3","2","15","视像科技研发中心创新论坛 主页 / 创新成果 / 2022年Q3","其他","2022-09-29 11:21:55","未知用户 (liuyang1)","否","http://dmtks.hisense.com/pages/viewpage.action?pageId=181156787"
"DMTYFCXLT","电子信息集团研发中心创新论坛","193508739","54100266","创新成果","2022年Q4","2","16","视像科技研发中心创新论坛 主页 / 创新成果 / 2022年Q4","其他","2023-01-06 09:34:47","未知用户 (liuyang1)","否","http://dmtks.hisense.com/pages/viewpage.action?pageId=193508739"
"DMTYFCXLT","电子信息集团研发中心创新论坛","126227125","14838943","视像科技研发中心创新论坛 主页","微提案和创新提案","1","4","视像科技研发中心创新论坛 主页 / 微提案和创新提案","其他","2022-01-29 09:47:14","未知用户 (liuyang1)","否","http://dmtks.hisense.com/pages/viewpage.action?pageId=126227125"
"DMTYFCXLT","电子信息集团研发中心创新论坛","152319393","126227125","微提案和创新提案","2021全年创新提案申报和奖励情况","2","1","视像科技研发中心创新论坛 主页 / 微提案和创新提案 / 2021全年创新提案申报和奖励情况","其他","2022-01-29 09:50:26","未知用户 (liuyang1)","否","http://dmtks.hisense.com/pages/viewpage.action?pageId=152319393"
"DMTYFCXLT","电子信息集团研发中心创新论坛","145065574","126227125","微提案和创新提案","2021年11月","2","2","视像科技研发中心创新论坛 主页 / 微提案和创新提案 / 2021年11月","其他","2021-11-22 14:42:48","未知用户 (liuyang1)","否","http://dmtks.hisense.com/pages/viewpage.action?pageId=145065574"
"DMTYFCXLT","电子信息集团研发中心创新论坛","150741495","126227125","微提案和创新提案","2021年12月","2","3","视像科技研发中心创新论坛 主页 / 微提案和创新提案 / 2021年12月","其他","2022-01-12 17:11:30","未知用户 (liuyang1)","否","http://dmtks.hisense.com/pages/viewpage.action?pageId=150741495"
"DMTYFCXLT","电子信息集团研发中心创新论坛","126227128","126227125","微提案和创新提案","2021年5月","2","4","视像科技研发中心创新论坛 主页 / 微提案和创新提案 / 2021年5月","其他","2021-05-26 10:32:54","王军","否","http://dmtks.hisense.com/pages/viewpage.action?pageId=126227128"
"DMTYFCXLT","电子信息集团研发中心创新论坛","129084565","126227125","微提案和创新提案","2021年6月","2","5","视像科技研发中心创新论坛 主页 / 微提案和创新提案 / 2021年6月","其他","2021-06-25 17:39:29","王军","否","http://dmtks.hisense.com/pages/viewpage.action?pageId=129084565"
"DMTYFCXLT","电子信息集团研发中心创新论坛","134687966","126227125","微提案和创新提案","2021年7月","2","6","视像科技研发中心创新论坛 主页 / 微提案和创新提案 / 2021年7月","其他","2021-08-20 18:02:07","王军","否","http://dmtks.hisense.com/pages/viewpage.action?pageId=134687966"
"DMTYFCXLT","电子信息集团研发中心创新论坛","139728694","126227125","微提案和创新提案","2021年9月","2","7","视像科技研发中心创新论坛 主页 / 微提案和创新提案 / 2021年9月","其他","2021-10-09 16:43:20","王军","否","http://dmtks.hisense.com/pages/viewpage.action?pageId=139728694"
"DMTYFCXLT","电子信息集团研发中心创新论坛","187803433","126227125","微提案和创新提案","2022年11月","2","8","视像科技研发中心创新论坛 主页 / 微提案和创新提案 / 2022年11月","其他","2022-11-23 10:27:50","未知用户 (liuyang1)","否","http://dmtks.hisense.com/pages/viewpage.action?pageId=187803433"
"DMTYFCXLT","电子信息集团研发中心创新论坛","194361891","126227125","微提案和创新提案","2022年12月","2","9","视像科技研发中心创新论坛 主页 / 微提案和创新提案 / 2022年12月","其他","2023-01-12 16:06:58","未知用户 (liuyang1)","否","http://dmtks.hisense.com/pages/viewpage.action?pageId=194361891"
"DMTYFCXLT","电子信息集团研发中心创新论坛","156469436","126227125","微提案和创新提案","2022年2月","2","10","视像科技研发中心创新论坛 主页 / 微提案和创新提案 / 2022年2月","其他","2022-03-07 14:53:27","未知用户 (liuyang1)","否","http://dmtks.hisense.com/pages/viewpage.action?pageId=156469436"
"DMTYFCXLT","电子信息集团研发中心创新论坛","159618959","126227125","微提案和创新提案","2022年3月","2","11","视像科技研发中心创新论坛 主页 / 微提案和创新提案 / 2022年3月","其他","2022-04-07 09:55:42","未知用户 (liuyang1)","否","http://dmtks.hisense.com/pages/viewpage.action?pageId=159618959"
"DMTYFCXLT","电子信息集团研发中心创新论坛","162417998","126227125","微提案和创新提案","2022年5月","2","12","视像科技研发中心创新论坛 主页 / 微提案和创新提案 / 2022年5月","其他","2022-04-29 09:33:02","未知用户 (liuyang1)","否","http://dmtks.hisense.com/pages/viewpage.action?pageId=162417998"
"DMTYFCXLT","电子信息集团研发中心创新论坛","172273572","126227125","微提案和创新提案","2022年6月","2","13","视像科技研发中心创新论坛 主页 / 微提案和创新提案 / 2022年6月","其他","2022-07-21 10:21:49","未知用户 (liuyang1)","否","http://dmtks.hisense.com/pages/viewpage.action?pageId=172273572"
"DMTYFCXLT","电子信息集团研发中心创新论坛","176304513","126227125","微提案和创新提案","2022年8月","2","14","视像科技研发中心创新论坛 主页 / 微提案和创新提案 / 2022年8月","其他","2022-08-25 12:05:04","未知用户 (liuyang1)","否","http://dmtks.hisense.com/pages/viewpage.action?pageId=176304513"
"DMTYFCXLT","电子信息集团研发中心创新论坛","181152867","126227125","微提案和创新提案","2022年9月","2","15","视像科技研发中心创新论坛 主页 / 微提案和创新提案 / 2022年9月","其他","2022-09-28 13:41:33","未知用户 (liuyang1)","否","http://dmtks.hisense.com/pages/viewpage.action?pageId=181152867"
"DMTYFCXLT","电子信息集团研发中心创新论坛","197527457","126227125","微提案和创新提案","2022年微提案汇总数据","2","16","视像科技研发中心创新论坛 主页 / 微提案和创新提案 / 2022年微提案汇总数据","数据与质量","2023-02-06 11:42:55","未知用户 (liuyang1)","否","http://dmtks.hisense.com/pages/viewpage.action?pageId=197527457"
"DMTYFCXLT","电子信息集团研发中心创新论坛","224666401","126227125","微提案和创新提案","2023年11月","2","17","视像科技研发中心创新论坛 主页 / 微提案和创新提案 / 2023年11月","其他","2023-11-21 16:20:53","未知用户 (liuyang1)","否","http://dmtks.hisense.com/pages/viewpage.action?pageId=224666401"
"DMTYFCXLT","电子信息集团研发中心创新论坛","227455035","126227125","微提案和创新提案","2023年12月","2","18","视像科技研发中心创新论坛 主页 / 微提案和创新提案 / 2023年12月","其他","2023-12-26 10:31:30","未知用户 (liuyang1)","否","http://dmtks.hisense.com/pages/viewpage.action?pageId=227455035"
"DMTYFCXLT","电子信息集团研发中心创新论坛","195234555","126227125","微提案和创新提案","2023年2月","2","19","视像科技研发中心创新论坛 主页 / 微提案和创新提案 / 2023年2月","其他","2023-02-06 11:43:06","未知用户 (liuyang1)","否","http://dmtks.hisense.com/pages/viewpage.action?pageId=195234555"
"DMTYFCXLT","电子信息集团研发中心创新论坛","209110793","126227125","微提案和创新提案","2023年3月","2","20","视像科技研发中心创新论坛 主页 / 微提案和创新提案 / 2023年3月","其他","2023-04-21 15:08:47","未知用户 (liuyang1)","否","http://dmtks.hisense.com/pages/viewpage.action?pageId=209110793"
"DMTYFCXLT","电子信息集团研发中心创新论坛","214282578","126227125","微提案和创新提案","2023年5月","2","21","视像科技研发中心创新论坛 主页 / 微提案和创新提案 / 2023年5月","其他","2023-05-18 15:45:31","未知用户 (liuyang1)","否","http://dmtks.hisense.com/pages/viewpage.action?pageId=214282578"
"DMTYFCXLT","电子信息集团研发中心创新论坛","217336596","126227125","微提案和创新提案","2023年6月","2","22","视像科技研发中心创新论坛 主页 / 微提案和创新提案 / 2023年6月","其他","2023-07-11 15:51:51","未知用户 (liuyang1)","否","http://dmtks.hisense.com/pages/viewpage.action?pageId=217336596"
"DMTYFCXLT","电子信息集团研发中心创新论坛","219974428","126227125","微提案和创新提案","2023年8月","2","23","视像科技研发中心创新论坛 主页 / 微提案和创新提案 / 2023年8月","其他","2023-08-21 15:51:30","未知用户 (liuyang1)","否","http://dmtks.hisense.com/pages/viewpage.action?pageId=219974428"
"DMTYFCXLT","电子信息集团研发中心创新论坛","222799805","126227125","微提案和创新提案","2023年9月","2","24","视像科技研发中心创新论坛 主页 / 微提案和创新提案 / 2023年9月","其他","2023-10-13 11:25:41","未知用户 (liuyang1)","否","http://dmtks.hisense.com/pages/viewpage.action?pageId=222799805"
"DMTYFCXLT","电子信息集团研发中心创新论坛","231014465","126227125","微提案和创新提案","2024年2月","2","25","视像科技研发中心创新论坛 主页 / 微提案和创新提案 / 2024年2月","其他","2024-03-01 16:12:10","未知用户 (liuyang1)","否","http://dmtks.hisense.com/pages/viewpage.action?pageId=231014465"
"DMTYFCXLT","电子信息集团研发中心创新论坛","232238962","126227125","微提案和创新提案","2024年3月","2","26","视像科技研发中心创新论坛 主页 / 微提案和创新提案 / 2024年3月","其他","2024-03-29 12:39:25","未知用户 (liuyang1)","否","http://dmtks.hisense.com/pages/viewpage.action?pageId=232238962"
"DMTYFCXLT","电子信息集团研发中心创新论坛","238873995","126227125","微提案和创新提案","2024年5月","2","27","视像科技研发中心创新论坛 主页 / 微提案和创新提案 / 2024年5月","其他","2024-05-15 17:19:31","未知用户 (liuyang1)","否","http://dmtks.hisense.com/pages/viewpage.action?pageId=238873995"
"DMTYFCXLT","电子信息集团研发中心创新论坛","250626217","126227125","微提案和创新提案","2024年6月","2","28","视像科技研发中心创新论坛 主页 / 微提案和创新提案 / 2024年6月","其他","2024-07-04 11:08:10","未知用户 (liuyang1)","否","http://dmtks.hisense.com/pages/viewpage.action?pageId=250626217"
"DMTYFCXLT","电子信息集团研发中心创新论坛","264612523","126227125","微提案和创新提案","2024年8月","2","29","视像科技研发中心创新论坛 主页 / 微提案和创新提案 / 2024年8月","其他","2024-09-04 10:51:08","未知用户 (liuyang1)","否","http://dmtks.hisense.com/pages/viewpage.action?pageId=264612523"
"DMTYFCXLT","电子信息集团研发中心创新论坛","195233885","126227125","微提案和创新提案","截至22年底提供人资晋级名单","2","30","视像科技研发中心创新论坛 主页 / 微提案和创新提案 / 截至22年底提供人资晋级名单","其他","2023-01-16 11:44:16","未知用户 (liuyang1)","否","http://dmtks.hisense.com/pages/viewpage.action?pageId=195233885"
"DMTYFCXLT","电子信息集团研发中心创新论坛","145065607","14838943","视像科技研发中心创新论坛 主页","DITAA Diagrams","1","5","视像科技研发中心创新论坛 主页 / DITAA Diagrams","其他","2021-11-22 14:50:37","未知用户 (liuyang1)","否","http://dmtks.hisense.com/display/DMTYFCXLT/DITAA+Diagrams"
"DSODMCPKFZL","电视ODM产品开发资料","33067160","","","电视ODM产品开发资料 主页","0","1","电视ODM产品开发资料 主页","其他","2018-10-11 13:26:21","郑砚杰","否","http://dmtks.hisense.com/pages/viewpage.action?pageId=33067160"
"DSODMCPKFZL","电视ODM产品开发资料","30507921","33067160","电视ODM产品开发资料 主页","BBY产品开发","1","1","电视ODM产品开发资料 主页 / BBY产品开发","其他","2018-08-28 09:44:39","郑砚杰","否","http://dmtks.hisense.com/pages/viewpage.action?pageId=30507921"
"DSODMCPKFZL","电视ODM产品开发资料","30508646","30507921","BBY产品开发","BBY交付物模板","2","1","电视ODM产品开发资料 主页 / BBY产品开发 / BBY交付物模板","规范与流程","2019-02-13 09:21:56","郑砚杰","否","http://dmtks.hisense.com/pages/viewpage.action?pageId=30508646"
"DSODMCPKFZL","电视ODM产品开发资料","30508555","30507921","BBY产品开发","BBY开发流程和工具","2","2","电视ODM产品开发资料 主页 / BBY产品开发 / BBY开发流程和工具","规范与流程","2019-04-10 17:31:34","杨勇","否","http://dmtks.hisense.com/pages/viewpage.action?pageId=30508555"
"DSODMCPKFZL","电视ODM产品开发资料","30508151","30507921","BBY产品开发","BBY开发规范","2","3","电视ODM产品开发资料 主页 / BBY产品开发 / BBY开发规范","规范与流程","2019-08-02 13:57:55","杨勇","否","http://dmtks.hisense.com/pages/viewpage.action?pageId=30508151"
"DSODMCPKFZL","电视ODM产品开发资料","30508232","30507921","BBY产品开发","BBY项目开发","2","4","电视ODM产品开发资料 主页 / BBY产品开发 / BBY项目开发","项目管理","2018-08-28 13:58:20","郑砚杰","否","http://dmtks.hisense.com/pages/viewpage.action?pageId=30508232"
"DSODMCPKFZL","电视ODM产品开发资料","36867192","33067160","电视ODM产品开发资料 主页","Roku产品开发资料","1","2","电视ODM产品开发资料 主页 / Roku产品开发资料","其他","2018-11-07 17:32:03","郑砚杰","否","http://dmtks.hisense.com/pages/viewpage.action?pageId=36867192"
"DSODMCPKFZL","电视ODM产品开发资料","36867195","36867192","Roku产品开发资料","Project ID信息","2","1","电视ODM产品开发资料 主页 / Roku产品开发资料 / Project ID信息","项目管理","2018-11-07 17:39:06","郑砚杰","否","http://dmtks.hisense.com/pages/viewpage.action?pageId=36867195"
"DSODMCPKFZL","电视ODM产品开发资料","37524000","36867192","Roku产品开发资料","ROKU项目各种系统账号以及密码","2","2","电视ODM产品开发资料 主页 / Roku产品开发资料 / ROKU项目各种系统账号以及密码","项目管理","2018-11-20 13:14:31","刘芹","否","http://dmtks.hisense.com/pages/viewpage.action?pageId=37524000"
"DSODMCPKFZL","电视ODM产品开发资料","37523548","36867192","Roku产品开发资料","ROKU项目软件信息整理","2","3","电视ODM产品开发资料 主页 / Roku产品开发资料 / ROKU项目软件信息整理","项目管理","2018-11-19 19:39:23","刘芹","否","http://dmtks.hisense.com/pages/viewpage.action?pageId=37523548"
"DSODMCPKFZL","电视ODM产品开发资料","73335142","33067160","电视ODM产品开发资料 主页","文件列表","1","3","电视ODM产品开发资料 主页 / 文件列表","其他","2019-11-27 09:19:13","未知用户 (wanghongyuan)","否","http://dmtks.hisense.com/pages/viewpage.action?pageId=73335142"
"DSODMCPKFZL","电视ODM产品开发资料","73335143","73335142","文件列表","海信音响产品介绍","2","1","电视ODM产品开发资料 主页 / 文件列表 / 海信音响产品介绍","其他","2019-11-27 09:19:13","未知用户 (wanghongyuan)","否","http://dmtks.hisense.com/pages/viewpage.action?pageId=73335143"
"RUANJIANYANFA","电视产品软件所","4489435","","","电视产品软件所 Home","0","1","电视产品软件所 Home","其他","2025-10-11 17:08:50","冯美美","是","http://dmtks.hisense.com/pages/viewpage.action?pageId=4489435"
"RUANJIANYANFA","电视产品软件所","14535109","4489435","电视产品软件所 Home","0、常用页面工具和URL","1","1","电视产品软件所 Home / 0、常用页面工具和URL","其他","2020-07-21 14:39:28","吴汉勇","否","http://dmtks.hisense.com/pages/viewpage.action?pageId=14535109"
"RUANJIANYANFA","电视产品软件所","79792683","14535109","0、常用页面工具和URL","内销电视整机软件所用餐统计","2","1","电视产品软件所 Home / 0、常用页面工具和URL / 内销电视整机软件所用餐统计","数据与质量","2020-03-13 17:27:17","未知用户 (lvning)","否","http://dmtks.hisense.com/pages/viewpage.action?pageId=79792683"
"RUANJIANYANFA","电视产品软件所","81887475","4489435","电视产品软件所 Home","1、产品线管理","1","2","电视产品软件所 Home / 1、产品线管理","项目管理","2020-03-01 12:33:09","刘金刚","否","http://dmtks.hisense.com/pages/viewpage.action?pageId=81887475"
"RUANJIANYANFA","电视产品软件所","14839548","81887475","1、产品线管理","10、芯片论证及新品策划","2","1","电视产品软件所 Home / 1、产品线管理 / 10、芯片论证及新品策划","项目管理","2017-07-17 17:32:43","王卫明","否","http://dmtks.hisense.com/pages/viewpage.action?pageId=14839548"
"RUANJIANYANFA","电视产品软件所","16654659","81887475","1、产品线管理","12、竞品分析","2","2","电视产品软件所 Home / 1、产品线管理 / 12、竞品分析","问题与复盘","2017-11-22 16:13:48","李鑫","否","http://dmtks.hisense.com/pages/viewpage.action?pageId=16654659"
"RUANJIANYANFA","电视产品软件所","35619386","81887475","1、产品线管理","13、芯片商培训资料","2","3","电视产品软件所 Home / 1、产品线管理 / 13、芯片商培训资料","培训与知识","2018-10-22 18:03:41","唐高明","否","http://dmtks.hisense.com/pages/viewpage.action?pageId=35619386"
"RUANJIANYANFA","电视产品软件所","70779000","81887475","1、产品线管理","15、产品线工作","2","4","电视产品软件所 Home / 1、产品线管理 / 15、产品线工作","项目管理","2019-11-03 19:46:43","刘金刚","否","http://dmtks.hisense.com/pages/viewpage.action?pageId=70779000"
"RUANJIANYANFA","电视产品软件所","121832568","81887475","1、产品线管理","1、内销软件例会","2","5","电视产品软件所 Home / 1、产品线管理 / 1、内销软件例会","会议与协同","2021-04-12 13:31:16","刘金刚","否","http://dmtks.hisense.com/pages/viewpage.action?pageId=121832568"
"RUANJIANYANFA","电视产品软件所","116828158","81887475","1、产品线管理","2021新品跟踪","2","6","电视产品软件所 Home / 1、产品线管理 / 2021新品跟踪","项目管理","2021-03-01 16:22:50","祖荫鹏","否","http://dmtks.hisense.com/pages/viewpage.action?pageId=116828158"
"RUANJIANYANFA","电视产品软件所","126920921","81887475","1、产品线管理","2、内销软件周报","2","7","电视产品软件所 Home / 1、产品线管理 / 2、内销软件周报","项目管理","2021-06-04 14:19:56","姜伟伟","否","http://dmtks.hisense.com/pages/viewpage.action?pageId=126920921"
"RUANJIANYANFA","电视产品软件所","4489467","81887475","1、产品线管理","3、管理过程改善","2","8","电视产品软件所 Home / 1、产品线管理 / 3、管理过程改善","项目管理","2019-06-11 18:16:46","王卫明","否","http://dmtks.hisense.com/pages/viewpage.action?pageId=4489467"
"RUANJIANYANFA","电视产品软件所","136151654","81887475","1、产品线管理","4、新型项目周报","2","9","电视产品软件所 Home / 1、产品线管理 / 4、新型项目周报","项目管理","2021-08-30 10:09:04","王之奎","否","http://dmtks.hisense.com/pages/viewpage.action?pageId=136151654"
"RUANJIANYANFA","电视产品软件所","14839409","81887475","1、产品线管理","AndroidO 沟通会待确认问题","2","10","电视产品软件所 Home / 1、产品线管理 / AndroidO 沟通会待确认问题","问题与复盘","2017-07-17 14:46:48","王卫明","否","http://dmtks.hisense.com/pages/viewpage.action?pageId=14839409"
"RUANJIANYANFA","电视产品软件所","95821641","81887475","1、产品线管理","IPD组织架构调整后主要问题收集","2","11","电视产品软件所 Home / 1、产品线管理 / IPD组织架构调整后主要问题收集","设计与架构","2020-07-31 21:16:21","刘金刚","否","http://dmtks.hisense.com/pages/viewpage.action?pageId=95821641"
"RUANJIANYANFA","电视产品软件所","14830035","81887475","1、产品线管理","LT88K7900UA 项目总结","2","12","电视产品软件所 Home / 1、产品线管理 / LT88K7900UA 项目总结","项目管理","2017-07-05 14:11:38","于宁","否","http://dmtks.hisense.com/pages/viewpage.action?pageId=14830035"
"RUANJIANYANFA","电视产品软件所","87169277","81887475","1、产品线管理","VOC(voice of customer)调研及分析","2","13","电视产品软件所 Home / 1、产品线管理 / VOC(voice of customer)调研及分析","问题与复盘","2020-04-30 10:13:25","朱平洋/Tim Zhu","否","http://dmtks.hisense.com/pages/viewpage.action?pageId=87169277"
"RUANJIANYANFA","电视产品软件所","4489458","81887475","1、产品线管理","产品线会议记录","2","14","电视产品软件所 Home / 1、产品线管理 / 产品线会议记录","会议与协同","2020-03-01 12:34:51","刘金刚","否","http://dmtks.hisense.com/pages/viewpage.action?pageId=4489458"
"RUANJIANYANFA","电视产品软件所","15761653","81887475","1、产品线管理","产品需求","2","15","电视产品软件所 Home / 1、产品线管理 / 产品需求","需求与功能","2017-09-05 17:34:56","未知用户 (zhouhao2)","否","http://dmtks.hisense.com/pages/viewpage.action?pageId=15761653"
"RUANJIANYANFA","电视产品软件所","15862624","81887475","1、产品线管理","公共技术","2","16","电视产品软件所 Home / 1、产品线管理 / 公共技术","项目管理","2017-09-27 11:35:28","未知用户 (chengjin1)","否","http://dmtks.hisense.com/pages/viewpage.action?pageId=15862624"
"RUANJIANYANFA","电视产品软件所","4489376","81887475","1、产品线管理","内销智能电视通用技术平台版本演进","2","17","电视产品软件所 Home / 1、产品线管理 / 内销智能电视通用技术平台版本演进","版本与计划","2018-06-05 14:01:29","李鑫","否","http://dmtks.hisense.com/pages/viewpage.action?pageId=4489376"
"RUANJIANYANFA","电视产品软件所","93784378","81887475","1、产品线管理","样机管理排查","2","18","电视产品软件所 Home / 1、产品线管理 / 样机管理排查","项目管理","2020-07-08 21:19:08","刘金刚","否","http://dmtks.hisense.com/pages/viewpage.action?pageId=93784378"
"RUANJIANYANFA","电视产品软件所","139729408","81887475","1、产品线管理","直播健映射为LiveTV，删除直播tab 统计","2","19","电视产品软件所 Home / 1、产品线管理 / 直播健映射为LiveTV，删除直播tab 统计","项目管理","2021-10-16 11:01:14","未知用户 (jiaqiyan)","否","http://dmtks.hisense.com/pages/viewpage.action?pageId=139729408"
"RUANJIANYANFA","电视产品软件所","81887456","4489435","电视产品软件所 Home","2、部门管理","1","3","电视产品软件所 Home / 2、部门管理","项目管理","2020-03-01 12:35:08","刘金刚","否","http://dmtks.hisense.com/pages/viewpage.action?pageId=81887456"
"RUANJIANYANFA","电视产品软件所","114198263","81887456","2、部门管理","10、春节去向统计","2","1","电视产品软件所 Home / 2、部门管理 / 10、春节去向统计","项目管理","2023-01-11 14:11:55","崔文华","否","http://dmtks.hisense.com/pages/viewpage.action?pageId=114198263"
"RUANJIANYANFA","电视产品软件所","118954653","81887456","2、部门管理","11、电脑使用情况管理","2","2","电视产品软件所 Home / 2、部门管理 / 11、电脑使用情况管理","项目管理","2021-03-17 18:01:22","未知用户 (zhaochongjie)","否","http://dmtks.hisense.com/pages/viewpage.action?pageId=118954653"
"RUANJIANYANFA","电视产品软件所","120525979","81887456","2、部门管理","12 、费用预算","2","3","电视产品软件所 Home / 2、部门管理 / 12 、费用预算","项目管理","2022-02-12 13:44:35","于清晓","否","http://dmtks.hisense.com/pages/viewpage.action?pageId=120525979"
"RUANJIANYANFA","电视产品软件所","81887488","81887456","2、部门管理","1、基础管理","2","4","电视产品软件所 Home / 2、部门管理 / 1、基础管理","项目管理","2020-08-22 16:36:56","刘金刚","否","http://dmtks.hisense.com/pages/viewpage.action?pageId=81887488"
"RUANJIANYANFA","电视产品软件所","151627256","81887456","2、部门管理","2022年春节放假去向统计","2","5","电视产品软件所 Home / 2、部门管理 / 2022年春节放假去向统计","项目管理","2022-01-20 14:08:01","未知用户 (gaomeng4)","否","http://dmtks.hisense.com/pages/viewpage.action?pageId=151627256"
"RUANJIANYANFA","电视产品软件所","81895533","81887456","2、部门管理","2、招聘管理","2","6","电视产品软件所 Home / 2、部门管理 / 2、招聘管理","项目管理","2022-01-10 19:43:20","于清晓","否","http://dmtks.hisense.com/pages/viewpage.action?pageId=81895533"
"RUANJIANYANFA","电视产品软件所","82576278","81887456","2、部门管理","3、重点课题","2","7","电视产品软件所 Home / 2、部门管理 / 3、重点课题","项目管理","2020-04-09 23:56:55","刘金刚","否","http://dmtks.hisense.com/pages/viewpage.action?pageId=82576278"
"RUANJIANYANFA","电视产品软件所","84651712","81887456","2、部门管理","4、指标数据","2","8","电视产品软件所 Home / 2、部门管理 / 4、指标数据","项目管理","2023-08-08 14:41:50","于清晓","否","http://dmtks.hisense.com/pages/viewpage.action?pageId=84651712"
"RUANJIANYANFA","电视产品软件所","87168485","81887456","2、部门管理","5、工作交接","2","9","电视产品软件所 Home / 2、部门管理 / 5、工作交接","项目管理","2023-09-25 16:08:04","未知用户 (liuchunlan2)","否","http://dmtks.hisense.com/pages/viewpage.action?pageId=87168485"
"RUANJIANYANFA","电视产品软件所","92280006","81887456","2、部门管理","6、职位晋升","2","10","电视产品软件所 Home / 2、部门管理 / 6、职位晋升","项目管理","2020-07-01 18:12:45","刘金刚","否","http://dmtks.hisense.com/pages/viewpage.action?pageId=92280006"
"RUANJIANYANFA","电视产品软件所","95160214","81887456","2、部门管理","7、应知应会","2","11","电视产品软件所 Home / 2、部门管理 / 7、应知应会","项目管理","2022-09-27 10:03:09","姜伟伟","否","http://dmtks.hisense.com/pages/viewpage.action?pageId=95160214"
"RUANJIANYANFA","电视产品软件所","100043706","81887456","2、部门管理","8、会议纪要","2","12","电视产品软件所 Home / 2、部门管理 / 8、会议纪要","会议与协同","2021-04-20 13:49:31","刘金刚","否","http://dmtks.hisense.com/pages/viewpage.action?pageId=100043706"
"RUANJIANYANFA","电视产品软件所","102110794","81887456","2、部门管理","9、防疫工作管理","2","13","电视产品软件所 Home / 2、部门管理 / 9、防疫工作管理","项目管理","2020-09-30 10:01:30","鲁好锦","否","http://dmtks.hisense.com/pages/viewpage.action?pageId=102110794"
"RUANJIANYANFA","电视产品软件所","81887460","4489435","电视产品软件所 Home","3、科室管理","1","4","电视产品软件所 Home / 3、科室管理","项目管理","2020-03-01 12:35:33","刘金刚","否","http://dmtks.hisense.com/pages/viewpage.action?pageId=81887460"
"RUANJIANYANFA","电视产品软件所","122494971","81887460","3、科室管理","人力资源分配","2","1","电视产品软件所 Home / 3、科室管理 / 人力资源分配","项目管理","2021-04-23 10:09:35","姜伟伟","否","http://dmtks.hisense.com/pages/viewpage.action?pageId=122494971"
"RUANJIANYANFA","电视产品软件所","4489409","81887460","3、科室管理","内销B2B业务室","2","2","电视产品软件所 Home / 3、科室管理 / 内销B2B业务室","项目管理","2020-03-02 09:19:23","于洪","否","http://dmtks.hisense.com/pages/viewpage.action?pageId=4489409"
"RUANJIANYANFA","电视产品软件所","4489517","81887460","3、科室管理","内销电视系统室","2","3","电视产品软件所 Home / 3、科室管理 / 内销电视系统室","项目管理","2018-11-16 12:07:57","刘金刚","否","http://dmtks.hisense.com/pages/viewpage.action?pageId=4489517"
"RUANJIANYANFA","电视产品软件所","80453272","81887460","3、科室管理","内销软件支撑室","2","4","电视产品软件所 Home / 3、科室管理 / 内销软件支撑室","项目管理","2020-03-05 10:55:46","卢善好","否","http://dmtks.hisense.com/pages/viewpage.action?pageId=80453272"
"RUANJIANYANFA","电视产品软件所","80451875","81887460","3、科室管理","新型显示业务室","2","5","电视产品软件所 Home / 3、科室管理 / 新型显示业务室","项目管理","2022-10-28 14:58:47","姜伟伟","否","http://dmtks.hisense.com/pages/viewpage.action?pageId=80451875"
"RUANJIANYANFA","电视产品软件所","173056391","81887460","3、科室管理","海外电视业务室","2","6","电视产品软件所 Home / 3、科室管理 / 海外电视业务室","项目管理","2022-07-27 11:58:19","刘文晓","否","http://dmtks.hisense.com/pages/viewpage.action?pageId=173056391"
"RUANJIANYANFA","电视产品软件所","5832716","81887460","3、科室管理","海外电视系统室","2","7","电视产品软件所 Home / 3、科室管理 / 海外电视系统室","项目管理","2022-12-15 13:43:27","汪建华","否","http://dmtks.hisense.com/pages/viewpage.action?pageId=5832716"
"RUANJIANYANFA","电视产品软件所","81892555","81887460","3、科室管理","渠道工程业务室","2","8","电视产品软件所 Home / 3、科室管理 / 渠道工程业务室","项目管理","2020-03-11 19:44:06","刘金刚","否","http://dmtks.hisense.com/pages/viewpage.action?pageId=81892555"
"RUANJIANYANFA","电视产品软件所","137633733","81887460","3、科室管理","激光显示业务室","2","9","电视产品软件所 Home / 3、科室管理 / 激光显示业务室","项目管理","2021-09-26 09:59:58","唐高明","否","http://dmtks.hisense.com/pages/viewpage.action?pageId=137633733"
"RUANJIANYANFA","电视产品软件所","81887495","4489435","电视产品软件所 Home","4、创新预研","1","5","电视产品软件所 Home / 4、创新预研","其他","2020-03-01 12:47:31","刘金刚","否","http://dmtks.hisense.com/pages/viewpage.action?pageId=81887495"
"RUANJIANYANFA","电视产品软件所","87860352","81887495","4、创新预研","01-创新论坛及创新提案","2","1","电视产品软件所 Home / 4、创新预研 / 01-创新论坛及创新提案","其他","2020-06-19 13:16:14","王之奎","否","http://dmtks.hisense.com/pages/viewpage.action?pageId=87860352"
"RUANJIANYANFA","电视产品软件所","63309394","81887495","4、创新预研","02-预研管理","2","2","电视产品软件所 Home / 4、创新预研 / 02-预研管理","项目管理","2021-08-03 14:23:51","朱平洋/Tim Zhu","否","http://dmtks.hisense.com/pages/viewpage.action?pageId=63309394"
"RUANJIANYANFA","电视产品软件所","91627674","81887495","4、创新预研","03-专利","2","3","电视产品软件所 Home / 4、创新预研 / 03-专利","其他","2021-12-15 16:45:04","王之奎","否","http://dmtks.hisense.com/pages/viewpage.action?pageId=91627674"
"RUANJIANYANFA","电视产品软件所","104793589","81887495","4、创新预研","04-头脑风暴","2","4","电视产品软件所 Home / 4、创新预研 / 04-头脑风暴","其他","2020-10-26 19:13:25","刘金刚","否","http://dmtks.hisense.com/pages/viewpage.action?pageId=104793589"
"RUANJIANYANFA","电视产品软件所","129796236","81887495","4、创新预研","05-创新预研管理","2","5","电视产品软件所 Home / 4、创新预研 / 05-创新预研管理","项目管理","2021-06-28 19:16:03","朱平洋/Tim Zhu","否","http://dmtks.hisense.com/pages/viewpage.action?pageId=129796236"
"RUANJIANYANFA","电视产品软件所","14840361","81887495","4、创新预研","11、创新成果","2","6","电视产品软件所 Home / 4、创新预研 / 11、创新成果","其他","2017-07-18 16:08:02","李鑫","否","http://dmtks.hisense.com/pages/viewpage.action?pageId=14840361"
"RUANJIANYANFA","电视产品软件所","56820079","81887495","4、创新预研","14、创新小组","2","7","电视产品软件所 Home / 4、创新预研 / 14、创新小组","其他","2019-06-03 10:18:08","冯美美","否","http://dmtks.hisense.com/pages/viewpage.action?pageId=56820079"
"RUANJIANYANFA","电视产品软件所","184461555","81887495","4、创新预研","2022创新展项目日报","2","8","电视产品软件所 Home / 4、创新预研 / 2022创新展项目日报","项目管理","2022-11-11 19:13:02","朱宗花","否","http://dmtks.hisense.com/pages/viewpage.action?pageId=184461555"
"RUANJIANYANFA","电视产品软件所","4489366","81887495","4、创新预研","软件优化项目--LiveTV","2","9","电视产品软件所 Home / 4、创新预研 / 软件优化项目--LiveTV","项目管理","2016-02-16 14:54:33","未知用户 (wangfang13)","否","http://dmtks.hisense.com/pages/viewpage.action?pageId=4489366"
"RUANJIANYANFA","电视产品软件所","22053009","81887495","4、创新预研","预研项目： 基于智能场景的软件框架技术研究二期","2","10","电视产品软件所 Home / 4、创新预研 / 预研项目： 基于智能场景的软件框架技术研究二期","项目管理","2018-08-22 11:09:42","李鑫","否","http://dmtks.hisense.com/pages/viewpage.action?pageId=22053009"
"RUANJIANYANFA","电视产品软件所","14543766","81887495","4、创新预研","预研项目： 电视端虚拟智能助理技术的应用  开发计划","2","11","电视产品软件所 Home / 4、创新预研 / 预研项目： 电视端虚拟智能助理技术的应用  开发计划","版本与计划","2017-05-04 14:38:26","宋虎","否","http://dmtks.hisense.com/pages/viewpage.action?pageId=14543766"
"RUANJIANYANFA","电视产品软件所","81887497","4489435","电视产品软件所 Home","5、流程规范","1","6","电视产品软件所 Home / 5、流程规范","规范与流程","2022-04-12 10:25:51","陈益军","否","http://dmtks.hisense.com/pages/viewpage.action?pageId=81887497"
"RUANJIANYANFA","电视产品软件所","14830849","81887497","5、流程规范","软件开发规范管理","2","1","电视产品软件所 Home / 5、流程规范 / 软件开发规范管理","规范与流程","2019-11-12 11:48:40","姜超","否","http://dmtks.hisense.com/pages/viewpage.action?pageId=14830849"
"RUANJIANYANFA","电视产品软件所","130454068","81887497","5、流程规范","软件流程体系建设-研发中心文件一点通V20240221","2","2","电视产品软件所 Home / 5、流程规范 / 软件流程体系建设-研发中心文件一点通V20240221","规范与流程","2024-02-21 15:49:37","未晓玲","否","http://dmtks.hisense.com/pages/viewpage.action?pageId=130454068"
"RUANJIANYANFA","电视产品软件所","73894898","4489435","电视产品软件所 Home","6、质量管理","1","7","电视产品软件所 Home / 6、质量管理","项目管理","2020-03-01 13:00:11","刘金刚","否","http://dmtks.hisense.com/pages/viewpage.action?pageId=73894898"
"RUANJIANYANFA","电视产品软件所","73896000","73894898","6、质量管理","1、市场问题","2","1","电视产品软件所 Home / 6、质量管理 / 1、市场问题","问题与复盘","2021-12-30 10:42:01","吕彦斐","否","http://dmtks.hisense.com/pages/viewpage.action?pageId=73896000"
"RUANJIANYANFA","电视产品软件所","73896011","73894898","6、质量管理","2、NPS","2","2","电视产品软件所 Home / 6、质量管理 / 2、NPS","问题与复盘","2021-12-30 18:38:27","吕彦斐","否","http://dmtks.hisense.com/pages/viewpage.action?pageId=73896011"
"RUANJIANYANFA","电视产品软件所","89002544","73894898","6、质量管理","3、生产/市场（含NPS）/集团抽检质量问题","2","3","电视产品软件所 Home / 6、质量管理 / 3、生产/市场（含NPS）/集团抽检质量问题","问题与复盘","2020-09-27 15:25:36","刘金刚","否","http://dmtks.hisense.com/pages/viewpage.action?pageId=89002544"
"RUANJIANYANFA","电视产品软件所","97193345","73894898","6、质量管理","4、质量改善(QC活动)","2","4","电视产品软件所 Home / 6、质量管理 / 4、质量改善(QC活动)","项目管理","2021-07-07 18:10:37","吕彦斐","否","http://dmtks.hisense.com/pages/viewpage.action?pageId=97193345"
"RUANJIANYANFA","电视产品软件所","103421988","73894898","6、质量管理","5、超期问题","2","5","电视产品软件所 Home / 6、质量管理 / 5、超期问题","问题与复盘","2020-10-16 14:23:36","于洪","否","http://dmtks.hisense.com/pages/viewpage.action?pageId=103421988"
"RUANJIANYANFA","电视产品软件所","114201166","73894898","6、质量管理","6、版本管理","2","6","电视产品软件所 Home / 6、质量管理 / 6、版本管理","版本与计划","2021-01-26 17:45:50","刘金刚","否","http://dmtks.hisense.com/pages/viewpage.action?pageId=114201166"
"RUANJIANYANFA","电视产品软件所","195235214","73894898","6、质量管理","7、OTA数据分析","2","7","电视产品软件所 Home / 6、质量管理 / 7、OTA数据分析","问题与复盘","2024-07-04 15:46:20","梁帅琦","否","http://dmtks.hisense.com/pages/viewpage.action?pageId=195235214"
"RUANJIANYANFA","电视产品软件所","4489639","4489435","电视产品软件所 Home","7、经验交流","1","8","电视产品软件所 Home / 7、经验交流","其他","2020-03-01 12:43:06","刘金刚","否","http://dmtks.hisense.com/pages/viewpage.action?pageId=4489639"
"RUANJIANYANFA","电视产品软件所","4489770","4489639","7、经验交流","2、工具使用文档","2","1","电视产品软件所 Home / 7、经验交流 / 2、工具使用文档","规范与流程","2015-09-02 10:28:25","冯美美","否","http://dmtks.hisense.com/pages/viewpage.action?pageId=4489770"
"RUANJIANYANFA","电视产品软件所","4489635","4489639","7、经验交流","4、经验分享","2","2","电视产品软件所 Home / 7、经验交流 / 4、经验分享","其他","2015-09-15 09:16:11","冯美美","否","http://dmtks.hisense.com/pages/viewpage.action?pageId=4489635"
"RUANJIANYANFA","电视产品软件所","4489756","4489639","7、经验交流","6、FAQ","2","3","电视产品软件所 Home / 7、经验交流 / 6、FAQ","其他","2015-09-02 10:30:08","冯美美","否","http://dmtks.hisense.com/pages/viewpage.action?pageId=4489756"
"RUANJIANYANFA","电视产品软件所","12978548","4489639","7、经验交流","关于mac os serria   无法使用Citrix问题的解决方案","2","4","电视产品软件所 Home / 7、经验交流 / 关于mac os serria   无法使用Citrix问题的解决方案","设计与架构","2017-01-11 17:24:07","未知用户 (libaocheng)","否","http://dmtks.hisense.com/pages/viewpage.action?pageId=12978548"
"RUANJIANYANFA","电视产品软件所","95817182","4489639","7、经验交流","内销产品软件所VPN账号名单","2","5","电视产品软件所 Home / 7、经验交流 / 内销产品软件所VPN账号名单","其他","2020-07-29 10:01:26","鲁好锦","否","http://dmtks.hisense.com/pages/viewpage.action?pageId=95817182"
"RUANJIANYANFA","电视产品软件所","65177480","4489639","7、经验交流","定制开机图片需求汇总20190903","2","6","电视产品软件所 Home / 7、经验交流 / 定制开机图片需求汇总20190903","需求与功能","2019-09-03 13:52:46","沈娅丽","否","http://dmtks.hisense.com/pages/viewpage.action?pageId=65177480"
"RUANJIANYANFA","电视产品软件所","4489290","4489639","7、经验交流","对HAL编译时的头文件查找的一些疑惑","2","7","电视产品软件所 Home / 7、经验交流 / 对HAL编译时的头文件查找的一些疑惑","其他","2015-04-28 13:38:42","未知用户 (lichengcheng)","否","http://dmtks.hisense.com/pages/viewpage.action?pageId=4489290"
"RUANJIANYANFA","电视产品软件所","4489598","4489639","7、经验交流","指南文章","2","8","电视产品软件所 Home / 7、经验交流 / 指南文章","规范与流程","2015-06-24 14:51:22","未知用户 (lichengcheng)","否","http://dmtks.hisense.com/pages/viewpage.action?pageId=4489598"
"RUANJIANYANFA","电视产品软件所","92930471","4489639","7、经验交流","方案商交流","2","9","电视产品软件所 Home / 7、经验交流 / 方案商交流","设计与架构","2020-06-28 10:58:15","刘金刚","否","http://dmtks.hisense.com/pages/viewpage.action?pageId=92930471"
"RUANJIANYANFA","电视产品软件所","89003102","4489639","7、经验交流","海思交流","2","10","电视产品软件所 Home / 7、经验交流 / 海思交流","其他","2020-05-25 10:04:57","未知用户 (lihuijuan)","否","http://dmtks.hisense.com/pages/viewpage.action?pageId=89003102"
"RUANJIANYANFA","电视产品软件所","4489796","4489435","电视产品软件所 Home","8、培训管理","1","9","电视产品软件所 Home / 8、培训管理","培训与知识","2020-06-29 10:04:01","李军锋","否","http://dmtks.hisense.com/pages/viewpage.action?pageId=4489796"
"RUANJIANYANFA","电视产品软件所","14544289","4489796","8、培训管理","培训课时汇总","2","1","电视产品软件所 Home / 8、培训管理 / 培训课时汇总","培训与知识","2017-04-28 13:40:06","未知用户 (wangfang13)","否","http://dmtks.hisense.com/pages/viewpage.action?pageId=14544289"
"RUANJIANYANFA","电视产品软件所","4489872","4489796","8、培训管理","培训资料","2","2","电视产品软件所 Home / 8、培训管理 / 培训资料","培训与知识","2017-07-21 17:31:23","未知用户 (zhangfei)","否","http://dmtks.hisense.com/pages/viewpage.action?pageId=4489872"
"RUANJIANYANFA","电视产品软件所","129797328","4489796","8、培训管理","外训流程","2","3","电视产品软件所 Home / 8、培训管理 / 外训流程","规范与流程","2021-06-29 13:44:28","卢善好","否","http://dmtks.hisense.com/pages/viewpage.action?pageId=129797328"
"RUANJIANYANFA","电视产品软件所","4489787","4489796","8、培训管理","流程培训","2","4","电视产品软件所 Home / 8、培训管理 / 流程培训","规范与流程","2016-11-30 17:36:51","崔文华","否","http://dmtks.hisense.com/pages/viewpage.action?pageId=4489787"
"RUANJIANYANFA","电视产品软件所","94473523","4489796","8、培训管理","软件新流程主规程培训计划","2","5","电视产品软件所 Home / 8、培训管理 / 软件新流程主规程培训计划","版本与计划","2020-08-11 10:09:34","未晓玲","否","http://dmtks.hisense.com/pages/viewpage.action?pageId=94473523"
"RUANJIANYANFA","电视产品软件所","4489360","4489796","8、培训管理","部门培训计划","2","6","电视产品软件所 Home / 8、培训管理 / 部门培训计划","版本与计划","2016-09-28 09:03:53","冯美美","否","http://dmtks.hisense.com/pages/viewpage.action?pageId=4489360"
"RUANJIANYANFA","电视产品软件所","4489568","4489435","电视产品软件所 Home","8、关键技术方向","1","10","电视产品软件所 Home / 8、关键技术方向","其他","2018-04-24 10:40:43","李鑫","否","http://dmtks.hisense.com/pages/viewpage.action?pageId=4489568"
"RUANJIANYANFA","电视产品软件所","62619683","4489568","8、关键技术方向","2019年NPS改善措施跟踪表","2","1","电视产品软件所 Home / 8、关键技术方向 / 2019年NPS改善措施跟踪表","问题与复盘","2019-10-14 10:13:32","庞秀娟","否","http://dmtks.hisense.com/pages/viewpage.action?pageId=62619683"
"RUANJIANYANFA","电视产品软件所","4489590","4489568","8、关键技术方向","B2B（教育，酒店）","2","2","电视产品软件所 Home / 8、关键技术方向 / B2B（教育，酒店）","其他","2016-06-15 15:59:43","冯美美","否","http://dmtks.hisense.com/pages/viewpage.action?pageId=4489590"
"RUANJIANYANFA","电视产品软件所","4489592","4489568","8、关键技术方向","信芯（画质，物联网）","2","3","电视产品软件所 Home / 8、关键技术方向 / 信芯（画质，物联网）","其他","2016-06-15 16:00:05","冯美美","否","http://dmtks.hisense.com/pages/viewpage.action?pageId=4489592"
"RUANJIANYANFA","电视产品软件所","4489919","4489568","8、关键技术方向","前沿公司信息","2","4","电视产品软件所 Home / 8、关键技术方向 / 前沿公司信息","其他","2016-11-21 11:25:03","李鑫","否","http://dmtks.hisense.com/pages/viewpage.action?pageId=4489919"
"RUANJIANYANFA","电视产品软件所","4489569","4489568","8、关键技术方向","新型交互技术(AI...)","2","5","电视产品软件所 Home / 8、关键技术方向 / 新型交互技术(AI...)","其他","2016-06-16 11:27:07","李鑫","否","http://dmtks.hisense.com/pages/viewpage.action?pageId=4489569"
"RUANJIANYANFA","电视产品软件所","4489586","4489568","8、关键技术方向","新型显示技术(VR/AR...)","2","6","电视产品软件所 Home / 8、关键技术方向 / 新型显示技术(VR/AR...)","其他","2016-06-15 16:00:51","冯美美","否","http://dmtks.hisense.com/pages/viewpage.action?pageId=4489586"
"RUANJIANYANFA","电视产品软件所","4489585","4489568","8、关键技术方向","显示技术","2","7","电视产品软件所 Home / 8、关键技术方向 / 显示技术","其他","2016-06-15 16:01:13","冯美美","否","http://dmtks.hisense.com/pages/viewpage.action?pageId=4489585"
"RUANJIANYANFA","电视产品软件所","4489580","4489568","8、关键技术方向","智能制造","2","8","电视产品软件所 Home / 8、关键技术方向 / 智能制造","其他","2016-06-15 16:01:34","冯美美","否","http://dmtks.hisense.com/pages/viewpage.action?pageId=4489580"
"RUANJIANYANFA","电视产品软件所","4489571","4489568","8、关键技术方向","智能家居","2","9","电视产品软件所 Home / 8、关键技术方向 / 智能家居","其他","2016-06-15 16:02:10","冯美美","否","http://dmtks.hisense.com/pages/viewpage.action?pageId=4489571"
"RUANJIANYANFA","电视产品软件所","4489582","4489568","8、关键技术方向","激光影院","2","10","电视产品软件所 Home / 8、关键技术方向 / 激光影院","其他","2016-06-15 16:02:57","冯美美","否","http://dmtks.hisense.com/pages/viewpage.action?pageId=4489582"
"RUANJIANYANFA","电视产品软件所","4489605","4489568","8、关键技术方向","行业技术动态","2","11","电视产品软件所 Home / 8、关键技术方向 / 行业技术动态","其他","2016-06-16 08:11:42","吴超","否","http://dmtks.hisense.com/pages/viewpage.action?pageId=4489605"
"RUANJIANYANFA","电视产品软件所","4489572","4489568","8、关键技术方向","质量/性能/进度/可制造型/基础运营/","2","12","电视产品软件所 Home / 8、关键技术方向 / 质量/性能/进度/可制造型/基础运营/","项目管理","2016-06-16 10:17:38","李鑫","否","http://dmtks.hisense.com/pages/viewpage.action?pageId=4489572"
"RUANJIANYANFA","电视产品软件所","4489587","4489568","8、关键技术方向","运营","2","13","电视产品软件所 Home / 8、关键技术方向 / 运营","其他","2016-06-15 16:03:37","冯美美","否","http://dmtks.hisense.com/pages/viewpage.action?pageId=4489587"
"RUANJIANYANFA","电视产品软件所","12978322","4489435","电视产品软件所 Home","9、新员工入职","1","11","电视产品软件所 Home / 9、新员工入职","其他","2017-01-11 11:54:00","冯美美","否","http://dmtks.hisense.com/pages/viewpage.action?pageId=12978322"
"RUANJIANYANFA","电视产品软件所","4489923","12978322","9、新员工入职","16届新员工培养计划","2","1","电视产品软件所 Home / 9、新员工入职 / 16届新员工培养计划","版本与计划","2016-08-22 16:22:16","冯美美","否","http://dmtks.hisense.com/pages/viewpage.action?pageId=4489923"
"RUANJIANYANFA","电视产品软件所","14548564","12978322","9、新员工入职","17届新员工培养计划","2","2","电视产品软件所 Home / 9、新员工入职 / 17届新员工培养计划","版本与计划","2017-05-08 16:26:05","冯美美","否","http://dmtks.hisense.com/pages/viewpage.action?pageId=14548564"
"RUANJIANYANFA","电视产品软件所","107780015","12978322","9、新员工入职","2020新员工雄鹰计划","2","3","电视产品软件所 Home / 9、新员工入职 / 2020新员工雄鹰计划","版本与计划","2021-01-03 19:35:45","刘金刚","否","http://dmtks.hisense.com/pages/viewpage.action?pageId=107780015"
"RUANJIANYANFA","电视产品软件所","87851731","12978322","9、新员工入职","信息安全培训","2","4","电视产品软件所 Home / 9、新员工入职 / 信息安全培训","培训与知识","2020-05-05 21:54:21","吕彦斐","否","http://dmtks.hisense.com/pages/viewpage.action?pageId=87851731"
"RUANJIANYANFA","电视产品软件所","114198431","12978322","9、新员工入职","分支管理规则","2","5","电视产品软件所 Home / 9、新员工入职 / 分支管理规则","项目管理","2021-01-25 17:35:31","崔文华","否","http://dmtks.hisense.com/pages/viewpage.action?pageId=114198431"
"RUANJIANYANFA","电视产品软件所","16845305","12978322","9、新员工入职","启动任务-电视平台组","2","6","电视产品软件所 Home / 9、新员工入职 / 启动任务-电视平台组","项目管理","2018-01-03 16:09:25","未知用户 (liukang4)","否","http://dmtks.hisense.com/pages/viewpage.action?pageId=16845305"
"RUANJIANYANFA","电视产品软件所","29229853","12978322","9、新员工入职","外包人员入职手册","2","7","电视产品软件所 Home / 9、新员工入职 / 外包人员入职手册","规范与流程","2018-08-14 09:18:03","刘金刚","否","http://dmtks.hisense.com/pages/viewpage.action?pageId=29229853"
"RUANJIANYANFA","电视产品软件所","107778277","12978322","9、新员工入职","新员工入职","2","8","电视产品软件所 Home / 9、新员工入职 / 新员工入职","其他","2021-03-18 09:15:16","鲁好锦","否","http://dmtks.hisense.com/pages/viewpage.action?pageId=107778277"
"RUANJIANYANFA","电视产品软件所","4489240","12978322","9、新员工入职","新员工每日分享会文件共享","2","9","电视产品软件所 Home / 9、新员工入职 / 新员工每日分享会文件共享","其他","2016-11-11 17:35:22","何营昊","否","http://dmtks.hisense.com/pages/viewpage.action?pageId=4489240"
"RUANJIANYANFA","电视产品软件所","4489309","12978322","9、新员工入职","电视平台软件所新员工培养指南 -2018","2","10","电视产品软件所 Home / 9、新员工入职 / 电视平台软件所新员工培养指南 -2018","规范与流程","2020-09-30 13:16:12","刘金刚","否","http://dmtks.hisense.com/pages/viewpage.action?pageId=4489309"
"RUANJIANYANFA","电视产品软件所","17174454","12978322","9、新员工入职","电视平台软件所新员工培养指南-","2","11","电视产品软件所 Home / 9、新员工入职 / 电视平台软件所新员工培养指南-","规范与流程","2020-09-30 13:15:48","刘金刚","否","http://dmtks.hisense.com/pages/viewpage.action?pageId=17174454"
"RUANJIANYANFA","电视产品软件所","110690893","12978322","9、新员工入职","软件测试培训","2","12","电视产品软件所 Home / 9、新员工入职 / 软件测试培训","测试与验证","2021-01-14 19:39:15","卢善好","否","http://dmtks.hisense.com/pages/viewpage.action?pageId=110690893"
"RUANJIANYANFA","电视产品软件所","101422664","4489435","电视产品软件所 Home","10、竞品分析","1","12","电视产品软件所 Home / 10、竞品分析","问题与复盘","2020-10-30 21:15:34","王之奎","否","http://dmtks.hisense.com/pages/viewpage.action?pageId=101422664"
"RUANJIANYANFA","电视产品软件所","122491307","101422664","10、竞品分析","2021年竞品分析","2","1","电视产品软件所 Home / 10、竞品分析 / 2021年竞品分析","问题与复盘","2021-04-21 09:08:13","吕彦斐","否","http://dmtks.hisense.com/pages/viewpage.action?pageId=122491307"
"RUANJIANYANFA","电视产品软件所","123997125","101422664","10、竞品分析","前期竞品分析","2","2","电视产品软件所 Home / 10、竞品分析 / 前期竞品分析","问题与复盘","2021-05-07 13:48:25","吕彦斐","否","http://dmtks.hisense.com/pages/viewpage.action?pageId=123997125"
"RUANJIANYANFA","电视产品软件所","165751417","101422664","10、竞品分析","2022年TCP分析","2","3","电视产品软件所 Home / 10、竞品分析 / 2022年TCP分析","问题与复盘","2022-05-25 17:22:06","吕彦斐","否","http://dmtks.hisense.com/pages/viewpage.action?pageId=165751417"
"RUANJIANYANFA","电视产品软件所","195240675","101422664","10、竞品分析","2023年TCP分析","2","4","电视产品软件所 Home / 10、竞品分析 / 2023年TCP分析","问题与复盘","2024-03-01 16:49:34","吕彦斐","否","http://dmtks.hisense.com/pages/viewpage.action?pageId=195240675"
"RUANJIANYANFA","电视产品软件所","285345175","101422664","10、竞品分析","2025年TCP分析","2","5","电视产品软件所 Home / 10、竞品分析 / 2025年TCP分析","问题与复盘","2025-10-23 10:43:29","李彩凤","否","http://dmtks.hisense.com/pages/viewpage.action?pageId=285345175"
"RUANJIANYANFA","电视产品软件所","130454773","4489435","电视产品软件所 Home","11、政府项目及对外合作","1","13","电视产品软件所 Home / 11、政府项目及对外合作","项目管理","2021-07-06 21:18:39","刘金刚","否","http://dmtks.hisense.com/pages/viewpage.action?pageId=130454773"
"RUANJIANYANFA","电视产品软件所","130454776","130454773","11、政府项目及对外合作","2021年度","2","1","电视产品软件所 Home / 11、政府项目及对外合作 / 2021年度","项目管理","2021-07-07 18:37:38","陈益军","否","http://dmtks.hisense.com/pages/viewpage.action?pageId=130454776"
"RUANJIANYANFA","电视产品软件所","190363646","130454773","11、政府项目及对外合作","2022政府项目及标准","2","2","电视产品软件所 Home / 11、政府项目及对外合作 / 2022政府项目及标准","规范与流程","2022-12-08 17:26:33","陈益军","否","http://dmtks.hisense.com/pages/viewpage.action?pageId=190363646"
"RUANJIANYANFA","电视产品软件所","4489518","4489435","电视产品软件所 Home","内销电视业务室","1","14","电视产品软件所 Home / 内销电视业务室","其他","2019-11-27 09:33:08","穆聪聪","否","http://dmtks.hisense.com/pages/viewpage.action?pageId=4489518"
"RUANJIANYANFA","电视产品软件所","73335198","4489518","内销电视业务室","Log日志输出规范","2","1","电视产品软件所 Home / 内销电视业务室 / Log日志输出规范","规范与流程","2019-11-27 20:32:52","未知用户 (sangwei)","否","http://dmtks.hisense.com/pages/viewpage.action?pageId=73335198"
"RUANJIANYANFA","电视产品软件所","4489622","4489518","内销电视业务室","VIDAALiveTV","2","2","电视产品软件所 Home / 内销电视业务室 / VIDAALiveTV","其他","2016-11-26 14:16:10","未知用户 (chengjin1)","否","http://dmtks.hisense.com/display/RUANJIANYANFA/VIDAALiveTV"
"RUANJIANYANFA","电视产品软件所","4489436","4489518","内销电视业务室","VIDAA系列","2","3","电视产品软件所 Home / 内销电视业务室 / VIDAA系列","其他","2016-11-26 14:11:16","未知用户 (chengjin1)","否","http://dmtks.hisense.com/pages/viewpage.action?pageId=4489436"
"RUANJIANYANFA","电视产品软件所","4489242","4489518","内销电视业务室","VIDAA设置","2","4","电视产品软件所 Home / 内销电视业务室 / VIDAA设置","其他","2016-11-26 14:13:35","未知用户 (chengjin1)","否","http://dmtks.hisense.com/pages/viewpage.action?pageId=4489242"
"RUANJIANYANFA","电视产品软件所","4489312","4489518","内销电视业务室","其他资料共享","2","5","电视产品软件所 Home / 内销电视业务室 / 其他资料共享","其他","2019-01-10 14:19:59","未知用户 (zhouchunlin)","否","http://dmtks.hisense.com/pages/viewpage.action?pageId=4489312"
"RUANJIANYANFA","电视产品软件所","75177613","4489518","内销电视业务室","异常上报数据","2","6","电视产品软件所 Home / 内销电视业务室 / 异常上报数据","数据与质量","2019-12-20 19:37:52","司洪龙","否","http://dmtks.hisense.com/pages/viewpage.action?pageId=75177613"
"RUANJIANYANFA","电视产品软件所","53415535","4489518","内销电视业务室","技术分享","2","7","电视产品软件所 Home / 内销电视业务室 / 技术分享","其他","2019-04-30 10:44:38","唐高明","否","http://dmtks.hisense.com/pages/viewpage.action?pageId=53415535"
"RUANJIANYANFA","电视产品软件所","14545167","4489518","内销电视业务室","海外项目","2","8","电视产品软件所 Home / 内销电视业务室 / 海外项目","项目管理","2017-04-29 11:06:20","未知用户 (chengjin1)","否","http://dmtks.hisense.com/pages/viewpage.action?pageId=14545167"
"RUANJIANYANFA","电视产品软件所","4489853","4489518","内销电视业务室","激光电视","2","9","电视产品软件所 Home / 内销电视业务室 / 激光电视","其他","2016-08-24 10:38:43","郑晴晴","否","http://dmtks.hisense.com/pages/viewpage.action?pageId=4489853"
"RUANJIANYANFA","电视产品软件所","4489846","4489518","内销电视业务室","独立应用App集锦","2","10","电视产品软件所 Home / 内销电视业务室 / 独立应用App集锦","其他","2016-08-24 14:42:01","未知用户 (wangfang13)","否","http://dmtks.hisense.com/pages/viewpage.action?pageId=4489846"
"RUANJIANYANFA","电视产品软件所","79790762","4489518","内销电视业务室","电视业务室订餐信息统计","2","11","电视产品软件所 Home / 内销电视业务室 / 电视业务室订餐信息统计","数据与质量","2020-02-10 11:53:39","未知用户 (chengjin1)","否","http://dmtks.hisense.com/pages/viewpage.action?pageId=79790762"
"RUANJIANYANFA","电视产品软件所","4489732","4489518","内销电视业务室","电视业务组属性汇总","2","12","电视产品软件所 Home / 内销电视业务室 / 电视业务组属性汇总","其他","2016-12-09 15:49:19","未知用户 (shengxiyu)","否","http://dmtks.hisense.com/pages/viewpage.action?pageId=4489732"
"RUANJIANYANFA","电视产品软件所","68849579","4489518","内销电视业务室","蒋淼淼工作交接","2","13","电视产品软件所 Home / 内销电视业务室 / 蒋淼淼工作交接","其他","2019-10-16 09:41:15","未知用户 (jiangmiaomiao)","否","http://dmtks.hisense.com/pages/viewpage.action?pageId=68849579"
"RUANJIANYANFA","电视产品软件所","63898124","4489518","内销电视业务室","语音模块","2","14","电视产品软件所 Home / 内销电视业务室 / 语音模块","其他","2019-08-19 12:43:18","未知用户 (chengjin1)","否","http://dmtks.hisense.com/pages/viewpage.action?pageId=63898124"
"RUANJIANYANFA","电视产品软件所","4489405","4489435","电视产品软件所 Home","软件配置技术组","1","15","电视产品软件所 Home / 软件配置技术组","其他","2015-09-01 16:21:30","冯美美","否","http://dmtks.hisense.com/pages/viewpage.action?pageId=4489405"
"RUANJIANYANFA","电视产品软件所","4489403","4489405","软件配置技术组","2015-09-01 - 会议记录","2","1","电视产品软件所 Home / 软件配置技术组 / 2015-09-01 - 会议记录","会议与协同","2015-09-01 17:24:34","liuhaixia1","否","http://dmtks.hisense.com/pages/viewpage.action?pageId=4489403"
"RUANJIANYANFA","电视产品软件所","4489969","4489405","软件配置技术组","2015-09-22 - 会议记录","2","2","电视产品软件所 Home / 软件配置技术组 / 2015-09-22 - 会议记录","会议与协同","2015-09-22 15:16:12","李燕芬","否","http://dmtks.hisense.com/pages/viewpage.action?pageId=4489969"
"RUANJIANYANFA","电视产品软件所","13714390","4489405","软件配置技术组","云内Ubuntu12.04下Sonatype Nexus 安装设置与jcenter镜像","2","3","电视产品软件所 Home / 软件配置技术组 / 云内Ubuntu12.04下Sonatype Nexus 安装设置与jcenter镜像","其他","2017-03-02 17:37:40","丁达志","否","http://dmtks.hisense.com/pages/viewpage.action?pageId=13714390"
"RUANJIANYANFA","电视产品软件所","4489681","4489405","软件配置技术组","基于持续集成的电视软件自动化部署及测试应用贴","2","4","电视产品软件所 Home / 软件配置技术组 / 基于持续集成的电视软件自动化部署及测试应用贴","设计与架构","2016-08-23 14:19:09","丁达志","否","http://dmtks.hisense.com/pages/viewpage.action?pageId=4489681"
"RUANJIANYANFA","电视产品软件所","4489355","4489405","软件配置技术组","朱兰质量手册培训","2","5","电视产品软件所 Home / 软件配置技术组 / 朱兰质量手册培训","规范与流程","2016-01-19 13:49:06","李春华","否","http://dmtks.hisense.com/pages/viewpage.action?pageId=4489355"
"RUANJIANYANFA","电视产品软件所","102107361","4489435","电视产品软件所 Home","软件SE、子SE、一级业务模块梳理","1","16","电视产品软件所 Home / 软件SE、子SE、一级业务模块梳理","其他","2021-07-06 21:05:55","李春超","否","http://dmtks.hisense.com/pages/viewpage.action?pageId=102107361"
"RUANJIANYANFA","电视产品软件所","122494532","102107361","软件SE、子SE、一级业务模块梳理","原梳理","2","1","电视产品软件所 Home / 软件SE、子SE、一级业务模块梳理 / 原梳理","其他","2021-04-22 20:08:29","李春超","否","http://dmtks.hisense.com/pages/viewpage.action?pageId=122494532"
"RUANJIANYANFA","电视产品软件所","98602877","4489435","电视产品软件所 Home","部门知识库","1","17","电视产品软件所 Home / 部门知识库","其他","2020-08-26 16:34:03","李艳平","否","http://dmtks.hisense.com/pages/viewpage.action?pageId=98602877"
"RUANJIANYANFA","电视产品软件所","222319004","98602877","部门知识库","主设计知识库","2","1","电视产品软件所 Home / 部门知识库 / 主设计知识库","设计与架构","2023-10-08 09:59:29","陈益军","否","http://dmtks.hisense.com/pages/viewpage.action?pageId=222319004"
"RUANJIANYANFA","电视产品软件所","98602882","98602877","部门知识库","内销B2B业务室知识库","2","2","电视产品软件所 Home / 部门知识库 / 内销B2B业务室知识库","其他","2020-09-23 14:50:41","王建亮","否","http://dmtks.hisense.com/pages/viewpage.action?pageId=98602882"
"RUANJIANYANFA","电视产品软件所","98602898","98602877","部门知识库","内销电视系统室知识库","2","3","电视产品软件所 Home / 部门知识库 / 内销电视系统室知识库","其他","2020-11-06 16:12:30","田德利","否","http://dmtks.hisense.com/pages/viewpage.action?pageId=98602898"
"RUANJIANYANFA","电视产品软件所","98602894","98602877","部门知识库","内销软件支撑室知识库","2","4","电视产品软件所 Home / 部门知识库 / 内销软件支撑室知识库","其他","2020-09-17 20:22:49","贾旭","否","http://dmtks.hisense.com/pages/viewpage.action?pageId=98602894"
"RUANJIANYANFA","电视产品软件所","98602890","98602877","部门知识库","新型显示业务室知识库","2","5","电视产品软件所 Home / 部门知识库 / 新型显示业务室知识库","其他","2022-06-20 19:13:33","未知用户 (matiantian)","否","http://dmtks.hisense.com/pages/viewpage.action?pageId=98602890"
"RUANJIANYANFA","电视产品软件所","98602886","98602877","部门知识库","渠道工程业务室知识库","2","6","电视产品软件所 Home / 部门知识库 / 渠道工程业务室知识库","其他","2020-10-28 10:14:16","刘天阳","否","http://dmtks.hisense.com/pages/viewpage.action?pageId=98602886"
"RUANJIANYANFA","电视产品软件所","104799961","4489435","电视产品软件所 Home","任职资格认证材料","1","18","电视产品软件所 Home / 任职资格认证材料","培训与知识","2023-10-30 10:48:09","王慧颖","否","http://dmtks.hisense.com/pages/viewpage.action?pageId=104799961"
"RUANJIANYANFA","电视产品软件所","118954267","4489435","电视产品软件所 Home","内销重点工作","1","19","电视产品软件所 Home / 内销重点工作","其他","2021-03-18 21:51:57","胡修振","否","http://dmtks.hisense.com/pages/viewpage.action?pageId=118954267"
"RUANJIANYANFA","电视产品软件所","119712018","4489435","电视产品软件所 Home","内销软件研发部 外包人员招聘汇总","1","20","电视产品软件所 Home / 内销软件研发部 外包人员招聘汇总","其他","2021-06-29 11:16:55","鲁好锦","否","http://dmtks.hisense.com/pages/viewpage.action?pageId=119712018"
"RUANJIANYANFA","电视产品软件所","119712023","119712018","内销软件研发部 外包人员招聘汇总","外包人员简历明细","2","1","电视产品软件所 Home / 内销软件研发部 外包人员招聘汇总 / 外包人员简历明细","其他","2021-04-16 15:09:29","姜伟伟","否","http://dmtks.hisense.com/pages/viewpage.action?pageId=119712023"
"RUANJIANYANFA","电视产品软件所","121832574","4489435","电视产品软件所 Home","节假日统计","1","21","电视产品软件所 Home / 节假日统计","数据与质量","2022-10-01 16:15:28","于清晓","否","http://dmtks.hisense.com/pages/viewpage.action?pageId=121832574"
"RUANJIANYANFA","电视产品软件所","181164950","121832574","节假日统计","2022年国庆节","2","1","电视产品软件所 Home / 节假日统计 / 2022年国庆节","数据与质量","2022-10-08 08:57:10","夏庆鑫","否","http://dmtks.hisense.com/pages/viewpage.action?pageId=181164950"
"RUANJIANYANFA","电视产品软件所","221857064","121832574","节假日统计","2023年国庆节需要加班的项目","2","2","电视产品软件所 Home / 节假日统计 / 2023年国庆节需要加班的项目","项目管理","2023-09-25 15:50:25","唐高明","否","http://dmtks.hisense.com/pages/viewpage.action?pageId=221857064"
"RUANJIANYANFA","电视产品软件所","124716615","4489435","电视产品软件所 Home","EMMC标准及体系梳理小组","1","22","电视产品软件所 Home / EMMC标准及体系梳理小组","规范与流程","2021-05-10 16:37:03","刘金刚","否","http://dmtks.hisense.com/pages/viewpage.action?pageId=124716615"
"RUANJIANYANFA","电视产品软件所","124716621","124716615","EMMC标准及体系梳理小组","0511","2","1","电视产品软件所 Home / EMMC标准及体系梳理小组 / 0511","规范与流程","2021-05-10 16:40:25","刘金刚","否","http://dmtks.hisense.com/display/RUANJIANYANFA/0511"
"RUANJIANYANFA","电视产品软件所","129079892","124716615","EMMC标准及体系梳理小组","0623复制从 目前 工作进展跟踪（6月3日-6月7日）","2","2","电视产品软件所 Home / EMMC标准及体系梳理小组 / 0623复制从 目前 工作进展跟踪（6月3日-6月7日）","规范与流程","2021-06-29 10:57:17","孙超","否","http://dmtks.hisense.com/pages/viewpage.action?pageId=129079892"
"RUANJIANYANFA","电视产品软件所","150734317","124716615","EMMC标准及体系梳理小组","20220110 EMMC WAF测试","2","3","电视产品软件所 Home / EMMC标准及体系梳理小组 / 20220110 EMMC WAF测试","测试与验证","2022-03-11 16:40:30","李增波","否","http://dmtks.hisense.com/pages/viewpage.action?pageId=150734317"
"RUANJIANYANFA","电视产品软件所","124719777","124716615","EMMC标准及体系梳理小组","5/12日","2","4","电视产品软件所 Home / EMMC标准及体系梳理小组 / 5/12日","规范与流程","2021-05-11 21:53:08","刘金刚","否","http://dmtks.hisense.com/pages/viewpage.action?pageId=124719777"
"RUANJIANYANFA","电视产品软件所","125468772","124716615","EMMC标准及体系梳理小组","5/16-5/20日工作计划","2","5","电视产品软件所 Home / EMMC标准及体系梳理小组 / 5/16-5/20日工作计划","版本与计划","2021-05-19 11:23:43","刘金刚","否","http://dmtks.hisense.com/pages/viewpage.action?pageId=125468772"
"RUANJIANYANFA","电视产品软件所","130450442","124716615","EMMC标准及体系梳理小组","eMMC新旧平台导入专项测试","2","6","电视产品软件所 Home / EMMC标准及体系梳理小组 / eMMC新旧平台导入专项测试","测试与验证","2021-08-30 10:14:24","孙超","否","http://dmtks.hisense.com/pages/viewpage.action?pageId=130450442"
"RUANJIANYANFA","电视产品软件所","131144914","124716615","EMMC标准及体系梳理小组","[置顶] eMMC规范内销落地实施细则","2","7","电视产品软件所 Home / EMMC标准及体系梳理小组 / [置顶] eMMC规范内销落地实施细则","规范与流程","2021-07-15 14:01:39","卢善好","否","http://dmtks.hisense.com/pages/viewpage.action?pageId=131144914"
"RUANJIANYANFA","电视产品软件所","131144908","124716615","EMMC标准及体系梳理小组","[置顶] eMMC规范落地闭环跟踪","2","8","电视产品软件所 Home / EMMC标准及体系梳理小组 / [置顶] eMMC规范落地闭环跟踪","规范与流程","2021-07-15 10:36:12","卢善好","否","http://dmtks.hisense.com/pages/viewpage.action?pageId=131144908"
"RUANJIANYANFA","电视产品软件所","129079161","124716615","EMMC标准及体系梳理小组","目前 工作进展跟踪（6月23日-6月30日）","2","9","电视产品软件所 Home / EMMC标准及体系梳理小组 / 目前 工作进展跟踪（6月23日-6月30日）","规范与流程","2021-08-18 19:30:38","魏强/Grand Wei","否","http://dmtks.hisense.com/pages/viewpage.action?pageId=129079161"
"RUANJIANYANFA","电视产品软件所","126919338","124716615","EMMC标准及体系梳理小组","目前 工作进展跟踪（6月3日-6月7日）","2","10","电视产品软件所 Home / EMMC标准及体系梳理小组 / 目前 工作进展跟踪（6月3日-6月7日）","规范与流程","2021-07-05 14:16:19","曹功臻","否","http://dmtks.hisense.com/pages/viewpage.action?pageId=126919338"
"RUANJIANYANFA","电视产品软件所","126913984","124716615","EMMC标准及体系梳理小组","第23周 5月31日-6/1日工作","2","11","电视产品软件所 Home / EMMC标准及体系梳理小组 / 第23周 5月31日-6/1日工作","规范与流程","2021-06-04 10:58:20","谭少峰","否","http://dmtks.hisense.com/pages/viewpage.action?pageId=126913984"
"RUANJIANYANFA","电视产品软件所","130458441","4489435","电视产品软件所 Home","固定资产明细20210708-电脑和仪表","1","23","电视产品软件所 Home / 固定资产明细20210708-电脑和仪表","其他","2021-07-26 13:36:32","张晓军","否","http://dmtks.hisense.com/pages/viewpage.action?pageId=130458441"
"RUANJIANYANFA","电视产品软件所","195239288","130458441","固定资产明细20210708-电脑和仪表","低耗领取记录","2","1","电视产品软件所 Home / 固定资产明细20210708-电脑和仪表 / 低耗领取记录","其他","2023-01-17 17:45:13","张晓军","否","http://dmtks.hisense.com/pages/viewpage.action?pageId=195239288"
"RUANJIANYANFA","电视产品软件所","131925300","4489435","电视产品软件所 Home","部门经费明细2026/4/29","1","24","电视产品软件所 Home / 部门经费明细2026/4/29","其他","2026-04-29 13:02:46","张晓军","否","http://dmtks.hisense.com/pages/viewpage.action?pageId=131925300"
"RUANJIANYANFA","电视产品软件所","250640787","131925300","部门经费明细2026/4/29","支出明细截图","2","1","电视产品软件所 Home / 部门经费明细2026/4/29 / 支出明细截图","其他","2024-07-08 17:06:30","张晓军","否","http://dmtks.hisense.com/pages/viewpage.action?pageId=250640787"
"RUANJIANYANFA","电视产品软件所","131926961","4489435","电视产品软件所 Home","出差报告和对外交流","1","25","电视产品软件所 Home / 出差报告和对外交流","其他","2022-08-11 19:25:47","陈益军","否","http://dmtks.hisense.com/pages/viewpage.action?pageId=131926961"
"RUANJIANYANFA","电视产品软件所","134682774","4489435","电视产品软件所 Home","方案商管理","1","26","电视产品软件所 Home / 方案商管理","设计与架构","2021-08-18 21:53:02","于清晓","否","http://dmtks.hisense.com/pages/viewpage.action?pageId=134682774"
"RUANJIANYANFA","电视产品软件所","181147334","134682774","方案商管理","2020年十一假期需要支持方案商的模块","2","1","电视产品软件所 Home / 方案商管理 / 2020年十一假期需要支持方案商的模块","设计与架构","2022-09-27 23:05:34","祖荫鹏","否","http://dmtks.hisense.com/pages/viewpage.action?pageId=181147334"
"RUANJIANYANFA","电视产品软件所","168146717","134682774","方案商管理","方案商问题依赖","2","2","电视产品软件所 Home / 方案商管理 / 方案商问题依赖","设计与架构","2022-06-17 09:49:47","于清晓","否","http://dmtks.hisense.com/pages/viewpage.action?pageId=168146717"
"RUANJIANYANFA","电视产品软件所","135431834","134682774","方案商管理","深圳方案商明细","2","3","电视产品软件所 Home / 方案商管理 / 深圳方案商明细","设计与架构","2021-08-23 19:52:11","刘金刚","否","http://dmtks.hisense.com/pages/viewpage.action?pageId=135431834"
"RUANJIANYANFA","电视产品软件所","134685671","4489435","电视产品软件所 Home","无软件日报反馈","1","27","电视产品软件所 Home / 无软件日报反馈","其他","2021-09-26 09:36:37","张晓军","否","http://dmtks.hisense.com/pages/viewpage.action?pageId=134685671"
"RUANJIANYANFA","电视产品软件所","139067617","134685671","无软件日报反馈","10月份无软件日报反馈","2","1","电视产品软件所 Home / 无软件日报反馈 / 10月份无软件日报反馈","其他","2021-09-26 09:43:00","张晓军","否","http://dmtks.hisense.com/pages/viewpage.action?pageId=139067617"
"RUANJIANYANFA","电视产品软件所","142575583","134685671","无软件日报反馈","11月份无软件日报反馈","2","2","电视产品软件所 Home / 无软件日报反馈 / 11月份无软件日报反馈","其他","2021-11-01 13:40:32","张晓军","否","http://dmtks.hisense.com/pages/viewpage.action?pageId=142575583"
"RUANJIANYANFA","电视产品软件所","145075167","134685671","无软件日报反馈","12月份无软件日报反馈","2","3","电视产品软件所 Home / 无软件日报反馈 / 12月份无软件日报反馈","其他","2021-11-26 11:33:28","张晓军","否","http://dmtks.hisense.com/pages/viewpage.action?pageId=145075167"
"RUANJIANYANFA","电视产品软件所","134685675","134685671","无软件日报反馈","2021/8/20 无软件日报反馈","2","4","电视产品软件所 Home / 无软件日报反馈 / 2021/8/20 无软件日报反馈","其他","2021-08-20 17:26:34","杨会芹","否","http://dmtks.hisense.com/pages/viewpage.action?pageId=134685675"
"RUANJIANYANFA","电视产品软件所","135431099","134685671","无软件日报反馈","2021/8/23 无软件日报反馈","2","5","电视产品软件所 Home / 无软件日报反馈 / 2021/8/23 无软件日报反馈","其他","2021-08-23 17:25:48","于宁","否","http://dmtks.hisense.com/pages/viewpage.action?pageId=135431099"
"RUANJIANYANFA","电视产品软件所","135432716","134685671","无软件日报反馈","2021/8/24 无软件日报反馈","2","6","电视产品软件所 Home / 无软件日报反馈 / 2021/8/24 无软件日报反馈","其他","2021-08-24 18:01:07","夏庆鑫","否","http://dmtks.hisense.com/pages/viewpage.action?pageId=135432716"
"RUANJIANYANFA","电视产品软件所","135435297","134685671","无软件日报反馈","2021/8/25 无软件日报反馈","2","7","电视产品软件所 Home / 无软件日报反馈 / 2021/8/25 无软件日报反馈","其他","2021-08-25 15:56:20","李春超","否","http://dmtks.hisense.com/pages/viewpage.action?pageId=135435297"
"RUANJIANYANFA","电视产品软件所","135435641","134685671","无软件日报反馈","2021/8/26 无软件日报反馈","2","8","电视产品软件所 Home / 无软件日报反馈 / 2021/8/26 无软件日报反馈","其他","2021-08-26 17:37:56","于宁","否","http://dmtks.hisense.com/pages/viewpage.action?pageId=135435641"
"RUANJIANYANFA","电视产品软件所","135435643","134685671","无软件日报反馈","2021/8/27 无软件日报反馈","2","9","电视产品软件所 Home / 无软件日报反馈 / 2021/8/27 无软件日报反馈","其他","2021-08-27 17:46:08","崔文华","否","http://dmtks.hisense.com/pages/viewpage.action?pageId=135435643"
"RUANJIANYANFA","电视产品软件所","135435645","134685671","无软件日报反馈","2021/8/30 无软件日报反馈","2","10","电视产品软件所 Home / 无软件日报反馈 / 2021/8/30 无软件日报反馈","其他","2021-08-30 17:59:15","杨会芹","否","http://dmtks.hisense.com/pages/viewpage.action?pageId=135435645"
"RUANJIANYANFA","电视产品软件所","135435647","134685671","无软件日报反馈","2021/8/31 无软件日报反馈","2","11","电视产品软件所 Home / 无软件日报反馈 / 2021/8/31 无软件日报反馈","其他","2021-08-31 16:01:13","杨会芹","否","http://dmtks.hisense.com/pages/viewpage.action?pageId=135435647"
"RUANJIANYANFA","电视产品软件所","147820887","134685671","无软件日报反馈","2022年无软件日报反馈","2","12","电视产品软件所 Home / 无软件日报反馈 / 2022年无软件日报反馈","其他","2021-12-14 17:28:48","张晓军","否","http://dmtks.hisense.com/pages/viewpage.action?pageId=147820887"
"RUANJIANYANFA","电视产品软件所","184463858","134685671","无软件日报反馈","2023年无软件日报反馈","2","13","电视产品软件所 Home / 无软件日报反馈 / 2023年无软件日报反馈","其他","2022-10-27 11:06:52","张晓军","否","http://dmtks.hisense.com/pages/viewpage.action?pageId=184463858"
"RUANJIANYANFA","电视产品软件所","227458828","134685671","无软件日报反馈","2024年无软件日报反馈","2","14","电视产品软件所 Home / 无软件日报反馈 / 2024年无软件日报反馈","其他","2023-12-27 10:43:41","张晓军","否","http://dmtks.hisense.com/pages/viewpage.action?pageId=227458828"
"RUANJIANYANFA","电视产品软件所","285350812","134685671","无软件日报反馈","2025年无软件日报反馈","2","15","电视产品软件所 Home / 无软件日报反馈 / 2025年无软件日报反馈","其他","2025-01-02 14:54:03","张晓军","否","http://dmtks.hisense.com/pages/viewpage.action?pageId=285350812"
"RUANJIANYANFA","电视产品软件所","360809599","134685671","无软件日报反馈","2026年无软件日报反馈","2","16","电视产品软件所 Home / 无软件日报反馈 / 2026年无软件日报反馈","其他","2026-03-05 10:58:04","张晓军","否","http://dmtks.hisense.com/pages/viewpage.action?pageId=360809599"
"RUANJIANYANFA","电视产品软件所","136156760","134685671","无软件日报反馈","9月份无软件日报反馈","2","17","电视产品软件所 Home / 无软件日报反馈 / 9月份无软件日报反馈","其他","2021-09-01 10:25:22","张晓军","否","http://dmtks.hisense.com/pages/viewpage.action?pageId=136156760"
"RUANJIANYANFA","电视产品软件所","154942294","4489435","电视产品软件所 Home","曹操出行用车手机号信息确认（手机号是判断是否统结的唯一依据）","1","28","电视产品软件所 Home / 曹操出行用车手机号信息确认（手机号是判断是否统结的唯一依据）","其他","2022-02-28 09:42:14","郑晴晴","否","http://dmtks.hisense.com/pages/viewpage.action?pageId=154942294"
"RUANJIANYANFA","电视产品软件所","167325094","4489435","电视产品软件所 Home","设备类低耗盘点信息统计","1","29","电视产品软件所 Home / 设备类低耗盘点信息统计","数据与质量","2022-06-16 09:41:03","未知用户 (zhangyibing)","否","http://dmtks.hisense.com/pages/viewpage.action?pageId=167325094"
"RUANJIANYANFA","电视产品软件所","172264082","4489435","电视产品软件所 Home","防疫相关统计","1","30","电视产品软件所 Home / 防疫相关统计","数据与质量","2022-07-18 11:32:51","张晓军","否","http://dmtks.hisense.com/pages/viewpage.action?pageId=172264082"
"RUANJIANYANFA","电视产品软件所","179408367","172264082","防疫相关统计","2022年中秋节假期去向统计","2","1","电视产品软件所 Home / 防疫相关统计 / 2022年中秋节假期去向统计","数据与质量","2022-09-13 16:17:20","未知用户 (zhangkaidi1)","否","http://dmtks.hisense.com/pages/viewpage.action?pageId=179408367"
"RUANJIANYANFA","电视产品软件所","188647327","172264082","防疫相关统计","入青返青报备","2","2","电视产品软件所 Home / 防疫相关统计 / 入青返青报备","数据与质量","2022-12-01 16:21:31","张晓军","否","http://dmtks.hisense.com/pages/viewpage.action?pageId=188647327"
"RUANJIANYANFA","电视产品软件所","186135077","172264082","防疫相关统计","居家办公统计","2","3","电视产品软件所 Home / 防疫相关统计 / 居家办公统计","数据与质量","2022-11-10 13:23:38","张晓军","否","http://dmtks.hisense.com/pages/viewpage.action?pageId=186135077"
"RUANJIANYANFA","电视产品软件所","174737294","172264082","防疫相关统计","核酸检测统计表","2","4","电视产品软件所 Home / 防疫相关统计 / 核酸检测统计表","数据与质量","2022-08-12 12:02:42","张晓军","否","http://dmtks.hisense.com/pages/viewpage.action?pageId=174737294"
"RUANJIANYANFA","电视产品软件所","191282732","172264082","防疫相关统计","疫情日报-海信员工","2","5","电视产品软件所 Home / 防疫相关统计 / 疫情日报-海信员工","数据与质量","2022-12-20 11:27:30","唐高明","否","http://dmtks.hisense.com/pages/viewpage.action?pageId=191282732"
"RUANJIANYANFA","电视产品软件所","191284714","172264082","防疫相关统计","疫情日报-非海信员工","2","6","电视产品软件所 Home / 防疫相关统计 / 疫情日报-非海信员工","数据与质量","2022-12-20 08:56:25","于洪","否","http://dmtks.hisense.com/pages/viewpage.action?pageId=191284714"
"RUANJIANYANFA","电视产品软件所","172264090","172264082","防疫相关统计","疫苗接种情况统计2022/7/18","2","7","电视产品软件所 Home / 防疫相关统计 / 疫苗接种情况统计2022/7/18","数据与质量","2022-07-29 09:27:20","刘天阳","否","http://dmtks.hisense.com/pages/viewpage.action?pageId=172264090"
"RUANJIANYANFA","电视产品软件所","174731329","4489435","电视产品软件所 Home","综管部统计的相关信息","1","31","电视产品软件所 Home / 综管部统计的相关信息","数据与质量","2022-08-11 09:31:41","张晓军","否","http://dmtks.hisense.com/pages/viewpage.action?pageId=174731329"
"RUANJIANYANFA","电视产品软件所","176295117","174731329","综管部统计的相关信息","2022中秋福利京东积分手机号码统计","2","1","电视产品软件所 Home / 综管部统计的相关信息 / 2022中秋福利京东积分手机号码统计","数据与质量","2022-08-23 15:34:10","张晓军","否","http://dmtks.hisense.com/pages/viewpage.action?pageId=176295117"
"RUANJIANYANFA","电视产品软件所","209956735","174731329","综管部统计的相关信息","2023.4.25晚上信鸿打卡失败统计","2","2","电视产品软件所 Home / 综管部统计的相关信息 / 2023.4.25晚上信鸿打卡失败统计","数据与质量","2023-04-26 18:06:28","汪建华","否","http://dmtks.hisense.com/pages/viewpage.action?pageId=209956735"
"RUANJIANYANFA","电视产品软件所","194349316","174731329","综管部统计的相关信息","2023年春节福利购物卡信息统计","2","3","电视产品软件所 Home / 综管部统计的相关信息 / 2023年春节福利购物卡信息统计","数据与质量","2023-01-09 15:31:31","张晓军","否","http://dmtks.hisense.com/pages/viewpage.action?pageId=194349316"
"RUANJIANYANFA","电视产品软件所","252860148","174731329","综管部统计的相关信息","2024年急救知识普及培训报名","2","4","电视产品软件所 Home / 综管部统计的相关信息 / 2024年急救知识普及培训报名","培训与知识","2024-07-15 16:05:06","张晓军","否","http://dmtks.hisense.com/pages/viewpage.action?pageId=252860148"
"RUANJIANYANFA","电视产品软件所","228356018","174731329","综管部统计的相关信息","2024年春节副食品发放数量及明细核对","2","5","电视产品软件所 Home / 综管部统计的相关信息 / 2024年春节副食品发放数量及明细核对","数据与质量","2024-01-17 14:18:49","张晓军","否","http://dmtks.hisense.com/pages/viewpage.action?pageId=228356018"
"RUANJIANYANFA","电视产品软件所","229102394","174731329","综管部统计的相关信息","24.1.31女员工查体","2","6","电视产品软件所 Home / 综管部统计的相关信息 / 24.1.31女员工查体","数据与质量","2024-02-01 12:50:42","王艳丽","否","http://dmtks.hisense.com/pages/viewpage.action?pageId=229102394"
"RUANJIANYANFA","电视产品软件所","157188566","174731329","综管部统计的相关信息","乘坐定制公交信息统计","2","7","电视产品软件所 Home / 综管部统计的相关信息 / 乘坐定制公交信息统计","数据与质量","2022-03-14 09:24:13","张晓军","否","http://dmtks.hisense.com/pages/viewpage.action?pageId=157188566"
"RUANJIANYANFA","电视产品软件所","191269895","174731329","综管部统计的相关信息","关于崂山研发园区员工自驾车信息摸排的统计","2","8","电视产品软件所 Home / 综管部统计的相关信息 / 关于崂山研发园区员工自驾车信息摸排的统计","数据与质量","2022-12-13 19:16:38","李乃金","否","http://dmtks.hisense.com/pages/viewpage.action?pageId=191269895"
"RUANJIANYANFA","电视产品软件所","167329402","174731329","综管部统计的相关信息","员工子女信息核对","2","9","电视产品软件所 Home / 综管部统计的相关信息 / 员工子女信息核对","数据与质量","2022-06-10 15:06:29","张晓军","否","http://dmtks.hisense.com/pages/viewpage.action?pageId=167329402"
"RUANJIANYANFA","电视产品软件所","286344682","174731329","综管部统计的相关信息","提报差旅平台航司白名单","2","10","电视产品软件所 Home / 综管部统计的相关信息 / 提报差旅平台航司白名单","数据与质量","2025-01-10 14:20:26","于清晓","否","http://dmtks.hisense.com/pages/viewpage.action?pageId=286344682"
"RUANJIANYANFA","电视产品软件所","174731402","174731329","综管部统计的相关信息","海信专属虚拟网","2","11","电视产品软件所 Home / 综管部统计的相关信息 / 海信专属虚拟网","数据与质量","2022-08-15 09:53:53","申静","否","http://dmtks.hisense.com/pages/viewpage.action?pageId=174731402"
"RUANJIANYANFA","电视产品软件所","248731384","174731329","综管部统计的相关信息","研发中心在用座机号统计2024.6.27","2","12","电视产品软件所 Home / 综管部统计的相关信息 / 研发中心在用座机号统计2024.6.27","数据与质量","2024-06-28 09:41:09","李乃金","否","http://dmtks.hisense.com/pages/viewpage.action?pageId=248731384"
"RUANJIANYANFA","电视产品软件所","194349332","174731329","综管部统计的相关信息","考勤信息反馈","2","13","电视产品软件所 Home / 综管部统计的相关信息 / 考勤信息反馈","数据与质量","2023-01-10 10:37:48","李雨欣","否","http://dmtks.hisense.com/pages/viewpage.action?pageId=194349332"
"RUANJIANYANFA","电视产品软件所","151635939","174731329","综管部统计的相关信息","车位信息统计","2","14","电视产品软件所 Home / 综管部统计的相关信息 / 车位信息统计","数据与质量","2022-01-21 17:55:23","周维栋","否","http://dmtks.hisense.com/pages/viewpage.action?pageId=151635939"
"RUANJIANYANFA","电视产品软件所","190359786","4489435","电视产品软件所 Home","春节福利发卡人员","1","32","电视产品软件所 Home / 春节福利发卡人员","其他","2022-12-07 16:46:20","张晓军","否","http://dmtks.hisense.com/pages/viewpage.action?pageId=190359786"
"RUANJIANYANFA","电视产品软件所","191276551","4489435","电视产品软件所 Home","需要试剂抗原信息统计","1","33","电视产品软件所 Home / 需要试剂抗原信息统计","数据与质量","2022-12-14 15:41:20","孙启凤","否","http://dmtks.hisense.com/pages/viewpage.action?pageId=191276551"
"RUANJIANYANFA","电视产品软件所","192155759","4489435","电视产品软件所 Home","安卓产品软件所-12.21-12.24","1","34","电视产品软件所 Home / 安卓产品软件所-12.21-12.24","其他","2022-12-29 15:00:42","张晓军","否","http://dmtks.hisense.com/pages/viewpage.action?pageId=192155759"
"RUANJIANYANFA","电视产品软件所","192807859","4489435","电视产品软件所 Home","安卓产品软件所-12.26-12.30","1","35","电视产品软件所 Home / 安卓产品软件所-12.26-12.30","其他","2023-01-03 09:30:28","张晓军","否","http://dmtks.hisense.com/pages/viewpage.action?pageId=192807859"
"RUANJIANYANFA","电视产品软件所","193495625","4489435","电视产品软件所 Home","安卓产品软件所-1.3-1.4","1","36","电视产品软件所 Home / 安卓产品软件所-1.3-1.4","其他","2023-01-03 16:14:36","张晓军","否","http://dmtks.hisense.com/pages/viewpage.action?pageId=193495625"
"RUANJIANYANFA","电视产品软件所","201041824","4489435","电视产品软件所 Home","AirPlay市场发现不了设备计划升级列表","1","37","电视产品软件所 Home / AirPlay市场发现不了设备计划升级列表","版本与计划","2023-03-02 11:33:43","张敬坤","否","http://dmtks.hisense.com/pages/viewpage.action?pageId=201041824"
"RUANJIANYANFA","电视产品软件所","214275781","4489435","电视产品软件所 Home","12、信息统计类","1","38","电视产品软件所 Home / 12、信息统计类","数据与质量","2023-05-16 14:46:21","于清晓","否","http://dmtks.hisense.com/pages/viewpage.action?pageId=214275781"
"RUANJIANYANFA","电视产品软件所","219972264","214275781","12、信息统计类","2023年C类查体信息确认","2","1","电视产品软件所 Home / 12、信息统计类 / 2023年C类查体信息确认","数据与质量","2023-08-21 11:25:34","张晓军","否","http://dmtks.hisense.com/pages/viewpage.action?pageId=219972264"
"RUANJIANYANFA","电视产品软件所","219559374","214275781","12、信息统计类","2023年中秋节发卡人员信息核对","2","2","电视产品软件所 Home / 12、信息统计类 / 2023年中秋节发卡人员信息核对","数据与质量","2023-08-15 15:38:51","未知用户 (zhouxiuxiu)","否","http://dmtks.hisense.com/pages/viewpage.action?pageId=219559374"
"RUANJIANYANFA","电视产品软件所","231848573","214275781","12、信息统计类","24.3.31健步行报名","2","3","电视产品软件所 Home / 12、信息统计类 / 24.3.31健步行报名","数据与质量","2024-03-25 13:34:40","张晓军","否","http://dmtks.hisense.com/pages/viewpage.action?pageId=231848573"
"RUANJIANYANFA","电视产品软件所","223796143","214275781","12、信息统计类","24年欧洲杯市场物资需求统计","2","4","电视产品软件所 Home / 12、信息统计类 / 24年欧洲杯市场物资需求统计","需求与功能","2023-11-06 17:53:51","张晓军","否","http://dmtks.hisense.com/pages/viewpage.action?pageId=223796143"
"RUANJIANYANFA","电视产品软件所","219974395","214275781","12、信息统计类","《迈瑞AED设备使用》培训时间确认","2","5","电视产品软件所 Home / 12、信息统计类 / 《迈瑞AED设备使用》培训时间确认","培训与知识","2023-08-21 15:50:19","张晓军","否","http://dmtks.hisense.com/pages/viewpage.action?pageId=219974395"
"RUANJIANYANFA","电视产品软件所","220334295","214275781","12、信息统计类","关于掌握急救方法的名单盘点","2","6","电视产品软件所 Home / 12、信息统计类 / 关于掌握急救方法的名单盘点","数据与质量","2023-09-01 16:54:56","张晓军","否","http://dmtks.hisense.com/pages/viewpage.action?pageId=220334295"
"RUANJIANYANFA","电视产品软件所","217338636","214275781","12、信息统计类","固定资产信息核对","2","7","电视产品软件所 Home / 12、信息统计类 / 固定资产信息核对","数据与质量","2023-07-12 18:29:11","白晓东","否","http://dmtks.hisense.com/pages/viewpage.action?pageId=217338636"
"RUANJIANYANFA","电视产品软件所","231855681","214275781","12、信息统计类","工间操报名-安卓产品软件所","2","8","电视产品软件所 Home / 12、信息统计类 / 工间操报名-安卓产品软件所","数据与质量","2024-03-26 16:21:42","张晓军","否","http://dmtks.hisense.com/pages/viewpage.action?pageId=231855681"
"RUANJIANYANFA","电视产品软件所","224248516","4489435","电视产品软件所 Home","99-新PLM系统运行操作方法及问题收集","1","39","电视产品软件所 Home / 99-新PLM系统运行操作方法及问题收集","问题与复盘","2023-11-14 16:52:40","崔文华","否","http://dmtks.hisense.com/pages/viewpage.action?pageId=224248516"
"RUANJIANYANFA","电视产品软件所","224248540","224248516","99-新PLM系统运行操作方法及问题收集","使用过程中问题收集","2","1","电视产品软件所 Home / 99-新PLM系统运行操作方法及问题收集 / 使用过程中问题收集","问题与复盘","2024-05-21 18:00:29","未知用户 (xieweibiao)","否","http://dmtks.hisense.com/pages/viewpage.action?pageId=224248540"
"RUANJIANYANFA","电视产品软件所","14813990","224248516","99-新PLM系统运行操作方法及问题收集","先进制造项目 新PLM使用培训文档","2","2","电视产品软件所 Home / 99-新PLM系统运行操作方法及问题收集 / 先进制造项目 新PLM使用培训文档","问题与复盘","2025-04-14 17:08:52","崔文华","否","http://dmtks.hisense.com/pages/viewpage.action?pageId=14813990"
"RUANJIANYANFA","电视产品软件所","227864969","224248516","99-新PLM系统运行操作方法及问题收集","新PLM转测申请单ProjectId错误机型排查","2","3","电视产品软件所 Home / 99-新PLM系统运行操作方法及问题收集 / 新PLM转测申请单ProjectId错误机型排查","问题与复盘","2024-01-08 21:04:50","祖荫鹏","否","http://dmtks.hisense.com/pages/viewpage.action?pageId=227864969"
"RUANJIANYANFA","电视产品软件所","286330888","4489435","电视产品软件所 Home","2025春节前需要软件下发的机型明细","1","40","电视产品软件所 Home / 2025春节前需要软件下发的机型明细","其他","2025-01-10 21:32:38","于宁","否","http://dmtks.hisense.com/pages/viewpage.action?pageId=286330888"
"dsxmxx","电视产品项目信息","4128807","","","内销电视产品项目信息","0","1","内销电视产品项目信息","项目管理","2021-06-02 22:58:00","刘金刚","是","http://dmtks.hisense.com/pages/viewpage.action?pageId=4128807"
"dsxmxx","电视产品项目信息","97196385","4128807","内销电视产品项目信息","0-供应商管理","1","1","内销电视产品项目信息 / 0-供应商管理","项目管理","2020-08-13 22:27:06","刘金刚","否","http://dmtks.hisense.com/pages/viewpage.action?pageId=97196385"
"dsxmxx","电视产品项目信息","104104504","97196385","0-供应商管理","00-供应商管理规范","2","1","内销电视产品项目信息 / 0-供应商管理 / 00-供应商管理规范","规范与流程","2020-10-19 11:25:31","刘金刚","否","http://dmtks.hisense.com/pages/viewpage.action?pageId=104104504"
"dsxmxx","电视产品项目信息","97196390","97196385","0-供应商管理","01-供应商管理约定","2","2","内销电视产品项目信息 / 0-供应商管理 / 01-供应商管理约定","项目管理","2020-08-13 22:27:57","刘金刚","否","http://dmtks.hisense.com/pages/viewpage.action?pageId=97196390"
"dsxmxx","电视产品项目信息","97196381","97196385","0-供应商管理","02-供应商需求规格化","2","3","内销电视产品项目信息 / 0-供应商管理 / 02-供应商需求规格化","需求与功能","2025-12-05 16:37:11","韩鹏飞","否","http://dmtks.hisense.com/pages/viewpage.action?pageId=97196381"
"dsxmxx","电视产品项目信息","110003036","97196385","0-供应商管理","03-供应商交流","2","4","内销电视产品项目信息 / 0-供应商管理 / 03-供应商交流","项目管理","2020-12-14 11:13:28","刘金刚","否","http://dmtks.hisense.com/pages/viewpage.action?pageId=110003036"
"dsxmxx","电视产品项目信息","126917293","97196385","0-供应商管理","Nova","2","5","内销电视产品项目信息 / 0-供应商管理 / Nova","项目管理","2021-06-02 23:12:27","刘金刚","否","http://dmtks.hisense.com/display/dsxmxx/Nova"
"dsxmxx","电视产品项目信息","223297258","97196385","0-供应商管理","内销产品性能指标方案商需求标准化","2","6","内销电视产品项目信息 / 0-供应商管理 / 内销产品性能指标方案商需求标准化","需求与功能","2024-01-31 16:26:34","祖荫鹏","否","http://dmtks.hisense.com/pages/viewpage.action?pageId=223297258"
"dsxmxx","电视产品项目信息","87169271","4128807","内销电视产品项目信息","项目里程碑节点度量数据","1","2","内销电视产品项目信息 / 项目里程碑节点度量数据","版本与计划","2022-04-18 22:29:33","于清晓","否","http://dmtks.hisense.com/pages/viewpage.action?pageId=87169271"
"dsxmxx","电视产品项目信息","47487113","4128807","内销电视产品项目信息","Amlogic方案项目信息","1","3","内销电视产品项目信息 / Amlogic方案项目信息","设计与架构","2019-03-01 14:30:32","唐高明","否","http://dmtks.hisense.com/pages/viewpage.action?pageId=47487113"
"dsxmxx","电视产品项目信息","326664982","47487113","Amlogic方案项目信息","A311D2-带屏音响","2","1","内销电视产品项目信息 / Amlogic方案项目信息 / A311D2-带屏音响","设计与架构","2025-09-28 11:04:15","李乃金","否","http://dmtks.hisense.com/pages/viewpage.action?pageId=326664982"
"dsxmxx","电视产品项目信息","216376843","47487113","Amlogic方案项目信息","A311D2-闺蜜机","2","2","内销电视产品项目信息 / Amlogic方案项目信息 / A311D2-闺蜜机","设计与架构","2025-09-08 14:56:45","李乃金","否","http://dmtks.hisense.com/pages/viewpage.action?pageId=216376843"
"dsxmxx","电视产品项目信息","47487119","47487113","Amlogic方案项目信息","Amlogic_E3D系列","2","3","内销电视产品项目信息 / Amlogic方案项目信息 / Amlogic_E3D系列","二维三维与图形模型","2019-03-01 14:31:45","唐高明","否","http://dmtks.hisense.com/pages/viewpage.action?pageId=47487119"
"dsxmxx","电视产品项目信息","106337867","47487113","Amlogic方案项目信息","D3G-PRO项目信息","2","4","内销电视产品项目信息 / Amlogic方案项目信息 / D3G-PRO项目信息","设计与架构","2020-11-26 15:22:48","丁国耀","否","http://dmtks.hisense.com/pages/viewpage.action?pageId=106337867"
"dsxmxx","电视产品项目信息","284072567","47487113","Amlogic方案项目信息","T950S方案项目信息","2","5","内销电视产品项目信息 / Amlogic方案项目信息 / T950S方案项目信息","设计与架构","2024-12-25 15:13:54","李春超","否","http://dmtks.hisense.com/pages/viewpage.action?pageId=284072567"
"dsxmxx","电视产品项目信息","277775808","47487113","Amlogic方案项目信息","T963-商显标牌","2","6","内销电视产品项目信息 / Amlogic方案项目信息 / T963-商显标牌","设计与架构","2025-01-23 18:02:51","杨会芹","否","http://dmtks.hisense.com/pages/viewpage.action?pageId=277775808"
"dsxmxx","电视产品项目信息","222318990","47487113","Amlogic方案项目信息","T963D4方案项目信息","2","7","内销电视产品项目信息 / Amlogic方案项目信息 / T963D4方案项目信息","二维三维与图形模型","2025-08-05 18:18:26","刘俊芹","否","http://dmtks.hisense.com/pages/viewpage.action?pageId=222318990"
"dsxmxx","电视产品项目信息","155688115","47487113","Amlogic方案项目信息","T963方案项目信息","2","8","内销电视产品项目信息 / Amlogic方案项目信息 / T963方案项目信息","设计与架构","2026-04-10 18:24:25","陈益军","否","http://dmtks.hisense.com/pages/viewpage.action?pageId=155688115"
"dsxmxx","电视产品项目信息","328526564","47487113","Amlogic方案项目信息","T966D5方案项目信息","2","9","内销电视产品项目信息 / Amlogic方案项目信息 / T966D5方案项目信息","设计与架构","2026-03-25 10:29:07","刘俊芹","否","http://dmtks.hisense.com/pages/viewpage.action?pageId=328526564"
"dsxmxx","电视产品项目信息","145065711","47487113","Amlogic方案项目信息","T982项目信息","2","10","内销电视产品项目信息 / Amlogic方案项目信息 / T982项目信息","设计与架构","2021-11-25 14:59:20","未知用户 (guoketao)","否","http://dmtks.hisense.com/pages/viewpage.action?pageId=145065711"
"dsxmxx","电视产品项目信息","36867685","4128807","内销电视产品项目信息","Hisi方案项目信息","1","4","内销电视产品项目信息 / Hisi方案项目信息","设计与架构","2018-11-08 11:47:58","王之奎","否","http://dmtks.hisense.com/pages/viewpage.action?pageId=36867685"
"dsxmxx","电视产品项目信息","61378857","36867685","Hisi方案项目信息","HISI351&560项目信息","2","1","内销电视产品项目信息 / Hisi方案项目信息 / HISI351&560项目信息","设计与架构","2021-08-02 10:41:36","李春超","否","http://dmtks.hisense.com/pages/viewpage.action?pageId=61378857"
"dsxmxx","电视产品项目信息","32476951","36867685","Hisi方案项目信息","Hisi810 项目信息","2","2","内销电视产品项目信息 / Hisi方案项目信息 / Hisi810 项目信息","设计与架构","2022-02-23 11:39:12","未知用户 (guoketao)","否","http://dmtks.hisense.com/pages/viewpage.action?pageId=32476951"
"dsxmxx","电视产品项目信息","16660312","36867685","Hisi方案项目信息","Hisi811 项目信息","2","3","内销电视产品项目信息 / Hisi方案项目信息 / Hisi811 项目信息","设计与架构","2022-02-23 11:39:48","未知用户 (guoketao)","否","http://dmtks.hisense.com/pages/viewpage.action?pageId=16660312"
"dsxmxx","电视产品项目信息","12976219","36867685","Hisi方案项目信息","HisiV600_H268U酒店机_项目信息","2","4","内销电视产品项目信息 / Hisi方案项目信息 / HisiV600_H268U酒店机_项目信息","设计与架构","2017-01-06 12:07:03","于洪","否","http://dmtks.hisense.com/pages/viewpage.action?pageId=12976219"
"dsxmxx","电视产品项目信息","4128805","36867685","Hisi方案项目信息","HISIV600_N3600U_项目信息共享","2","5","内销电视产品项目信息 / Hisi方案项目信息 / HISIV600_N3600U_项目信息共享","设计与架构","2017-03-16 10:59:27","李春超","否","http://dmtks.hisense.com/pages/viewpage.action?pageId=4128805"
"dsxmxx","电视产品项目信息","12978209","36867685","Hisi方案项目信息","HisiV600_松下机系列_项目信息","2","6","内销电视产品项目信息 / Hisi方案项目信息 / HisiV600_松下机系列_项目信息","设计与架构","2017-01-11 10:31:52","崔文华","否","http://dmtks.hisense.com/pages/viewpage.action?pageId=12978209"
"dsxmxx","电视产品项目信息","134686887","36867685","Hisi方案项目信息","HISIV620_TVOS2.0 核高基项目  ---55A66-X/75U79-X","2","7","内销电视产品项目信息 / Hisi方案项目信息 / HISIV620_TVOS2.0 核高基项目  ---55A66-X/75U79-X","设计与架构","2021-08-23 14:30:27","李春超","否","http://dmtks.hisense.com/pages/viewpage.action?pageId=134686887"
"dsxmxx","电视产品项目信息","14540603","36867685","Hisi方案项目信息","HISI_V551 项目信息共享","2","8","内销电视产品项目信息 / Hisi方案项目信息 / HISI_V551 项目信息共享","设计与架构","2020-01-10 16:17:48","张海霞/Sally Zhang","否","http://dmtks.hisense.com/pages/viewpage.action?pageId=14540603"
"dsxmxx","电视产品项目信息","15774047","36867685","Hisi方案项目信息","HISI_V551_Android7+VIDAA6 项目信息共享","2","9","内销电视产品项目信息 / Hisi方案项目信息 / HISI_V551_Android7+VIDAA6 项目信息共享","设计与架构","2021-03-29 18:54:31","李春超","否","http://dmtks.hisense.com/pages/viewpage.action?pageId=15774047"
"dsxmxx","电视产品项目信息","13719463","36867685","Hisi方案项目信息","HISI_V600_项目信息共享","2","10","内销电视产品项目信息 / Hisi方案项目信息 / HISI_V600_项目信息共享","设计与架构","2019-05-21 13:52:23","李春超","否","http://dmtks.hisense.com/pages/viewpage.action?pageId=13719463"
"dsxmxx","电视产品项目信息","4128804","36867685","Hisi方案项目信息","HISI_V620_项目信息共享","2","11","内销电视产品项目信息 / Hisi方案项目信息 / HISI_V620_项目信息共享","设计与架构","2017-11-08 19:49:18","李春超","否","http://dmtks.hisense.com/pages/viewpage.action?pageId=4128804"
"dsxmxx","电视产品项目信息","291484615","36867685","Hisi方案项目信息","Hisi_V670 项目信息","2","12","内销电视产品项目信息 / Hisi方案项目信息 / Hisi_V670 项目信息","设计与架构","2026-01-09 09:40:52","刘俊芹","否","http://dmtks.hisense.com/pages/viewpage.action?pageId=291484615"
"dsxmxx","电视产品项目信息","65178617","36867685","Hisi方案项目信息","分体旋转社交电视","2","13","内销电视产品项目信息 / Hisi方案项目信息 / 分体旋转社交电视","设计与架构","2019-10-10 11:16:34","李乃金","否","http://dmtks.hisense.com/pages/viewpage.action?pageId=65178617"
"dsxmxx","电视产品项目信息","36867678","36867685","Hisi方案项目信息","海思方案如何烧写boot","2","14","内销电视产品项目信息 / Hisi方案项目信息 / 海思方案如何烧写boot","设计与架构","2018-11-09 11:16:26","王之奎","否","http://dmtks.hisense.com/pages/viewpage.action?pageId=36867678"
"dsxmxx","电视产品项目信息","27920861","4128807","内销电视产品项目信息","MSD6A848","1","5","内销电视产品项目信息 / MSD6A848","项目管理","2019-10-26 16:40:25","祖荫鹏","否","http://dmtks.hisense.com/display/dsxmxx/MSD6A848"
"dsxmxx","电视产品项目信息","28543337","27920861","MSD6A848","01_硬件信息表_[A65E]","2","1","内销电视产品项目信息 / MSD6A848 / 01_硬件信息表_[A65E]","项目管理","2018-08-09 12:52:56","未知用户 (wuheng)","否","http://dmtks.hisense.com/pages/viewpage.action?pageId=28543337"
"dsxmxx","电视产品项目信息","28543331","27920861","MSD6A848","02_软件产品规格书_[A65E]","2","2","内销电视产品项目信息 / MSD6A848 / 02_软件产品规格书_[A65E]","项目管理","2018-08-09 12:54:51","未知用户 (wuheng)","否","http://dmtks.hisense.com/pages/viewpage.action?pageId=28543331"
"dsxmxx","电视产品项目信息","28543327","27920861","MSD6A848","03_项目进度计划_[A65E]","2","3","内销电视产品项目信息 / MSD6A848 / 03_项目进度计划_[A65E]","版本与计划","2018-08-09 13:09:09","未知用户 (wuheng)","否","http://dmtks.hisense.com/pages/viewpage.action?pageId=28543327"
"dsxmxx","电视产品项目信息","28543329","27920861","MSD6A848","04_项目资源计划_[A65E]","2","4","内销电视产品项目信息 / MSD6A848 / 04_项目资源计划_[A65E]","版本与计划","2018-08-09 12:51:50","未知用户 (wuheng)","否","http://dmtks.hisense.com/pages/viewpage.action?pageId=28543329"
"dsxmxx","电视产品项目信息","28543749","27920861","MSD6A848","05-会议纪要_[A65E]","2","5","内销电视产品项目信息 / MSD6A848 / 05-会议纪要_[A65E]","会议与协同","2018-08-22 18:23:04","未知用户 (wuheng)","否","http://dmtks.hisense.com/pages/viewpage.action?pageId=28543749"
"dsxmxx","电视产品项目信息","69509057","27920861","MSD6A848","06-机型汇总","2","6","内销电视产品项目信息 / MSD6A848 / 06-机型汇总","项目管理","2021-06-28 17:55:09","刘金刚","否","http://dmtks.hisense.com/pages/viewpage.action?pageId=69509057"
"dsxmxx","电视产品项目信息","4128801","4128807","内销电视产品项目信息","MST6i981C","1","6","内销电视产品项目信息 / MST6i981C","项目管理","2015-12-14 15:40:42","王之奎","否","http://dmtks.hisense.com/display/dsxmxx/MST6i981C"
"dsxmxx","电视产品项目信息","20809377","4128807","内销电视产品项目信息","Mstar 848开发信息分享","1","7","内销电视产品项目信息 / Mstar 848开发信息分享","项目管理","2018-08-17 10:55:40","刘清友","否","http://dmtks.hisense.com/pages/viewpage.action?pageId=20809377"
"dsxmxx","电视产品项目信息","38830862","4128807","内销电视产品项目信息","Mstar方案项目信息","1","8","内销电视产品项目信息 / Mstar方案项目信息","设计与架构","2021-06-29 11:08:20","未知用户 (guoketao)","否","http://dmtks.hisense.com/pages/viewpage.action?pageId=38830862"
"dsxmxx","电视产品项目信息","14721933","38830862","Mstar方案项目信息","628/918分支信息","2","1","内销电视产品项目信息 / Mstar方案项目信息 / 628/918分支信息","设计与架构","2017-05-25 16:55:29","刘清友","否","http://dmtks.hisense.com/pages/viewpage.action?pageId=14721933"
"dsxmxx","电视产品项目信息","20188553","38830862","Mstar方案项目信息","801 & 901","2","2","内销电视产品项目信息 / Mstar方案项目信息 / 801 & 901","设计与架构","2018-05-11 09:35:45","未知用户 (libaocheng)","否","http://dmtks.hisense.com/pages/viewpage.action?pageId=20188553"
"dsxmxx","电视产品项目信息","4128792","38830862","Mstar方案项目信息","838 开发信息分享","2","3","内销电视产品项目信息 / Mstar方案项目信息 / 838 开发信息分享","设计与架构","2020-09-23 10:35:22","未知用户 (zhangfei)","否","http://dmtks.hisense.com/pages/viewpage.action?pageId=4128792"
"dsxmxx","电视产品项目信息","15866259","38830862","Mstar方案项目信息","938 Android O 项目信息","2","4","内销电视产品项目信息 / Mstar方案项目信息 / 938 Android O 项目信息","设计与架构","2018-03-10 10:56:37","刘清友","否","http://dmtks.hisense.com/pages/viewpage.action?pageId=15866259"
"dsxmxx","电视产品项目信息","4128808","38830862","Mstar方案项目信息","938 开发信息分享","2","5","内销电视产品项目信息 / Mstar方案项目信息 / 938 开发信息分享","设计与架构","2018-08-07 13:57:05","未知用户 (wangjunsong)","否","http://dmtks.hisense.com/pages/viewpage.action?pageId=4128808"
"dsxmxx","电视产品项目信息","14838141","38830862","Mstar方案项目信息","MSD348/346项目信息","2","6","内销电视产品项目信息 / Mstar方案项目信息 / MSD348/346项目信息","设计与架构","2020-04-02 20:55:42","田德利","否","http://dmtks.hisense.com/pages/viewpage.action?pageId=14838141"
"dsxmxx","电视产品项目信息","4128793","38830862","Mstar方案项目信息","MSD648 项目说明","2","7","内销电视产品项目信息 / Mstar方案项目信息 / MSD648 项目说明","设计与架构","2022-05-23 17:20:18","未知用户 (liuxiaojie1)","否","http://dmtks.hisense.com/pages/viewpage.action?pageId=4128793"
"dsxmxx","电视产品项目信息","60067526","38830862","Mstar方案项目信息","MSD6A668项目信息","2","8","内销电视产品项目信息 / Mstar方案项目信息 / MSD6A668项目信息","设计与架构","2021-10-19 18:17:37","辛化东","否","http://dmtks.hisense.com/pages/viewpage.action?pageId=60067526"
"dsxmxx","电视产品项目信息","165746504","38830862","Mstar方案项目信息","MSD6I880项目信息","2","9","内销电视产品项目信息 / Mstar方案项目信息 / MSD6I880项目信息","设计与架构","2022-05-24 11:59:26","未知用户 (liuxiaojie1)","否","http://dmtks.hisense.com/pages/viewpage.action?pageId=165746504"
"dsxmxx","电视产品项目信息","4128779","38830862","Mstar方案项目信息","MSD828 Android L","2","10","内销电视产品项目信息 / Mstar方案项目信息 / MSD828 Android L","设计与架构","2022-02-23 11:38:13","未知用户 (guoketao)","否","http://dmtks.hisense.com/display/dsxmxx/MSD828+Android+L"
"dsxmxx","电视产品项目信息","80445721","38830862","Mstar方案项目信息","MSD848松下机项目信息","2","11","内销电视产品项目信息 / Mstar方案项目信息 / MSD848松下机项目信息","设计与架构","2021-04-13 11:15:39","辛化东","否","http://dmtks.hisense.com/pages/viewpage.action?pageId=80445721"
"dsxmxx","电视产品项目信息","129797107","38830862","Mstar方案项目信息","MST6180","2","12","内销电视产品项目信息 / Mstar方案项目信息 / MST6180","设计与架构","2022-02-23 11:36:58","未知用户 (guoketao)","否","http://dmtks.hisense.com/display/dsxmxx/MST6180"
"dsxmxx","电视产品项目信息","4128780","38830862","Mstar方案项目信息","mstar 628项目信息（512,1G，松下机）","2","13","内销电视产品项目信息 / Mstar方案项目信息 / mstar 628项目信息（512,1G，松下机）","设计与架构","2016-03-25 10:14:07","刘清友","否","http://dmtks.hisense.com/pages/viewpage.action?pageId=4128780"
"dsxmxx","电视产品项目信息","118949017","38830862","Mstar方案项目信息","MT9638 项目信息","2","14","内销电视产品项目信息 / Mstar方案项目信息 / MT9638 项目信息","设计与架构","2023-07-13 09:16:18","辛化东","否","http://dmtks.hisense.com/pages/viewpage.action?pageId=118949017"
"dsxmxx","电视产品项目信息","59447316","38830862","Mstar方案项目信息","plsease go to","2","15","内销电视产品项目信息 / Mstar方案项目信息 / plsease go to","设计与架构","2019-07-15 15:21:03","刘清友","否","http://dmtks.hisense.com/display/dsxmxx/plsease+go+to"
"dsxmxx","电视产品项目信息","36867695","4128807","内销电视产品项目信息","MTK方案项目信息","1","9","内销电视产品项目信息 / MTK方案项目信息","设计与架构","2019-11-12 21:31:32","田德利","否","http://dmtks.hisense.com/pages/viewpage.action?pageId=36867695"
"dsxmxx","电视产品项目信息","236741882","36867695","MTK方案项目信息","9655项目信息","2","1","内销电视产品项目信息 / MTK方案项目信息 / 9655项目信息","设计与架构","2025-01-24 15:06:05","于宁","否","http://dmtks.hisense.com/pages/viewpage.action?pageId=236741882"
"dsxmxx","电视产品项目信息","111446959","36867695","MTK方案项目信息","A6G压测方案及状态跟踪","2","2","内销电视产品项目信息 / MTK方案项目信息 / A6G压测方案及状态跟踪","设计与架构","2021-01-10 13:41:08","李幸惠.ex","否","http://dmtks.hisense.com/pages/viewpage.action?pageId=111446959"
"dsxmxx","电视产品项目信息","330904025","36867695","MTK方案项目信息","MT9616项目信息","2","3","内销电视产品项目信息 / MTK方案项目信息 / MT9616项目信息","设计与架构","2026-04-23 21:46:48","王郅铭","否","http://dmtks.hisense.com/pages/viewpage.action?pageId=330904025"
"dsxmxx","电视产品项目信息","168922932","36867695","MTK方案项目信息","MT9653项目信息","2","4","内销电视产品项目信息 / MTK方案项目信息 / MT9653项目信息","设计与架构","2025-05-24 09:04:43","田德利","否","http://dmtks.hisense.com/pages/viewpage.action?pageId=168922932"
"dsxmxx","电视产品项目信息","275202641","36867695","MTK方案项目信息","MT9679项目信息","2","5","内销电视产品项目信息 / MTK方案项目信息 / MT9679项目信息","设计与架构","2025-01-08 13:42:11","王敏","否","http://dmtks.hisense.com/pages/viewpage.action?pageId=275202641"
"dsxmxx","电视产品项目信息","4128790","36867695","MTK方案项目信息","MTK5507项目说明","2","6","内销电视产品项目信息 / MTK方案项目信息 / MTK5507项目说明","设计与架构","2018-10-26 11:29:15","于宁","否","http://dmtks.hisense.com/pages/viewpage.action?pageId=4128790"
"dsxmxx","电视产品项目信息","243895812","36867695","MTK方案项目信息","MTK8195项目信息","2","7","内销电视产品项目信息 / MTK方案项目信息 / MTK8195项目信息","设计与架构","2024-05-31 10:01:53","李乃金","否","http://dmtks.hisense.com/pages/viewpage.action?pageId=243895812"
"dsxmxx","电视产品项目信息","85367749","36867695","MTK方案项目信息","MTK9255(MSD368)项目信息","2","8","内销电视产品项目信息 / MTK方案项目信息 / MTK9255(MSD368)项目信息","设计与架构","2024-12-24 19:05:19","陈益军","否","http://dmtks.hisense.com/pages/viewpage.action?pageId=85367749"
"dsxmxx","电视产品项目信息","207396272","36867695","MTK方案项目信息","MTK9603项目信息","2","9","内销电视产品项目信息 / MTK方案项目信息 / MTK9603项目信息","设计与架构","2023-06-07 15:27:02","李春超","否","http://dmtks.hisense.com/pages/viewpage.action?pageId=207396272"
"dsxmxx","电视产品项目信息","55546242","36867695","MTK方案项目信息","MTK9632项目信息","2","10","内销电视产品项目信息 / MTK方案项目信息 / MTK9632项目信息","设计与架构","2020-11-24 10:22:01","孙文超.ex","否","http://dmtks.hisense.com/pages/viewpage.action?pageId=55546242"
"dsxmxx","电视产品项目信息","71405348","36867695","MTK方案项目信息","MTK9652项目信息","2","11","内销电视产品项目信息 / MTK方案项目信息 / MTK9652项目信息","设计与架构","2021-11-11 18:55:03","田德利","否","http://dmtks.hisense.com/pages/viewpage.action?pageId=71405348"
"dsxmxx","电视产品项目信息","229100151","36867695","MTK方案项目信息","MTK平台2024春节前对于方案商的要求","2","12","内销电视产品项目信息 / MTK方案项目信息 / MTK平台2024春节前对于方案商的要求","设计与架构","2024-01-31 19:27:14","祖荫鹏","否","http://dmtks.hisense.com/pages/viewpage.action?pageId=229100151"
"dsxmxx","电视产品项目信息","84650999","36867695","MTK方案项目信息","冰箱MTK8365项目说明","2","13","内销电视产品项目信息 / MTK方案项目信息 / 冰箱MTK8365项目说明","设计与架构","2024-09-02 13:41:37","张振宝","否","http://dmtks.hisense.com/pages/viewpage.action?pageId=84650999"
"dsxmxx","电视产品项目信息","285370632","36867695","MTK方案项目信息","软件设计SRS","2","14","内销电视产品项目信息 / MTK方案项目信息 / 软件设计SRS","设计与架构","2025-01-06 14:11:25","纪开虎","否","http://dmtks.hisense.com/pages/viewpage.action?pageId=285370632"
"dsxmxx","电视产品项目信息","17043601","4128807","内销电视产品项目信息","Novatek方案项目信息","1","10","内销电视产品项目信息 / Novatek方案项目信息","设计与架构","2022-12-07 14:47:30","唐高明","否","http://dmtks.hisense.com/pages/viewpage.action?pageId=17043601"
"dsxmxx","电视产品项目信息","101423783","17043601","Novatek方案项目信息","72691芯片项目集信息","2","1","内销电视产品项目信息 / Novatek方案项目信息 / 72691芯片项目集信息","设计与架构","2026-01-07 17:08:39","陈益军","否","http://dmtks.hisense.com/pages/viewpage.action?pageId=101423783"
"dsxmxx","电视产品项目信息","83986010","17043601","Novatek方案项目信息","Novatek72671D项目","2","2","内销电视产品项目信息 / Novatek方案项目信息 / Novatek72671D项目","设计与架构","2020-04-23 17:14:27","李乃金","否","http://dmtks.hisense.com/pages/viewpage.action?pageId=83986010"
"dsxmxx","电视产品项目信息","42665219","17043601","Novatek方案项目信息","Novatek72671项目","2","3","内销电视产品项目信息 / Novatek方案项目信息 / Novatek72671项目","设计与架构","2020-04-03 09:33:26","李乃金","否","http://dmtks.hisense.com/pages/viewpage.action?pageId=42665219"
"dsxmxx","电视产品项目信息","17043105","17043601","Novatek方案项目信息","Novatek72673项目","2","4","内销电视产品项目信息 / Novatek方案项目信息 / Novatek72673项目","设计与架构","2018-03-07 11:32:15","田德利","否","http://dmtks.hisense.com/pages/viewpage.action?pageId=17043105"
"dsxmxx","电视产品项目信息","75863600","17043601","Novatek方案项目信息","Novatek72685单板项目（U9F/U7G-MAX/85UX 8K）","2","5","内销电视产品项目信息 / Novatek方案项目信息 / Novatek72685单板项目（U9F/U7G-MAX/85UX 8K）","设计与架构","2024-05-15 09:42:02","李春超","否","http://dmtks.hisense.com/pages/viewpage.action?pageId=75863600"
"dsxmxx","电视产品项目信息","36247188","17043601","Novatek方案项目信息","Novatek72685项目（U9E 8K）","2","6","内销电视产品项目信息 / Novatek方案项目信息 / Novatek72685项目（U9E 8K）","设计与架构","2020-11-02 09:52:55","何营昊","否","http://dmtks.hisense.com/pages/viewpage.action?pageId=36247188"
"dsxmxx","电视产品项目信息","110695652","17043601","Novatek方案项目信息","Novatek72685项目（U9G-PRO ）","2","7","内销电视产品项目信息 / Novatek方案项目信息 / Novatek72685项目（U9G-PRO ）","设计与架构","2021-03-25 20:19:43","李春超","否","http://dmtks.hisense.com/pages/viewpage.action?pageId=110695652"
"dsxmxx","电视产品项目信息","116165885","17043601","Novatek方案项目信息","Novatek72695项目","2","8","内销电视产品项目信息 / Novatek方案项目信息 / Novatek72695项目","设计与架构","2021-09-14 14:48:09","未知用户 (wangbingqing)","否","http://dmtks.hisense.com/pages/viewpage.action?pageId=116165885"
"dsxmxx","电视产品项目信息","4128783","4128807","内销电视产品项目信息","OTA项目","1","11","内销电视产品项目信息 / OTA项目","项目管理","2016-09-13 15:36:24","王之奎","否","http://dmtks.hisense.com/pages/viewpage.action?pageId=4128783"
"dsxmxx","电视产品项目信息","16871680","4128783","OTA项目","938 艺术电视OTA","2","1","内销电视产品项目信息 / OTA项目 / 938 艺术电视OTA","项目管理","2018-02-13 14:29:38","未知用户 (liuxiaojie1)","否","http://dmtks.hisense.com/pages/viewpage.action?pageId=16871680"
"dsxmxx","电视产品项目信息","15883514","4128783","OTA项目","MSD838 vidaa (NU8800U/NU7700U)","2","2","内销电视产品项目信息 / OTA项目 / MSD838 vidaa (NU8800U/NU7700U)","项目管理","2017-12-09 18:28:51","未知用户 (liuxiaojie1)","否","http://dmtks.hisense.com/pages/viewpage.action?pageId=15883514"
"dsxmxx","电视产品项目信息","4128776","4128783","OTA项目","MTK5327 VIDAA（K680）","2","3","内销电视产品项目信息 / OTA项目 / MTK5327 VIDAA（K680）","项目管理","2016-07-01 16:10:35","王之奎","否","http://dmtks.hisense.com/pages/viewpage.action?pageId=4128776"
"dsxmxx","电视产品项目信息","4128771","4128783","OTA项目","MTK5327 VISION（XT900）","2","4","内销电视产品项目信息 / OTA项目 / MTK5327 VISION（XT900）","项目管理","2016-09-19 09:00:48","王之奎","否","http://dmtks.hisense.com/pages/viewpage.action?pageId=4128771"
"dsxmxx","电视产品项目信息","4128782","4128783","OTA项目","MTK5329 VIDAA（XT900/XT910/XT920）","2","5","内销电视产品项目信息 / OTA项目 / MTK5329 VIDAA（XT900/XT910/XT920）","项目管理","2016-07-01 15:40:10","王之奎","否","http://dmtks.hisense.com/pages/viewpage.action?pageId=4128782"
"dsxmxx","电视产品项目信息","4128778","4128783","OTA项目","MTK5505 VIDAA（K370/K600）","2","6","内销电视产品项目信息 / OTA项目 / MTK5505 VIDAA（K370/K600）","项目管理","2016-07-07 12:31:42","王之奎","否","http://dmtks.hisense.com/pages/viewpage.action?pageId=4128778"
"dsxmxx","电视产品项目信息","4128787","4128783","OTA项目","MTK5505 VISION（K280）","2","7","内销电视产品项目信息 / OTA项目 / MTK5505 VISION（K280）","项目管理","2016-07-01 16:36:35","王之奎","否","http://dmtks.hisense.com/pages/viewpage.action?pageId=4128787"
"dsxmxx","电视产品项目信息","4128785","4128783","OTA项目","MTK5505 VISION（K360）","2","8","内销电视产品项目信息 / OTA项目 / MTK5505 VISION（K360）","项目管理","2016-07-18 10:54:53","王之奎","否","http://dmtks.hisense.com/pages/viewpage.action?pageId=4128785"
"dsxmxx","电视产品项目信息","4128786","4128783","OTA项目","MTK5505 VISION（K610）","2","9","内销电视产品项目信息 / OTA项目 / MTK5505 VISION（K610）","项目管理","2016-07-01 16:33:43","王之奎","否","http://dmtks.hisense.com/pages/viewpage.action?pageId=4128786"
"dsxmxx","电视产品项目信息","4128775","4128783","OTA项目","MTK5505 VISION（L288）","2","10","内销电视产品项目信息 / OTA项目 / MTK5505 VISION（L288）","项目管理","2016-07-01 16:31:05","王之奎","否","http://dmtks.hisense.com/pages/viewpage.action?pageId=4128775"
"dsxmxx","电视产品项目信息","4128794","4128807","内销电视产品项目信息","PX510项目信息","1","12","内销电视产品项目信息 / PX510项目信息","项目管理","2017-12-11 15:57:03","未知用户 (wangshubin)","否","http://dmtks.hisense.com/pages/viewpage.action?pageId=4128794"
"dsxmxx","电视产品项目信息","4128795","4128794","PX510项目信息","股份OTT盒子产品","2","1","内销电视产品项目信息 / PX510项目信息 / 股份OTT盒子产品","项目管理","2016-11-18 15:05:01","未知用户 (zoubo)","否","http://dmtks.hisense.com/pages/viewpage.action?pageId=4128795"
"dsxmxx","电视产品项目信息","15867699","4128807","内销电视产品项目信息","PX530 Plus项目信息","1","13","内销电视产品项目信息 / PX530 Plus项目信息","项目管理","2017-10-30 15:22:13","未知用户 (wangshubin)","否","http://dmtks.hisense.com/pages/viewpage.action?pageId=15867699"
"dsxmxx","电视产品项目信息","16647073","15867699","PX530 Plus项目信息","AMLOGIC S905L 项目信息","2","1","内销电视产品项目信息 / PX530 Plus项目信息 / AMLOGIC S905L 项目信息","项目管理","2017-11-30 11:15:23","未知用户 (wangshubin)","否","http://dmtks.hisense.com/pages/viewpage.action?pageId=16647073"
"dsxmxx","电视产品项目信息","4128810","4128807","内销电视产品项目信息","PX560a","1","14","内销电视产品项目信息 / PX560a","项目管理","2016-03-23 10:41:01","未知用户 (zoubo)","否","http://dmtks.hisense.com/display/dsxmxx/PX560a"
"dsxmxx","电视产品项目信息","54857621","4128807","内销电视产品项目信息","SIT测试指标制定意见收集","1","15","内销电视产品项目信息 / SIT测试指标制定意见收集","测试与验证","2020-08-11 19:54:11","刘金刚","否","http://dmtks.hisense.com/pages/viewpage.action?pageId=54857621"
"dsxmxx","电视产品项目信息","94476558","4128807","内销电视产品项目信息","SQA工作过程","1","16","内销电视产品项目信息 / SQA工作过程","测试与验证","2022-05-07 17:53:52","未晓玲","否","http://dmtks.hisense.com/pages/viewpage.action?pageId=94476558"
"dsxmxx","电视产品项目信息","113482295","94476558","SQA工作过程","2020年SQA工作","2","1","内销电视产品项目信息 / SQA工作过程 / 2020年SQA工作","测试与验证","2021-01-21 16:08:36","未晓玲","否","http://dmtks.hisense.com/pages/viewpage.action?pageId=113482295"
"dsxmxx","电视产品项目信息","113482312","94476558","SQA工作过程","2021年SQA工作汇总","2","2","内销电视产品项目信息 / SQA工作过程 / 2021年SQA工作汇总","测试与验证","2021-01-21 16:12:36","未晓玲","否","http://dmtks.hisense.com/pages/viewpage.action?pageId=113482312"
"dsxmxx","电视产品项目信息","149995382","94476558","SQA工作过程","2022年SQA工作汇总","2","3","内销电视产品项目信息 / SQA工作过程 / 2022年SQA工作汇总","测试与验证","2022-01-08 14:02:59","未晓玲","否","http://dmtks.hisense.com/pages/viewpage.action?pageId=149995382"
"dsxmxx","电视产品项目信息","194362005","94476558","SQA工作过程","2023年SQA工作汇总","2","4","内销电视产品项目信息 / SQA工作过程 / 2023年SQA工作汇总","测试与验证","2023-01-12 16:18:14","未晓玲","否","http://dmtks.hisense.com/pages/viewpage.action?pageId=194362005"
"dsxmxx","电视产品项目信息","227854708","94476558","SQA工作过程","2024年SQA工作","2","5","内销电视产品项目信息 / SQA工作过程 / 2024年SQA工作","测试与验证","2024-01-05 16:24:14","未晓玲","否","http://dmtks.hisense.com/pages/viewpage.action?pageId=227854708"
"dsxmxx","电视产品项目信息","143434890","94476558","SQA工作过程","SQA持续推进改善","2","6","内销电视产品项目信息 / SQA工作过程 / SQA持续推进改善","测试与验证","2024-12-13 16:50:41","未晓玲","否","http://dmtks.hisense.com/pages/viewpage.action?pageId=143434890"
"dsxmxx","电视产品项目信息","202769745","94476558","SQA工作过程","开发过程以及参照模板（流程要求）","2","7","内销电视产品项目信息 / SQA工作过程 / 开发过程以及参照模板（流程要求）","测试与验证","2023-03-09 11:31:21","未晓玲","否","http://dmtks.hisense.com/pages/viewpage.action?pageId=202769745"
"dsxmxx","电视产品项目信息","97912245","94476558","SQA工作过程","过程问题待讨论的遗留项","2","8","内销电视产品项目信息 / SQA工作过程 / 过程问题待讨论的遗留项","测试与验证","2020-09-07 18:01:24","未晓玲","否","http://dmtks.hisense.com/pages/viewpage.action?pageId=97912245"
"dsxmxx","电视产品项目信息","14719811","4128807","内销电视产品项目信息","text","1","17","内销电视产品项目信息 / text","项目管理","2017-05-22 19:50:34","李春超","否","http://dmtks.hisense.com/display/dsxmxx/text"
"dsxmxx","电视产品项目信息","14825720","4128807","内销电视产品项目信息","TV VIDAA 设计基础库","1","18","内销电视产品项目信息 / TV VIDAA 设计基础库","设计与架构","2017-06-29 17:14:52","刘金刚","否","http://dmtks.hisense.com/pages/viewpage.action?pageId=14825720"
"dsxmxx","电视产品项目信息","18482264","4128807","内销电视产品项目信息","VIDAA 6 OTA项目","1","19","内销电视产品项目信息 / VIDAA 6 OTA项目","项目管理","2018-06-22 19:37:39","刘金刚","否","http://dmtks.hisense.com/pages/viewpage.action?pageId=18482264"
"dsxmxx","电视产品项目信息","24678749","18482264","VIDAA 6 OTA项目","HISI811方案OTA","2","1","内销电视产品项目信息 / VIDAA 6 OTA项目 / HISI811方案OTA","设计与架构","2018-07-05 14:08:50","未知用户 (wangshubin)","否","http://dmtks.hisense.com/pages/viewpage.action?pageId=24678749"
"dsxmxx","电视产品项目信息","18482297","18482264","VIDAA 6 OTA项目","HISIV551方案OTA","2","2","内销电视产品项目信息 / VIDAA 6 OTA项目 / HISIV551方案OTA","设计与架构","2018-07-12 14:51:07","李春超","否","http://dmtks.hisense.com/pages/viewpage.action?pageId=18482297"
"dsxmxx","电视产品项目信息","18482286","18482264","VIDAA 6 OTA项目","HISIV600方案OTA","2","3","内销电视产品项目信息 / VIDAA 6 OTA项目 / HISIV600方案OTA","设计与架构","2018-07-02 16:11:53","张洪明","否","http://dmtks.hisense.com/pages/viewpage.action?pageId=18482286"
"dsxmxx","电视产品项目信息","18482294","18482264","VIDAA 6 OTA项目","HISIV620方案OTA","2","4","内销电视产品项目信息 / VIDAA 6 OTA项目 / HISIV620方案OTA","设计与架构","2018-07-09 21:02:31","崔文华","否","http://dmtks.hisense.com/pages/viewpage.action?pageId=18482294"
"dsxmxx","电视产品项目信息","18482283","18482264","VIDAA 6 OTA项目","MSD6A348方案OTA","2","5","内销电视产品项目信息 / VIDAA 6 OTA项目 / MSD6A348方案OTA","设计与架构","2018-04-17 11:17:50","于清晓","否","http://dmtks.hisense.com/pages/viewpage.action?pageId=18482283"
"dsxmxx","电视产品项目信息","18482281","18482264","VIDAA 6 OTA项目","MSD6A648方案OTA","2","6","内销电视产品项目信息 / VIDAA 6 OTA项目 / MSD6A648方案OTA","设计与架构","2018-04-17 11:18:04","于清晓","否","http://dmtks.hisense.com/pages/viewpage.action?pageId=18482281"
"dsxmxx","电视产品项目信息","18482279","18482264","VIDAA 6 OTA项目","MSD6A828方案OTA","2","7","内销电视产品项目信息 / VIDAA 6 OTA项目 / MSD6A828方案OTA","设计与架构","2018-07-24 18:48:28","未知用户 (wuheng)","否","http://dmtks.hisense.com/pages/viewpage.action?pageId=18482279"
"dsxmxx","电视产品项目信息","18482268","18482264","VIDAA 6 OTA项目","MSD6A838方案OTA","2","8","内销电视产品项目信息 / VIDAA 6 OTA项目 / MSD6A838方案OTA","设计与架构","2018-07-06 21:45:15","未知用户 (liuxiaojie1)","否","http://dmtks.hisense.com/pages/viewpage.action?pageId=18482268"
"dsxmxx","电视产品项目信息","18482277","18482264","VIDAA 6 OTA项目","MSD6A938方案OTA","2","9","内销电视产品项目信息 / VIDAA 6 OTA项目 / MSD6A938方案OTA","设计与架构","2018-07-10 21:03:15","于清晓","否","http://dmtks.hisense.com/pages/viewpage.action?pageId=18482277"
"dsxmxx","电视产品项目信息","24679255","18482264","VIDAA 6 OTA项目","MSD6A938方案激光电视OTA升级项目","2","10","内销电视产品项目信息 / VIDAA 6 OTA项目 / MSD6A938方案激光电视OTA升级项目","设计与架构","2018-07-05 10:12:16","于宁","否","http://dmtks.hisense.com/pages/viewpage.action?pageId=24679255"
"dsxmxx","电视产品项目信息","24679268","18482264","VIDAA 6 OTA项目","MT5329升级融合APP方案的OTA升级项目","2","11","内销电视产品项目信息 / VIDAA 6 OTA项目 / MT5329升级融合APP方案的OTA升级项目","设计与架构","2018-08-16 13:30:35","于宁","否","http://dmtks.hisense.com/pages/viewpage.action?pageId=24679268"
"dsxmxx","电视产品项目信息","77730506","18482264","VIDAA 6 OTA项目","V4/V5 OTA到V6分支、结果排查","2","12","内销电视产品项目信息 / VIDAA 6 OTA项目 / V4/V5 OTA到V6分支、结果排查","项目管理","2020-02-12 15:40:44","未知用户 (liuxiaojie1)","否","http://dmtks.hisense.com/pages/viewpage.action?pageId=77730506"
"dsxmxx","电视产品项目信息","96506216","4128807","内销电视产品项目信息","产品数据统计","1","20","内销电视产品项目信息 / 产品数据统计","项目管理","2020-08-05 17:34:54","刘金刚","否","http://dmtks.hisense.com/pages/viewpage.action?pageId=96506216"
"dsxmxx","电视产品项目信息","96506220","96506216","产品数据统计","年中数据","2","1","内销电视产品项目信息 / 产品数据统计 / 年中数据","项目管理","2020-08-05 17:36:56","刘金刚","否","http://dmtks.hisense.com/pages/viewpage.action?pageId=96506220"
"dsxmxx","电视产品项目信息","96506224","96506216","产品数据统计","年终数据","2","2","内销电视产品项目信息 / 产品数据统计 / 年终数据","项目管理","2020-08-05 17:35:44","刘金刚","否","http://dmtks.hisense.com/pages/viewpage.action?pageId=96506224"
"dsxmxx","电视产品项目信息","31130603","4128807","内销电视产品项目信息","会议纪要","1","21","内销电视产品项目信息 / 会议纪要","会议与协同","2018-09-04 11:16:24","未知用户 (wuheng)","否","http://dmtks.hisense.com/pages/viewpage.action?pageId=31130603"
"dsxmxx","电视产品项目信息","48826194","4128807","内销电视产品项目信息","共用库统计","1","22","内销电视产品项目信息 / 共用库统计","项目管理","2019-03-12 12:14:52","李燕芬","否","http://dmtks.hisense.com/pages/viewpage.action?pageId=48826194"
"dsxmxx","电视产品项目信息","14818765","4128807","内销电视产品项目信息","内销TV软件分支信息库","1","23","内销电视产品项目信息 / 内销TV软件分支信息库","项目管理","2020-09-25 11:39:37","刘金刚","否","http://dmtks.hisense.com/pages/viewpage.action?pageId=14818765"
"dsxmxx","电视产品项目信息","14825357","14818765","内销TV软件分支信息库","内销TV软件-Mstar平台分支信息表-8","2","1","内销电视产品项目信息 / 内销TV软件分支信息库 / 内销TV软件-Mstar平台分支信息表-8","项目管理","2022-05-17 15:02:08","未知用户 (liuxiaojie1)","否","http://dmtks.hisense.com/pages/viewpage.action?pageId=14825357"
"dsxmxx","电视产品项目信息","14825361","14818765","内销TV软件分支信息库","内销TV软件-Hisi平台分支信息表-6","2","2","内销电视产品项目信息 / 内销TV软件分支信息库 / 内销TV软件-Hisi平台分支信息表-6","项目管理","2023-04-12 13:47:57","王泽纯","否","http://dmtks.hisense.com/pages/viewpage.action?pageId=14825361"
"dsxmxx","电视产品项目信息","14825365","14818765","内销TV软件分支信息库","内销TV软件-MTK平台分支信息表-","2","3","内销电视产品项目信息 / 内销TV软件分支信息库 / 内销TV软件-MTK平台分支信息表-","项目管理","2026-04-17 15:17:38","刘清友","否","http://dmtks.hisense.com/pages/viewpage.action?pageId=14825365"
"dsxmxx","电视产品项目信息","14825367","14818765","内销TV软件分支信息库","内销TV软件-RTK/医疗/盒子等平台分支信息表","2","4","内销电视产品项目信息 / 内销TV软件分支信息库 / 内销TV软件-RTK/医疗/盒子等平台分支信息表","项目管理","2018-09-20 14:34:43","于洪","否","http://dmtks.hisense.com/pages/viewpage.action?pageId=14825367"
"dsxmxx","电视产品项目信息","25987832","14818765","内销TV软件分支信息库","内销TV软件-NovaTek平台分支信息表-4","2","5","内销电视产品项目信息 / 内销TV软件分支信息库 / 内销TV软件-NovaTek平台分支信息表-4","项目管理","2024-10-08 16:57:54","刘清友","否","http://dmtks.hisense.com/pages/viewpage.action?pageId=25987832"
"dsxmxx","电视产品项目信息","104797375","14818765","内销TV软件分支信息库","蓝牙遥控器Sensor导致自动待机问题分支排查","2","6","内销电视产品项目信息 / 内销TV软件分支信息库 / 蓝牙遥控器Sensor导致自动待机问题分支排查","问题与复盘","2020-11-24 15:26:17","未知用户 (sunkaihong)","否","http://dmtks.hisense.com/pages/viewpage.action?pageId=104797375"
"dsxmxx","电视产品项目信息","106337849","14818765","内销TV软件分支信息库","内销盒子软件-AMLOGIC平台分支信息表","2","7","内销电视产品项目信息 / 内销TV软件分支信息库 / 内销盒子软件-AMLOGIC平台分支信息表","项目管理","2023-09-27 14:28:33","鲁好锦","否","http://dmtks.hisense.com/pages/viewpage.action?pageId=106337849"
"dsxmxx","电视产品项目信息","110695972","14818765","内销TV软件分支信息库","内销TV软件-RTK分支信息表-1","2","8","内销电视产品项目信息 / 内销TV软件分支信息库 / 内销TV软件-RTK分支信息表-1","项目管理","2021-07-21 21:16:13","刘金刚","否","http://dmtks.hisense.com/pages/viewpage.action?pageId=110695972"
"dsxmxx","电视产品项目信息","128358632","14818765","内销TV软件分支信息库","内销TV软件-Rockchip平台分支信息表-2","2","9","内销电视产品项目信息 / 内销TV软件分支信息库 / 内销TV软件-Rockchip平台分支信息表-2","项目管理","2022-03-31 09:56:17","未知用户 (liuxiaojie1)","否","http://dmtks.hisense.com/pages/viewpage.action?pageId=128358632"
"dsxmxx","电视产品项目信息","4128774","4128807","内销电视产品项目信息","内销TV软件方案商FAE信息库","1","24","内销电视产品项目信息 / 内销TV软件方案商FAE信息库","设计与架构","2018-05-16 14:39:48","刘金刚","否","http://dmtks.hisense.com/pages/viewpage.action?pageId=4128774"
"dsxmxx","电视产品项目信息","13714247","4128774","内销TV软件方案商FAE信息库","MStar FAE","2","1","内销电视产品项目信息 / 内销TV软件方案商FAE信息库 / MStar FAE","设计与架构","2017-08-10 12:32:55","刘金刚","否","http://dmtks.hisense.com/display/dsxmxx/MStar+FAE"
"dsxmxx","电视产品项目信息","15870313","4128774","内销TV软件方案商FAE信息库","Mstar方案周报","2","2","内销电视产品项目信息 / 内销TV软件方案商FAE信息库 / Mstar方案周报","设计与架构","2017-10-13 17:58:08","于清晓","否","http://dmtks.hisense.com/pages/viewpage.action?pageId=15870313"
"dsxmxx","电视产品项目信息","39390538","4128807","内销电视产品项目信息","内销产品CHIPID修改统计信息","1","25","内销电视产品项目信息 / 内销产品CHIPID修改统计信息","项目管理","2018-12-04 11:08:47","未知用户 (liuxiaojie1)","否","http://dmtks.hisense.com/pages/viewpage.action?pageId=39390538"
"dsxmxx","电视产品项目信息","14843760","4128807","内销电视产品项目信息","内销产品规划","1","26","内销电视产品项目信息 / 内销产品规划","项目管理","2017-07-22 14:40:43","刘金刚","否","http://dmtks.hisense.com/pages/viewpage.action?pageId=14843760"
"dsxmxx","电视产品项目信息","16861141","14843760","内销产品规划","18年新品牌照方汇总","2","1","内销电视产品项目信息 / 内销产品规划 / 18年新品牌照方汇总","项目管理","2018-01-25 19:27:25","刘金刚","否","http://dmtks.hisense.com/pages/viewpage.action?pageId=16861141"
"dsxmxx","电视产品项目信息","14843779","14843760","内销产品规划","2017内销产品命名规则","2","2","内销电视产品项目信息 / 内销产品规划 / 2017内销产品命名规则","项目管理","2017-07-22 14:48:17","刘金刚","否","http://dmtks.hisense.com/pages/viewpage.action?pageId=14843779"
"dsxmxx","电视产品项目信息","15875859","14843760","内销产品规划","FeatureCode信息汇总","2","3","内销电视产品项目信息 / 内销产品规划 / FeatureCode信息汇总","需求与功能","2018-04-02 10:11:33","于清晓","否","http://dmtks.hisense.com/pages/viewpage.action?pageId=15875859"
"dsxmxx","电视产品项目信息","144249724","14843760","内销产品规划","JUUI7.0 红黑主题适配","2","4","内销电视产品项目信息 / 内销产品规划 / JUUI7.0 红黑主题适配","项目管理","2021-12-01 09:47:13","李春超","否","http://dmtks.hisense.com/pages/viewpage.action?pageId=144249724"
"dsxmxx","电视产品项目信息","144251893","14843760","内销产品规划","NT72685 代替MT9652 U7G派生机","2","5","内销电视产品项目信息 / 内销产品规划 / NT72685 代替MT9652 U7G派生机","项目管理","2021-11-18 11:30:54","未知用户 (chenchunxiao)","否","http://dmtks.hisense.com/pages/viewpage.action?pageId=144251893"
"dsxmxx","电视产品项目信息","123247083","14843760","内销产品规划","新品开发过程梳理","2","6","内销电视产品项目信息 / 内销产品规划 / 新品开发过程梳理","项目管理","2021-05-12 10:10:06","李春超","否","http://dmtks.hisense.com/pages/viewpage.action?pageId=123247083"
"dsxmxx","电视产品项目信息","80452170","4128807","内销电视产品项目信息","内销产品论证项目信息","1","27","内销电视产品项目信息 / 内销产品论证项目信息","项目管理","2020-05-29 21:13:40","王之奎","否","http://dmtks.hisense.com/pages/viewpage.action?pageId=80452170"
"dsxmxx","电视产品项目信息","80452627","80452170","内销产品论证项目信息","TV内销软件可行性论证项目实时统计","2","1","内销电视产品项目信息 / 内销产品论证项目信息 / TV内销软件可行性论证项目实时统计","项目管理","2021-01-15 09:41:10","李春超","否","http://dmtks.hisense.com/pages/viewpage.action?pageId=80452627"
"dsxmxx","电视产品项目信息","80452193","80452170","内销产品论证项目信息","论证虚拟团队名单","2","2","内销电视产品项目信息 / 内销产品论证项目信息 / 论证虚拟团队名单","项目管理","2020-12-31 09:35:07","李春超","否","http://dmtks.hisense.com/pages/viewpage.action?pageId=80452193"
"dsxmxx","电视产品项目信息","80452271","80452170","内销产品论证项目信息","论证项目记录","2","3","内销电视产品项目信息 / 内销产品论证项目信息 / 论证项目记录","项目管理","2020-02-21 10:29:03","王之奎","否","http://dmtks.hisense.com/pages/viewpage.action?pageId=80452271"
"dsxmxx","电视产品项目信息","4128788","4128807","内销电视产品项目信息","内销电视代码分支信息-2016年优化升级OTA","1","28","内销电视产品项目信息 / 内销电视代码分支信息-2016年优化升级OTA","项目管理","2016-12-06 09:30:59","刘金刚","否","http://dmtks.hisense.com/pages/viewpage.action?pageId=4128788"
"dsxmxx","电视产品项目信息","61378596","4128807","内销电视产品项目信息","北京歌华大卡无法解密问题","1","29","内销电视产品项目信息 / 北京歌华大卡无法解密问题","问题与复盘","2019-07-25 12:15:08","于清晓","否","http://dmtks.hisense.com/pages/viewpage.action?pageId=61378596"
"dsxmxx","电视产品项目信息","61378605","61378596","北京歌华大卡无法解密问题","所有机型排查","2","1","内销电视产品项目信息 / 北京歌华大卡无法解密问题 / 所有机型排查","问题与复盘","2019-07-25 12:19:24","于清晓","否","http://dmtks.hisense.com/pages/viewpage.action?pageId=61378605"
"dsxmxx","电视产品项目信息","61378602","61378596","北京歌华大卡无法解密问题","首批紧急机型","2","2","内销电视产品项目信息 / 北京歌华大卡无法解密问题 / 首批紧急机型","问题与复盘","2019-07-25 12:15:56","于清晓","否","http://dmtks.hisense.com/pages/viewpage.action?pageId=61378602"
"dsxmxx","电视产品项目信息","4128772","4128807","内销电视产品项目信息","广电有线一体机项目群","1","30","内销电视产品项目信息 / 广电有线一体机项目群","项目管理","2016-07-11 17:31:39","未知用户 (zoubo)","否","http://dmtks.hisense.com/pages/viewpage.action?pageId=4128772"
"dsxmxx","电视产品项目信息","27920988","4128807","内销电视产品项目信息","广电项目信息","1","31","内销电视产品项目信息 / 广电项目信息","项目管理","2018-08-02 13:45:12","张海霞/Sally Zhang","否","http://dmtks.hisense.com/pages/viewpage.action?pageId=27920988"
"dsxmxx","电视产品项目信息","65178614","4128807","内销电视产品项目信息","文件列表","1","32","内销电视产品项目信息 / 文件列表","项目管理","2019-09-04 12:52:24","李乃金","否","http://dmtks.hisense.com/pages/viewpage.action?pageId=65178614"
"dsxmxx","电视产品项目信息","80449392","4128807","内销电视产品项目信息","更改公司名称集中输入项目","1","33","内销电视产品项目信息 / 更改公司名称集中输入项目","项目管理","2020-02-19 14:16:34","于清晓","否","http://dmtks.hisense.com/pages/viewpage.action?pageId=80449392"
"dsxmxx","电视产品项目信息","13700624","4128807","内销电视产品项目信息","核高基项目","1","34","内销电视产品项目信息 / 核高基项目","项目管理","2017-03-09 15:18:15","王之奎","否","http://dmtks.hisense.com/pages/viewpage.action?pageId=13700624"
"dsxmxx","电视产品项目信息","96508434","4128807","内销电视产品项目信息","版本打回考核说明整机意见","1","35","内销电视产品项目信息 / 版本打回考核说明整机意见","版本与计划","2020-08-11 09:17:24","庞秀娟","否","http://dmtks.hisense.com/pages/viewpage.action?pageId=96508434"
"dsxmxx","电视产品项目信息","41978293","4128807","内销电视产品项目信息","社交电视S7E项目信息","1","36","内销电视产品项目信息 / 社交电视S7E项目信息","项目管理","2020-02-26 16:04:34","王之奎","否","http://dmtks.hisense.com/pages/viewpage.action?pageId=41978293"
"dsxmxx","电视产品项目信息","41978299","41978293","社交电视S7E项目信息","一级/二级模块","2","1","内销电视产品项目信息 / 社交电视S7E项目信息 / 一级/二级模块","项目管理","2019-10-23 15:47:02","王之奎","否","http://dmtks.hisense.com/pages/viewpage.action?pageId=41978299"
"dsxmxx","电视产品项目信息","46794440","41978293","社交电视S7E项目信息","代码/编译/升级方法","2","2","内销电视产品项目信息 / 社交电视S7E项目信息 / 代码/编译/升级方法","项目管理","2019-10-23 14:28:47","王之奎","否","http://dmtks.hisense.com/pages/viewpage.action?pageId=46794440"
"dsxmxx","电视产品项目信息","47486377","41978293","社交电视S7E项目信息","双系统交互公共接口","2","3","内销电视产品项目信息 / 社交电视S7E项目信息 / 双系统交互公共接口","设计与架构","2020-03-17 13:50:58","付友苹","否","http://dmtks.hisense.com/pages/viewpage.action?pageId=47486377"
"dsxmxx","电视产品项目信息","50140949","41978293","社交电视S7E项目信息","双系统应用包名清单","2","4","内销电视产品项目信息 / 社交电视S7E项目信息 / 双系统应用包名清单","项目管理","2019-08-22 10:45:33","王光强","否","http://dmtks.hisense.com/pages/viewpage.action?pageId=50140949"
"dsxmxx","电视产品项目信息","42670138","41978293","社交电视S7E项目信息","对A311D的依赖","2","5","内销电视产品项目信息 / 社交电视S7E项目信息 / 对A311D的依赖","项目管理","2019-02-26 20:11:08","王之奎","否","http://dmtks.hisense.com/pages/viewpage.action?pageId=42670138"
"dsxmxx","电视产品项目信息","49515011","41978293","社交电视S7E项目信息","常见问题","2","6","内销电视产品项目信息 / 社交电视S7E项目信息 / 常见问题","问题与复盘","2019-04-14 20:35:47","贾亚洲","否","http://dmtks.hisense.com/pages/viewpage.action?pageId=49515011"
"dsxmxx","电视产品项目信息","54106711","41978293","社交电视S7E项目信息","稳定性压测","2","7","内销电视产品项目信息 / 社交电视S7E项目信息 / 稳定性压测","项目管理","2019-05-21 11:06:28","未知用户 (zhangmeng11)","否","http://dmtks.hisense.com/pages/viewpage.action?pageId=54106711"
"dsxmxx","电视产品项目信息","41978319","41978293","社交电视S7E项目信息","算法及应用引进","2","8","内销电视产品项目信息 / 社交电视S7E项目信息 / 算法及应用引进","项目管理","2019-05-13 11:13:26","杨鲁明","否","http://dmtks.hisense.com/pages/viewpage.action?pageId=41978319"
"dsxmxx","电视产品项目信息","41978295","41978293","社交电视S7E项目信息","软硬件架构","2","9","内销电视产品项目信息 / 社交电视S7E项目信息 / 软硬件架构","设计与架构","2020-01-13 11:43:53","王之奎","否","http://dmtks.hisense.com/pages/viewpage.action?pageId=41978295"
"dsxmxx","电视产品项目信息","52723742","41978293","社交电视S7E项目信息","过程跟踪","2","10","内销电视产品项目信息 / 社交电视S7E项目信息 / 过程跟踪","项目管理","2019-09-03 10:49:02","未知用户 (jiaqiyan)","否","http://dmtks.hisense.com/pages/viewpage.action?pageId=52723742"
"dsxmxx","电视产品项目信息","49515620","41978293","社交电视S7E项目信息","运营策略","2","11","内销电视产品项目信息 / 社交电视S7E项目信息 / 运营策略","项目管理","2020-03-12 12:59:49","王之奎","否","http://dmtks.hisense.com/pages/viewpage.action?pageId=49515620"
"dsxmxx","电视产品项目信息","43321375","41978293","社交电视S7E项目信息","项目里程碑节点","2","12","内销电视产品项目信息 / 社交电视S7E项目信息 / 项目里程碑节点","版本与计划","2019-01-31 09:41:40","王之奎","否","http://dmtks.hisense.com/pages/viewpage.action?pageId=43321375"
"dsxmxx","电视产品项目信息","84650137","4128807","内销电视产品项目信息","社交电视S7F二代项目","1","37","内销电视产品项目信息 / 社交电视S7F二代项目","项目管理","2020-04-27 23:56:25","王之奎","否","http://dmtks.hisense.com/pages/viewpage.action?pageId=84650137"
"dsxmxx","电视产品项目信息","84650184","84650137","社交电视S7F二代项目","01-功能模块及负责人","2","1","内销电视产品项目信息 / 社交电视S7F二代项目 / 01-功能模块及负责人","项目管理","2020-04-04 10:06:30","祖荫鹏","否","http://dmtks.hisense.com/pages/viewpage.action?pageId=84650184"
"dsxmxx","电视产品项目信息","84650186","84650137","社交电视S7F二代项目","02-项目计划","2","2","内销电视产品项目信息 / 社交电视S7F二代项目 / 02-项目计划","版本与计划","2020-04-03 09:42:19","王之奎","否","http://dmtks.hisense.com/pages/viewpage.action?pageId=84650186"
"dsxmxx","电视产品项目信息","91624626","84650137","社交电视S7F二代项目","03-机型信息","2","3","内销电视产品项目信息 / 社交电视S7F二代项目 / 03-机型信息","项目管理","2020-06-17 17:30:01","祖荫鹏","否","http://dmtks.hisense.com/pages/viewpage.action?pageId=91624626"
"dsxmxx","电视产品项目信息","80452847","4128807","内销电视产品项目信息","芯片平台属性统计与维护","1","38","内销电视产品项目信息 / 芯片平台属性统计与维护","项目管理","2020-02-21 17:46:18","田德利","否","http://dmtks.hisense.com/pages/viewpage.action?pageId=80452847"
"dsxmxx","电视产品项目信息","60068901","4128807","内销电视产品项目信息","蓝牙机型信息","1","39","内销电视产品项目信息 / 蓝牙机型信息","项目管理","2019-07-26 18:35:11","刘清友","否","http://dmtks.hisense.com/pages/viewpage.action?pageId=60068901"
"dsxmxx","电视产品项目信息","44042584","4128807","内销电视产品项目信息","设置23位机号显示不完整问题排查","1","40","内销电视产品项目信息 / 设置23位机号显示不完整问题排查","问题与复盘","2019-02-28 09:43:39","未知用户 (shengxiyu)","否","http://dmtks.hisense.com/pages/viewpage.action?pageId=44042584"
"DSWXXM","电视外销项目空间","22053496","","","电视外销项目空间 主页","0","1","电视外销项目空间 主页","项目管理","2024-08-14 15:28:13","冯美美","否","http://dmtks.hisense.com/pages/viewpage.action?pageId=22053496"
"DSWXXM","电视外销项目空间","65832373","22053496","电视外销项目空间 主页","0、外销改善工作","1","1","电视外销项目空间 主页 / 0、外销改善工作","项目管理","2020-04-26 19:59:37","宋茂松/Mason Song","否","http://dmtks.hisense.com/pages/viewpage.action?pageId=65832373"
"DSWXXM","电视外销项目空间","70783292","65832373","0、外销改善工作","ALM系统意见及建议收集","2","1","电视外销项目空间 主页 / 0、外销改善工作 / ALM系统意见及建议收集","项目管理","2019-11-23 15:38:35","张鹏","否","http://dmtks.hisense.com/pages/viewpage.action?pageId=70783292"
"DSWXXM","电视外销项目空间","74515696","65832373","0、外销改善工作","IPD","2","2","电视外销项目空间 主页 / 0、外销改善工作 / IPD","项目管理","2019-12-09 17:54:49","余春雨/Ethan Yu","否","http://dmtks.hisense.com/display/DSWXXM/IPD"
"DSWXXM","电视外销项目空间","123244184","65832373","0、外销改善工作","Reopen问题改善","2","3","电视外销项目空间 主页 / 0、外销改善工作 / Reopen问题改善","问题与复盘","2021-04-26 14:06:56","宋茂松/Mason Song","否","http://dmtks.hisense.com/pages/viewpage.action?pageId=123244184"
"DSWXXM","电视外销项目空间","181164676","65832373","0、外销改善工作","TVS流程改善/TVSプロセス改善","2","4","电视外销项目空间 主页 / 0、外销改善工作 / TVS流程改善/TVSプロセス改善","规范与流程","2022-10-22 12:48:04","王济洋","否","http://dmtks.hisense.com/pages/viewpage.action?pageId=181164676"
"DSWXXM","电视外销项目空间","87164659","65832373","0、外销改善工作","VOC调研2020","2","5","电视外销项目空间 主页 / 0、外销改善工作 / VOC调研2020","项目管理","2020-05-07 15:33:15","程霖/Clin Cheng","否","http://dmtks.hisense.com/pages/viewpage.action?pageId=87164659"
"DSWXXM","电视外销项目空间","207398774","65832373","0、外销改善工作","专题改善","2","6","电视外销项目空间 主页 / 0、外销改善工作 / 专题改善","项目管理","2023-04-06 09:42:13","陈文柱/Vanjoe Chen","否","http://dmtks.hisense.com/pages/viewpage.action?pageId=207398774"
"DSWXXM","电视外销项目空间","73339858","65832373","0、外销改善工作","外销电视产品质量诊断2019","2","7","电视外销项目空间 主页 / 0、外销改善工作 / 外销电视产品质量诊断2019","项目管理","2019-12-02 20:44:01","桑爱菊","否","http://dmtks.hisense.com/pages/viewpage.action?pageId=73339858"
"DSWXXM","电视外销项目空间","74521163","65832373","0、外销改善工作","外销软件模块建设","2","8","电视外销项目空间 主页 / 0、外销改善工作 / 外销软件模块建设","项目管理","2019-12-13 14:09:14","余春雨/Ethan Yu","否","http://dmtks.hisense.com/pages/viewpage.action?pageId=74521163"
"DSWXXM","电视外销项目空间","65832379","65832373","0、外销改善工作","改善措施","2","9","电视外销项目空间 主页 / 0、外销改善工作 / 改善措施","问题与复盘","2019-09-26 10:34:22","未知用户 (mazheng)","否","http://dmtks.hisense.com/pages/viewpage.action?pageId=65832379"
"DSWXXM","电视外销项目空间","65832376","65832373","0、外销改善工作","海外质量问题汇总","2","10","电视外销项目空间 主页 / 0、外销改善工作 / 海外质量问题汇总","问题与复盘","2023-08-29 10:03:53","高同庆/Hoveran Gao","否","http://dmtks.hisense.com/pages/viewpage.action?pageId=65832376"
"DSWXXM","电视外销项目空间","121185262","65832373","0、外销改善工作","编码规范-Java","2","11","电视外销项目空间 主页 / 0、外销改善工作 / 编码规范-Java","规范与流程","2021-05-01 11:51:06","宋虎","否","http://dmtks.hisense.com/pages/viewpage.action?pageId=121185262"
"DSWXXM","电视外销项目空间","103423391","65832373","0、外销改善工作","软硬结合相关分析和解决问题能力提升","2","12","电视外销项目空间 主页 / 0、外销改善工作 / 软硬结合相关分析和解决问题能力提升","问题与复盘","2020-10-17 16:27:14","宋茂松/Mason Song","否","http://dmtks.hisense.com/pages/viewpage.action?pageId=103423391"
"DSWXXM","电视外销项目空间","97193862","65832373","0、外销改善工作","需求管理改善课题","2","13","电视外销项目空间 主页 / 0、外销改善工作 / 需求管理改善课题","需求与功能","2020-08-12 15:13:06","宋茂松/Mason Song","否","http://dmtks.hisense.com/pages/viewpage.action?pageId=97193862"
"DSWXXM","电视外销项目空间","65832521","65832373","0、外销改善工作","项目管控","2","14","电视外销项目空间 主页 / 0、外销改善工作 / 项目管控","项目管理","2019-09-10 10:06:03","高同庆/Hoveran Gao","否","http://dmtks.hisense.com/pages/viewpage.action?pageId=65832521"
"DSWXXM","电视外销项目空间","108504876","65832373","0、外销改善工作","风险管控","2","15","电视外销项目空间 主页 / 0、外销改善工作 / 风险管控","项目管理","2020-12-15 14:19:41","高同庆/Hoveran Gao","否","http://dmtks.hisense.com/pages/viewpage.action?pageId=108504876"
"DSWXXM","电视外销项目空间","5832741","22053496","电视外销项目空间 主页","1、项目信息","1","2","电视外销项目空间 主页 / 1、项目信息","项目管理","2020-01-22 18:14:31","宋茂松/Mason Song","否","http://dmtks.hisense.com/pages/viewpage.action?pageId=5832741"
"DSWXXM","电视外销项目空间","23430190","5832741","1、项目信息","项目空间模板参考","2","1","电视外销项目空间 主页 / 1、项目信息 / 项目空间模板参考","规范与流程","2024-09-03 20:05:50","刘鹏/Roc Liu","否","http://dmtks.hisense.com/pages/viewpage.action?pageId=23430190"
"DSWXXM","电视外销项目空间","35620594","5832741","1、项目信息","机芯平台项目信息","2","2","电视外销项目空间 主页 / 1、项目信息 / 机芯平台项目信息","项目管理","2018-10-24 16:11:11","宋茂松/Mason Song","否","http://dmtks.hisense.com/pages/viewpage.action?pageId=35620594"
"DSWXXM","电视外销项目空间","35620597","5832741","1、项目信息","外销电视项目公共信息","2","3","电视外销项目空间 主页 / 1、项目信息 / 外销电视项目公共信息","项目管理","2018-10-24 16:08:39","宋茂松/Mason Song","否","http://dmtks.hisense.com/pages/viewpage.action?pageId=35620597"
"DSWXXM","电视外销项目空间","35620604","5832741","1、项目信息","外销电视专项项目信息","2","4","电视外销项目空间 主页 / 1、项目信息 / 外销电视专项项目信息","项目管理","2018-10-24 16:19:13","宋茂松/Mason Song","否","http://dmtks.hisense.com/pages/viewpage.action?pageId=35620604"
"DSWXXM","电视外销项目空间","61378775","5832741","1、项目信息","电视外销市场问题","2","5","电视外销项目空间 主页 / 1、项目信息 / 电视外销市场问题","问题与复盘","2021-11-01 20:18:41","陈为兰/Amber Chen","否","http://dmtks.hisense.com/pages/viewpage.action?pageId=61378775"
"DSWXXM","电视外销项目空间","70783582","5832741","1、项目信息","可行性论证记录","2","6","电视外销项目空间 主页 / 1、项目信息 / 可行性论证记录","项目管理","2019-12-06 17:11:12","宋茂松/Mason Song","否","http://dmtks.hisense.com/pages/viewpage.action?pageId=70783582"
"DSWXXM","电视外销项目空间","93786889","5832741","1、项目信息","项目对应人力投入分析","2","7","电视外销项目空间 主页 / 1、项目信息 / 项目对应人力投入分析","问题与复盘","2020-07-09 18:02:18","刘文晓","否","http://dmtks.hisense.com/pages/viewpage.action?pageId=93786889"
"DSWXXM","电视外销项目空间","180272675","5832741","1、项目信息","第三方应用集成项目信息","2","8","电视外销项目空间 主页 / 1、项目信息 / 第三方应用集成项目信息","设计与架构","2022-09-22 19:43:03","胡蕊/Teresa Hu","否","http://dmtks.hisense.com/pages/viewpage.action?pageId=180272675"
"DSWXXM","电视外销项目空间","181153374","5832741","1、项目信息","媒资集成项目","2","9","电视外销项目空间 主页 / 1、项目信息 / 媒资集成项目","设计与架构","2022-09-28 14:47:37","张楠/Nancy Zhang","否","http://dmtks.hisense.com/pages/viewpage.action?pageId=181153374"
"DSWXXM","电视外销项目空间","182064695","5832741","1、项目信息","VIDAA TV信息","2","10","电视外销项目空间 主页 / 1、项目信息 / VIDAA TV信息","项目管理","2022-11-09 17:15:59","曾韦华/Willa Zeng","否","http://dmtks.hisense.com/pages/viewpage.action?pageId=182064695"
"DSWXXM","电视外销项目空间","182664799","5832741","1、项目信息","Store app项目","2","11","电视外销项目空间 主页 / 1、项目信息 / Store app项目","项目管理","2022-10-13 14:36:45","张楠/Nancy Zhang","否","http://dmtks.hisense.com/pages/viewpage.action?pageId=182664799"
"DSWXXM","电视外销项目空间","182665022","5832741","1、项目信息","云端发布规划","2","12","电视外销项目空间 主页 / 1、项目信息 / 云端发布规划","项目管理","2025-04-30 09:35:17","张楠/Nancy Zhang","否","http://dmtks.hisense.com/pages/viewpage.action?pageId=182665022"
"DSWXXM","电视外销项目空间","187805230","5832741","1、项目信息","11月份OTA项目重要问题复盘","2","13","电视外销项目空间 主页 / 1、项目信息 / 11月份OTA项目重要问题复盘","问题与复盘","2022-11-25 20:44:41","未知用户 (liuke8)","否","http://dmtks.hisense.com/pages/viewpage.action?pageId=187805230"
"DSWXXM","电视外销项目空间","209109183","5832741","1、项目信息","项目文档管理","2","14","电视外销项目空间 主页 / 1、项目信息 / 项目文档管理","规范与流程","2023-04-24 09:04:15","武兵/Bill Wu","否","http://dmtks.hisense.com/pages/viewpage.action?pageId=209109183"
"DSWXXM","电视外销项目空间","219096354","5832741","1、项目信息","外销项目认证信息","2","15","电视外销项目空间 主页 / 1、项目信息 / 外销项目认证信息","培训与知识","2023-08-03 15:02:39","未知用户 (sunwenping)","否","http://dmtks.hisense.com/pages/viewpage.action?pageId=219096354"
"DSWXXM","电视外销项目空间","222813317","5832741","1、项目信息","云平台项目","2","16","电视外销项目空间 主页 / 1、项目信息 / 云平台项目","项目管理","2024-07-03 09:31:10","未知用户 (leijiang1)","否","http://dmtks.hisense.com/pages/viewpage.action?pageId=222813317"
"DSWXXM","电视外销项目空间","236743629","5832741","1、项目信息","WebApp管理","2","17","电视外销项目空间 主页 / 1、项目信息 / WebApp管理","项目管理","2024-05-08 10:05:12","张楠/Nancy Zhang","否","http://dmtks.hisense.com/pages/viewpage.action?pageId=236743629"
"DSWXXM","电视外销项目空间","308860130","5832741","1、项目信息","Entrust CA 证书","2","18","电视外销项目空间 主页 / 1、项目信息 / Entrust CA 证书","项目管理","2025-08-13 18:32:10","张楠/Nancy Zhang","否","http://dmtks.hisense.com/pages/viewpage.action?pageId=308860130"
"DSWXXM","电视外销项目空间","35620591","22053496","电视外销项目空间 主页","2、外销电视一级模块","1","3","电视外销项目空间 主页 / 2、外销电视一级模块","项目管理","2018-11-07 08:47:45","宋茂松/Mason Song","否","http://dmtks.hisense.com/pages/viewpage.action?pageId=35620591"
"DSWXXM","电视外销项目空间","34933219","35620591","2、外销电视一级模块","Android业务模块","2","1","电视外销项目空间 主页 / 2、外销电视一级模块 / Android业务模块","项目管理","2021-03-22 10:30:36","贾桂丽","否","http://dmtks.hisense.com/pages/viewpage.action?pageId=34933219"
"DSWXXM","电视外销项目空间","34246685","35620591","2、外销电视一级模块","VIDAA业务模块","2","2","电视外销项目空间 主页 / 2、外销电视一级模块 / VIDAA业务模块","项目管理","2026-03-12 09:24:52","张辉/Hui Zhang","否","http://dmtks.hisense.com/pages/viewpage.action?pageId=34246685"
"DSWXXM","电视外销项目空间","161520711","35620591","2、外销电视一级模块","VIDAA技术模块","2","3","电视外销项目空间 主页 / 2、外销电视一级模块 / VIDAA技术模块","项目管理","2026-02-06 16:16:10","赵永健/Merry Zhao","否","http://dmtks.hisense.com/pages/viewpage.action?pageId=161520711"
"DSWXXM","电视外销项目空间","219088556","35620591","2、外销电视一级模块","Vidaa测试模块负责人","2","4","电视外销项目空间 主页 / 2、外销电视一级模块 / Vidaa测试模块负责人","测试与验证","2026-02-04 08:59:44","代伟","否","http://dmtks.hisense.com/pages/viewpage.action?pageId=219088556"
"DSWXXM","电视外销项目空间","267147820","35620591","2、外销电视一级模块","VIDAA证书管理","2","5","电视外销项目空间 主页 / 2、外销电视一级模块 / VIDAA证书管理","项目管理","2025-08-06 13:46:28","未知用户 (huyan1)","否","http://dmtks.hisense.com/pages/viewpage.action?pageId=267147820"
"DSWXXM","电视外销项目空间","305506606","35620591","2、外销电视一级模块","外销Vidaa模块-测试分工","2","6","电视外销项目空间 主页 / 2、外销电视一级模块 / 外销Vidaa模块-测试分工","测试与验证","2025-05-22 14:44:18","桑爱菊","否","http://dmtks.hisense.com/pages/viewpage.action?pageId=305506606"
"DSWXXM","电视外销项目空间","35620976","22053496","电视外销项目空间 主页","3、海外VIDAA系统平台建设","1","4","电视外销项目空间 主页 / 3、海外VIDAA系统平台建设","项目管理","2021-10-21 16:42:36","姜慧/Jannah Jiang","否","http://dmtks.hisense.com/pages/viewpage.action?pageId=35620976"
"DSWXXM","电视外销项目空间","87857041","35620976","3、海外VIDAA系统平台建设","0 VIDAA技术","2","1","电视外销项目空间 主页 / 3、海外VIDAA系统平台建设 / 0 VIDAA技术","项目管理","2021-10-21 14:18:34","姜慧/Jannah Jiang","否","http://dmtks.hisense.com/pages/viewpage.action?pageId=87857041"
"DSWXXM","电视外销项目空间","141074400","35620976","3、海外VIDAA系统平台建设","1 VIDAA平台规划","2","2","电视外销项目空间 主页 / 3、海外VIDAA系统平台建设 / 1 VIDAA平台规划","项目管理","2021-12-15 09:18:21","高同庆/Hoveran Gao","否","http://dmtks.hisense.com/pages/viewpage.action?pageId=141074400"
"DSWXXM","电视外销项目空间","141074406","35620976","3、海外VIDAA系统平台建设","2 VIDAA平台开发","2","3","电视外销项目空间 主页 / 3、海外VIDAA系统平台建设 / 2 VIDAA平台开发","项目管理","2021-10-21 10:49:38","姜慧/Jannah Jiang","否","http://dmtks.hisense.com/pages/viewpage.action?pageId=141074406"
"DSWXXM","电视外销项目空间","141074408","35620976","3、海外VIDAA系统平台建设","3 VIDAA平台交付","2","4","电视外销项目空间 主页 / 3、海外VIDAA系统平台建设 / 3 VIDAA平台交付","项目管理","2021-10-21 17:09:39","姜慧/Jannah Jiang","否","http://dmtks.hisense.com/pages/viewpage.action?pageId=141074408"
"DSWXXM","电视外销项目空间","141074410","35620976","3、海外VIDAA系统平台建设","4 VIDAA平台维护","2","5","电视外销项目空间 主页 / 3、海外VIDAA系统平台建设 / 4 VIDAA平台维护","项目管理","2021-10-21 10:50:25","姜慧/Jannah Jiang","否","http://dmtks.hisense.com/pages/viewpage.action?pageId=141074410"
"DSWXXM","电视外销项目空间","141074810","35620976","3、海外VIDAA系统平台建设","5 VIDAA团队建设","2","6","电视外销项目空间 主页 / 3、海外VIDAA系统平台建设 / 5 VIDAA团队建设","项目管理","2021-10-21 12:28:32","姜慧/Jannah Jiang","否","http://dmtks.hisense.com/pages/viewpage.action?pageId=141074810"
"DSWXXM","电视外销项目空间","228352432","35620976","3、海外VIDAA系统平台建设","6 Mars主页","2","7","电视外销项目空间 主页 / 3、海外VIDAA系统平台建设 / 6 Mars主页","项目管理","2024-01-17 09:41:28","高同庆/Hoveran Gao","否","http://dmtks.hisense.com/pages/viewpage.action?pageId=228352432"
"DSWXXM","电视外销项目空间","301237557","35620976","3、海外VIDAA系统平台建设","VIDAA黑屏自动化","2","8","电视外销项目空间 主页 / 3、海外VIDAA系统平台建设 / VIDAA黑屏自动化","项目管理","2025-07-18 14:36:26","未知用户 (wangguilan1)","否","http://dmtks.hisense.com/pages/viewpage.action?pageId=301237557"
"DSWXXM","电视外销项目空间","162408523","35620976","3、海外VIDAA系统平台建设","系统架构","2","9","电视外销项目空间 主页 / 3、海外VIDAA系统平台建设 / 系统架构","设计与架构","2025-11-30 19:46:21","赵青风/Qiaofeng Zhao","否","http://dmtks.hisense.com/pages/viewpage.action?pageId=162408523"
"DSWXXM","电视外销项目空间","36245941","22053496","电视外销项目空间 主页","4、海外Android项目","1","5","电视外销项目空间 主页 / 4、海外Android项目","项目管理","2023-11-20 16:41:09","汪建华","否","http://dmtks.hisense.com/pages/viewpage.action?pageId=36245941"
"DSWXXM","电视外销项目空间","107778832","36245941","4、海外Android项目","0、Android软件平台","2","1","电视外销项目空间 主页 / 4、海外Android项目 / 0、Android软件平台","项目管理","2020-11-25 16:05:39","宋虎","否","http://dmtks.hisense.com/pages/viewpage.action?pageId=107778832"
"DSWXXM","电视外销项目空间","110697671","36245941","4、海外Android项目","10、安全与隐私管理","2","2","电视外销项目空间 主页 / 4、海外Android项目 / 10、安全与隐私管理","项目管理","2020-12-24 09:28:00","宋虎","否","http://dmtks.hisense.com/pages/viewpage.action?pageId=110697671"
"DSWXXM","电视外销项目空间","121179601","36245941","4、海外Android项目","11、GoogleTV","2","3","电视外销项目空间 主页 / 4、海外Android项目 / 11、GoogleTV","项目管理","2021-04-07 16:02:00","宋虎","否","http://dmtks.hisense.com/pages/viewpage.action?pageId=121179601"
"DSWXXM","电视外销项目空间","126227243","36245941","4、海外Android项目","12.EMMC写入优化","2","4","电视外销项目空间 主页 / 4、海外Android项目 / 12.EMMC写入优化","项目管理","2021-05-27 15:53:50","田鹏升","否","http://dmtks.hisense.com/pages/viewpage.action?pageId=126227243"
"DSWXXM","电视外销项目空间","173056362","36245941","4、海外Android项目","13.Android Bootcamp","2","5","电视外销项目空间 主页 / 4、海外Android项目 / 13.Android Bootcamp","项目管理","2022-12-12 13:46:07","王艳丽","否","http://dmtks.hisense.com/display/DSWXXM/13.Android+Bootcamp"
"DSWXXM","电视外销项目空间","205699522","36245941","4、海外Android项目","14.Android Apps","2","6","电视外销项目空间 主页 / 4、海外Android项目 / 14.Android Apps","项目管理","2023-03-31 10:30:04","孙蕾.ex","否","http://dmtks.hisense.com/display/DSWXXM/14.Android+Apps"
"DSWXXM","电视外销项目空间","238856260","36245941","4、海外Android项目","15. Google项目认证信息汇总","2","7","电视外销项目空间 主页 / 4、海外Android项目 / 15. Google项目认证信息汇总","培训与知识","2024-07-01 16:23:00","王艳丽","否","http://dmtks.hisense.com/pages/viewpage.action?pageId=238856260"
"DSWXXM","电视外销项目空间","65182949","36245941","4、海外Android项目","1、Android TV Road Map","2","8","电视外销项目空间 主页 / 4、海外Android项目 / 1、Android TV Road Map","项目管理","2020-06-19 12:03:04","未知用户 (wanghaibin1)","否","http://dmtks.hisense.com/pages/viewpage.action?pageId=65182949"
"DSWXXM","电视外销项目空间","67634087","36245941","4、海外Android项目","2、在研重点项目","2","9","电视外销项目空间 主页 / 4、海外Android项目 / 2、在研重点项目","项目管理","2019-09-29 20:18:18","刘鹏/Roc Liu","否","http://dmtks.hisense.com/pages/viewpage.action?pageId=67634087"
"DSWXXM","电视外销项目空间","67634112","36245941","4、海外Android项目","3、安卓项目集周例会","2","10","电视外销项目空间 主页 / 4、海外Android项目 / 3、安卓项目集周例会","会议与协同","2019-09-29 17:13:17","未知用户 (wanghaibin1)","否","http://dmtks.hisense.com/pages/viewpage.action?pageId=67634112"
"DSWXXM","电视外销项目空间","74521524","36245941","4、海外Android项目","4、日本TVS_Android项目","2","11","电视外销项目空间 主页 / 4、海外Android项目 / 4、日本TVS_Android项目","项目管理","2020-01-15 16:12:51","未知用户 (gaowenwen)","否","http://dmtks.hisense.com/pages/viewpage.action?pageId=74521524"
"DSWXXM","电视外销项目空间","83990631","36245941","4、海外Android项目","5、 Android CBB模块","2","12","电视外销项目空间 主页 / 4、海外Android项目 / 5、 Android CBB模块","项目管理","2020-03-25 18:44:11","宋虎","否","http://dmtks.hisense.com/pages/viewpage.action?pageId=83990631"
"DSWXXM","电视外销项目空间","83302139","36245941","4、海外Android项目","6、性能优化专区","2","13","电视外销项目空间 主页 / 4、海外Android项目 / 6、性能优化专区","项目管理","2020-03-18 19:41:45","宋虎","否","http://dmtks.hisense.com/pages/viewpage.action?pageId=83302139"
"DSWXXM","电视外销项目空间","100766727","36245941","4、海外Android项目","7、NPS质量改善课题","2","14","电视外销项目空间 主页 / 4、海外Android项目 / 7、NPS质量改善课题","问题与复盘","2020-09-24 15:20:38","宋虎","否","http://dmtks.hisense.com/pages/viewpage.action?pageId=100766727"
"DSWXXM","电视外销项目空间","231406854","36245941","4、海外Android项目","8、ATV&GTV项目SPL管控","2","15","电视外销项目空间 主页 / 4、海外Android项目 / 8、ATV&GTV项目SPL管控","项目管理","2024-04-15 15:57:36","王艳丽","否","http://dmtks.hisense.com/pages/viewpage.action?pageId=231406854"
"DSWXXM","电视外销项目空间","110691978","36245941","4、海外Android项目","9、Realtek Android R平台方案","2","16","电视外销项目空间 主页 / 4、海外Android项目 / 9、Realtek Android R平台方案","设计与架构","2020-12-21 17:07:43","宋虎","否","http://dmtks.hisense.com/pages/viewpage.action?pageId=110691978"
"DSWXXM","电视外销项目空间","164835226","36245941","4、海外Android项目","MT9618平台模块负责人","2","17","电视外销项目空间 主页 / 4、海外Android项目 / MT9618平台模块负责人","项目管理","2024-02-06 14:56:48","周颖昕","否","http://dmtks.hisense.com/pages/viewpage.action?pageId=164835226"
"DSWXXM","电视外销项目空间","48171251","22053496","电视外销项目空间 主页","5、海信外网专线信息","1","6","电视外销项目空间 主页 / 5、海信外网专线信息","项目管理","2019-11-27 18:33:02","张从鹏/Park Zhang","否","http://dmtks.hisense.com/pages/viewpage.action?pageId=48171251"
"DSWXXM","电视外销项目空间","62033567","22053496","电视外销项目空间 主页","6、外销电视DB平台对外接口设计","1","7","电视外销项目空间 主页 / 6、外销电视DB平台对外接口设计","设计与架构","2019-07-31 13:59:15","程霖/Clin Cheng","否","http://dmtks.hisense.com/pages/viewpage.action?pageId=62033567"
"DSWXXM","电视外销项目空间","62621043","62033567","6、外销电视DB平台对外接口设计","HUI API design(项目编号：329758)","2","1","电视外销项目空间 主页 / 6、外销电视DB平台对外接口设计 / HUI API design(项目编号：329758)","设计与架构","2019-12-17 09:49:56","程霖/Clin Cheng","否","http://dmtks.hisense.com/pages/viewpage.action?pageId=62621043"
"DSWXXM","电视外销项目空间","90937826","62033567","6、外销电视DB平台对外接口设计","HUI测试用例优化与完善(HUI Test Case Optimization & Improvement)","2","2","电视外销项目空间 主页 / 6、外销电视DB平台对外接口设计 / HUI测试用例优化与完善(HUI Test Case Optimization & Improvement)","设计与架构","2020-06-19 15:53:58","未知用户 (zuoshutao)","否","http://dmtks.hisense.com/pages/viewpage.action?pageId=90937826"
"DSWXXM","电视外销项目空间","70164388","62033567","6、外销电视DB平台对外接口设计","Js jsplugin API design","2","3","电视外销项目空间 主页 / 6、外销电视DB平台对外接口设计 / Js jsplugin API design","设计与架构","2019-11-01 19:09:19","未知用户 (zhangdushang)","否","http://dmtks.hisense.com/display/DSWXXM/Js+jsplugin+API+design"
"DSWXXM","电视外销项目空间","7340089","62033567","6、外销电视DB平台对外接口设计","ModelJS API design","2","4","电视外销项目空间 主页 / 6、外销电视DB平台对外接口设计 / ModelJS API design","设计与架构","2025-05-26 16:53:35","聂继生/Kerwin Nie","否","http://dmtks.hisense.com/display/DSWXXM/ModelJS+API+design"
"DSWXXM","电视外销项目空间","94476607","62033567","6、外销电视DB平台对外接口设计","中间件自动化测试","2","5","电视外销项目空间 主页 / 6、外销电视DB平台对外接口设计 / 中间件自动化测试","设计与架构","2020-09-24 12:08:23","未知用户 (zhangweili1)","否","http://dmtks.hisense.com/pages/viewpage.action?pageId=94476607"
"DSWXXM","电视外销项目空间","67634900","22053496","电视外销项目空间 主页","7、外销工作手册","1","8","电视外销项目空间 主页 / 7、外销工作手册","规范与流程","2019-09-30 12:02:03","高同庆/Hoveran Gao","否","http://dmtks.hisense.com/pages/viewpage.action?pageId=67634900"
"DSWXXM","电视外销项目空间","68295207","67634900","7、外销工作手册","0.外销电视业务清单","2","1","电视外销项目空间 主页 / 7、外销工作手册 / 0.外销电视业务清单","规范与流程","2019-12-07 11:54:19","余春雨/Ethan Yu","否","http://dmtks.hisense.com/pages/viewpage.action?pageId=68295207"
"DSWXXM","电视外销项目空间","67634914","67634900","7、外销工作手册","1.外销电视软件主设计工作规范","2","2","电视外销项目空间 主页 / 7、外销工作手册 / 1.外销电视软件主设计工作规范","设计与架构","2019-12-07 11:54:32","余春雨/Ethan Yu","否","http://dmtks.hisense.com/pages/viewpage.action?pageId=67634914"
"DSWXXM","电视外销项目空间","62626367","67634900","7、外销工作手册","2.外销电视软件开发规范","2","3","电视外销项目空间 主页 / 7、外销工作手册 / 2.外销电视软件开发规范","规范与流程","2019-12-07 11:54:44","余春雨/Ethan Yu","否","http://dmtks.hisense.com/pages/viewpage.action?pageId=62626367"
"DSWXXM","电视外销项目空间","73900959","67634900","7、外销工作手册","3.外销电视软件开发自测规范","2","4","电视外销项目空间 主页 / 7、外销工作手册 / 3.外销电视软件开发自测规范","规范与流程","2023-02-22 09:48:11","李双增/S.Z. Li","否","http://dmtks.hisense.com/pages/viewpage.action?pageId=73900959"
"DSWXXM","电视外销项目空间","95158914","67634900","7、外销工作手册","4.外销电视软件patch规范","2","5","电视外销项目空间 主页 / 7、外销工作手册 / 4.外销电视软件patch规范","规范与流程","2020-07-20 11:52:24","刘义峰/Yif Liu","否","http://dmtks.hisense.com/pages/viewpage.action?pageId=95158914"
"DSWXXM","电视外销项目空间","67634916","67634900","7、外销工作手册","5.外销软件LIT工作规范","2","6","电视外销项目空间 主页 / 7、外销工作手册 / 5.外销软件LIT工作规范","规范与流程","2020-11-27 14:49:14","魏强/Grand Wei","否","http://dmtks.hisense.com/pages/viewpage.action?pageId=67634916"
"DSWXXM","电视外销项目空间","104104342","67634900","7、外销工作手册","6.外销电视VIDAA平台设计雷区","2","7","电视外销项目空间 主页 / 7、外销工作手册 / 6.外销电视VIDAA平台设计雷区","设计与架构","2020-10-20 10:26:29","刘义峰/Yif Liu","否","http://dmtks.hisense.com/pages/viewpage.action?pageId=104104342"
"DSWXXM","电视外销项目空间","65834418","22053496","电视外销项目空间 主页","8、部门培训","1","9","电视外销项目空间 主页 / 8、部门培训","培训与知识","2019-09-30 13:21:36","高同庆/Hoveran Gao","否","http://dmtks.hisense.com/pages/viewpage.action?pageId=65834418"
"DSWXXM","电视外销项目空间","75861723","65834418","8、部门培训","任职资格考试题库","2","1","电视外销项目空间 主页 / 8、部门培训 / 任职资格考试题库","培训与知识","2019-12-25 09:20:23","高同庆/Hoveran Gao","否","http://dmtks.hisense.com/pages/viewpage.action?pageId=75861723"
"DSWXXM","电视外销项目空间","67076981","65834418","8、部门培训","培训材料库","2","2","电视外销项目空间 主页 / 8、部门培训 / 培训材料库","培训与知识","2019-10-11 15:20:48","余春雨/Ethan Yu","否","http://dmtks.hisense.com/pages/viewpage.action?pageId=67076981"
"DSWXXM","电视外销项目空间","67076978","65834418","8、部门培训","培训计划","2","3","电视外销项目空间 主页 / 8、部门培训 / 培训计划","版本与计划","2019-10-11 13:20:24","高同庆/Hoveran Gao","否","http://dmtks.hisense.com/pages/viewpage.action?pageId=67076978"
"DSWXXM","电视外销项目空间","67076973","65834418","8、部门培训","培训记录","2","4","电视外销项目空间 主页 / 8、部门培训 / 培训记录","培训与知识","2021-11-22 10:21:00","王润飞/Runfei Wang","否","http://dmtks.hisense.com/pages/viewpage.action?pageId=67076973"
"DSWXXM","电视外销项目空间","67083022","22053496","电视外销项目空间 主页","9、质量记录","1","10","电视外销项目空间 主页 / 9、质量记录","项目管理","2019-09-30 12:02:52","高同庆/Hoveran Gao","否","http://dmtks.hisense.com/pages/viewpage.action?pageId=67083022"
"DSWXXM","电视外销项目空间","74515923","67083022","9、质量记录","1. 应市项目管理规范性报告","2","1","电视外销项目空间 主页 / 9、质量记录 / 1. 应市项目管理规范性报告","规范与流程","2019-12-30 14:20:35","未知用户 (lvyuting)","否","http://dmtks.hisense.com/pages/viewpage.action?pageId=74515923"
"DSWXXM","电视外销项目空间","74515927","67083022","9、质量记录","2. LIT指标压测规范性检查","2","2","电视外销项目空间 主页 / 9、质量记录 / 2. LIT指标压测规范性检查","规范与流程","2020-01-10 10:42:42","张继栋","否","http://dmtks.hisense.com/pages/viewpage.action?pageId=74515927"
"DSWXXM","电视外销项目空间","67083071","67083022","9、质量记录","Android设计文档评审记录","2","3","电视外销项目空间 主页 / 9、质量记录 / Android设计文档评审记录","设计与架构","2019-12-17 21:09:54","未知用户 (mazheng)","否","http://dmtks.hisense.com/pages/viewpage.action?pageId=67083071"
"DSWXXM","电视外销项目空间","236488140","67083022","9、质量记录","DLNA","2","4","电视外销项目空间 主页 / 9、质量记录 / DLNA","项目管理","2024-05-30 15:40:38","刘美玉","否","http://dmtks.hisense.com/display/DSWXXM/DLNA"
"DSWXXM","电视外销项目空间","67634960","67083022","9、质量记录","LIT测试计划/用例评审记录","2","5","电视外销项目空间 主页 / 9、质量记录 / LIT测试计划/用例评审记录","测试与验证","2019-10-23 15:46:33","邢振波","否","http://dmtks.hisense.com/pages/viewpage.action?pageId=67634960"
"DSWXXM","电视外销项目空间","92938640","67083022","9、质量记录","OTA版本发布记录","2","6","电视外销项目空间 主页 / 9、质量记录 / OTA版本发布记录","版本与计划","2020-07-01 20:05:52","孙华林/Harlin Sun","否","http://dmtks.hisense.com/pages/viewpage.action?pageId=92938640"
"DSWXXM","电视外销项目空间","67083068","67083022","9、质量记录","VIDAA设计文档评审记录","2","7","电视外销项目空间 主页 / 9、质量记录 / VIDAA设计文档评审记录","设计与架构","2019-09-27 15:32:59","高同庆/Hoveran Gao","否","http://dmtks.hisense.com/pages/viewpage.action?pageId=67083068"
"DSWXXM","电视外销项目空间","179416802","67083022","9、质量记录","VIDAA项目指标记录","2","8","电视外销项目空间 主页 / 9、质量记录 / VIDAA项目指标记录","项目管理","2022-09-15 16:05:47","宋茂松/Mason Song","否","http://dmtks.hisense.com/pages/viewpage.action?pageId=179416802"
"DSWXXM","电视外销项目空间","67083074","67083022","9、质量记录","产品系统设计文档评审记录","2","9","电视外销项目空间 主页 / 9、质量记录 / 产品系统设计文档评审记录","设计与架构","2019-12-13 19:47:53","宋茂松/Mason Song","否","http://dmtks.hisense.com/pages/viewpage.action?pageId=67083074"
"DSWXXM","电视外销项目空间","68847357","67083022","9、质量记录","影响软件封板质量问题记录","2","10","电视外销项目空间 主页 / 9、质量记录 / 影响软件封板质量问题记录","问题与复盘","2020-06-17 11:18:20","王济洋","否","http://dmtks.hisense.com/pages/viewpage.action?pageId=68847357"
"DSWXXM","电视外销项目空间","79794423","22053496","电视外销项目空间 主页","10. 防疫工作","1","11","电视外销项目空间 主页 / 10. 防疫工作","项目管理","2020-07-02 13:49:38","未知用户 (liupeng30)","否","http://dmtks.hisense.com/pages/viewpage.action?pageId=79794423"
"DSWXXM","电视外销项目空间","79794496","79794423","10. 防疫工作","每日点检","2","1","电视外销项目空间 主页 / 10. 防疫工作 / 每日点检","项目管理","2020-02-12 19:16:16","宋虎","否","http://dmtks.hisense.com/pages/viewpage.action?pageId=79794496"
"DSWXXM","电视外销项目空间","91621964","22053496","电视外销项目空间 主页","11、海外电视软件管理周例会","1","12","电视外销项目空间 主页 / 11、海外电视软件管理周例会","会议与协同","2020-06-22 11:29:29","张继栋","否","http://dmtks.hisense.com/pages/viewpage.action?pageId=91621964"
"DSWXXM","电视外销项目空间","112138769","91621964","11、海外电视软件管理周例会","2020年","2","1","电视外销项目空间 主页 / 11、海外电视软件管理周例会 / 2020年","会议与协同","2021-01-07 14:40:28","王济洋","否","http://dmtks.hisense.com/pages/viewpage.action?pageId=112138769"
"DSWXXM","电视外销项目空间","112138780","91621964","11、海外电视软件管理周例会","2021年","2","2","电视外销项目空间 主页 / 11、海外电视软件管理周例会 / 2021年","会议与协同","2021-01-07 14:42:58","王济洋","否","http://dmtks.hisense.com/pages/viewpage.action?pageId=112138780"
"DSWXXM","电视外销项目空间","293177273","91621964","11、海外电视软件管理周例会","9602/6886/6586主板收集信息登记","2","3","电视外销项目空间 主页 / 11、海外电视软件管理周例会 / 9602/6886/6586主板收集信息登记","会议与协同","2025-03-05 11:16:21","未知用户 (wangguilan1)","否","http://dmtks.hisense.com/pages/viewpage.action?pageId=293177273"
"DSWXXM","电视外销项目空间","161218725","91621964","11、海外电视软件管理周例会","VIDAA项目管理例会","2","4","电视外销项目空间 主页 / 11、海外电视软件管理周例会 / VIDAA项目管理例会","会议与协同","2022-12-08 11:26:01","宋茂松/Mason Song","否","http://dmtks.hisense.com/pages/viewpage.action?pageId=161218725"
"DSWXXM","电视外销项目空间","91621955","22053496","电视外销项目空间 主页","12、Others","1","13","电视外销项目空间 主页 / 12、Others","项目管理","2020-06-16 10:30:46","张继栋","否","http://dmtks.hisense.com/pages/viewpage.action?pageId=91621955"
"DSWXXM","电视外销项目空间","110004740","91621955","12、Others","2020-12Hisense&Mediatek 软件技术交流议题搜集","2","1","电视外销项目空间 主页 / 12、Others / 2020-12Hisense&Mediatek 软件技术交流议题搜集","项目管理","2020-12-16 11:33:21","宋茂松/Mason Song","否","http://dmtks.hisense.com/pages/viewpage.action?pageId=110004740"
"DSWXXM","电视外销项目空间","103422771","91621955","12、Others","2020传媒高企支撑材料","2","2","电视外销项目空间 主页 / 12、Others / 2020传媒高企支撑材料","项目管理","2021-11-22 15:44:37","宋虎","否","http://dmtks.hisense.com/pages/viewpage.action?pageId=103422771"
"DSWXXM","电视外销项目空间","99327402","91621955","12、Others","2020实习新员工申请提前返岗信息汇总","2","3","电视外销项目空间 主页 / 12、Others / 2020实习新员工申请提前返岗信息汇总","项目管理","2020-09-07 20:10:01","刘文晓","否","http://dmtks.hisense.com/pages/viewpage.action?pageId=99327402"
"DSWXXM","电视外销项目空间","95162006","91621955","12、Others","2020年7月份云桌面空间扩容申请","2","4","电视外销项目空间 主页 / 12、Others / 2020年7月份云桌面空间扩容申请","项目管理","2020-07-24 17:06:05","张继栋","否","http://dmtks.hisense.com/pages/viewpage.action?pageId=95162006"
"DSWXXM","电视外销项目空间","101417541","91621955","12、Others","2020年国庆假期人员动向统计","2","5","电视外销项目空间 主页 / 12、Others / 2020年国庆假期人员动向统计","项目管理","2020-09-23 19:08:10","宋虎","否","http://dmtks.hisense.com/pages/viewpage.action?pageId=101417541"
"DSWXXM","电视外销项目空间","145065737","91621955","12、Others","2021传媒高企软著申报","2","6","电视外销项目空间 主页 / 12、Others / 2021传媒高企软著申报","项目管理","2021-12-03 10:52:32","汪静娴","否","http://dmtks.hisense.com/pages/viewpage.action?pageId=145065737"
"DSWXXM","电视外销项目空间","103416921","91621955","12、Others","2021费用预估","2","7","电视外销项目空间 主页 / 12、Others / 2021费用预估","项目管理","2020-10-15 18:27:39","未知用户 (wangyubo1)","否","http://dmtks.hisense.com/pages/viewpage.action?pageId=103416921"
"DSWXXM","电视外销项目空间","277781845","91621955","12、Others","2025年 MTK芯片需求收集","2","8","电视外销项目空间 主页 / 12、Others / 2025年 MTK芯片需求收集","需求与功能","2025-04-08 16:46:32","宋茂松/Mason Song","否","http://dmtks.hisense.com/pages/viewpage.action?pageId=277781845"
"DSWXXM","电视外销项目空间","135430979","91621955","12、Others","6886AU U3升级评估","2","9","电视外销项目空间 主页 / 12、Others / 6886AU U3升级评估","项目管理","2021-08-26 16:33:46","蒋建群/James Jiang","否","http://dmtks.hisense.com/pages/viewpage.action?pageId=135430979"
"DSWXXM","电视外销项目空间","103420137","91621955","12、Others","PLM账号个人地址信息更新点检表","2","10","电视外销项目空间 主页 / 12、Others / PLM账号个人地址信息更新点检表","项目管理","2020-10-15 22:47:48","马腾腾","否","http://dmtks.hisense.com/pages/viewpage.action?pageId=103420137"
"DSWXXM","电视外销项目空间","240776440","91621955","12、Others","TVS出差话题收集(2024)","2","11","电视外销项目空间 主页 / 12、Others / TVS出差话题收集(2024)","项目管理","2024-06-17 08:35:36","李文龙","否","http://dmtks.hisense.com/pages/viewpage.action?pageId=240776440"
"DSWXXM","电视外销项目空间","214292931","91621955","12、Others","YouTube报备原型机信息","2","12","电视外销项目空间 主页 / 12、Others / YouTube报备原型机信息","项目管理","2024-06-18 14:51:56","王娜娜/Nina Wang","否","http://dmtks.hisense.com/pages/viewpage.action?pageId=214292931"
"DSWXXM","电视外销项目空间","99323905","91621955","12、Others","中美贸易战研发对策指南_外销软件排查","2","13","电视外销项目空间 主页 / 12、Others / 中美贸易战研发对策指南_外销软件排查","规范与流程","2021-01-01 14:33:36","朱登宇","否","http://dmtks.hisense.com/pages/viewpage.action?pageId=99323905"
"DSWXXM","电视外销项目空间","50137745","91621955","12、Others","外销电视开发人员签证信息汇总","2","14","电视外销项目空间 主页 / 12、Others / 外销电视开发人员签证信息汇总","项目管理","2021-03-17 17:59:03","宋虎","否","http://dmtks.hisense.com/pages/viewpage.action?pageId=50137745"
"DSWXXM","电视外销项目空间","44630428","91621955","12、Others","外销电视项目人力汇总","2","15","电视外销项目空间 主页 / 12、Others / 外销电视项目人力汇总","项目管理","2020-07-03 14:39:22","张继栋","否","http://dmtks.hisense.com/pages/viewpage.action?pageId=44630428"
"DSWXXM","电视外销项目空间","214285953","91621955","12、Others","开发对谷歌商务的意见收集","2","16","电视外销项目空间 主页 / 12、Others / 开发对谷歌商务的意见收集","项目管理","2023-05-19 13:52:13","马腾腾","否","http://dmtks.hisense.com/pages/viewpage.action?pageId=214285953"
"DSWXXM","电视外销项目空间","87167329","91621955","12、Others","指导文章","2","17","电视外销项目空间 主页 / 12、Others / 指导文章","项目管理","2020-04-27 10:36:25","未知用户 (zhangminrui1)","否","http://dmtks.hisense.com/pages/viewpage.action?pageId=87167329"
"DSWXXM","电视外销项目空间","29852197","91621955","12、Others","文件列表","2","18","电视外销项目空间 主页 / 12、Others / 文件列表","项目管理","2018-08-20 16:37:20","未知用户 (liuchang13)","否","http://dmtks.hisense.com/pages/viewpage.action?pageId=29852197"
"DSWXXM","电视外销项目空间","87173824","91621955","12、Others","笔记","2","19","电视外销项目空间 主页 / 12、Others / 笔记","项目管理","2020-04-30 10:09:18","未知用户 (zhangminrui1)","否","http://dmtks.hisense.com/pages/viewpage.action?pageId=87173824"
"DSWXXM","电视外销项目空间","104797041","22053496","电视外销项目空间 主页","13、研发知识管理","1","14","电视外销项目空间 主页 / 13、研发知识管理","项目管理","2022-03-25 15:50:09","陈为兰/Amber Chen","否","http://dmtks.hisense.com/pages/viewpage.action?pageId=104797041"
"DSWXXM","电视外销项目空间","112825033","22053496","电视外销项目空间 主页","14、 第六党支部","1","15","电视外销项目空间 主页 / 14、 第六党支部","项目管理","2021-06-30 16:21:06","未知用户 (liufangchao)","否","http://dmtks.hisense.com/pages/viewpage.action?pageId=112825033"
"DSWXXM","电视外销项目空间","113484440","112825033","14、 第六党支部","2021年 党支部工作计划","2","1","电视外销项目空间 主页 / 14、 第六党支部 / 2021年 党支部工作计划","版本与计划","2021-01-22 15:34:33","未知用户 (yupengde)","否","http://dmtks.hisense.com/pages/viewpage.action?pageId=113484440"
"DSWXXM","电视外销项目空间","118232273","22053496","电视外销项目空间 主页","15、研发流程/SQA工作记录","1","16","电视外销项目空间 主页 / 15、研发流程/SQA工作记录","测试与验证","2022-04-27 11:56:07","未知用户 (yangyuling1)","否","http://dmtks.hisense.com/pages/viewpage.action?pageId=118232273"
"DSWXXM","电视外销项目空间","121834625","118232273","15、研发流程/SQA工作记录","1.SQA跟踪项目过程记录","2","1","电视外销项目空间 主页 / 15、研发流程/SQA工作记录 / 1.SQA跟踪项目过程记录","测试与验证","2023-03-06 10:39:57","未知用户 (yangyuling1)","否","http://dmtks.hisense.com/pages/viewpage.action?pageId=121834625"
"DSWXXM","电视外销项目空间","201958948","118232273","15、研发流程/SQA工作记录","14、CMMI诊断-SQA","2","2","电视外销项目空间 主页 / 15、研发流程/SQA工作记录 / 14、CMMI诊断-SQA","测试与验证","2023-03-10 11:21:05","未知用户 (yangyuling1)","否","http://dmtks.hisense.com/pages/viewpage.action?pageId=201958948"
"DSWXXM","电视外销项目空间","129075915","22053496","电视外销项目空间 主页","16. VIDAA & REGZA Dual world design","1","17","电视外销项目空间 主页 / 16. VIDAA & REGZA Dual world design","设计与架构","2021-07-14 15:23:19","大浦和真","是","http://dmtks.hisense.com/pages/viewpage.action?pageId=129075915"
"DSWXXM","电视外销项目空间","131924170","129075915","16. VIDAA & REGZA Dual world design","00-a. Project environment","2","1","电视外销项目空间 主页 / 16. VIDAA & REGZA Dual world design / 00-a. Project environment","设计与架构","2022-07-15 12:17:27","大浦和真","否","http://dmtks.hisense.com/display/DSWXXM/00-a.+Project+environment"
"DSWXXM","电视外销项目空间","129082841","129075915","16. VIDAA & REGZA Dual world design","00. Project management","2","2","电视外销项目空间 主页 / 16. VIDAA & REGZA Dual world design / 00. Project management","设计与架构","2021-12-07 16:47:59","yeeoo.shwe","否","http://dmtks.hisense.com/display/DSWXXM/00.+Project+management"
"DSWXXM","电视外销项目空间","129075932","129075915","16. VIDAA & REGZA Dual world design","01.VIDAA & REGZA  Communication mechanism--VIDAA:臧晓华","2","3","电视外销项目空间 主页 / 16. VIDAA & REGZA Dual world design / 01.VIDAA & REGZA  Communication mechanism--VIDAA:臧晓华","设计与架构","2021-09-06 08:40:45","大浦和真","否","http://dmtks.hisense.com/pages/viewpage.action?pageId=129075932"
"DSWXXM","电视外销项目空间","129075963","129075915","16. VIDAA & REGZA Dual world design","02.Power ON/OFF and state control--VIDAA：孙立庆","2","4","电视外销项目空间 主页 / 16. VIDAA & REGZA Dual world design / 02.Power ON/OFF and state control--VIDAA：孙立庆","设计与架构","2023-12-12 18:34:44","川田大","否","http://dmtks.hisense.com/pages/viewpage.action?pageId=129075963"
"DSWXXM","电视外销项目空间","129075974","129075915","16. VIDAA & REGZA Dual world design","03.Application  management--VIDAA:李明","2","5","电视外销项目空间 主页 / 16. VIDAA & REGZA Dual world design / 03.Application  management--VIDAA:李明","设计与架构","2024-09-05 09:23:56","廉政","否","http://dmtks.hisense.com/pages/viewpage.action?pageId=129075974"
"DSWXXM","电视外销项目空间","129075979","129075915","16. VIDAA & REGZA Dual world design","04.System construction--VIDAA:徐建峰","2","6","电视外销项目空间 主页 / 16. VIDAA & REGZA Dual world design / 04.System construction--VIDAA:徐建峰","设计与架构","2021-11-10 09:52:53","瀬戸一希","否","http://dmtks.hisense.com/pages/viewpage.action?pageId=129075979"
"DSWXXM","电视外销项目空间","129075993","129075915","16. VIDAA & REGZA Dual world design","05.Input--VIDAA:刘昕睿","2","7","电视外销项目空间 主页 / 16. VIDAA & REGZA Dual world design / 05.Input--VIDAA:刘昕睿","设计与架构","2024-10-29 16:08:43","刘昕睿/Mia Liu","否","http://dmtks.hisense.com/pages/viewpage.action?pageId=129075993"
"DSWXXM","电视外销项目空间","129076018","129075915","16. VIDAA & REGZA Dual world design","06.Graphic plane design--VIDAA:王新志","2","8","电视外销项目空间 主页 / 16. VIDAA & REGZA Dual world design / 06.Graphic plane design--VIDAA:王新志","设计与架构","2021-10-09 15:58:40","程霖/Clin Cheng","否","http://dmtks.hisense.com/pages/viewpage.action?pageId=129076018"
"DSWXXM","电视外销项目空间","129076024","129075915","16. VIDAA & REGZA Dual world design","07.Network(IPV6)----VIDAA:于渚","2","9","电视外销项目空间 主页 / 16. VIDAA & REGZA Dual world design / 07.Network(IPV6)----VIDAA:于渚","设计与架构","2022-02-25 18:29:03","茶木宏之","否","http://dmtks.hisense.com/pages/viewpage.action?pageId=129076024"
"DSWXXM","电视外销项目空间","129076028","129075915","16. VIDAA & REGZA Dual world design","08.Data seperation--VIDAA:刁磊","2","10","电视外销项目空间 主页 / 16. VIDAA & REGZA Dual world design / 08.Data seperation--VIDAA:刁磊","设计与架构","2022-08-26 10:19:15","原聡美","否","http://dmtks.hisense.com/pages/viewpage.action?pageId=129076028"
"DSWXXM","电视外销项目空间","129076036","129075915","16. VIDAA & REGZA Dual world design","09.System start sequence----VIDAA:孙立庆","2","11","电视外销项目空间 主页 / 16. VIDAA & REGZA Dual world design / 09.System start sequence----VIDAA:孙立庆","设计与架构","2021-06-22 13:49:41","程霖/Clin Cheng","否","http://dmtks.hisense.com/pages/viewpage.action?pageId=129076036"
"DSWXXM","电视外销项目空间","129076041","129075915","16. VIDAA & REGZA Dual world design","10.UI(Setting)--VIDAA:郝云英","2","12","电视外销项目空间 主页 / 16. VIDAA & REGZA Dual world design / 10.UI(Setting)--VIDAA:郝云英","设计与架构","2021-08-27 12:39:53","大浦和真","否","http://dmtks.hisense.com/pages/viewpage.action?pageId=129076041"
"DSWXXM","电视外销项目空间","129076044","129075915","16. VIDAA & REGZA Dual world design","11.Blutooth--VIDAA:姜晓胜","2","13","电视外销项目空间 主页 / 16. VIDAA & REGZA Dual world design / 11.Blutooth--VIDAA:姜晓胜","设计与架构","2023-01-06 19:22:53","茶木宏之","否","http://dmtks.hisense.com/pages/viewpage.action?pageId=129076044"
"DSWXXM","电视外销项目空间","129076047","129075915","16. VIDAA & REGZA Dual world design","12.Video--VIDAA:曹圆圆","2","14","电视外销项目空间 主页 / 16. VIDAA & REGZA Dual world design / 12.Video--VIDAA:曹圆圆","设计与架构","2021-06-29 17:28:15","程霖/Clin Cheng","否","http://dmtks.hisense.com/pages/viewpage.action?pageId=129076047"
"DSWXXM","电视外销项目空间","129076051","129075915","16. VIDAA & REGZA Dual world design","13.voice for youtube--VIDAA:高鹏","2","15","电视外销项目空间 主页 / 16. VIDAA & REGZA Dual world design / 13.voice for youtube--VIDAA:高鹏","设计与架构","2021-08-02 11:15:43","高鹏/Gavin Gao","否","http://dmtks.hisense.com/pages/viewpage.action?pageId=129076051"
"DSWXXM","电视外销项目空间","129076055","129075915","16. VIDAA & REGZA Dual world design","14.System upgrade--VIDAA:李鹏涛","2","16","电视外销项目空间 主页 / 16. VIDAA & REGZA Dual world design / 14.System upgrade--VIDAA:李鹏涛","设计与架构","2021-09-29 16:24:03","未知用户 (lipengtao)","否","http://dmtks.hisense.com/pages/viewpage.action?pageId=129076055"
"DSWXXM","电视外销项目空间","129076197","129075915","16. VIDAA & REGZA Dual world design","15.LogReport--VIDAA:王昕昕","2","17","电视外销项目空间 主页 / 16. VIDAA & REGZA Dual world design / 15.LogReport--VIDAA:王昕昕","设计与架构","2021-06-22 15:08:59","高同庆/Hoveran Gao","否","http://dmtks.hisense.com/pages/viewpage.action?pageId=129076197"
"DSWXXM","电视外销项目空间","129076200","129075915","16. VIDAA & REGZA Dual world design","16.System Time management--VIDAA：孙立庆","2","18","电视外销项目空间 主页 / 16. VIDAA & REGZA Dual world design / 16.System Time management--VIDAA：孙立庆","设计与架构","2021-07-08 16:43:50","程霖/Clin Cheng","否","http://dmtks.hisense.com/pages/viewpage.action?pageId=129076200"
"DSWXXM","电视外销项目空间","129797942","129075915","16. VIDAA & REGZA Dual world design","17.Resource management----vidaa:李明","2","19","电视外销项目空间 主页 / 16. VIDAA & REGZA Dual world design / 17.Resource management----vidaa:李明","设计与架构","2021-12-09 08:39:11","大浦和真","否","http://dmtks.hisense.com/pages/viewpage.action?pageId=129797942"
"DSWXXM","电视外销项目空间","129797964","129075915","16. VIDAA & REGZA Dual world design","18.Audio--VIDAA:张辉娟","2","20","电视外销项目空间 主页 / 16. VIDAA & REGZA Dual world design / 18.Audio--VIDAA:张辉娟","设计与架构","2021-12-28 13:45:44","张辉娟","否","http://dmtks.hisense.com/pages/viewpage.action?pageId=129797964"
"DSWXXM","电视外销项目空间","129797978","129075915","16. VIDAA & REGZA Dual world design","19. Application  R&R","2","21","电视外销项目空间 主页 / 16. VIDAA & REGZA Dual world design / 19. Application  R&R","设计与架构","2022-06-20 18:03:04","吉田仁","否","http://dmtks.hisense.com/pages/viewpage.action?pageId=129797978"
"DSWXXM","电视外销项目空间","129800223","129075915","16. VIDAA & REGZA Dual world design","20.TEE(trusted zone) and DRM management","2","22","电视外销项目空间 主页 / 16. VIDAA & REGZA Dual world design / 20.TEE(trusted zone) and DRM management","设计与架构","2021-06-30 18:37:01","程霖/Clin Cheng","否","http://dmtks.hisense.com/display/DSWXXM/20.TEE%28trusted+zone%29+and+DRM+management"
"DSWXXM","电视外销项目空间","129805101","129075915","16. VIDAA & REGZA Dual world design","21.Voice recognition & control","2","23","电视外销项目空间 主页 / 16. VIDAA & REGZA Dual world design / 21.Voice recognition & control","设计与架构","2022-01-15 14:15:15","茶木宏之","否","http://dmtks.hisense.com/pages/viewpage.action?pageId=129805101"
"DSWXXM","电视外销项目空间","130459354","129075915","16. VIDAA & REGZA Dual world design","22.External Input ( HDMI and CVBS )","2","24","电视外销项目空间 主页 / 16. VIDAA & REGZA Dual world design / 22.External Input ( HDMI and CVBS )","设计与架构","2021-07-13 08:59:37","程霖/Clin Cheng","否","http://dmtks.hisense.com/pages/viewpage.action?pageId=130459354"
"DSWXXM","电视外销项目空间","130459358","129075915","16. VIDAA & REGZA Dual world design","23.CEC","2","25","电视外销项目空间 主页 / 16. VIDAA & REGZA Dual world design / 23.CEC","设计与架构","2021-12-15 10:47:10","未知用户 (huojunyi)","否","http://dmtks.hisense.com/display/DSWXXM/23.CEC"
"DSWXXM","电视外销项目空间","130459365","129075915","16. VIDAA & REGZA Dual world design","24.PQ","2","26","电视外销项目空间 主页 / 16. VIDAA & REGZA Dual world design / 24.PQ","设计与架构","2021-12-23 13:54:49","曹圆圆","否","http://dmtks.hisense.com/display/DSWXXM/24.PQ"
"DSWXXM","电视外销项目空间","131138184","129075915","16. VIDAA & REGZA Dual world design","25. External Backend(Kali) Control","2","27","电视外销项目空间 主页 / 16. VIDAA & REGZA Dual world design / 25. External Backend(Kali) Control","设计与架构","2021-11-30 15:09:00","大澤創","否","http://dmtks.hisense.com/display/DSWXXM/25.+External+Backend%28Kali%29+Control"
"DSWXXM","电视外销项目空间","131926239","129075915","16. VIDAA & REGZA Dual world design","26. Product Function Design","2","28","电视外销项目空间 主页 / 16. VIDAA & REGZA Dual world design / 26. Product Function Design","设计与架构","2021-07-19 20:17:12","村松孝倫","否","http://dmtks.hisense.com/display/DSWXXM/26.+Product+Function+Design"
"DSWXXM","电视外销项目空间","133302369","129075915","16. VIDAA & REGZA Dual world design","27.Design for Hisense  brand model","2","29","电视外销项目空间 主页 / 16. VIDAA & REGZA Dual world design / 27.Design for Hisense  brand model","设计与架构","2021-08-02 19:16:13","程霖/Clin Cheng","否","http://dmtks.hisense.com/display/DSWXXM/27.Design+for+Hisense++brand+model"
"DSWXXM","电视外销项目空间","136912366","129075915","16. VIDAA & REGZA Dual world design","28. Store Mode","2","30","电视外销项目空间 主页 / 16. VIDAA & REGZA Dual world design / 28. Store Mode","设计与架构","2021-09-09 08:31:11","吉田仁","否","http://dmtks.hisense.com/display/DSWXXM/28.+Store+Mode"
"DSWXXM","电视外销项目空间","139075169","129075915","16. VIDAA & REGZA Dual world design","29. Security","2","31","电视外销项目空间 主页 / 16. VIDAA & REGZA Dual world design / 29. Security","设计与架构","2021-09-28 17:30:17","王济洋","否","http://dmtks.hisense.com/display/DSWXXM/29.+Security"
"DSWXXM","电视外销项目空间","140347281","129075915","16. VIDAA & REGZA Dual world design","30. Panel control of OLED model","2","32","电视外销项目空间 主页 / 16. VIDAA & REGZA Dual world design / 30. Panel control of OLED model","设计与架构","2022-02-16 16:21:00","孙立庆/Daniel Sun","否","http://dmtks.hisense.com/display/DSWXXM/30.+Panel+control+of+OLED+model"
"DSWXXM","电视外销项目空间","148574587","129075915","16. VIDAA & REGZA Dual world design","31.Hotel Mode","2","33","电视外销项目空间 主页 / 16. VIDAA & REGZA Dual world design / 31.Hotel Mode","设计与架构","2022-03-17 11:47:04","张小涛/Colin Zhang","否","http://dmtks.hisense.com/display/DSWXXM/31.Hotel+Mode"
"DSWXXM","电视外销项目空间","156474054","129075915","16. VIDAA & REGZA Dual world design","32.AirPlay function","2","34","电视外销项目空间 主页 / 16. VIDAA & REGZA Dual world design / 32.AirPlay function","设计与架构","2022-03-08 17:43:03","周立辉","否","http://dmtks.hisense.com/display/DSWXXM/32.AirPlay+function"
"DSWXXM","电视外销项目空间","176294922","129075915","16. VIDAA & REGZA Dual world design","33. Odin integration for TVS models","2","35","电视外销项目空间 主页 / 16. VIDAA & REGZA Dual world design / 33. Odin integration for TVS models","设计与架构","2023-05-09 14:53:36","オンキンコミシェル","否","http://dmtks.hisense.com/display/DSWXXM/33.+Odin+integration+for+TVS+models"
"DSWXXM","电视外销项目空间","190350407","129075915","16. VIDAA & REGZA Dual world design","34. VIDAA Log Management","2","36","电视外销项目空间 主页 / 16. VIDAA & REGZA Dual world design / 34. VIDAA Log Management","设计与架构","2023-12-21 14:44:08","川田大","否","http://dmtks.hisense.com/display/DSWXXM/34.+VIDAA+Log+Management"
"DSWXXM","电视外销项目空间","199888503","129075915","16. VIDAA & REGZA Dual world design","35.IR control at Power Micon.","2","37","电视外销项目空间 主页 / 16. VIDAA & REGZA Dual world design / 35.IR control at Power Micon.","设计与架构","2023-02-20 21:13:10","川田大","否","http://dmtks.hisense.com/pages/viewpage.action?pageId=199888503"
"DSWXXM","电视外销项目空间","213434577","129075915","16. VIDAA & REGZA Dual world design","36. Histogram Backlight Control (HBC)","2","38","电视外销项目空间 主页 / 16. VIDAA & REGZA Dual world design / 36. Histogram Backlight Control (HBC)","设计与架构","2024-03-28 18:49:39","市江晃","否","http://dmtks.hisense.com/pages/viewpage.action?pageId=213434577"
"DSWXXM","电视外销项目空间","234503174","129075915","16. VIDAA & REGZA Dual world design","37.  Turn off backlight leakage protection","2","39","电视外销项目空间 主页 / 16. VIDAA & REGZA Dual world design / 37.  Turn off backlight leakage protection","设计与架构","2024-08-22 14:56:14","李晓斌","否","http://dmtks.hisense.com/display/DSWXXM/37.++Turn+off+backlight+leakage+protection"
"DSWXXM","电视外销项目空间","139070885","129075915","16. VIDAA & REGZA Dual world design","50. 2022 REGZA Request Design","2","40","电视外销项目空间 主页 / 16. VIDAA & REGZA Dual world design / 50. 2022 REGZA Request Design","设计与架构","2021-09-27 16:41:33","大浦和真","否","http://dmtks.hisense.com/display/DSWXXM/50.+2022+REGZA+Request+Design"
"DSWXXM","电视外销项目空间","140355906","22053496","电视外销项目空间 主页","17、TVS Cost Down Project","1","18","电视外销项目空间 主页 / 17、TVS Cost Down Project","项目管理","2021-10-15 13:53:43","王济洋","否","http://dmtks.hisense.com/pages/viewpage.action?pageId=140355906"
"DSWXXM","电视外销项目空间","162402308","140355906","17、TVS Cost Down Project","TVS技术融合2022年周报","2","1","电视外销项目空间 主页 / 17、TVS Cost Down Project / TVS技术融合2022年周报","项目管理","2022-06-24 16:34:10","王济洋","否","http://dmtks.hisense.com/pages/viewpage.action?pageId=162402308"
"DSWXXM","电视外销项目空间","194357859","140355906","17、TVS Cost Down Project","Work Estimation 2023","2","2","电视外销项目空间 主页 / 17、TVS Cost Down Project / Work Estimation 2023","项目管理","2023-11-27 13:07:06","木村崇博","否","http://dmtks.hisense.com/display/DSWXXM/Work+Estimation+2023"
"DSWXXM","电视外销项目空间","221288690","140355906","17、TVS Cost Down Project","Work Estimation 2024","2","3","电视外销项目空间 主页 / 17、TVS Cost Down Project / Work Estimation 2024","项目管理","2024-04-11 12:56:24","市江晃","否","http://dmtks.hisense.com/display/DSWXXM/Work+Estimation+2024"
"DSWXXM","电视外销项目空间","140355914","140355906","17、TVS Cost Down Project","[2021-2022] TVS Cost Down Project","2","4","电视外销项目空间 主页 / 17、TVS Cost Down Project / [2021-2022] TVS Cost Down Project","项目管理","2021-10-15 13:58:39","王济洋","否","http://dmtks.hisense.com/display/DSWXXM/%5B2021-2022%5D+TVS+Cost+Down+Project"
"DSWXXM","电视外销项目空间","167325799","140355906","17、TVS Cost Down Project","[2022] TVS Cost Down Project","2","5","电视外销项目空间 主页 / 17、TVS Cost Down Project / [2022] TVS Cost Down Project","项目管理","2022-07-22 14:15:58","王济洋","否","http://dmtks.hisense.com/display/DSWXXM/%5B2022%5D+TVS+Cost+Down+Project"
"DSWXXM","电视外销项目空间","221288682","140355906","17、TVS Cost Down Project","[2023-2024] TVS Cost Down Project","2","6","电视外销项目空间 主页 / 17、TVS Cost Down Project / [2023-2024] TVS Cost Down Project","项目管理","2023-09-13 21:31:33","王济洋","否","http://dmtks.hisense.com/display/DSWXXM/%5B2023-2024%5D+TVS+Cost+Down+Project"
"DSWXXM","电视外销项目空间","261727183","140355906","17、TVS Cost Down Project","[2024-2025] TVS Cost Down Project","2","7","电视外销项目空间 主页 / 17、TVS Cost Down Project / [2024-2025] TVS Cost Down Project","项目管理","2024-08-20 20:55:56","王济洋","否","http://dmtks.hisense.com/display/DSWXXM/%5B2024-2025%5D+TVS+Cost+Down+Project"
"DSWXXM","电视外销项目空间","161530921","22053496","电视外销项目空间 主页","18. 外协项目软件管理工作规范","1","19","电视外销项目空间 主页 / 18. 外协项目软件管理工作规范","规范与流程","2022-04-22 18:17:44","宋虎","否","http://dmtks.hisense.com/pages/viewpage.action?pageId=161530921"
"DSWXXM","电视外销项目空间","161530942","161530921","18. 外协项目软件管理工作规范","1 外协项目管理痛点梳理","2","1","电视外销项目空间 主页 / 18. 外协项目软件管理工作规范 / 1 外协项目管理痛点梳理","规范与流程","2022-04-22 18:17:25","宋虎","否","http://dmtks.hisense.com/pages/viewpage.action?pageId=161530942"
"DSWXXM","电视外销项目空间","161531505","161530921","18. 外协项目软件管理工作规范","Ref+ 工作规范 & 知识库","2","2","电视外销项目空间 主页 / 18. 外协项目软件管理工作规范 / Ref+ 工作规范 & 知识库","规范与流程","2022-05-09 14:05:55","梁云毅","否","http://dmtks.hisense.com/pages/viewpage.action?pageId=161531505"
"DSWXXM","电视外销项目空间","162403208","22053496","电视外销项目空间 主页","19. 预研项目周报","1","20","电视外销项目空间 主页 / 19. 预研项目周报","项目管理","2022-04-25 10:46:55","曲寒冬/Handong Qu","否","http://dmtks.hisense.com/pages/viewpage.action?pageId=162403208"
"DSWXXM","电视外销项目空间","208210522","162403208","19. 预研项目周报","2023年预研项目进度跟踪","2","1","电视外销项目空间 主页 / 19. 预研项目周报 / 2023年预研项目进度跟踪","项目管理","2023-12-18 15:25:39","未知用户 (leigang)","否","http://dmtks.hisense.com/pages/viewpage.action?pageId=208210522"
"DSWXXM","电视外销项目空间","225844076","162403208","19. 预研项目周报","2024年计划落地到应市的项目跟踪","2","2","电视外销项目空间 主页 / 19. 预研项目周报 / 2024年计划落地到应市的项目跟踪","版本与计划","2023-12-05 10:30:17","未知用户 (leigang)","否","http://dmtks.hisense.com/pages/viewpage.action?pageId=225844076"
"DSWXXM","电视外销项目空间","225842989","162403208","19. 预研项目周报","2024年预研项目进度跟踪","2","3","电视外销项目空间 主页 / 19. 预研项目周报 / 2024年预研项目进度跟踪","项目管理","2023-12-05 14:01:42","未知用户 (leigang)","否","http://dmtks.hisense.com/pages/viewpage.action?pageId=225842989"
"DSWXXM","电视外销项目空间","204749265","162403208","19. 预研项目周报","Mars 版本迭代","2","4","电视外销项目空间 主页 / 19. 预研项目周报 / Mars 版本迭代","版本与计划","2023-06-08 17:14:28","未知用户 (leigang)","否","http://dmtks.hisense.com/pages/viewpage.action?pageId=204749265"
"DSWXXM","电视外销项目空间","164071591","162403208","19. 预研项目周报","应用开发部周报","2","5","电视外销项目空间 主页 / 19. 预研项目周报 / 应用开发部周报","项目管理","2022-05-13 16:22:29","郝云英/Emily Hao","否","http://dmtks.hisense.com/pages/viewpage.action?pageId=164071591"
"DSWXXM","电视外销项目空间","193512951","162403208","19. 预研项目周报","武研预研项目周报","2","6","电视外销项目空间 主页 / 19. 预研项目周报 / 武研预研项目周报","项目管理","2023-01-07 12:09:37","赵咏波/Bobey Zhao","否","http://dmtks.hisense.com/pages/viewpage.action?pageId=193512951"
"DSWXXM","电视外销项目空间","162416823","162403208","19. 预研项目周报","深研预研项目管理","2","7","电视外销项目空间 主页 / 19. 预研项目周报 / 深研预研项目管理","项目管理","2022-04-28 17:25:39","冯美美","否","http://dmtks.hisense.com/pages/viewpage.action?pageId=162416823"
"DSWXXM","电视外销项目空间","164071589","162403208","19. 预研项目周报","系统开发部周报","2","8","电视外销项目空间 主页 / 19. 预研项目周报 / 系统开发部周报","项目管理","2022-05-09 16:22:17","曲寒冬/Handong Qu","否","http://dmtks.hisense.com/pages/viewpage.action?pageId=164071589"
"DSWXXM","电视外销项目空间","163251202","22053496","电视外销项目空间 主页","2022-05-02","1","21","电视外销项目空间 主页 / 2022-05-02","项目管理","2022-05-02 15:24:03","田中克則","否","http://dmtks.hisense.com/display/DSWXXM/2022-05-02"
"DSWXXM","电视外销项目空间","136906664","22053496","电视外销项目空间 主页","TVS square","1","22","电视外销项目空间 主页 / TVS square","项目管理","2024-04-23 12:57:10","山田浩史","否","http://dmtks.hisense.com/display/DSWXXM/TVS+square"
"DSWXXM","电视外销项目空间","229081808","136906664","TVS square","Advanced Technological Survey / 先行技術検討","2","1","电视外销项目空间 主页 / TVS square / Advanced Technological Survey / 先行技術検討","项目管理","2025-07-23 14:20:57","伊藤博明","否","http://dmtks.hisense.com/pages/viewpage.action?pageId=229081808"
"DSWXXM","电视外销项目空间","177144429","136906664","TVS square","Coding Rule","2","2","电视外销项目空间 主页 / TVS square / Coding Rule","项目管理","2024-05-23 09:28:37","大浦和真","否","http://dmtks.hisense.com/display/DSWXXM/Coding+Rule"
"DSWXXM","电视外销项目空间","192156742","136906664","TVS square","Collaboration","2","3","电视外销项目空间 主页 / TVS square / Collaboration","测试与验证","2022-12-20 17:00:45","祝欣培","否","http://dmtks.hisense.com/display/DSWXXM/Collaboration"
"DSWXXM","电视外销项目空间","205693657","136906664","TVS square","Design documents / Specifications","2","4","电视外销项目空间 主页 / TVS square / Design documents / Specifications","设计与架构","2024-08-29 19:05:54","山田浩史","否","http://dmtks.hisense.com/pages/viewpage.action?pageId=205693657"
"DSWXXM","电视外销项目空间","227452125","136906664","TVS square","Equipments / 物品管理","2","5","电视外销项目空间 主页 / TVS square / Equipments / 物品管理","项目管理","2024-01-25 11:54:48","伊藤博明","否","http://dmtks.hisense.com/pages/viewpage.action?pageId=227452125"
"DSWXXM","电视外销项目空间","227454474","136906664","TVS square","IS / 情報共有システム","2","6","电视外销项目空间 主页 / TVS square / IS / 情報共有システム","项目管理","2024-01-25 11:55:45","伊藤博明","否","http://dmtks.hisense.com/pages/viewpage.action?pageId=227454474"
"DSWXXM","电视外销项目空间","229429766","136906664","TVS square","Software Working Group Activity","2","7","电视外销项目空间 主页 / TVS square / Software Working Group Activity","项目管理","2026-04-06 12:53:42","佐伯康広","否","http://dmtks.hisense.com/display/DSWXXM/Software+Working+Group+Activity"
"DSWXXM","电视外销项目空间","256847269","136906664","TVS square","SW Fix日程周知ページ","2","8","电视外销项目空间 主页 / TVS square / SW Fix日程周知ページ","项目管理","2024-11-12 12:25:19","山田浩史","否","http://dmtks.hisense.com/pages/viewpage.action?pageId=256847269"
"DSWXXM","电视外销项目空间","222327541","136906664","TVS square","SWアップデート計画","2","9","电视外销项目空间 主页 / TVS square / SWアップデート計画","项目管理","2026-02-17 16:18:35","世良聡之","否","http://dmtks.hisense.com/pages/viewpage.action?pageId=222327541"
"DSWXXM","电视外销项目空间","234500687","136906664","TVS square","SWアップデート時の認証・検査方法判定フロー","2","10","电视外销项目空间 主页 / TVS square / SWアップデート時の認証・検査方法判定フロー","项目管理","2024-07-16 15:52:24","宇井俊司","否","http://dmtks.hisense.com/pages/viewpage.action?pageId=234500687"
"DSWXXM","电视外销项目空间","230153841","136906664","TVS square","ブランチ情報","2","11","电视外销项目空间 主页 / TVS square / ブランチ情報","项目管理","2026-04-27 14:35:47","中尾雅治","否","http://dmtks.hisense.com/pages/viewpage.action?pageId=230153841"
"DSWXXM","电视外销项目空间","241994924","136906664","TVS square","制限事項調整結果ラベル一覧/Restriction coordination result labels list","2","12","电视外销项目空间 主页 / TVS square / 制限事項調整結果ラベル一覧/Restriction coordination result labels list","测试与验证","2026-04-24 12:47:29","角橋孝広","否","http://dmtks.hisense.com/pages/viewpage.action?pageId=241994924"
"DSWXXM","电视外销项目空间","136906668","136906664","TVS square","Teams","2","13","电视外销项目空间 主页 / TVS square / Teams","项目管理","2022-07-07 14:51:12","瀬戸一希","否","http://dmtks.hisense.com/display/DSWXXM/Teams"
"DSWXXM","电视外销项目空间","204745813","136906664","TVS square","体制表","2","14","电视外销项目空间 主页 / TVS square / 体制表","项目管理","2023-04-25 14:06:55","平原孝司","否","http://dmtks.hisense.com/pages/viewpage.action?pageId=204745813"
"DSWXXM","电视外销项目空间","216376878","136906664","TVS square","営業サンプル向けリリース管理","2","15","电视外销项目空间 主页 / TVS square / 営業サンプル向けリリース管理","项目管理","2026-03-03 10:05:56","角橋孝広","否","http://dmtks.hisense.com/pages/viewpage.action?pageId=216376878"
"DSWXXM","电视外销项目空间","231855419","136906664","TVS square","TVS Section","2","16","电视外销项目空间 主页 / TVS square / TVS Section","项目管理","2024-07-08 19:52:05","山田浩史","否","http://dmtks.hisense.com/display/DSWXXM/TVS+Section"
"DSWXXM","电视外销项目空间","232989080","136906664","TVS square","Development rules","2","17","电视外销项目空间 主页 / TVS square / Development rules","项目管理","2024-04-17 10:50:17","佐伯康広","否","http://dmtks.hisense.com/display/DSWXXM/Development+rules"
"DSWXXM","电视外销项目空间","236734786","136906664","TVS square","商品企画資料","2","18","电视外销项目空间 主页 / TVS square / 商品企画資料","项目管理","2024-05-06 15:42:29","王峰","否","http://dmtks.hisense.com/pages/viewpage.action?pageId=236734786"
"DSWXXM","电视外销项目空间","245787155","136906664","TVS square","Committee","2","19","电视外销项目空间 主页 / TVS square / Committee","项目管理","2024-06-18 17:41:49","瀬戸一希","否","http://dmtks.hisense.com/display/DSWXXM/Committee"
"DSWXXM","电视外销项目空间","252839956","136906664","TVS square","Security information registration","2","20","电视外销项目空间 主页 / TVS square / Security information registration","项目管理","2024-07-09 18:14:22","波平真二","否","http://dmtks.hisense.com/display/DSWXXM/Security+information+registration"
"DSWXXM","电视外销项目空间","276384195","136906664","TVS square","LogReport ：Operation and usage Instructions","2","21","电视外销项目空间 主页 / TVS square / LogReport ：Operation and usage Instructions","项目管理","2026-03-25 16:04:07","中村敦","否","http://dmtks.hisense.com/pages/viewpage.action?pageId=276384195"
"DSWXXM","电视外销项目空间","288466375","136906664","TVS square","部門KPI_新SWプラットフォームの構築","2","22","电视外销项目空间 主页 / TVS square / 部門KPI_新SWプラットフォームの構築","项目管理","2026-05-07 09:55:15","下田英男","否","http://dmtks.hisense.com/pages/viewpage.action?pageId=288466375"
"DSWXXM","电视外销项目空间","289954871","136906664","TVS square","SoC Information","2","23","电视外销项目空间 主页 / TVS square / SoC Information","项目管理","2026-02-03 13:41:26","田中克則","否","http://dmtks.hisense.com/display/DSWXXM/SoC+Information"
"DSWXXM","电视外销项目空间","289962081","136906664","TVS square","ブランチCommitlyBuild/LibUpdate稼働情報","2","24","电视外销项目空间 主页 / TVS square / ブランチCommitlyBuild/LibUpdate稼働情報","项目管理","2026-01-31 11:41:35","波平真二","否","http://dmtks.hisense.com/pages/viewpage.action?pageId=289962081"
"DSWXXM","电视外销项目空间","293189094","136906664","TVS square","リスク管理表テンプレート","2","25","电视外销项目空间 主页 / TVS square / リスク管理表テンプレート","项目管理","2026-03-11 15:23:17","角橋孝広","否","http://dmtks.hisense.com/pages/viewpage.action?pageId=293189094"
"DSWXXM","电视外销项目空间","294916306","136906664","TVS square","B12製品開発（旧、新規研製品開発）","2","26","电视外销项目空间 主页 / TVS square / B12製品開発（旧、新規研製品開発）","项目管理","2026-03-18 09:26:34","山田浩史","否","http://dmtks.hisense.com/pages/viewpage.action?pageId=294916306"
"DSWXXM","电视外销项目空间","243923638","136906664","TVS square","各種専門用語・略語の英中日語及び説明","2","27","电视外销项目空间 主页 / TVS square / 各種専門用語・略語の英中日語及び説明","项目管理","2025-07-18 16:59:30","張付新","否","http://dmtks.hisense.com/pages/viewpage.action?pageId=243923638"
"DSWXXM","电视外销项目空间","316542524","136906664","TVS square","クラウドインフラ","2","28","电视外销项目空间 主页 / TVS square / クラウドインフラ","项目管理","2025-07-18 15:53:45","辻雅史","否","http://dmtks.hisense.com/pages/viewpage.action?pageId=316542524"
"DSWXXM","电视外销项目空间","335545927","136906664","TVS square","Advanced Technological Survey / 先行技術検討 ph.2","2","29","电视外销项目空间 主页 / TVS square / Advanced Technological Survey / 先行技術検討 ph.2","项目管理","2025-11-27 15:07:38","中島基輝","否","http://dmtks.hisense.com/pages/viewpage.action?pageId=335545927"
"DSWXXM","电视外销项目空间","341969246","136906664","TVS square","振り返り会","2","30","电视外销项目空间 主页 / TVS square / 振り返り会","项目管理","2025-12-01 12:52:05","平原孝司","否","http://dmtks.hisense.com/pages/viewpage.action?pageId=341969246"
"DSWXXM","电视外销项目空间","341970772","136906664","TVS square","CES対応","2","31","电视外销项目空间 主页 / TVS square / CES対応","项目管理","2025-12-02 13:41:45","中島基輝","否","http://dmtks.hisense.com/pages/viewpage.action?pageId=341970772"
"DSWXXM","电视外销项目空间","355593482","136906664","TVS square","TVS Global TV","2","32","电视外销项目空间 主页 / TVS square / TVS Global TV","项目管理","2026-02-06 17:04:33","大浦和真","否","http://dmtks.hisense.com/display/DSWXXM/TVS+Global+TV"
"DSWXXM","电视外销项目空间","178607326","22053496","电视外销项目空间 主页","TESTSZM","1","23","电视外销项目空间 主页 / TESTSZM","测试与验证","2022-09-09 15:13:48","未知用户 (shengzhimei)","否","http://dmtks.hisense.com/display/DSWXXM/TESTSZM"
"DSWXXM","电视外销项目空间","204749310","22053496","电视外销项目空间 主页","20. 先行项目","1","24","电视外销项目空间 主页 / 20. 先行项目","项目管理","2023-03-23 16:50:37","未知用户 (leigang)","否","http://dmtks.hisense.com/pages/viewpage.action?pageId=204749310"
"DSWXXM","电视外销项目空间","205697013","204749310","20. 先行项目","【3/24】9618U7.5项目的开发和LIT测试进展汇总","2","1","电视外销项目空间 主页 / 20. 先行项目 / 【3/24】9618U7.5项目的开发和LIT测试进展汇总","测试与验证","2023-04-03 18:31:44","邵鹏/Peng Shao","否","http://dmtks.hisense.com/pages/viewpage.action?pageId=205697013"
"DSWXXM","电视外销项目空间","204749324","204749310","20. 先行项目","【3/31】9618U7.5项目的开发和LIT测试进展汇总","2","2","电视外销项目空间 主页 / 20. 先行项目 / 【3/31】9618U7.5项目的开发和LIT测试进展汇总","测试与验证","2023-03-31 19:30:15","邵鹏/Peng Shao","否","http://dmtks.hisense.com/pages/viewpage.action?pageId=204749324"
"DSWXXM","电视外销项目空间","208223697","204749310","20. 先行项目","【4/14】9618U7.5项目的开发和LIT测试进展汇总","2","3","电视外销项目空间 主页 / 20. 先行项目 / 【4/14】9618U7.5项目的开发和LIT测试进展汇总","测试与验证","2023-04-21 09:01:36","王建怡/Eileen Wang","否","http://dmtks.hisense.com/pages/viewpage.action?pageId=208223697"
"DSWXXM","电视外销项目空间","209098536","204749310","20. 先行项目","【4/18】9618U7.5项目的开发和LIT测试进展汇总","2","4","电视外销项目空间 主页 / 20. 先行项目 / 【4/18】9618U7.5项目的开发和LIT测试进展汇总","测试与验证","2023-04-18 13:53:52","未知用户 (leigang)","否","http://dmtks.hisense.com/pages/viewpage.action?pageId=209098536"
"DSWXXM","电视外销项目空间","207395978","204749310","20. 先行项目","【4/7】9618U7.5项目的开发和LIT测试进展汇总","2","5","电视外销项目空间 主页 / 20. 先行项目 / 【4/7】9618U7.5项目的开发和LIT测试进展汇总","测试与验证","2023-04-13 14:59:01","汪佳丽/Fiona Wang","否","http://dmtks.hisense.com/pages/viewpage.action?pageId=207395978"
"DSWXXM","电视外销项目空间","209101874","22053496","电视外销项目空间 主页","21. 2023年NPS项目","1","25","电视外销项目空间 主页 / 21. 2023年NPS项目","问题与复盘","2023-04-19 14:11:36","未知用户 (leigang)","否","http://dmtks.hisense.com/pages/viewpage.action?pageId=209101874"
"DSWXXM","电视外销项目空间","230158824","209101874","21. 2023年NPS项目","2023年NPS性能改善项目措施落地的汇总统计","2","1","电视外销项目空间 主页 / 21. 2023年NPS项目 / 2023年NPS性能改善项目措施落地的汇总统计","问题与复盘","2024-03-18 15:25:26","郑鹏","否","http://dmtks.hisense.com/pages/viewpage.action?pageId=230158824"
"DSWXXM","电视外销项目空间","215819264","209101874","21. 2023年NPS项目","72690性能指标跟踪汇总","2","2","电视外销项目空间 主页 / 21. 2023年NPS项目 / 72690性能指标跟踪汇总","问题与复盘","2023-09-11 14:31:19","未知用户 (lijianlei1)","否","http://dmtks.hisense.com/pages/viewpage.action?pageId=215819264"
"DSWXXM","电视外销项目空间","209102011","209101874","21. 2023年NPS项目","NPS问题跟踪汇总","2","3","电视外销项目空间 主页 / 21. 2023年NPS项目 / NPS问题跟踪汇总","问题与复盘","2023-06-05 18:40:32","陈文柱/Vanjoe Chen","否","http://dmtks.hisense.com/pages/viewpage.action?pageId=209102011"
"DSWXXM","电视外销项目空间","213427389","22053496","电视外销项目空间 主页","ミーティング議事録","1","26","电视外销项目空间 主页 / ミーティング議事録","项目管理","2023-05-10 13:27:39","楢原隆史","否","http://dmtks.hisense.com/pages/viewpage.action?pageId=213427389"
"DSWXXM","电视外销项目空间","216373467","22053496","电视外销项目空间 主页","YouTube调查问卷2023","1","27","电视外销项目空间 主页 / YouTube调查问卷2023","项目管理","2023-06-26 15:38:47","高鹏/Gavin Gao","否","http://dmtks.hisense.com/pages/viewpage.action?pageId=216373467"
"DSWXXM","电视外销项目空间","222313002","22053496","电视外销项目空间 主页","UML Diagrams","1","28","电视外销项目空间 主页 / UML Diagrams","项目管理","2023-09-29 22:45:44","竹腰雅俊","否","http://dmtks.hisense.com/display/DSWXXM/UML+Diagrams"
"DSWXXM","电视外销项目空间","264631727","22053496","电视外销项目空间 主页","22.Spotify 音乐应用","1","29","电视外销项目空间 主页 / 22.Spotify 音乐应用","项目管理","2024-09-10 11:24:17","张楠/Nancy Zhang","否","http://dmtks.hisense.com/pages/viewpage.action?pageId=264631727"
"DSWXXM","电视外销项目空间","294938240","22053496","电视外销项目空间 主页","5.TVS项目管理知识库","1","30","电视外销项目空间 主页 / 5.TVS项目管理知识库","项目管理","2025-03-15 13:05:41","张磊","否","http://dmtks.hisense.com/pages/viewpage.action?pageId=294938240"
"DSWXXM","电视外销项目空间","294938265","294938240","5.TVS项目管理知识库","1.TVS项目开发指南","2","1","电视外销项目空间 主页 / 5.TVS项目管理知识库 / 1.TVS项目开发指南","规范与流程","2025-03-15 13:57:39","张磊","否","http://dmtks.hisense.com/pages/viewpage.action?pageId=294938265"
"DSWXXM","电视外销项目空间","294938243","294938240","5.TVS项目管理知识库","2.TVS项目平台-MT9618","2","2","电视外销项目空间 主页 / 5.TVS项目管理知识库 / 2.TVS项目平台-MT9618","项目管理","2025-03-15 13:58:53","张磊","否","http://dmtks.hisense.com/pages/viewpage.action?pageId=294938243"
"DSWXXM","电视外销项目空间","353654794","294938240","5.TVS项目管理知识库","26年TVS项目工时","2","3","电视外销项目空间 主页 / 5.TVS项目管理知识库 / 26年TVS项目工时","项目管理","2026-01-21 14:45:00","未知用户 (liyuxi)","否","http://dmtks.hisense.com/pages/viewpage.action?pageId=353654794"
"DSWXXM","电视外销项目空间","294938402","294938240","5.TVS项目管理知识库","3.TVS项目平台-MT9603","2","4","电视外销项目空间 主页 / 5.TVS项目管理知识库 / 3.TVS项目平台-MT9603","项目管理","2025-03-15 13:59:12","张磊","否","http://dmtks.hisense.com/pages/viewpage.action?pageId=294938402"
"DSWXXM","电视外销项目空间","328526442","22053496","电视外销项目空间 主页","製品要件","1","31","电视外销项目空间 主页 / 製品要件","项目管理","2025-10-08 13:21:08","木村崇博","否","http://dmtks.hisense.com/pages/viewpage.action?pageId=328526442"
"JQ","电视应用软件所","5407673","","","电视应用软件所 Home","0","1","电视应用软件所 Home","其他","2016-08-25 09:04:13","陈祥鹏","否","http://dmtks.hisense.com/pages/viewpage.action?pageId=5407673"
"JQ","电视应用软件所","5406829","5407673","电视应用软件所 Home","应用模块技术资料","1","1","电视应用软件所 Home / 应用模块技术资料","其他","2016-09-23 19:33:31","王济洋","否","http://dmtks.hisense.com/pages/viewpage.action?pageId=5406829"
"JQ","电视应用软件所","5407072","5406829","应用模块技术资料","A - 模块及负责人","2","1","电视应用软件所 Home / 应用模块技术资料 / A - 模块及负责人","其他","2016-09-23 12:47:38","王新鲁","否","http://dmtks.hisense.com/pages/viewpage.action?pageId=5407072"
"JQ","电视应用软件所","5406849","5406829","应用模块技术资料","Launcher","2","2","电视应用软件所 Home / 应用模块技术资料 / Launcher","其他","2016-12-23 16:16:19","刘承龙","否","http://dmtks.hisense.com/display/JQ/Launcher"
"JQ","电视应用软件所","5407318","5406829","应用模块技术资料","MediaCenter","2","3","电视应用软件所 Home / 应用模块技术资料 / MediaCenter","其他","2015-05-07 22:50:20","未知用户 (brlyyuan)","否","http://dmtks.hisense.com/display/JQ/MediaCenter"
"JQ","电视应用软件所","5407254","5406829","应用模块技术资料","多屏互动/投屏助手","2","4","电视应用软件所 Home / 应用模块技术资料 / 多屏互动/投屏助手","其他","2016-11-28 11:12:49","王济洋","否","http://dmtks.hisense.com/pages/viewpage.action?pageId=5407254"
"JQ","电视应用软件所","5407079","5406829","应用模块技术资料","Silo转场","2","5","电视应用软件所 Home / 应用模块技术资料 / Silo转场","其他","2019-01-07 16:36:17","王大勇","否","http://dmtks.hisense.com/pages/viewpage.action?pageId=5407079"
"JQ","电视应用软件所","5407098","5406829","应用模块技术资料","多媒体中间件(音视频)","2","6","电视应用软件所 Home / 应用模块技术资料 / 多媒体中间件(音视频)","其他","2016-12-26 17:35:22","李斌","否","http://dmtks.hisense.com/pages/viewpage.action?pageId=5407098"
"JQ","电视应用软件所","5407075","5406829","应用模块技术资料","屏保/关机动画/声音主题/QRCode","2","7","电视应用软件所 Home / 应用模块技术资料 / 屏保/关机动画/声音主题/QRCode","其他","2017-08-23 10:43:42","付延松","否","http://dmtks.hisense.com/pages/viewpage.action?pageId=5407075"
"JQ","电视应用软件所","5407077","5406829","应用模块技术资料","应用升级服务","2","8","电视应用软件所 Home / 应用模块技术资料 / 应用升级服务","其他","2016-12-05 10:09:49","未知用户 (jiangzehu)","否","http://dmtks.hisense.com/pages/viewpage.action?pageId=5407077"
"JQ","电视应用软件所","5406975","5406829","应用模块技术资料","视频加速","2","9","电视应用软件所 Home / 应用模块技术资料 / 视频加速","其他","2016-11-28 11:08:15","王济洋","否","http://dmtks.hisense.com/pages/viewpage.action?pageId=5406975"
"JQ","电视应用软件所","5406976","5406829","应用模块技术资料","QQ视频通话","2","10","电视应用软件所 Home / 应用模块技术资料 / QQ视频通话","其他","2016-12-30 10:22:01","未知用户 (yuwenqin)","否","http://dmtks.hisense.com/pages/viewpage.action?pageId=5406976"
"JQ","电视应用软件所","5406979","5406829","应用模块技术资料","聚联播","2","11","电视应用软件所 Home / 应用模块技术资料 / 聚联播","其他","2017-01-03 18:44:05","宋虎","否","http://dmtks.hisense.com/pages/viewpage.action?pageId=5406979"
"JQ","电视应用软件所","5406972","5406829","应用模块技术资料","微信互联电视","2","12","电视应用软件所 Home / 应用模块技术资料 / 微信互联电视","其他","2016-11-28 11:17:23","王济洋","否","http://dmtks.hisense.com/pages/viewpage.action?pageId=5406972"
"JQ","电视应用软件所","5406980","5406829","应用模块技术资料","历史记录","2","13","电视应用软件所 Home / 应用模块技术资料 / 历史记录","其他","2016-11-28 10:58:11","王济洋","否","http://dmtks.hisense.com/pages/viewpage.action?pageId=5406980"
"JQ","电视应用软件所","15597489","5406829","应用模块技术资料","日历","2","14","电视应用软件所 Home / 应用模块技术资料 / 日历","其他","2022-07-13 15:06:14","苑衍梅","否","http://dmtks.hisense.com/pages/viewpage.action?pageId=15597489"
"JQ","电视应用软件所","15769612","5406829","应用模块技术资料","全景播放器","2","15","电视应用软件所 Home / 应用模块技术资料 / 全景播放器","其他","2017-09-15 17:03:04","杨鲁明","否","http://dmtks.hisense.com/pages/viewpage.action?pageId=15769612"
"JQ","电视应用软件所","17042130","5406829","应用模块技术资料","SmartSenseCenter","2","16","电视应用软件所 Home / 应用模块技术资料 / SmartSenseCenter","其他","2018-05-21 09:46:05","未知用户 (tangxueda)","否","http://dmtks.hisense.com/display/JQ/SmartSenseCenter"
"JQ","电视应用软件所","17171385","5406829","应用模块技术资料","平台移植","2","17","电视应用软件所 Home / 应用模块技术资料 / 平台移植","其他","2018-03-22 10:40:45","苑衍梅","否","http://dmtks.hisense.com/pages/viewpage.action?pageId=17171385"
"JQ","电视应用软件所","5407572","5407673","电视应用软件所 Home","知识汇总","1","2","电视应用软件所 Home / 知识汇总","其他","2016-08-16 14:13:20","陈祥鹏","否","http://dmtks.hisense.com/pages/viewpage.action?pageId=5407572"
"JQ","电视应用软件所","5407523","5407572","知识汇总","第三方方案商资料","2","1","电视应用软件所 Home / 知识汇总 / 第三方方案商资料","设计与架构","2016-08-16 14:48:35","陈祥鹏","否","http://dmtks.hisense.com/pages/viewpage.action?pageId=5407523"
"JQ","电视应用软件所","5407525","5407572","知识汇总","竞品资料","2","2","电视应用软件所 Home / 知识汇总 / 竞品资料","其他","2016-08-16 14:48:59","陈祥鹏","否","http://dmtks.hisense.com/pages/viewpage.action?pageId=5407525"
"JQ","电视应用软件所","5407517","5407572","知识汇总","Android/JAVA相关资料","2","3","电视应用软件所 Home / 知识汇总 / Android/JAVA相关资料","其他","2016-08-16 15:22:28","陈祥鹏","否","http://dmtks.hisense.com/pages/viewpage.action?pageId=5407517"
"JQ","电视应用软件所","5407528","5407572","知识汇总","业余知识扩展","2","4","电视应用软件所 Home / 知识汇总 / 业余知识扩展","其他","2016-08-16 14:50:22","陈祥鹏","否","http://dmtks.hisense.com/pages/viewpage.action?pageId=5407528"
"JQ","电视应用软件所","5407524","5407572","知识汇总","电视基础知识","2","5","电视应用软件所 Home / 知识汇总 / 电视基础知识","其他","2016-08-16 14:49:17","陈祥鹏","否","http://dmtks.hisense.com/pages/viewpage.action?pageId=5407524"
"JQ","电视应用软件所","5407527","5407572","知识汇总","编译环境配置、调试工具及调试技巧汇总","2","6","电视应用软件所 Home / 知识汇总 / 编译环境配置、调试工具及调试技巧汇总","其他","2016-08-16 15:32:24","陈祥鹏","否","http://dmtks.hisense.com/pages/viewpage.action?pageId=5407527"
"JQ","电视应用软件所","5407305","5407572","知识汇总","OTA and Application self-update","2","7","电视应用软件所 Home / 知识汇总 / OTA and Application self-update","其他","2015-05-07 23:06:02","未知用户 (brlyyuan)","否","http://dmtks.hisense.com/display/JQ/OTA+and+Application+self-update"
"JQ","电视应用软件所","5407498","5407572","知识汇总","Git/Gerrit","2","8","电视应用软件所 Home / 知识汇总 / Git/Gerrit","其他","2016-08-17 11:00:00","付友苹","否","http://dmtks.hisense.com/pages/viewpage.action?pageId=5407498"
"JQ","电视应用软件所","5407216","5407572","知识汇总","网络通信","2","9","电视应用软件所 Home / 知识汇总 / 网络通信","其他","2016-08-17 17:02:03","付友苹","否","http://dmtks.hisense.com/pages/viewpage.action?pageId=5407216"
"JQ","电视应用软件所","5407222","5407572","知识汇总","测试知识","2","10","电视应用软件所 Home / 知识汇总 / 测试知识","测试与验证","2016-08-17 17:09:03","付友苹","否","http://dmtks.hisense.com/pages/viewpage.action?pageId=5407222"
"JQ","电视应用软件所","5407226","5407572","知识汇总","技术分享","2","11","电视应用软件所 Home / 知识汇总 / 技术分享","其他","2016-08-17 17:36:20","付友苹","否","http://dmtks.hisense.com/pages/viewpage.action?pageId=5407226"
"JQ","电视应用软件所","5407632","5407572","知识汇总","License key","2","12","电视应用软件所 Home / 知识汇总 / License key","其他","2015-05-06 23:32:12","未知用户 (brlyyuan)","否","http://dmtks.hisense.com/display/JQ/License+key"
"JQ","电视应用软件所","5407392","5407572","知识汇总","Document Center","2","13","电视应用软件所 Home / 知识汇总 / Document Center","其他","2016-09-21 14:56:38","王新鲁","否","http://dmtks.hisense.com/display/JQ/Document+Center"
"JQ","电视应用软件所","5407516","5407572","知识汇总","其他","2","14","电视应用软件所 Home / 知识汇总 / 其他","其他","2016-08-16 15:04:23","陈祥鹏","否","http://dmtks.hisense.com/pages/viewpage.action?pageId=5407516"
"JQ","电视应用软件所","5406990","5407572","知识汇总","部门图书","2","15","电视应用软件所 Home / 知识汇总 / 部门图书","其他","2016-12-09 11:22:56","未知用户 (caozhe)","否","http://dmtks.hisense.com/pages/viewpage.action?pageId=5406990"
"JQ","电视应用软件所","5407534","5407673","电视应用软件所 Home","部门工作","1","3","电视应用软件所 Home / 部门工作","其他","2016-08-16 14:55:30","陈祥鹏","否","http://dmtks.hisense.com/pages/viewpage.action?pageId=5407534"
"JQ","电视应用软件所","5407533","5407534","部门工作","公司部门事宜","2","1","电视应用软件所 Home / 部门工作 / 公司部门事宜","其他","2016-08-16 14:55:59","陈祥鹏","否","http://dmtks.hisense.com/pages/viewpage.action?pageId=5407533"
"JQ","电视应用软件所","5407115","5407534","部门工作","电视交互技术组","2","2","电视应用软件所 Home / 部门工作 / 电视交互技术组","其他","2016-12-08 16:06:32","黄玖法","否","http://dmtks.hisense.com/pages/viewpage.action?pageId=5407115"
"JQ","电视应用软件所","5407539","5407534","部门工作","电视媒体技术组","2","3","电视应用软件所 Home / 部门工作 / 电视媒体技术组","其他","2016-08-16 14:57:09","陈祥鹏","否","http://dmtks.hisense.com/pages/viewpage.action?pageId=5407539"
"JQ","电视应用软件所","5407535","5407534","部门工作","多媒体应用组","2","4","电视应用软件所 Home / 部门工作 / 多媒体应用组","其他","2017-07-12 19:09:48","杨鲁明","否","http://dmtks.hisense.com/pages/viewpage.action?pageId=5407535"
"JQ","电视应用软件所","14517867","5407534","部门工作","部门月度例会","2","5","电视应用软件所 Home / 部门工作 / 部门月度例会","会议与协同","2017-04-01 08:48:53","杨鲁明","否","http://dmtks.hisense.com/pages/viewpage.action?pageId=14517867"
"JQ","电视应用软件所","5407544","5407673","电视应用软件所 Home","项目资料","1","4","电视应用软件所 Home / 项目资料","项目管理","2016-08-16 14:11:38","陈祥鹏","否","http://dmtks.hisense.com/pages/viewpage.action?pageId=5407544"
"JQ","电视应用软件所","5407219","5407544","项目资料","Chinese Market TV Branch Info","2","1","电视应用软件所 Home / 项目资料 / Chinese Market TV Branch Info","项目管理","2017-01-17 17:56:32","王济洋","否","http://dmtks.hisense.com/display/JQ/Chinese+Market+TV+Branch+Info"
"JQ","电视应用软件所","5407600","5407544","项目资料","Project 2016","2","2","电视应用软件所 Home / 项目资料 / Project 2016","项目管理","2016-09-26 08:46:30","王新鲁","否","http://dmtks.hisense.com/display/JQ/Project+2016"
"JQ","电视应用软件所","13705974","5407544","项目资料","Project 2017","2","3","电视应用软件所 Home / 项目资料 / Project 2017","项目管理","2017-02-17 14:24:54","朱铄","否","http://dmtks.hisense.com/display/JQ/Project+2017"
"JQ","电视应用软件所","5407174","5407544","项目资料","VIDAA LX","2","4","电视应用软件所 Home / 项目资料 / VIDAA LX","项目管理","2015-07-08 04:22:01","未知用户 (brlcanya)","否","http://dmtks.hisense.com/display/JQ/VIDAA+LX"
"JQ","电视应用软件所","5407602","5407544","项目资料","Before 2016","2","5","电视应用软件所 Home / 项目资料 / Before 2016","项目管理","2016-03-28 22:17:57","未知用户 (brlmwang)","否","http://dmtks.hisense.com/display/JQ/Before+2016"
"JQ","电视应用软件所","16847516","5407544","项目资料","Project 2018","2","6","电视应用软件所 Home / 项目资料 / Project 2018","项目管理","2018-08-02 10:39:55","未晓玲","否","http://dmtks.hisense.com/display/JQ/Project+2018"
"JQ","电视应用软件所","14820945","5407544","项目资料","VIDAA 5.x 应用编译推送信息分享","2","7","电视应用软件所 Home / 项目资料 / VIDAA 5.x 应用编译推送信息分享","项目管理","2018-05-16 13:21:07","刘承龙","否","http://dmtks.hisense.com/pages/viewpage.action?pageId=14820945"
"JQ","电视应用软件所","22813379","5407544","项目资料","商显项目支持总结","2","8","电视应用软件所 Home / 项目资料 / 商显项目支持总结","项目管理","2018-06-05 19:32:36","未知用户 (heijianye)","否","http://dmtks.hisense.com/pages/viewpage.action?pageId=22813379"
"JQ","电视应用软件所","5407530","5407673","电视应用软件所 Home","培训相关","1","5","电视应用软件所 Home / 培训相关","培训与知识","2016-08-16 14:51:36","陈祥鹏","否","http://dmtks.hisense.com/pages/viewpage.action?pageId=5407530"
"JQ","电视应用软件所","5407532","5407530","培训相关","培训计划及课程","2","1","电视应用软件所 Home / 培训相关 / 培训计划及课程","版本与计划","2017-02-20 17:55:08","未知用户 (qiaoyandong)","否","http://dmtks.hisense.com/pages/viewpage.action?pageId=5407532"
"JQ","电视应用软件所","5407531","5407530","培训相关","培训资料","2","2","电视应用软件所 Home / 培训相关 / 培训资料","培训与知识","2018-05-14 16:19:35","未知用户 (lizhiqiang3)","否","http://dmtks.hisense.com/pages/viewpage.action?pageId=5407531"
"JQ","电视应用软件所","5406833","5407530","培训相关","新员工培养","2","3","电视应用软件所 Home / 培训相关 / 新员工培养","培训与知识","2016-09-19 13:05:01","王新鲁","否","http://dmtks.hisense.com/pages/viewpage.action?pageId=5406833"
"JQ","电视应用软件所","5407090","5407673","电视应用软件所 Home","个人空间","1","6","电视应用软件所 Home / 个人空间","其他","2016-08-24 11:33:25","陈祥鹏","是","http://dmtks.hisense.com/pages/viewpage.action?pageId=5407090"
"JQ","电视应用软件所","15770976","5407090","个人空间","Allen（李梦远）","2","1","电视应用软件所 Home / 个人空间 / Allen（李梦远）","其他","2017-09-18 18:55:18","未知用户 (limengyuan)","否","http://dmtks.hisense.com/pages/viewpage.action?pageId=15770976"
"JQ","电视应用软件所","5406953","5407090","个人空间","乔彦东","2","2","电视应用软件所 Home / 个人空间 / 乔彦东","其他","2016-12-14 16:59:23","王新鲁","否","http://dmtks.hisense.com/pages/viewpage.action?pageId=5406953"
"JQ","电视应用软件所","5406786","5407090","个人空间","于文钦","2","3","电视应用软件所 Home / 个人空间 / 于文钦","其他","2016-12-14 16:57:56","王新鲁","否","http://dmtks.hisense.com/pages/viewpage.action?pageId=5406786"
"JQ","电视应用软件所","5406938","5407090","个人空间","于颜梅","2","4","电视应用软件所 Home / 个人空间 / 于颜梅","其他","2016-12-14 17:05:26","王新鲁","否","http://dmtks.hisense.com/pages/viewpage.action?pageId=5406938"
"JQ","电视应用软件所","5407091","5407090","个人空间","付友苹","2","5","电视应用软件所 Home / 个人空间 / 付友苹","其他","2016-08-24 11:33:54","陈祥鹏","否","http://dmtks.hisense.com/pages/viewpage.action?pageId=5407091"
"JQ","电视应用软件所","5406934","5407090","个人空间","付延松","2","6","电视应用软件所 Home / 个人空间 / 付延松","其他","2016-12-14 17:04:05","王新鲁","否","http://dmtks.hisense.com/pages/viewpage.action?pageId=5406934"
"JQ","电视应用软件所","5407048","5407090","个人空间","何宏磊","2","7","电视应用软件所 Home / 个人空间 / 何宏磊","其他","2016-12-29 14:37:30","王新鲁","否","http://dmtks.hisense.com/pages/viewpage.action?pageId=5407048"
"JQ","电视应用软件所","5406853","5407090","个人空间","刘承龙","2","8","电视应用软件所 Home / 个人空间 / 刘承龙","其他","2016-09-07 09:52:26","刘承龙","否","http://dmtks.hisense.com/pages/viewpage.action?pageId=5406853"
"JQ","电视应用软件所","5406959","5407090","个人空间","卢善好","2","9","电视应用软件所 Home / 个人空间 / 卢善好","其他","2016-12-14 17:03:34","王新鲁","否","http://dmtks.hisense.com/pages/viewpage.action?pageId=5406959"
"JQ","电视应用软件所","5406926","5407090","个人空间","吕鹏","2","10","电视应用软件所 Home / 个人空间 / 吕鹏","其他","2016-12-14 17:11:17","王新鲁","否","http://dmtks.hisense.com/pages/viewpage.action?pageId=5406926"
"JQ","电视应用软件所","5407074","5407090","个人空间","吴亮","2","11","电视应用软件所 Home / 个人空间 / 吴亮","其他","2016-09-27 16:53:06","未知用户 (wuliang)","否","http://dmtks.hisense.com/pages/viewpage.action?pageId=5407074"
"JQ","电视应用软件所","5406789","5407090","个人空间","周杰","2","12","电视应用软件所 Home / 个人空间 / 周杰","其他","2017-04-05 18:55:13","未知用户 (zhoujie7)","否","http://dmtks.hisense.com/pages/viewpage.action?pageId=5406789"
"JQ","电视应用软件所","5406935","5407090","个人空间","唐学大","2","13","电视应用软件所 Home / 个人空间 / 唐学大","其他","2016-12-14 17:04:20","王新鲁","否","http://dmtks.hisense.com/pages/viewpage.action?pageId=5406935"
"JQ","电视应用软件所","5406758","5407090","个人空间","姜泽虎","2","14","电视应用软件所 Home / 个人空间 / 姜泽虎","其他","2016-09-26 18:34:12","未知用户 (jiangzehu)","否","http://dmtks.hisense.com/pages/viewpage.action?pageId=5406758"
"JQ","电视应用软件所","5406961","5407090","个人空间","孙超","2","15","电视应用软件所 Home / 个人空间 / 孙超","其他","2016-12-14 17:02:47","王新鲁","否","http://dmtks.hisense.com/pages/viewpage.action?pageId=5406961"
"JQ","电视应用软件所","5406954","5407090","个人空间","孟祥菲","2","16","电视应用软件所 Home / 个人空间 / 孟祥菲","其他","2016-12-14 17:02:17","王新鲁","否","http://dmtks.hisense.com/pages/viewpage.action?pageId=5406954"
"JQ","电视应用软件所","5406836","5407090","个人空间","宋子全","2","17","电视应用软件所 Home / 个人空间 / 宋子全","其他","2017-04-25 16:13:26","宋子全","否","http://dmtks.hisense.com/pages/viewpage.action?pageId=5406836"
"JQ","电视应用软件所","5406787","5407090","个人空间","宋虎","2","18","电视应用软件所 Home / 个人空间 / 宋虎","其他","2016-12-14 16:57:27","王新鲁","否","http://dmtks.hisense.com/pages/viewpage.action?pageId=5406787"
"JQ","电视应用软件所","5406918","5407090","个人空间","庞秀娟","2","19","电视应用软件所 Home / 个人空间 / 庞秀娟","其他","2016-12-14 17:09:31","王新鲁","否","http://dmtks.hisense.com/pages/viewpage.action?pageId=5406918"
"JQ","电视应用软件所","5406924","5407090","个人空间","张娜","2","20","电视应用软件所 Home / 个人空间 / 张娜","其他","2016-12-14 17:10:44","王新鲁","否","http://dmtks.hisense.com/pages/viewpage.action?pageId=5406924"
"JQ","电视应用软件所","5406948","5407090","个人空间","张萌","2","21","电视应用软件所 Home / 个人空间 / 张萌","其他","2016-12-14 16:58:50","王新鲁","否","http://dmtks.hisense.com/pages/viewpage.action?pageId=5406948"
"JQ","电视应用软件所","5406960","5407090","个人空间","徐高峰","2","22","电视应用软件所 Home / 个人空间 / 徐高峰","其他","2016-12-14 17:03:12","王新鲁","否","http://dmtks.hisense.com/pages/viewpage.action?pageId=5406960"
"JQ","电视应用软件所","5406868","5407090","个人空间","惠龙云","2","23","电视应用软件所 Home / 个人空间 / 惠龙云","其他","2016-11-25 08:47:22","未知用户 (huilongyun)","否","http://dmtks.hisense.com/pages/viewpage.action?pageId=5406868"
"JQ","电视应用软件所","5406783","5407090","个人空间","曹哲","2","24","电视应用软件所 Home / 个人空间 / 曹哲","其他","2016-12-14 16:56:49","王新鲁","否","http://dmtks.hisense.com/pages/viewpage.action?pageId=5406783"
"JQ","电视应用软件所","5406939","5407090","个人空间","朱宗花","2","25","电视应用软件所 Home / 个人空间 / 朱宗花","其他","2016-12-14 17:05:41","王新鲁","否","http://dmtks.hisense.com/pages/viewpage.action?pageId=5406939"
"JQ","电视应用软件所","5406927","5407090","个人空间","朱雪生","2","26","电视应用软件所 Home / 个人空间 / 朱雪生","其他","2016-12-14 17:11:02","王新鲁","否","http://dmtks.hisense.com/pages/viewpage.action?pageId=5406927"
"JQ","电视应用软件所","5406957","5407090","个人空间","李志强","2","27","电视应用软件所 Home / 个人空间 / 李志强","其他","2016-12-14 17:00:54","王新鲁","否","http://dmtks.hisense.com/pages/viewpage.action?pageId=5406957"
"JQ","电视应用软件所","5406945","5407090","个人空间","李斌","2","28","电视应用软件所 Home / 个人空间 / 李斌","其他","2017-03-06 14:46:16","李斌","否","http://dmtks.hisense.com/pages/viewpage.action?pageId=5406945"
"JQ","电视应用软件所","5407626","5407090","个人空间","李沈阳","2","29","电视应用软件所 Home / 个人空间 / 李沈阳","其他","2017-01-16 09:28:20","未知用户 (lishenyang)","否","http://dmtks.hisense.com/pages/viewpage.action?pageId=5407626"
"JQ","电视应用软件所","5406785","5407090","个人空间","李秀","2","30","电视应用软件所 Home / 个人空间 / 李秀","其他","2016-12-14 16:58:16","王新鲁","否","http://dmtks.hisense.com/pages/viewpage.action?pageId=5406785"
"JQ","电视应用软件所","5407262","5407090","个人空间","杨鲁明","2","31","电视应用软件所 Home / 个人空间 / 杨鲁明","其他","2016-08-17 16:07:03","付友苹","否","http://dmtks.hisense.com/pages/viewpage.action?pageId=5407262"
"JQ","电视应用软件所","5406944","5407090","个人空间","毛伟彬","2","32","电视应用软件所 Home / 个人空间 / 毛伟彬","其他","2016-12-14 17:06:51","王新鲁","否","http://dmtks.hisense.com/pages/viewpage.action?pageId=5406944"
"JQ","电视应用软件所","5406958","5407090","个人空间","沙建鹤","2","33","电视应用软件所 Home / 个人空间 / 沙建鹤","其他","2016-12-14 17:03:49","王新鲁","否","http://dmtks.hisense.com/pages/viewpage.action?pageId=5406958"
"JQ","电视应用软件所","5406788","5407090","个人空间","王云刚","2","34","电视应用软件所 Home / 个人空间 / 王云刚","其他","2016-12-14 16:54:10","王新鲁","否","http://dmtks.hisense.com/pages/viewpage.action?pageId=5406788"
"JQ","电视应用软件所","5406923","5407090","个人空间","王刚","2","35","电视应用软件所 Home / 个人空间 / 王刚","其他","2016-12-14 17:09:56","王新鲁","否","http://dmtks.hisense.com/pages/viewpage.action?pageId=5406923"
"JQ","电视应用软件所","5406873","5407090","个人空间","王大勇","2","36","电视应用软件所 Home / 个人空间 / 王大勇","其他","2017-04-21 14:24:26","王大勇","否","http://dmtks.hisense.com/pages/viewpage.action?pageId=5406873"
"JQ","电视应用软件所","5406932","5407090","个人空间","王大明","2","37","电视应用软件所 Home / 个人空间 / 王大明","其他","2016-12-14 17:04:37","王新鲁","否","http://dmtks.hisense.com/pages/viewpage.action?pageId=5406932"
"JQ","电视应用软件所","5406955","5407090","个人空间","王智利","2","38","电视应用软件所 Home / 个人空间 / 王智利","其他","2016-12-14 17:01:59","王新鲁","否","http://dmtks.hisense.com/pages/viewpage.action?pageId=5406955"
"JQ","电视应用软件所","5406951","5407090","个人空间","王济洋","2","39","电视应用软件所 Home / 个人空间 / 王济洋","其他","2017-05-09 09:21:27","王济洋","否","http://dmtks.hisense.com/pages/viewpage.action?pageId=5406951"
"JQ","电视应用软件所","5406921","5407090","个人空间","王海滨","2","40","电视应用软件所 Home / 个人空间 / 王海滨","其他","2016-12-14 17:10:14","王新鲁","否","http://dmtks.hisense.com/pages/viewpage.action?pageId=5406921"
"JQ","电视应用软件所","5407186","5407673","电视应用软件所 Home","How-To Articles","1","7","电视应用软件所 Home / How-To Articles","其他","2016-09-23 11:51:52","王新鲁","否","http://dmtks.hisense.com/display/JQ/How-To+Articles"
"JQ","电视应用软件所","5407304","5407673","电视应用软件所 Home","部门Confluence使用指南","1","8","电视应用软件所 Home / 部门Confluence使用指南","规范与流程","2016-09-28 11:14:13","王新鲁","否","http://dmtks.hisense.com/pages/viewpage.action?pageId=5407304"
"JQ","电视应用软件所","5407407","5407673","电视应用软件所 Home","交流与合作","1","9","电视应用软件所 Home / 交流与合作","其他","2016-11-21 11:51:11","王新鲁","否","http://dmtks.hisense.com/pages/viewpage.action?pageId=5407407"
"JQ","电视应用软件所","13699639","5407407","交流与合作","合作项目","2","1","电视应用软件所 Home / 交流与合作 / 合作项目","项目管理","2017-02-05 14:48:34","鲁丹丹","否","http://dmtks.hisense.com/pages/viewpage.action?pageId=13699639"
"JQ","电视应用软件所","5407411","5407407","交流与合作","软件与UX设计合作交流区","2","2","电视应用软件所 Home / 交流与合作 / 软件与UX设计合作交流区","设计与架构","2016-11-21 11:52:20","王新鲁","否","http://dmtks.hisense.com/pages/viewpage.action?pageId=5407411"
"JQ","电视应用软件所","30508761","5407673","电视应用软件所 Home","预研创新项目","1","10","电视应用软件所 Home / 预研创新项目","项目管理","2018-08-28 18:39:20","杨鲁明","否","http://dmtks.hisense.com/pages/viewpage.action?pageId=30508761"
"JQ","电视应用软件所","114200668","5407673","电视应用软件所 Home","常用机型apk提交工程及分支","1","11","电视应用软件所 Home / 常用机型apk提交工程及分支","其他","2021-01-29 09:57:15","孙永江","否","http://dmtks.hisense.com/pages/viewpage.action?pageId=114200668"
"XTXNSY","系统性能优化团队（深研）","204735990","","","系统性能优化团队（深研） 主页","0","1","系统性能优化团队（深研） 主页","其他","2024-07-01 09:34:31","潘凯","否","http://dmtks.hisense.com/pages/viewpage.action?pageId=204735990"
"XTXNSY","系统性能优化团队（深研）","215322066","204735990","系统性能优化团队（深研） 主页","个人空间","1","1","系统性能优化团队（深研） 主页 / 个人空间","其他","2023-05-25 14:53:54","未知用户 (lujiongjian)","否","http://dmtks.hisense.com/pages/viewpage.action?pageId=215322066"
"XTXNSY","系统性能优化团队（深研）","215322071","215322066","个人空间","卢炯健-ljj","2","1","系统性能优化团队（深研） 主页 / 个人空间 / 卢炯健-ljj","其他","2023-05-25 14:54:53","未知用户 (lujiongjian)","否","http://dmtks.hisense.com/pages/viewpage.action?pageId=215322071"
"XTXNSY","系统性能优化团队（深研）","221867551","215322066","个人空间","巫金全w","2","2","系统性能优化团队（深研） 主页 / 个人空间 / 巫金全w","其他","2025-03-21 10:08:47","未知用户 (wujinquan)","否","http://dmtks.hisense.com/pages/viewpage.action?pageId=221867551"
"XTXNSY","系统性能优化团队（深研）","221305378","215322066","个人空间","邓湘峰","2","3","系统性能优化团队（深研） 主页 / 个人空间 / 邓湘峰","其他","2023-09-12 11:31:26","未知用户 (dengxiangfeng)","否","http://dmtks.hisense.com/pages/viewpage.action?pageId=221305378"
"XTXNSY","系统性能优化团队（深研）","222317811","215322066","个人空间","王世昌1","2","4","系统性能优化团队（深研） 主页 / 个人空间 / 王世昌1","其他","2023-10-23 09:30:58","王世昌","否","http://dmtks.hisense.com/pages/viewpage.action?pageId=222317811"
"XTXNSY","系统性能优化团队（深研）","232256182","215322066","个人空间","潘凯","2","5","系统性能优化团队（深研） 主页 / 个人空间 / 潘凯","其他","2024-04-03 10:42:12","潘凯","否","http://dmtks.hisense.com/pages/viewpage.action?pageId=232256182"
"XTXNSY","系统性能优化团队（深研）","310907956","215322066","个人空间","walter","2","6","系统性能优化团队（深研） 主页 / 个人空间 / walter","其他","2025-06-20 18:26:14","未知用户 (walter)","否","http://dmtks.hisense.com/display/XTXNSY/walter"
"XTXNSY","系统性能优化团队（深研）","204744822","204735990","系统性能优化团队（深研） 主页","公司制度","1","2","系统性能优化团队（深研） 主页 / 公司制度","规范与流程","2024-09-02 14:12:27","未知用户 (walter)","否","http://dmtks.hisense.com/pages/viewpage.action?pageId=204744822"
"XTXNSY","系统性能优化团队（深研）","224660949","204744822","公司制度","公司的流程","2","1","系统性能优化团队（深研） 主页 / 公司制度 / 公司的流程","规范与流程","2023-11-20 13:58:22","未知用户 (walter)","否","http://dmtks.hisense.com/pages/viewpage.action?pageId=224660949"
"XTXNSY","系统性能优化团队（深研）","219985900","204744822","公司制度","系统路由器（HX_SY_XT_123）使用","2","2","系统性能优化团队（深研） 主页 / 公司制度 / 系统路由器（HX_SY_XT_123）使用","规范与流程","2023-09-22 16:25:59","王世昌","否","http://dmtks.hisense.com/pages/viewpage.action?pageId=219985900"
"XTXNSY","系统性能优化团队（深研）","204740543","204735990","系统性能优化团队（深研） 主页","团队建设","1","3","系统性能优化团队（深研） 主页 / 团队建设","其他","2023-04-19 21:21:38","未知用户 (walter)","否","http://dmtks.hisense.com/pages/viewpage.action?pageId=204740543"
"XTXNSY","系统性能优化团队（深研）","207390335","204740543","团队建设","23年工作计划","2","1","系统性能优化团队（深研） 主页 / 团队建设 / 23年工作计划","版本与计划","2023-04-25 09:20:31","未知用户 (walter)","否","http://dmtks.hisense.com/pages/viewpage.action?pageId=207390335"
"XTXNSY","系统性能优化团队（深研）","227846484","204740543","团队建设","24年的工作目标","2","2","系统性能优化团队（深研） 主页 / 团队建设 / 24年的工作目标","其他","2024-01-04 17:56:18","未知用户 (walter)","否","http://dmtks.hisense.com/pages/viewpage.action?pageId=227846484"
"XTXNSY","系统性能优化团队（深研）","269507011","204740543","团队建设","25年工作规划","2","3","系统性能优化团队（深研） 主页 / 团队建设 / 25年工作规划","其他","2025-01-17 11:58:25","未知用户 (walter)","否","http://dmtks.hisense.com/pages/viewpage.action?pageId=269507011"
"XTXNSY","系统性能优化团队（深研）","209103591","204740543","团队建设","团队介绍","2","4","系统性能优化团队（深研） 主页 / 团队建设 / 团队介绍","其他","2023-06-25 16:43:39","未知用户 (walter)","否","http://dmtks.hisense.com/pages/viewpage.action?pageId=209103591"
"XTXNSY","系统性能优化团队（深研）","204744691","204740543","团队建设","工作会议","2","5","系统性能优化团队（深研） 主页 / 团队建设 / 工作会议","会议与协同","2023-10-09 11:06:18","未知用户 (walter)","否","http://dmtks.hisense.com/pages/viewpage.action?pageId=204744691"
"XTXNSY","系统性能优化团队（深研）","218162850","204740543","团队建设","工作能力与技能提升汇总","2","6","系统性能优化团队（深研） 主页 / 团队建设 / 工作能力与技能提升汇总","其他","2023-07-30 16:30:19","未知用户 (walter)","否","http://dmtks.hisense.com/pages/viewpage.action?pageId=218162850"
"XTXNSY","系统性能优化团队（深研）","221286203","204740543","团队建设","系统性能调优技术洞察","2","7","系统性能优化团队（深研） 主页 / 团队建设 / 系统性能调优技术洞察","其他","2023-10-04 11:30:40","未知用户 (walter)","否","http://dmtks.hisense.com/pages/viewpage.action?pageId=221286203"
"XTXNSY","系统性能优化团队（深研）","208225609","204735990","系统性能优化团队（深研） 主页","开发小技巧","1","4","系统性能优化团队（深研） 主页 / 开发小技巧","其他","2025-11-21 17:57:56","王世昌","否","http://dmtks.hisense.com/pages/viewpage.action?pageId=208225609"
"XTXNSY","系统性能优化团队（深研）","219564089","208225609","开发小技巧","gpid的opengl绘制指令","2","1","系统性能优化团队（深研） 主页 / 开发小技巧 / gpid的opengl绘制指令","其他","2023-08-16 14:42:36","未知用户 (walter)","否","http://dmtks.hisense.com/pages/viewpage.action?pageId=219564089"
"XTXNSY","系统性能优化团队（深研）","226956836","208225609","开发小技巧","Pagecache抓取","2","2","系统性能优化团队（深研） 主页 / 开发小技巧 / Pagecache抓取","其他","2023-12-13 19:58:51","未知用户 (wujinquan)","否","http://dmtks.hisense.com/pages/viewpage.action?pageId=226956836"
"XTXNSY","系统性能优化团队（深研）","289957466","208225609","开发小技巧","vidaa linux系统搭建ssh服务的方法","2","3","系统性能优化团队（深研） 主页 / 开发小技巧 / vidaa linux系统搭建ssh服务的方法","其他","2025-02-19 11:14:10","未知用户 (dengxiangfeng)","否","http://dmtks.hisense.com/pages/viewpage.action?pageId=289957466"
"XTXNSY","系统性能优化团队（深研）","220351752","208225609","开发小技巧","常用效率提升工具介绍","2","4","系统性能优化团队（深研） 主页 / 开发小技巧 / 常用效率提升工具介绍","其他","2023-09-01 09:50:48","未知用户 (dengxiangfeng)","否","http://dmtks.hisense.com/pages/viewpage.action?pageId=220351752"
"XTXNSY","系统性能优化团队（深研）","221852848","208225609","开发小技巧","本地跑CTS测试的方法","2","5","系统性能优化团队（深研） 主页 / 开发小技巧 / 本地跑CTS测试的方法","测试与验证","2024-11-19 20:09:29","未知用户 (dengxiangfeng)","否","http://dmtks.hisense.com/pages/viewpage.action?pageId=221852848"
"XTXNSY","系统性能优化团队（深研）","219565681","208225609","开发小技巧","系统问题初步分析方法","2","6","系统性能优化团队（深研） 主页 / 开发小技巧 / 系统问题初步分析方法","问题与复盘","2023-08-16 21:02:50","未知用户 (walter)","否","http://dmtks.hisense.com/pages/viewpage.action?pageId=219565681"
"XTXNSY","系统性能优化团队（深研）","226956775","208225609","开发小技巧","获取播放帧率和分辨率","2","7","系统性能优化团队（深研） 主页 / 开发小技巧 / 获取播放帧率和分辨率","其他","2023-12-13 19:41:51","未知用户 (wujinquan)","否","http://dmtks.hisense.com/pages/viewpage.action?pageId=226956775"
"XTXNSY","系统性能优化团队（深研）","216396324","208225609","开发小技巧","通过使用网线直接连接开发板的方式进行adb调试","2","8","系统性能优化团队（深研） 主页 / 开发小技巧 / 通过使用网线直接连接开发板的方式进行adb调试","其他","2023-06-25 15:58:07","未知用户 (dengxiangfeng)","否","http://dmtks.hisense.com/pages/viewpage.action?pageId=216396324"
"XTXNSY","系统性能优化团队（深研）","204744909","204735990","系统性能优化团队（深研） 主页","技术能力提升","1","5","系统性能优化团队（深研） 主页 / 技术能力提升","其他","2023-03-22 14:28:07","未知用户 (walter)","否","http://dmtks.hisense.com/pages/viewpage.action?pageId=204744909"
"XTXNSY","系统性能优化团队（深研）","204744915","204744909","技术能力提升","技术专题","2","1","系统性能优化团队（深研） 主页 / 技术能力提升 / 技术专题","其他","2023-03-22 14:28:48","未知用户 (walter)","否","http://dmtks.hisense.com/pages/viewpage.action?pageId=204744915"
"XTXNSY","系统性能优化团队（深研）","204744923","204744909","技术能力提升","技术标准与规范","2","2","系统性能优化团队（深研） 主页 / 技术能力提升 / 技术标准与规范","规范与流程","2023-03-22 14:29:14","未知用户 (walter)","否","http://dmtks.hisense.com/pages/viewpage.action?pageId=204744923"
"XTXNSY","系统性能优化团队（深研）","223310294","204744909","技术能力提升","技术洞察","2","3","系统性能优化团队（深研） 主页 / 技术能力提升 / 技术洞察","其他","2023-10-30 15:10:41","未知用户 (walter)","否","http://dmtks.hisense.com/pages/viewpage.action?pageId=223310294"
"XTXNSY","系统性能优化团队（深研）","209103439","204744909","技术能力提升","技术讨论","2","4","系统性能优化团队（深研） 主页 / 技术能力提升 / 技术讨论","其他","2023-04-19 19:25:34","未知用户 (walter)","否","http://dmtks.hisense.com/pages/viewpage.action?pageId=209103439"
"XTXNSY","系统性能优化团队（深研）","207389863","204744909","技术能力提升","案例分享","2","5","系统性能优化团队（深研） 主页 / 技术能力提升 / 案例分享","其他","2023-04-27 19:40:08","未知用户 (wujinquan)","否","http://dmtks.hisense.com/pages/viewpage.action?pageId=207389863"
"XTXNSY","系统性能优化团队（深研）","205694986","204744909","技术能力提升","系统分析工具","2","6","系统性能优化团队（深研） 主页 / 技术能力提升 / 系统分析工具","问题与复盘","2023-03-29 16:20:54","未知用户 (walter)","否","http://dmtks.hisense.com/pages/viewpage.action?pageId=205694986"
"XTXNSY","系统性能优化团队（深研）","204744725","204735990","系统性能优化团队（深研） 主页","文件列表","1","6","系统性能优化团队（深研） 主页 / 文件列表","其他","2023-03-22 13:50:54","未知用户 (walter)","否","http://dmtks.hisense.com/pages/viewpage.action?pageId=204744725"
"XTXNSY","系统性能优化团队（深研）","243899487","204744725","文件列表","PRD","2","1","系统性能优化团队（深研） 主页 / 文件列表 / PRD","需求与功能","2024-05-31 18:53:11","未知用户 (dengxiangfeng)","否","http://dmtks.hisense.com/display/XTXNSY/PRD"
"XTXNSY","系统性能优化团队（深研）","284074213","204744725","文件列表","多媒体开发指导手册","2","2","系统性能优化团队（深研） 主页 / 文件列表 / 多媒体开发指导手册","规范与流程","2024-12-26 09:15:52","未知用户 (walter)","否","http://dmtks.hisense.com/pages/viewpage.action?pageId=284074213"
"XTXNSY","系统性能优化团队（深研）","207390576","204744725","文件列表","工具列表","2","3","系统性能优化团队（深研） 主页 / 文件列表 / 工具列表","其他","2023-04-03 11:29:52","未知用户 (walter)","否","http://dmtks.hisense.com/pages/viewpage.action?pageId=207390576"
"XTXNSY","系统性能优化团队（深研）","222302239","204744725","文件列表","效率提升工具","2","4","系统性能优化团队（深研） 主页 / 文件列表 / 效率提升工具","其他","2023-09-26 16:50:50","未知用户 (dengxiangfeng)","否","http://dmtks.hisense.com/pages/viewpage.action?pageId=222302239"
"XTXNSY","系统性能优化团队（深研）","204744726","204744725","文件列表","文档备份","2","5","系统性能优化团队（深研） 主页 / 文件列表 / 文档备份","规范与流程","2023-03-22 13:50:54","未知用户 (walter)","否","http://dmtks.hisense.com/pages/viewpage.action?pageId=204744726"
"XTXNSY","系统性能优化团队（深研）","204741560","204735990","系统性能优化团队（深研） 主页","新人入职","1","7","系统性能优化团队（深研） 主页 / 新人入职","其他","2024-10-25 11:30:30","未知用户 (walter)","否","http://dmtks.hisense.com/pages/viewpage.action?pageId=204741560"
"XTXNSY","系统性能优化团队（深研）","216398041","204741560","新人入职","大学生培养方案","2","1","系统性能优化团队（深研） 主页 / 新人入职 / 大学生培养方案","设计与架构","2024-03-26 10:11:14","未知用户 (dengxiangfeng)","否","http://dmtks.hisense.com/pages/viewpage.action?pageId=216398041"
"XTXNSY","系统性能优化团队（深研）","209103652","204741560","新人入职","技术导入与项目开展","2","2","系统性能优化团队（深研） 主页 / 新人入职 / 技术导入与项目开展","项目管理","2023-04-19 21:01:50","未知用户 (walter)","否","http://dmtks.hisense.com/pages/viewpage.action?pageId=209103652"
"XTXNSY","系统性能优化团队（深研）","204744886","204735990","系统性能优化团队（深研） 主页","项目信息","1","8","系统性能优化团队（深研） 主页 / 项目信息","项目管理","2026-04-09 11:00:26","王世昌","否","http://dmtks.hisense.com/pages/viewpage.action?pageId=204744886"
"XTXNSY","系统性能优化团队（深研）","303912250","204744886","项目信息","25H1-JUOS5.4优化方案","2","1","系统性能优化团队（深研） 主页 / 项目信息 / 25H1-JUOS5.4优化方案","设计与架构","2025-05-22 20:12:38","潘凯","否","http://dmtks.hisense.com/pages/viewpage.action?pageId=303912250"
"XTXNSY","系统性能优化团队（深研）","245762658","204744886","项目信息","27X7N的性能优化方案","2","2","系统性能优化团队（深研） 主页 / 项目信息 / 27X7N的性能优化方案","设计与架构","2024-06-18 14:38:32","王世昌","否","http://dmtks.hisense.com/pages/viewpage.action?pageId=245762658"
"XTXNSY","系统性能优化团队（深研）","282687618","204744886","项目信息","32X8N项目","2","3","系统性能优化团队（深研） 主页 / 项目信息 / 32X8N项目","项目管理","2024-12-23 15:48:00","未知用户 (wujinquan)","否","http://dmtks.hisense.com/pages/viewpage.action?pageId=282687618"
"XTXNSY","系统性能优化团队（深研）","215815056","204744886","项目信息","9603的系统性能评估与性能优化","2","4","系统性能优化团队（深研） 主页 / 项目信息 / 9603的系统性能评估与性能优化","项目管理","2024-01-27 14:24:15","未知用户 (walter)","否","http://dmtks.hisense.com/pages/viewpage.action?pageId=215815056"
"XTXNSY","系统性能优化团队（深研）","234492879","204744886","项目信息","AIOS性能优化方案","2","5","系统性能优化团队（深研） 主页 / 项目信息 / AIOS性能优化方案","设计与架构","2024-09-26 20:02:45","未知用户 (dengxiangfeng)","否","http://dmtks.hisense.com/pages/viewpage.action?pageId=234492879"
"XTXNSY","系统性能优化团队（深研）","261747441","204744886","项目信息","GTV9655项目","2","6","系统性能优化团队（深研） 主页 / 项目信息 / GTV9655项目","项目管理","2024-08-26 16:40:45","未知用户 (wujinquan)","否","http://dmtks.hisense.com/pages/viewpage.action?pageId=261747441"
"XTXNSY","系统性能优化团队（深研）","230162319","204744886","项目信息","JUOS性能指标优化","2","7","系统性能优化团队（深研） 主页 / 项目信息 / JUOS性能指标优化","项目管理","2024-07-16 15:48:29","未知用户 (dengxiangfeng)","否","http://dmtks.hisense.com/pages/viewpage.action?pageId=230162319"
"XTXNSY","系统性能优化团队（深研）","229418896","204744886","项目信息","MT9655项目","2","8","系统性能优化团队（深研） 主页 / 项目信息 / MT9655项目","项目管理","2024-09-05 20:52:25","未知用户 (walter)","否","http://dmtks.hisense.com/pages/viewpage.action?pageId=229418896"
"XTXNSY","系统性能优化团队（深研）","223774351","204744886","项目信息","T963D4的系统性能评估","2","9","系统性能优化团队（深研） 主页 / 项目信息 / T963D4的系统性能评估","二维三维与图形模型","2023-11-22 11:52:45","未知用户 (wujinquan)","否","http://dmtks.hisense.com/pages/viewpage.action?pageId=223774351"
"XTXNSY","系统性能优化团队（深研）","227857744","204744886","项目信息","内销应用负责人","2","10","系统性能优化团队（深研） 主页 / 项目信息 / 内销应用负责人","项目管理","2024-06-05 10:07:53","未知用户 (walter)","否","http://dmtks.hisense.com/pages/viewpage.action?pageId=227857744"
"XTXNSY","系统性能优化团队（深研）","213423327","204744886","项目信息","北美NPS优化","2","11","系统性能优化团队（深研） 主页 / 项目信息 / 北美NPS优化","问题与复盘","2024-07-15 20:46:34","未知用户 (walter)","否","http://dmtks.hisense.com/pages/viewpage.action?pageId=213423327"
"XTXNSY","系统性能优化团队（深研）","224666831","204744886","项目信息","各机型IO、CPU跑分数据","2","12","系统性能优化团队（深研） 主页 / 项目信息 / 各机型IO、CPU跑分数据","项目管理","2025-09-29 15:07:35","纪开虎","否","http://dmtks.hisense.com/pages/viewpage.action?pageId=224666831"
"XTXNSY","系统性能优化团队（深研）","215818835","204744886","项目信息","性能优化方案汇总","2","13","系统性能优化团队（深研） 主页 / 项目信息 / 性能优化方案汇总","设计与架构","2025-06-06 17:19:35","未知用户 (walter)","否","http://dmtks.hisense.com/pages/viewpage.action?pageId=215818835"
"XTXNSY","系统性能优化团队（深研）","213434099","204744886","项目信息","性能极限模式的设计","2","14","系统性能优化团队（深研） 主页 / 项目信息 / 性能极限模式的设计","设计与架构","2024-09-24 15:26:04","未知用户 (walter)","否","http://dmtks.hisense.com/pages/viewpage.action?pageId=213434099"
"XTXNSY","系统性能优化团队（深研）","250625213","204744886","项目信息","性能评估","2","15","系统性能优化团队（深研） 主页 / 项目信息 / 性能评估","项目管理","2024-07-03 20:49:06","未知用户 (walter)","否","http://dmtks.hisense.com/pages/viewpage.action?pageId=250625213"
"XTXNSY","系统性能优化团队（深研）","215332330","204744886","项目信息","系统性能体系化建设与实施","2","16","系统性能优化团队（深研） 主页 / 项目信息 / 系统性能体系化建设与实施","项目管理","2023-05-29 10:59:33","未知用户 (walter)","否","http://dmtks.hisense.com/pages/viewpage.action?pageId=215332330"
"XTXNSY","系统性能优化团队（深研）","215819030","204744886","项目信息","系统性能指标测试","2","17","系统性能优化团队（深研） 主页 / 项目信息 / 系统性能指标测试","测试与验证","2023-06-06 14:38:43","未知用户 (walter)","否","http://dmtks.hisense.com/pages/viewpage.action?pageId=215819030"
"XTXNSY","系统性能优化团队（深研）","226980597","204744886","项目信息","项目总结","2","18","系统性能优化团队（深研） 主页 / 项目信息 / 项目总结","项目管理","2024-01-30 20:24:01","未知用户 (walter)","否","http://dmtks.hisense.com/pages/viewpage.action?pageId=226980597"
"XTXNSY","系统性能优化团队（深研）","313800728","204735990","系统性能优化团队（深研） 主页","系统性能工作交接","1","9","系统性能优化团队（深研） 主页 / 系统性能工作交接","其他","2025-07-10 10:32:10","未知用户 (dengxiangfeng)","否","http://dmtks.hisense.com/pages/viewpage.action?pageId=313800728"
"NXPTRJ","系统软件开发所","80449950","","","系统软件开发所 主页","0","1","系统软件开发所 主页","其他","2022-12-09 17:13:54","孙永瑞","否","http://dmtks.hisense.com/pages/viewpage.action?pageId=80449950"
"NXPTRJ","系统软件开发所","104106096","80449950","系统软件开发所 主页","0、常用工具","1","1","系统软件开发所 主页 / 0、常用工具","其他","2024-04-26 13:03:45","吴汉勇","否","http://dmtks.hisense.com/pages/viewpage.action?pageId=104106096"
"NXPTRJ","系统软件开发所","163256556","104106096","0、常用工具","研发中心文件一点通及最新设计文档模板","2","1","系统软件开发所 主页 / 0、常用工具 / 研发中心文件一点通及最新设计文档模板","设计与架构","2024-01-31 16:50:43","贾亚洲","否","http://dmtks.hisense.com/pages/viewpage.action?pageId=163256556"
"NXPTRJ","系统软件开发所","80450901","80449950","系统软件开发所 主页","1、科室空间","1","2","系统软件开发所 主页 / 1、科室空间","其他","2020-10-20 11:37:12","吴汉勇","否","http://dmtks.hisense.com/pages/viewpage.action?pageId=80450901"
"NXPTRJ","系统软件开发所","139074281","80450901","1、科室空间","内销智能图像算法室","2","1","系统软件开发所 主页 / 1、科室空间 / 内销智能图像算法室","其他","2021-10-31 16:02:33","付廷杰","否","http://dmtks.hisense.com/pages/viewpage.action?pageId=139074281"
"NXPTRJ","系统软件开发所","80451162","80450901","1、科室空间","多媒体协议开发室","2","2","系统软件开发所 主页 / 1、科室空间 / 多媒体协议开发室","其他","2024-01-22 10:23:23","李斌","否","http://dmtks.hisense.com/pages/viewpage.action?pageId=80451162"
"NXPTRJ","系统软件开发所","4489406","80450901","1、科室空间","平台软件开发室","2","3","系统软件开发所 主页 / 1、科室空间 / 平台软件开发室","其他","2023-11-15 11:11:39","孙永瑞","否","http://dmtks.hisense.com/pages/viewpage.action?pageId=4489406"
"NXPTRJ","系统软件开发所","281049655","80450901","1、科室空间","系统架构开发室","2","4","系统软件开发所 主页 / 1、科室空间 / 系统架构开发室","设计与架构","2024-12-13 17:29:45","贾亚洲","否","http://dmtks.hisense.com/pages/viewpage.action?pageId=281049655"
"NXPTRJ","系统软件开发所","104106103","80449950","系统软件开发所 主页","2、创新预研","1","3","系统软件开发所 主页 / 2、创新预研","其他","2020-10-20 11:39:59","吴汉勇","否","http://dmtks.hisense.com/pages/viewpage.action?pageId=104106103"
"NXPTRJ","系统软件开发所","112823429","104106103","2、创新预研","2021技术规划调研活动","2","1","系统软件开发所 主页 / 2、创新预研 / 2021技术规划调研活动","其他","2021-01-18 18:10:56","李斌","否","http://dmtks.hisense.com/pages/viewpage.action?pageId=112823429"
"NXPTRJ","系统软件开发所","136910830","104106103","2、创新预研","9月创新成果中期汇报","2","2","系统软件开发所 主页 / 2、创新预研 / 9月创新成果中期汇报","其他","2021-09-08 13:53:11","付廷杰","否","http://dmtks.hisense.com/pages/viewpage.action?pageId=136910830"
"NXPTRJ","系统软件开发所","107774912","104106103","2、创新预研","CBB项目状态","2","3","系统软件开发所 主页 / 2、创新预研 / CBB项目状态","项目管理","2021-04-12 17:00:48","孙永瑞","否","http://dmtks.hisense.com/pages/viewpage.action?pageId=107774912"
"NXPTRJ","系统软件开发所","80450907","104106103","2、创新预研","专利提案管理","2","4","系统软件开发所 主页 / 2、创新预研 / 专利提案管理","项目管理","2021-09-16 09:34:11","张瑞吉","否","http://dmtks.hisense.com/pages/viewpage.action?pageId=80450907"
"NXPTRJ","系统软件开发所","81137776","104106103","2、创新预研","研发中心创新成果","2","5","系统软件开发所 主页 / 2、创新预研 / 研发中心创新成果","其他","2021-04-06 12:18:08","吴汉勇","否","http://dmtks.hisense.com/pages/viewpage.action?pageId=81137776"
"NXPTRJ","系统软件开发所","141859491","104106103","2、创新预研","研发中心微创新","2","6","系统软件开发所 主页 / 2、创新预研 / 研发中心微创新","其他","2022-01-19 16:59:51","贾亚洲","否","http://dmtks.hisense.com/pages/viewpage.action?pageId=141859491"
"NXPTRJ","系统软件开发所","163258018","104106103","2、创新预研","自动化持续集成-平台驱动","2","7","系统软件开发所 主页 / 2、创新预研 / 自动化持续集成-平台驱动","设计与架构","2022-07-08 09:54:45","贾亚洲","否","http://dmtks.hisense.com/pages/viewpage.action?pageId=163258018"
"NXPTRJ","系统软件开发所","112133889","104106103","2、创新预研","走出去，看世界","2","8","系统软件开发所 主页 / 2、创新预研 / 走出去，看世界","其他","2022-03-01 10:46:33","贾亚洲","否","http://dmtks.hisense.com/pages/viewpage.action?pageId=112133889"
"NXPTRJ","系统软件开发所","154207950","104106103","2、创新预研","集团创新展-一屏触控（屏幕流转）-AWE2022","2","9","系统软件开发所 主页 / 2、创新预研 / 集团创新展-一屏触控（屏幕流转）-AWE2022","其他","2022-02-15 14:48:46","贾亚洲","否","http://dmtks.hisense.com/pages/viewpage.action?pageId=154207950"
"NXPTRJ","系统软件开发所","153426780","104106103","2、创新预研","集团创新展-一屏触控（屏幕流转）-二期","2","10","系统软件开发所 主页 / 2、创新预研 / 集团创新展-一屏触控（屏幕流转）-二期","其他","2022-04-12 10:56:16","贾亚洲","否","http://dmtks.hisense.com/pages/viewpage.action?pageId=153426780"
"NXPTRJ","系统软件开发所","80450913","104106103","2、创新预研","集团创新提案管理","2","11","系统软件开发所 主页 / 2、创新预研 / 集团创新提案管理","项目管理","2022-03-07 10:50:12","吴汉勇","否","http://dmtks.hisense.com/pages/viewpage.action?pageId=80450913"
"NXPTRJ","系统软件开发所","80450911","104106103","2、创新预研","预研项目管理","2","12","系统软件开发所 主页 / 2、创新预研 / 预研项目管理","项目管理","2020-11-17 17:38:35","贾亚洲","否","http://dmtks.hisense.com/pages/viewpage.action?pageId=80450911"
"NXPTRJ","系统软件开发所","80450897","80449950","系统软件开发所 主页","3、流程及标准","1","4","系统软件开发所 主页 / 3、流程及标准","规范与流程","2024-01-24 15:32:13","冯美美","否","http://dmtks.hisense.com/pages/viewpage.action?pageId=80450897"
"NXPTRJ","系统软件开发所","100766587","80450897","3、流程及标准","性能编程规范","2","1","系统软件开发所 主页 / 3、流程及标准 / 性能编程规范","规范与流程","2020-09-17 11:01:05","初德进","否","http://dmtks.hisense.com/pages/viewpage.action?pageId=100766587"
"NXPTRJ","系统软件开发所","87853701","80450897","3、流程及标准","文件列表","2","2","系统软件开发所 主页 / 3、流程及标准 / 文件列表","规范与流程","2020-05-06 16:40:12","未知用户 (wangyungang)","否","http://dmtks.hisense.com/pages/viewpage.action?pageId=87853701"
"NXPTRJ","系统软件开发所","102110273","80450897","3、流程及标准","样机管理","2","3","系统软件开发所 主页 / 3、流程及标准 / 样机管理","规范与流程","2021-03-03 13:58:44","吴汉勇","否","http://dmtks.hisense.com/pages/viewpage.action?pageId=102110273"
"NXPTRJ","系统软件开发所","97196872","80450897","3、流程及标准","流程索引","2","4","系统软件开发所 主页 / 3、流程及标准 / 流程索引","规范与流程","2020-09-22 11:18:50","吴汉勇","否","http://dmtks.hisense.com/pages/viewpage.action?pageId=97196872"
"NXPTRJ","系统软件开发所","110701948","80450897","3、流程及标准","20. 绩效评定","2","5","系统软件开发所 主页 / 3、流程及标准 / 20. 绩效评定","规范与流程","2021-04-13 15:41:54","吴汉勇","否","http://dmtks.hisense.com/pages/viewpage.action?pageId=110701948"
"NXPTRJ","系统软件开发所","180262886","80450897","3、流程及标准","静态代码扫描Tscancode和SonarQube扫描及问题处理流程","2","6","系统软件开发所 主页 / 3、流程及标准 / 静态代码扫描Tscancode和SonarQube扫描及问题处理流程","问题与复盘","2022-09-20 09:53:02","贾亚洲","否","http://dmtks.hisense.com/pages/viewpage.action?pageId=180262886"
"NXPTRJ","系统软件开发所","65176075","80450897","3、流程及标准","JIRA问题处理规范","2","7","系统软件开发所 主页 / 3、流程及标准 / JIRA问题处理规范","问题与复盘","2019-09-02 11:30:39","贾亚洲","否","http://dmtks.hisense.com/pages/viewpage.action?pageId=65176075"
"NXPTRJ","系统软件开发所","80450904","80449950","系统软件开发所 主页","4、能力提升","1","5","系统软件开发所 主页 / 4、能力提升","其他","2020-10-20 11:46:06","吴汉勇","否","http://dmtks.hisense.com/pages/viewpage.action?pageId=80450904"
"NXPTRJ","系统软件开发所","81137763","80450904","4、能力提升","2020平台所培训计划","2","1","系统软件开发所 主页 / 4、能力提升 / 2020平台所培训计划","版本与计划","2021-01-26 09:13:02","张瑞吉","否","http://dmtks.hisense.com/pages/viewpage.action?pageId=81137763"
"NXPTRJ","系统软件开发所","114198651","80450904","4、能力提升","2021内销平台所培训信息记录","2","2","系统软件开发所 主页 / 4、能力提升 / 2021内销平台所培训信息记录","培训与知识","2021-10-29 17:18:40","岳国华","否","http://dmtks.hisense.com/pages/viewpage.action?pageId=114198651"
"NXPTRJ","系统软件开发所","114198525","80450904","4、能力提升","2021内销平台软件所培训需求","2","3","系统软件开发所 主页 / 4、能力提升 / 2021内销平台软件所培训需求","需求与功能","2021-04-12 10:00:30","修建竹","否","http://dmtks.hisense.com/pages/viewpage.action?pageId=114198525"
"NXPTRJ","系统软件开发所","127609011","80450904","4、能力提升","2021平台所各科室培训计划","2","4","系统软件开发所 主页 / 4、能力提升 / 2021平台所各科室培训计划","版本与计划","2021-11-19 09:50:39","未知用户 (chenchunxiao)","否","http://dmtks.hisense.com/pages/viewpage.action?pageId=127609011"
"NXPTRJ","系统软件开发所","123245405","80450904","4、能力提升","2021编码规范考试名单统计","2","5","系统软件开发所 主页 / 4、能力提升 / 2021编码规范考试名单统计","规范与流程","2021-05-01 16:24:39","未知用户 (xietingfu)","否","http://dmtks.hisense.com/pages/viewpage.action?pageId=123245405"
"NXPTRJ","系统软件开发所","178588181","80450904","4、能力提升","2022平台所基础业务培训安排","2","6","系统软件开发所 主页 / 4、能力提升 / 2022平台所基础业务培训安排","培训与知识","2022-09-27 15:23:44","董娜","否","http://dmtks.hisense.com/pages/viewpage.action?pageId=178588181"
"NXPTRJ","系统软件开发所","152310341","80450904","4、能力提升","2022年培训信息及资料管理","2","7","系统软件开发所 主页 / 4、能力提升 / 2022年培训信息及资料管理","培训与知识","2022-02-10 11:45:52","未知用户 (liujunxiu)","否","http://dmtks.hisense.com/pages/viewpage.action?pageId=152310341"
"NXPTRJ","系统软件开发所","224659918","80450904","4、能力提升","2024年各科室培训计划","2","8","系统软件开发所 主页 / 4、能力提升 / 2024年各科室培训计划","版本与计划","2023-11-21 15:36:27","张亚芹","否","http://dmtks.hisense.com/pages/viewpage.action?pageId=224659918"
"NXPTRJ","系统软件开发所","281035101","80450904","4、能力提升","2025年培训计划","2","9","系统软件开发所 主页 / 4、能力提升 / 2025年培训计划","版本与计划","2025-01-17 18:00:08","岳国华","否","http://dmtks.hisense.com/pages/viewpage.action?pageId=281035101"
"NXPTRJ","系统软件开发所","48169205","80450904","4、能力提升","内销中间件开发室-","2","10","系统软件开发所 主页 / 4、能力提升 / 内销中间件开发室-","其他","2020-02-24 15:17:56","未知用户 (lihuijuan)","否","http://dmtks.hisense.com/pages/viewpage.action?pageId=48169205"
"NXPTRJ","系统软件开发所","118953296","80450904","4、能力提升","培训资料整理汇总","2","11","系统软件开发所 主页 / 4、能力提升 / 培训资料整理汇总","培训与知识","2021-03-17 10:43:23","李斌","否","http://dmtks.hisense.com/pages/viewpage.action?pageId=118953296"
"NXPTRJ","系统软件开发所","113484137","80450904","4、能力提升","声音Team","2","12","系统软件开发所 主页 / 4、能力提升 / 声音Team","其他","2021-01-22 14:29:15","孙永瑞","否","http://dmtks.hisense.com/pages/viewpage.action?pageId=113484137"
"NXPTRJ","系统软件开发所","180272418","80450904","4、能力提升","新员工培训课表2022","2","13","系统软件开发所 主页 / 4、能力提升 / 新员工培训课表2022","培训与知识","2023-09-18 12:02:57","张智勇","否","http://dmtks.hisense.com/pages/viewpage.action?pageId=180272418"
"NXPTRJ","系统软件开发所","110002883","80450904","4、能力提升","线下编码活动","2","14","系统软件开发所 主页 / 4、能力提升 / 线下编码活动","其他","2020-12-14 13:54:18","黄玖法","否","http://dmtks.hisense.com/pages/viewpage.action?pageId=110002883"
"NXPTRJ","系统软件开发所","101422057","80450904","4、能力提升","英语活动","2","15","系统软件开发所 主页 / 4、能力提升 / 英语活动","其他","2020-09-23 18:12:04","吴汉勇","否","http://dmtks.hisense.com/pages/viewpage.action?pageId=101422057"
"NXPTRJ","系统软件开发所","104106109","80449950","系统软件开发所 主页","5、技术资料","1","6","系统软件开发所 主页 / 5、技术资料","其他","2020-10-20 11:46:43","吴汉勇","否","http://dmtks.hisense.com/pages/viewpage.action?pageId=104106109"
"NXPTRJ","系统软件开发所","118954346","104106109","5、技术资料","0. Hisense Platform Architecture","2","1","系统软件开发所 主页 / 5、技术资料 / 0. Hisense Platform Architecture","设计与架构","2021-04-29 13:38:05","吴汉勇","否","http://dmtks.hisense.com/display/NXPTRJ/0.+Hisense+Platform+Architecture"
"NXPTRJ","系统软件开发所","139074256","104106109","5、技术资料","1. 多设备互联方向","2","2","系统软件开发所 主页 / 5、技术资料 / 1. 多设备互联方向","其他","2021-09-30 18:45:34","吴汉勇","否","http://dmtks.hisense.com/pages/viewpage.action?pageId=139074256"
"NXPTRJ","系统软件开发所","252860335","104106109","5、技术资料","10 TVS AIVS Porting","2","3","系统软件开发所 主页 / 5、技术资料 / 10 TVS AIVS Porting","其他","2024-07-18 09:56:03","徐磊","否","http://dmtks.hisense.com/display/NXPTRJ/10+TVS+AIVS+Porting"
"NXPTRJ","系统软件开发所","144249599","104106109","5、技术资料","2. 重点方向数据及竞品分析2022","2","4","系统软件开发所 主页 / 5、技术资料 / 2. 重点方向数据及竞品分析2022","问题与复盘","2022-01-20 10:03:31","贾亚洲","否","http://dmtks.hisense.com/pages/viewpage.action?pageId=144249599"
"NXPTRJ","系统软件开发所","150746622","104106109","5、技术资料","3. 聚好看云平台接口使用","2","5","系统软件开发所 主页 / 5、技术资料 / 3. 聚好看云平台接口使用","设计与架构","2022-01-20 09:59:45","贾亚洲","否","http://dmtks.hisense.com/pages/viewpage.action?pageId=150746622"
"NXPTRJ","系统软件开发所","90937115","104106109","5、技术资料","7.统计大数据","2","6","系统软件开发所 主页 / 5、技术资料 / 7.统计大数据","数据与质量","2022-01-20 10:00:25","贾亚洲","否","http://dmtks.hisense.com/pages/viewpage.action?pageId=90937115"
"NXPTRJ","系统软件开发所","110007123","104106109","5、技术资料","8.新员工技术指南","2","7","系统软件开发所 主页 / 5、技术资料 / 8.新员工技术指南","规范与流程","2022-01-20 10:00:00","贾亚洲","否","http://dmtks.hisense.com/pages/viewpage.action?pageId=110007123"
"NXPTRJ","系统软件开发所","223773174","104106109","5、技术资料","9. 激光几何拼接-边缘融合(warping-blending)","2","8","系统软件开发所 主页 / 5、技术资料 / 9. 激光几何拼接-边缘融合(warping-blending)","其他","2023-10-31 15:22:57","付廷杰","否","http://dmtks.hisense.com/pages/viewpage.action?pageId=223773174"
"NXPTRJ","系统软件开发所","185285027","104106109","5、技术资料","sdk信息统计","2","9","系统软件开发所 主页 / 5、技术资料 / sdk信息统计","设计与架构","2022-11-04 17:32:26","未知用户 (gaowenwen1)","否","http://dmtks.hisense.com/pages/viewpage.action?pageId=185285027"
"NXPTRJ","系统软件开发所","80450917","104106109","5、技术资料","模块技术资料","2","10","系统软件开发所 主页 / 5、技术资料 / 模块技术资料","其他","2020-02-20 15:34:24","初德进","否","http://dmtks.hisense.com/pages/viewpage.action?pageId=80450917"
"NXPTRJ","系统软件开发所","104106113","80449950","系统软件开发所 主页","6、信息统计","1","7","系统软件开发所 主页 / 6、信息统计","数据与质量","2020-10-20 11:48:24","吴汉勇","否","http://dmtks.hisense.com/pages/viewpage.action?pageId=104106113"
"NXPTRJ","系统软件开发所","103421882","104106113","6、信息统计","2021年低值易耗及固定资产采购申请汇总","2","1","系统软件开发所 主页 / 6、信息统计 / 2021年低值易耗及固定资产采购申请汇总","数据与质量","2021-07-06 15:14:22","张晓军","否","http://dmtks.hisense.com/pages/viewpage.action?pageId=103421882"
"NXPTRJ","系统软件开发所","141853764","104106113","6、信息统计","2022 固定资产采购需求","2","2","系统软件开发所 主页 / 6、信息统计 / 2022 固定资产采购需求","需求与功能","2021-10-26 14:44:01","贾亚洲","否","http://dmtks.hisense.com/pages/viewpage.action?pageId=141853764"
"NXPTRJ","系统软件开发所","141856241","104106113","6、信息统计","2022年开发云扩容需求","2","3","系统软件开发所 主页 / 6、信息统计 / 2022年开发云扩容需求","需求与功能","2021-10-26 16:32:04","张瑞吉","否","http://dmtks.hisense.com/pages/viewpage.action?pageId=141856241"
"NXPTRJ","系统软件开发所","219559249","104106113","6、信息统计","2023中秋节福利发放信息统计","2","4","系统软件开发所 主页 / 6、信息统计 / 2023中秋节福利发放信息统计","数据与质量","2023-08-18 13:50:38","未知用户 (wangchaojie)","否","http://dmtks.hisense.com/pages/viewpage.action?pageId=219559249"
"NXPTRJ","系统软件开发所","194349426","104106113","6、信息统计","2023年A311D2云平台需求统计","2","5","系统软件开发所 主页 / 6、信息统计 / 2023年A311D2云平台需求统计","需求与功能","2023-01-11 14:06:42","高伟","否","http://dmtks.hisense.com/pages/viewpage.action?pageId=194349426"
"NXPTRJ","系统软件开发所","208217174","104106113","6、信息统计","2023年工会会员信息采集","2","6","系统软件开发所 主页 / 6、信息统计 / 2023年工会会员信息采集","数据与质量","2023-04-12 13:58:16","马会会","否","http://dmtks.hisense.com/pages/viewpage.action?pageId=208217174"
"NXPTRJ","系统软件开发所","194356877","104106113","6、信息统计","2023年春节假期去向统计","2","7","系统软件开发所 主页 / 6、信息统计 / 2023年春节假期去向统计","数据与质量","2023-01-18 13:48:17","吴汉勇","否","http://dmtks.hisense.com/pages/viewpage.action?pageId=194356877"
"NXPTRJ","系统软件开发所","194349865","104106113","6、信息统计","2023春节福利购物卡发放（手机号码统计）","2","8","系统软件开发所 主页 / 6、信息统计 / 2023春节福利购物卡发放（手机号码统计）","数据与质量","2023-01-12 11:14:43","宋林","否","http://dmtks.hisense.com/pages/viewpage.action?pageId=194349865"
"NXPTRJ","系统软件开发所","221856563","104106113","6、信息统计","2024-固定资产购置计划（含低值易耗）","2","9","系统软件开发所 主页 / 6、信息统计 / 2024-固定资产购置计划（含低值易耗）","版本与计划","2023-09-22 19:28:50","杨丽娟","否","http://dmtks.hisense.com/pages/viewpage.action?pageId=221856563"
"NXPTRJ","系统软件开发所","229102043","104106113","6、信息统计","20240101-20240131","2","10","系统软件开发所 主页 / 6、信息统计 / 20240101-20240131","数据与质量","2024-01-31 09:29:08","孟昊","否","http://dmtks.hisense.com/display/NXPTRJ/20240101-20240131"
"NXPTRJ","系统软件开发所","229107427","104106113","6、信息统计","20240201-20240229","2","11","系统软件开发所 主页 / 6、信息统计 / 20240201-20240229","数据与质量","2024-02-01 10:11:44","孟昊","否","http://dmtks.hisense.com/display/NXPTRJ/20240201-20240229"
"NXPTRJ","系统软件开发所","259425666","104106113","6、信息统计","2024中秋节福利统计","2","12","系统软件开发所 主页 / 6、信息统计 / 2024中秋节福利统计","数据与质量","2024-08-14 16:43:33","戚咏洁","否","http://dmtks.hisense.com/pages/viewpage.action?pageId=259425666"
"NXPTRJ","系统软件开发所","231848694","104106113","6、信息统计","2024年 研发支撑综合防火墙指标","2","13","系统软件开发所 主页 / 6、信息统计 / 2024年 研发支撑综合防火墙指标","数据与质量","2024-12-13 08:56:01","孟昊","否","http://dmtks.hisense.com/pages/viewpage.action?pageId=231848694"
"NXPTRJ","系统软件开发所","229415155","104106113","6、信息统计","2024年春节假期去向统计","2","14","系统软件开发所 主页 / 6、信息统计 / 2024年春节假期去向统计","数据与质量","2024-02-05 14:10:29","刘爽","否","http://dmtks.hisense.com/pages/viewpage.action?pageId=229415155"
"NXPTRJ","系统软件开发所","227455296","104106113","6、信息统计","2024年春节副食品发放数量及明细收集","2","15","系统软件开发所 主页 / 6、信息统计 / 2024年春节副食品发放数量及明细收集","数据与质量","2024-01-17 19:27:18","未知用户 (liangwenshuang)","否","http://dmtks.hisense.com/pages/viewpage.action?pageId=227455296"
"NXPTRJ","系统软件开发所","288459952","104106113","6、信息统计","2025年 研发支撑综合防火墙指标","2","16","系统软件开发所 主页 / 6、信息统计 / 2025年 研发支撑综合防火墙指标","数据与质量","2025-01-24 09:15:35","孟昊","否","http://dmtks.hisense.com/pages/viewpage.action?pageId=288459952"
"NXPTRJ","系统软件开发所","287601838","104106113","6、信息统计","2025春节假期去向","2","17","系统软件开发所 主页 / 6、信息统计 / 2025春节假期去向","数据与质量","2025-01-23 18:44:58","刘晋","否","http://dmtks.hisense.com/pages/viewpage.action?pageId=287601838"
"NXPTRJ","系统软件开发所","281034109","104106113","6、信息统计","2025春节福利统计","2","18","系统软件开发所 主页 / 6、信息统计 / 2025春节福利统计","数据与质量","2025-01-13 16:12:00","周晓磊","否","http://dmtks.hisense.com/pages/viewpage.action?pageId=281034109"
"NXPTRJ","系统软件开发所","177868573","104106113","6、信息统计","5S检查","2","19","系统软件开发所 主页 / 6、信息统计 / 5S检查","数据与质量","2022-12-19 09:46:52","未知用户 (xudongjie)","否","http://dmtks.hisense.com/pages/viewpage.action?pageId=177868573"
"NXPTRJ","系统软件开发所","140348162","104106113","6、信息统计","去黄岛队伍","2","20","系统软件开发所 主页 / 6、信息统计 / 去黄岛队伍","数据与质量","2023-09-04 11:00:27","何营昊","否","http://dmtks.hisense.com/pages/viewpage.action?pageId=140348162"
"NXPTRJ","系统软件开发所","223778909","104106113","6、信息统计","安全保密常识","2","21","系统软件开发所 主页 / 6、信息统计 / 安全保密常识","数据与质量","2023-11-02 09:24:42","孟昊","否","http://dmtks.hisense.com/pages/viewpage.action?pageId=223778909"
"NXPTRJ","系统软件开发所","204751998","104106113","6、信息统计","安卓平台软件所U盘编号统计","2","22","系统软件开发所 主页 / 6、信息统计 / 安卓平台软件所U盘编号统计","数据与质量","2025-12-16 16:39:39","李永钰","否","http://dmtks.hisense.com/pages/viewpage.action?pageId=204751998"
"NXPTRJ","系统软件开发所","219566847","104106113","6、信息统计","安卓平台软件所云外代码开发备案","2","23","系统软件开发所 主页 / 6、信息统计 / 安卓平台软件所云外代码开发备案","数据与质量","2024-12-09 17:10:17","李斌","否","http://dmtks.hisense.com/pages/viewpage.action?pageId=219566847"
"NXPTRJ","系统软件开发所","219972144","104106113","6、信息统计","安卓平台软件所无线路由器等外接设备备案表","2","24","系统软件开发所 主页 / 6、信息统计 / 安卓平台软件所无线路由器等外接设备备案表","数据与质量","2023-12-12 13:57:34","卢平光","否","http://dmtks.hisense.com/pages/viewpage.action?pageId=219972144"
"NXPTRJ","系统软件开发所","250615185","104106113","6、信息统计","安卓平台软件所电脑外设连接申请","2","25","系统软件开发所 主页 / 6、信息统计 / 安卓平台软件所电脑外设连接申请","数据与质量","2024-08-20 13:48:41","邢芳","否","http://dmtks.hisense.com/pages/viewpage.action?pageId=250615185"
"NXPTRJ","系统软件开发所","207394719","104106113","6、信息统计","平台所特殊电脑登记","2","26","系统软件开发所 主页 / 6、信息统计 / 平台所特殊电脑登记","数据与质量","2024-11-18 10:04:43","孟昊","否","http://dmtks.hisense.com/pages/viewpage.action?pageId=207394719"
"NXPTRJ","系统软件开发所","205693029","104106113","6、信息统计","平台软件所公共/测试电脑登记","2","27","系统软件开发所 主页 / 6、信息统计 / 平台软件所公共/测试电脑登记","测试与验证","2024-08-23 17:27:35","祝欣培","否","http://dmtks.hisense.com/pages/viewpage.action?pageId=205693029"
"NXPTRJ","系统软件开发所","220333312","104106113","6、信息统计","掌握急救方法名单统计","2","28","系统软件开发所 主页 / 6、信息统计 / 掌握急救方法名单统计","数据与质量","2024-02-01 17:15:14","刘芳","否","http://dmtks.hisense.com/pages/viewpage.action?pageId=220333312"
"NXPTRJ","系统软件开发所","216912007","104106113","6、信息统计","服务器资源临时整合","2","29","系统软件开发所 主页 / 6、信息统计 / 服务器资源临时整合","数据与质量","2023-07-04 13:43:17","丁国耀","否","http://dmtks.hisense.com/pages/viewpage.action?pageId=216912007"
"NXPTRJ","系统软件开发所","154936191","104106113","6、信息统计","涉密打印文件要求&统计","2","30","系统软件开发所 主页 / 6、信息统计 / 涉密打印文件要求&统计","数据与质量","2025-05-08 17:35:17","邢芳","否","http://dmtks.hisense.com/pages/viewpage.action?pageId=154936191"
"NXPTRJ","系统软件开发所","291496603","104106113","6、信息统计","编码时长占比统计","2","31","系统软件开发所 主页 / 6、信息统计 / 编码时长占比统计","数据与质量","2025-03-28 18:14:45","李永钰","否","http://dmtks.hisense.com/pages/viewpage.action?pageId=291496603"
"NXPTRJ","系统软件开发所","140353664","104106113","6、信息统计","费用统计","2","32","系统软件开发所 主页 / 6、信息统计 / 费用统计","数据与质量","2021-10-14 20:33:06","付廷杰","否","http://dmtks.hisense.com/pages/viewpage.action?pageId=140353664"
"NXPTRJ","系统软件开发所","295891010","104106113","6、信息统计","通义灵码切换登记","2","33","系统软件开发所 主页 / 6、信息统计 / 通义灵码切换登记","数据与质量","2025-04-16 20:57:00","于新磊","否","http://dmtks.hisense.com/pages/viewpage.action?pageId=295891010"
"NXPTRJ","系统软件开发所","250623256","104106113","6、信息统计","长焦幕布数据储备信息统计","2","34","系统软件开发所 主页 / 6、信息统计 / 长焦幕布数据储备信息统计","数据与质量","2024-07-03 15:21:45","吴汉勇","否","http://dmtks.hisense.com/pages/viewpage.action?pageId=250623256"
"NXPTRJ","系统软件开发所","157190966","104106113","6、信息统计","防疫相关信息统计","2","35","系统软件开发所 主页 / 6、信息统计 / 防疫相关信息统计","数据与质量","2022-03-14 15:07:07","吴汉勇","否","http://dmtks.hisense.com/pages/viewpage.action?pageId=157190966"
"NXPTRJ","系统软件开发所","154930000","104106113","6、信息统计","集团抽检","2","36","系统软件开发所 主页 / 6、信息统计 / 集团抽检","数据与质量","2025-05-20 18:00:37","张安祺","否","http://dmtks.hisense.com/pages/viewpage.action?pageId=154930000"
"NXPTRJ","系统软件开发所","144252492","80449950","系统软件开发所 主页","7、年度规划","1","8","系统软件开发所 主页 / 7、年度规划","其他","2021-11-18 11:02:27","吴汉勇","否","http://dmtks.hisense.com/pages/viewpage.action?pageId=144252492"
"NXPTRJ","系统软件开发所","112825633","144252492","7、年度规划","2021年内销平台软件所管理&技术大事跟踪","2","1","系统软件开发所 主页 / 7、年度规划 / 2021年内销平台软件所管理&技术大事跟踪","项目管理","2021-06-11 10:45:41","张瑞吉","否","http://dmtks.hisense.com/pages/viewpage.action?pageId=112825633"
"NXPTRJ","系统软件开发所","144252500","144252492","7、年度规划","2022年规划及跟踪","2","2","系统软件开发所 主页 / 7、年度规划 / 2022年规划及跟踪","其他","2021-12-07 16:12:19","吴汉勇","否","http://dmtks.hisense.com/pages/viewpage.action?pageId=144252500"
"NXPTRJ","系统软件开发所","242018237","144252492","7、年度规划","2024年规划","2","3","系统软件开发所 主页 / 7、年度规划 / 2024年规划","其他","2024-05-29 14:08:21","王强","否","http://dmtks.hisense.com/pages/viewpage.action?pageId=242018237"
"NXPTRJ","系统软件开发所","289948307","144252492","7、年度规划","2025年规划及跟踪","2","4","系统软件开发所 主页 / 7、年度规划 / 2025年规划及跟踪","其他","2025-02-15 14:39:07","于清晓","否","http://dmtks.hisense.com/pages/viewpage.action?pageId=289948307"
"NXPTRJ","系统软件开发所","98602859","80449950","系统软件开发所 主页","部门知识库","1","9","系统软件开发所 主页 / 部门知识库","其他","2020-08-26 16:31:06","李艳平","否","http://dmtks.hisense.com/pages/viewpage.action?pageId=98602859"
"NXPTRJ","系统软件开发所","98602862","98602859","部门知识库","内销中间件开发室知识库","2","1","系统软件开发所 主页 / 部门知识库 / 内销中间件开发室知识库","其他","2020-09-17 14:18:16","唐高明","否","http://dmtks.hisense.com/pages/viewpage.action?pageId=98602862"
"NXPTRJ","系统软件开发所","98602866","98602859","部门知识库","内销多媒体协议开发室知识库","2","2","系统软件开发所 主页 / 部门知识库 / 内销多媒体协议开发室知识库","其他","2020-10-10 10:26:48","李斌","否","http://dmtks.hisense.com/pages/viewpage.action?pageId=98602866"
"NXPTRJ","系统软件开发所","157979156","98602859","部门知识库","平台调试方式2022","2","3","系统软件开发所 主页 / 部门知识库 / 平台调试方式2022","其他","2025-04-18 14:18:28","贾亚洲","否","http://dmtks.hisense.com/pages/viewpage.action?pageId=157979156"
"NXPTRJ","系统软件开发所","156478703","98602859","部门知识库","知识分类","2","4","系统软件开发所 主页 / 部门知识库 / 知识分类","其他","2022-03-28 16:22:36","吴汉勇","否","http://dmtks.hisense.com/pages/viewpage.action?pageId=156478703"
"NXPTRJ","系统软件开发所","215813566","98602859","部门知识库","编码基础知识点","2","5","系统软件开发所 主页 / 部门知识库 / 编码基础知识点","其他","2023-08-01 10:10:08","陈先义","否","http://dmtks.hisense.com/pages/viewpage.action?pageId=215813566"
"NXPTRJ","系统软件开发所","171420887","98602859","部门知识库","试题库","2","6","系统软件开发所 主页 / 部门知识库 / 试题库","其他","2022-07-14 22:02:47","纪开虎","否","http://dmtks.hisense.com/pages/viewpage.action?pageId=171420887"
"NXPTRJ","系统软件开发所","99320748","80449950","系统软件开发所 主页","平台所表扬项","1","10","系统软件开发所 主页 / 平台所表扬项","其他","2021-09-08 10:00:11","初德进","否","http://dmtks.hisense.com/pages/viewpage.action?pageId=99320748"
"NXPTRJ","系统软件开发所","177868049","99320748","平台所表扬项","01. ""以专业致未来"" 集词条活动","2","1","系统软件开发所 主页 / 平台所表扬项 / 01. ""以专业致未来"" 集词条活动","其他","2023-01-18 18:11:11","祝欣培","否","http://dmtks.hisense.com/pages/viewpage.action?pageId=177868049"
"NXPTRJ","系统软件开发所","104793305","80449950","系统软件开发所 主页","指导文章","1","11","系统软件开发所 主页 / 指导文章","其他","2020-10-26 16:39:10","未知用户 (zhangrenyi)","否","http://dmtks.hisense.com/pages/viewpage.action?pageId=104793305"
"NXPTRJ","系统软件开发所","104799964","80449950","系统软件开发所 主页","任职资格认证材料","1","12","系统软件开发所 主页 / 任职资格认证材料","培训与知识","2023-09-25 15:53:03","张瑞吉","否","http://dmtks.hisense.com/pages/viewpage.action?pageId=104799964"
"NXPTRJ","系统软件开发所","112822645","80449950","系统软件开发所 主页","招聘","1","13","系统软件开发所 主页 / 招聘","其他","2022-07-19 09:32:36","李斌","否","http://dmtks.hisense.com/pages/viewpage.action?pageId=112822645"
"NXPTRJ","系统软件开发所","171412592","112822645","招聘","JD","2","1","系统软件开发所 主页 / 招聘 / JD","其他","2026-02-28 12:21:39","贾亚洲","否","http://dmtks.hisense.com/display/NXPTRJ/JD"
"NXPTRJ","系统软件开发所","154218811","112822645","招聘","招聘日历","2","2","系统软件开发所 主页 / 招聘 / 招聘日历","其他","2022-02-18 10:12:13","吴汉勇","否","http://dmtks.hisense.com/pages/viewpage.action?pageId=154218811"
"NXPTRJ","系统软件开发所","213437044","80449950","系统软件开发所 主页","Graphviz Diagrams","1","14","系统软件开发所 主页 / Graphviz Diagrams","其他","2023-05-12 14:57:31","吴汉勇","否","http://dmtks.hisense.com/display/NXPTRJ/Graphviz+Diagrams"
"QDPTJSS","系统软件开发所666","13723344","","","系统软件开发所666 Home","0","1","系统软件开发所666 Home","其他","2025-11-18 13:38:16","冯美美","否","http://dmtks.hisense.com/pages/viewpage.action?pageId=13723344"
"QDPTJSS","系统软件开发所666","92934610","13723344","系统软件开发所666 Home","CBB管理","1","1","系统软件开发所666 Home / CBB管理","项目管理","2020-06-29 17:30:10","未知用户 (chengzhi)","否","http://dmtks.hisense.com/pages/viewpage.action?pageId=92934610"
"QDPTJSS","系统软件开发所666","92934622","92934610","CBB管理","CBB管理 - WIFI、BT","2","1","系统软件开发所666 Home / CBB管理 / CBB管理 - WIFI、BT","项目管理","2021-01-06 17:38:32","未知用户 (juweiming)","否","http://dmtks.hisense.com/pages/viewpage.action?pageId=92934622"
"QDPTJSS","系统软件开发所666","157986154","13723344","系统软件开发所666 Home","CI 20220324","1","2","系统软件开发所666 Home / CI 20220324","其他","2022-03-24 16:57:10","李燕芬","否","http://dmtks.hisense.com/display/QDPTJSS/CI+20220324"
"QDPTJSS","系统软件开发所666","225853578","13723344","系统软件开发所666 Home","SmartCoder - 智慧码农","1","3","系统软件开发所666 Home / SmartCoder - 智慧码农","其他","2024-03-01 17:51:54","曹圆圆","否","http://dmtks.hisense.com/pages/viewpage.action?pageId=225853578"
"QDPTJSS","系统软件开发所666","228354520","225853578","SmartCoder - 智慧码农","0. 自动化压测专题","2","1","系统软件开发所666 Home / SmartCoder - 智慧码农 / 0. 自动化压测专题","其他","2024-01-16 20:44:01","曹圆圆","否","http://dmtks.hisense.com/pages/viewpage.action?pageId=228354520"
"QDPTJSS","系统软件开发所666","228354526","225853578","SmartCoder - 智慧码农","1. 开发提效专题","2","2","系统软件开发所666 Home / SmartCoder - 智慧码农 / 1. 开发提效专题","其他","2024-01-16 20:44:33","曹圆圆","否","http://dmtks.hisense.com/pages/viewpage.action?pageId=228354526"
"QDPTJSS","系统软件开发所666","228354522","225853578","SmartCoder - 智慧码农","2. 办公效率专题","2","3","系统软件开发所666 Home / SmartCoder - 智慧码农 / 2. 办公效率专题","其他","2024-03-11 10:39:36","丁达志","否","http://dmtks.hisense.com/pages/viewpage.action?pageId=228354522"
"QDPTJSS","系统软件开发所666","223292094","13723344","系统软件开发所666 Home","T963D4_POCSerial_userdebug","1","4","系统软件开发所666 Home / T963D4_POCSerial_userdebug","二维三维与图形模型","2023-10-24 16:50:05","未知用户 (lizhiguo1)","否","http://dmtks.hisense.com/display/QDPTJSS/T963D4_POCSerial_userdebug"
"QDPTJSS","系统软件开发所666","48169277","13723344","系统软件开发所666 Home","专利提案管理","1","5","系统软件开发所666 Home / 专利提案管理","项目管理","2019-03-04 10:31:00","初德进","否","http://dmtks.hisense.com/pages/viewpage.action?pageId=48169277"
"QDPTJSS","系统软件开发所666","48169281","48169277","专利提案管理","2019","2","1","系统软件开发所666 Home / 专利提案管理 / 2019","项目管理","2019-05-27 12:06:20","初德进","否","http://dmtks.hisense.com/display/QDPTJSS/2019"
"QDPTJSS","系统软件开发所666","80453421","48169277","专利提案管理","2020","2","2","系统软件开发所666 Home / 专利提案管理 / 2020","项目管理","2020-02-21 16:27:11","未知用户 (chengzhi)","否","http://dmtks.hisense.com/display/QDPTJSS/2020"
"QDPTJSS","系统软件开发所666","112137833","48169277","专利提案管理","2021","2","3","系统软件开发所666 Home / 专利提案管理 / 2021","项目管理","2021-06-03 15:06:34","未知用户 (juweiming)","否","http://dmtks.hisense.com/display/QDPTJSS/2021"
"QDPTJSS","系统软件开发所666","147823208","48169277","专利提案管理","2022","2","4","系统软件开发所666 Home / 专利提案管理 / 2022","项目管理","2022-09-23 19:11:14","邓子敬","否","http://dmtks.hisense.com/display/QDPTJSS/2022"
"QDPTJSS","系统软件开发所666","48169141","13723344","系统软件开发所666 Home","个人能力提升","1","6","系统软件开发所666 Home / 个人能力提升","其他","2023-10-09 10:42:14","王永清","否","http://dmtks.hisense.com/pages/viewpage.action?pageId=48169141"
"QDPTJSS","系统软件开发所666","116819860","48169141","个人能力提升","2021年提升计划","2","1","系统软件开发所666 Home / 个人能力提升 / 2021年提升计划","版本与计划","2021-02-22 17:55:24","未知用户 (juweiming)","否","http://dmtks.hisense.com/pages/viewpage.action?pageId=116819860"
"QDPTJSS","系统软件开发所666","224250419","48169141","个人能力提升","2023Q4-2024Q2 能力提升活动","2","2","系统软件开发所666 Home / 个人能力提升 / 2023Q4-2024Q2 能力提升活动","其他","2023-12-13 15:30:00","未知用户 (sunzizhi)","否","http://dmtks.hisense.com/pages/viewpage.action?pageId=224250419"
"QDPTJSS","系统软件开发所666","14719155","48169141","个人能力提升","Driver Key Techniques","2","3","系统软件开发所666 Home / 个人能力提升 / Driver Key Techniques","其他","2019-03-12 16:54:39","冯美美","否","http://dmtks.hisense.com/display/QDPTJSS/Driver+Key+Techniques"
"QDPTJSS","系统软件开发所666","162398632","48169141","个人能力提升","IDP个人提升计划","2","4","系统软件开发所666 Home / 个人能力提升 / IDP个人提升计划","版本与计划","2022-04-24 10:05:59","张智勇","否","http://dmtks.hisense.com/pages/viewpage.action?pageId=162398632"
"QDPTJSS","系统软件开发所666","48169203","48169141","个人能力提升","外设组","2","5","系统软件开发所666 Home / 个人能力提升 / 外设组","其他","2019-10-24 14:01:10","未知用户 (wangrenbin)","否","http://dmtks.hisense.com/pages/viewpage.action?pageId=48169203"
"QDPTJSS","系统软件开发所666","50137020","48169141","个人能力提升","学习标兵","2","6","系统软件开发所666 Home / 个人能力提升 / 学习标兵","培训与知识","2019-03-26 16:26:24","初德进","否","http://dmtks.hisense.com/pages/viewpage.action?pageId=50137020"
"QDPTJSS","系统软件开发所666","48169144","48169141","个人能力提升","系统组","2","7","系统软件开发所666 Home / 个人能力提升 / 系统组","其他","2019-11-27 11:45:26","未知用户 (wangshuangyou1)","否","http://dmtks.hisense.com/pages/viewpage.action?pageId=48169144"
"QDPTJSS","系统软件开发所666","222323579","48169141","个人能力提升","能力提升","2","8","系统软件开发所666 Home / 个人能力提升 / 能力提升","其他","2023-10-09 10:56:37","王永清","否","http://dmtks.hisense.com/pages/viewpage.action?pageId=222323579"
"QDPTJSS","系统软件开发所666","48169207","48169141","个人能力提升","配置管理组","2","9","系统软件开发所666 Home / 个人能力提升 / 配置管理组","项目管理","2019-11-27 15:32:01","逄瑞娟","否","http://dmtks.hisense.com/pages/viewpage.action?pageId=48169207"
"QDPTJSS","系统软件开发所666","13725631","13723344","系统软件开发所666 Home","交流与合作","1","7","系统软件开发所666 Home / 交流与合作","其他","2017-03-25 15:41:11","冯美美","否","http://dmtks.hisense.com/pages/viewpage.action?pageId=13725631"
"QDPTJSS","系统软件开发所666","13725632","13725631","交流与合作","个性化场景规划演示版项目","2","1","系统软件开发所666 Home / 交流与合作 / 个性化场景规划演示版项目","项目管理","2020-12-29 19:08:27","未知用户 (wangrenbin)","否","http://dmtks.hisense.com/pages/viewpage.action?pageId=13725632"
"QDPTJSS","系统软件开发所666","13725635","13725631","交流与合作","合作项目","2","2","系统软件开发所666 Home / 交流与合作 / 合作项目","项目管理","2017-03-25 15:41:12","冯美美","否","http://dmtks.hisense.com/pages/viewpage.action?pageId=13725635"
"QDPTJSS","系统软件开发所666","13725646","13725631","交流与合作","软件与UX设计合作交流区","2","3","系统软件开发所666 Home / 交流与合作 / 软件与UX设计合作交流区","设计与架构","2017-03-25 15:41:43","冯美美","否","http://dmtks.hisense.com/pages/viewpage.action?pageId=13725646"
"QDPTJSS","系统软件开发所666","49516394","13725631","交流与合作","Display_IDP","2","4","系统软件开发所666 Home / 交流与合作 / Display_IDP","其他","2019-03-21 15:19:28","未知用户 (chengzhi)","否","http://dmtks.hisense.com/display/QDPTJSS/Display_IDP"
"QDPTJSS","系统软件开发所666","104799954","13723344","系统软件开发所666 Home","任职资格认证材料","1","8","系统软件开发所666 Home / 任职资格认证材料","培训与知识","2022-03-16 18:13:46","李攀","否","http://dmtks.hisense.com/pages/viewpage.action?pageId=104799954"
"QDPTJSS","系统软件开发所666","250641164","104799954","任职资格认证材料","2024 年任职资格材料","2","1","系统软件开发所666 Home / 任职资格认证材料 / 2024 年任职资格材料","培训与知识","2024-07-08 18:35:46","周颖昕","否","http://dmtks.hisense.com/pages/viewpage.action?pageId=250641164"
"QDPTJSS","系统软件开发所666","48170503","13723344","系统软件开发所666 Home","创新提案管理","1","9","系统软件开发所666 Home / 创新提案管理","项目管理","2022-03-18 14:44:10","曹圆圆","否","http://dmtks.hisense.com/pages/viewpage.action?pageId=48170503"
"QDPTJSS","系统软件开发所666","48170506","48170503","创新提案管理","19年","2","1","系统软件开发所666 Home / 创新提案管理 / 19年","项目管理","2019-03-05 11:24:39","初德进","否","http://dmtks.hisense.com/pages/viewpage.action?pageId=48170506"
"QDPTJSS","系统软件开发所666","107055714","48170503","创新提案管理","2020创新提案","2","2","系统软件开发所666 Home / 创新提案管理 / 2020创新提案","项目管理","2020-11-17 14:08:01","未知用户 (chengzhi)","否","http://dmtks.hisense.com/pages/viewpage.action?pageId=107055714"
"QDPTJSS","系统软件开发所666","124715707","48170503","创新提案管理","2021年创新提案/成果","2","3","系统软件开发所666 Home / 创新提案管理 / 2021年创新提案/成果","项目管理","2021-12-14 11:41:13","曹圆圆","否","http://dmtks.hisense.com/pages/viewpage.action?pageId=124715707"
"QDPTJSS","系统软件开发所666","131145058","48170503","创新提案管理","2021年微创新提案","2","4","系统软件开发所666 Home / 创新提案管理 / 2021年微创新提案","项目管理","2021-07-19 11:24:27","邓子敬","否","http://dmtks.hisense.com/pages/viewpage.action?pageId=131145058"
"QDPTJSS","系统软件开发所666","157203948","48170503","创新提案管理","2022年创新成果、创新提案、微创新","2","5","系统软件开发所666 Home / 创新提案管理 / 2022年创新成果、创新提案、微创新","项目管理","2022-03-18 14:44:41","曹圆圆","否","http://dmtks.hisense.com/pages/viewpage.action?pageId=157203948"
"QDPTJSS","系统软件开发所666","13724997","13723344","系统软件开发所666 Home","培训相关","1","10","系统软件开发所666 Home / 培训相关","培训与知识","2017-03-25 15:35:02","冯美美","否","http://dmtks.hisense.com/pages/viewpage.action?pageId=13724997"
"QDPTJSS","系统软件开发所666","13724998","13724997","培训相关","本部门培训计划及课程","2","1","系统软件开发所666 Home / 培训相关 / 本部门培训计划及课程","版本与计划","2020-10-09 09:44:20","未知用户 (sunkaihong)","否","http://dmtks.hisense.com/pages/viewpage.action?pageId=13724998"
"QDPTJSS","系统软件开发所666","13725002","13724997","培训相关","培训资料","2","2","系统软件开发所666 Home / 培训相关 / 培训资料","培训与知识","2018-09-19 15:21:50","未知用户 (mengkai1)","否","http://dmtks.hisense.com/pages/viewpage.action?pageId=13725002"
"QDPTJSS","系统软件开发所666","13725009","13724997","培训相关","新员工培养","2","3","系统软件开发所666 Home / 培训相关 / 新员工培养","培训与知识","2019-04-26 16:00:40","未知用户 (chengzhi)","否","http://dmtks.hisense.com/pages/viewpage.action?pageId=13725009"
"QDPTJSS","系统软件开发所666","14718547","13724997","培训相关","其他部门培训课程及资料","2","4","系统软件开发所666 Home / 培训相关 / 其他部门培训课程及资料","培训与知识","2017-05-19 10:03:57","未知用户 (wangenjing)","否","http://dmtks.hisense.com/pages/viewpage.action?pageId=14718547"
"QDPTJSS","系统软件开发所666","48828297","13724997","培训相关","培训流程","2","5","系统软件开发所666 Home / 培训相关 / 培训流程","规范与流程","2023-03-02 21:19:07","曹圆圆","否","http://dmtks.hisense.com/pages/viewpage.action?pageId=48828297"
"QDPTJSS","系统软件开发所666","114199922","13724997","培训相关","公共技术软件所图案书馆计划","2","6","系统软件开发所666 Home / 培训相关 / 公共技术软件所图案书馆计划","版本与计划","2021-02-03 15:07:37","冯美美","否","http://dmtks.hisense.com/pages/viewpage.action?pageId=114199922"
"QDPTJSS","系统软件开发所666","223283255","13723344","系统软件开发所666 Home","学习地图","1","11","系统软件开发所666 Home / 学习地图","培训与知识","2023-10-20 17:00:07","曹圆圆","否","http://dmtks.hisense.com/pages/viewpage.action?pageId=223283255"
"QDPTJSS","系统软件开发所666","223283260","223283255","学习地图","0. 地图指引","2","1","系统软件开发所666 Home / 学习地图 / 0. 地图指引","培训与知识","2024-02-27 09:54:23","张智勇","否","http://dmtks.hisense.com/pages/viewpage.action?pageId=223283260"
"QDPTJSS","系统软件开发所666","223283822","223283255","学习地图","1. 通识库","2","2","系统软件开发所666 Home / 学习地图 / 1. 通识库","培训与知识","2023-11-07 18:50:45","曹圆圆","否","http://dmtks.hisense.com/pages/viewpage.action?pageId=223283822"
"QDPTJSS","系统软件开发所666","98602844","223283255","学习地图","2. 业务知识库","2","3","系统软件开发所666 Home / 学习地图 / 2. 业务知识库","培训与知识","2023-10-20 17:54:32","曹圆圆","否","http://dmtks.hisense.com/pages/viewpage.action?pageId=98602844"
"QDPTJSS","系统软件开发所666","233001688","13723344","系统软件开发所666 Home","已分享的链接","1","12","系统软件开发所666 Home / 已分享的链接","其他","2024-04-19 14:02:01","姜超","否","http://dmtks.hisense.com/pages/viewpage.action?pageId=233001688"
"QDPTJSS","系统软件开发所666","233001689","233001688","已分享的链接","Linux虚拟内存管理","2","1","系统软件开发所666 Home / 已分享的链接 / Linux虚拟内存管理","项目管理","2024-04-19 14:02:01","姜超","否","http://dmtks.hisense.com/pages/viewpage.action?pageId=233001689"
"QDPTJSS","系统软件开发所666","114922955","13723344","系统软件开发所666 Home","技术规划/技术调研","1","13","系统软件开发所666 Home / 技术规划/技术调研","其他","2024-01-04 13:52:09","王永清","否","http://dmtks.hisense.com/pages/viewpage.action?pageId=114922955"
"QDPTJSS","系统软件开发所666","110011253","114922955","技术规划/技术调研","07 - 无线技术","2","1","系统软件开发所666 Home / 技术规划/技术调研 / 07 - 无线技术","其他","2024-01-04 09:44:13","王永清","否","http://dmtks.hisense.com/pages/viewpage.action?pageId=110011253"
"QDPTJSS","系统软件开发所666","228333507","114922955","技术规划/技术调研","09 - Android版本更新","2","2","系统软件开发所666 Home / 技术规划/技术调研 / 09 - Android版本更新","版本与计划","2024-01-13 11:34:19","王永清","否","http://dmtks.hisense.com/pages/viewpage.action?pageId=228333507"
"QDPTJSS","系统软件开发所666","228763058","114922955","技术规划/技术调研","12 - Android补丁更新","2","3","系统软件开发所666 Home / 技术规划/技术调研 / 12 - Android补丁更新","其他","2024-03-12 13:59:13","王永清","否","http://dmtks.hisense.com/pages/viewpage.action?pageId=228763058"
"QDPTJSS","系统软件开发所666","229101382","114922955","技术规划/技术调研","13 - 标准","2","4","系统软件开发所666 Home / 技术规划/技术调研 / 13 - 标准","规范与流程","2024-03-12 13:59:31","王永清","否","http://dmtks.hisense.com/pages/viewpage.action?pageId=229101382"
"QDPTJSS","系统软件开发所666","291498217","114922955","技术规划/技术调研","19 驱动模块SBOM(独立代码仓)交付","2","5","系统软件开发所666 Home / 技术规划/技术调研 / 19 驱动模块SBOM(独立代码仓)交付","项目管理","2025-02-28 13:22:15","曹圆圆","否","http://dmtks.hisense.com/pages/viewpage.action?pageId=291498217"
"QDPTJSS","系统软件开发所666","224661551","114922955","技术规划/技术调研","IEEE标准会议-2023","2","6","系统软件开发所666 Home / 技术规划/技术调研 / IEEE标准会议-2023","会议与协同","2023-11-20 15:34:26","邓子敬","否","http://dmtks.hisense.com/pages/viewpage.action?pageId=224661551"
"QDPTJSS","系统软件开发所666","114922962","114922955","技术规划/技术调研","PMT","2","7","系统软件开发所666 Home / 技术规划/技术调研 / PMT","其他","2021-02-03 17:54:58","未知用户 (juweiming)","否","http://dmtks.hisense.com/display/QDPTJSS/PMT"
"QDPTJSS","系统软件开发所666","209948849","13723344","系统软件开发所666 Home","方案商接口界面-HUI","1","14","系统软件开发所666 Home / 方案商接口界面-HUI","设计与架构","2024-09-20 13:32:03","曹圆圆","否","http://dmtks.hisense.com/pages/viewpage.action?pageId=209948849"
"QDPTJSS","系统软件开发所666","209948940","209948849","方案商接口界面-HUI","0. 通用信息(青岛HUI服务器操作指南)","2","1","系统软件开发所666 Home / 方案商接口界面-HUI / 0. 通用信息(青岛HUI服务器操作指南)","设计与架构","2025-12-18 09:57:41","曹圆圆","否","http://dmtks.hisense.com/pages/viewpage.action?pageId=209948940"
"QDPTJSS","系统软件开发所666","209948963","209948849","方案商接口界面-HUI","1. HUI 代码仓目录详解","2","2","系统软件开发所666 Home / 方案商接口界面-HUI / 1. HUI 代码仓目录详解","设计与架构","2023-10-19 20:46:23","李川","否","http://dmtks.hisense.com/pages/viewpage.action?pageId=209948963"
"QDPTJSS","系统软件开发所666","323559398","209948849","方案商接口界面-HUI","10 . 新机芯 HUI 集成 SOP - 安卓/VIDAA 项目 HUI 总接口人关注","2","3","系统软件开发所666 Home / 方案商接口界面-HUI / 10 . 新机芯 HUI 集成 SOP - 安卓/VIDAA 项目 HUI 总接口人关注","设计与架构","2025-08-22 10:12:17","曹圆圆","否","http://dmtks.hisense.com/pages/viewpage.action?pageId=323559398"
"QDPTJSS","系统软件开发所666","209949051","209948849","方案商接口界面-HUI","2. 新机芯POC HUI对接时需要提供方案商的资料","2","4","系统软件开发所666 Home / 方案商接口界面-HUI / 2. 新机芯POC HUI对接时需要提供方案商的资料","设计与架构","2025-02-28 09:39:31","曹圆圆","否","http://dmtks.hisense.com/pages/viewpage.action?pageId=209949051"
"QDPTJSS","系统软件开发所666","209949145","209948849","方案商接口界面-HUI","3. 新增API提交规范","2","5","系统软件开发所666 Home / 方案商接口界面-HUI / 3. 新增API提交规范","设计与架构","2026-01-09 09:56:08","卢平光","否","http://dmtks.hisense.com/pages/viewpage.action?pageId=209949145"
"QDPTJSS","系统软件开发所666","221286207","209948849","方案商接口界面-HUI","4. testcases checklist 自动生成与调试","2","6","系统软件开发所666 Home / 方案商接口界面-HUI / 4. testcases checklist 自动生成与调试","设计与架构","2025-08-22 09:41:55","曹圆圆","否","http://dmtks.hisense.com/pages/viewpage.action?pageId=221286207"
"QDPTJSS","系统软件开发所666","223781603","209948849","方案商接口界面-HUI","5. HUI list 自动生成与调试","2","7","系统软件开发所666 Home / 方案商接口界面-HUI / 5. HUI list 自动生成与调试","设计与架构","2025-08-21 18:15:27","曹圆圆","否","http://dmtks.hisense.com/pages/viewpage.action?pageId=223781603"
"QDPTJSS","系统软件开发所666","209949151","209948849","方案商接口界面-HUI","6. 可视化工作界面指导(推荐code-server + 通义灵码方案，vscode + remote ssh 方案)","2","8","系统软件开发所666 Home / 方案商接口界面-HUI / 6. 可视化工作界面指导(推荐code-server + 通义灵码方案，vscode + remote ssh 方案)","设计与架构","2025-04-01 10:46:03","曹圆圆","否","http://dmtks.hisense.com/pages/viewpage.action?pageId=209949151"
"QDPTJSS","系统软件开发所666","229424200","209948849","方案商接口界面-HUI","7. HUI Owner List","2","9","系统软件开发所666 Home / 方案商接口界面-HUI / 7. HUI Owner List","设计与架构","2024-02-06 10:54:37","曹圆圆","否","http://dmtks.hisense.com/display/QDPTJSS/7.+HUI+Owner+List"
"QDPTJSS","系统软件开发所666","229424180","209948849","方案商接口界面-HUI","8. HUI 接口需求说明","2","10","系统软件开发所666 Home / 方案商接口界面-HUI / 8. HUI 接口需求说明","需求与功能","2024-02-06 17:49:19","曹圆圆","否","http://dmtks.hisense.com/pages/viewpage.action?pageId=229424180"
"QDPTJSS","系统软件开发所666","221314911","209948849","方案商接口界面-HUI","9. HUI testcase auto & manual test 步骤","2","11","系统软件开发所666 Home / 方案商接口界面-HUI / 9. HUI testcase auto & manual test 步骤","设计与架构","2025-05-08 17:56:43","卢平光","否","http://dmtks.hisense.com/pages/viewpage.action?pageId=221314911"
"QDPTJSS","系统软件开发所666","213422650","13723344","系统软件开发所666 Home","服务器问题202305","1","15","系统软件开发所666 Home / 服务器问题202305","问题与复盘","2023-05-09 16:18:57","丁达志","否","http://dmtks.hisense.com/pages/viewpage.action?pageId=213422650"
"QDPTJSS","系统软件开发所666","14518221","13723344","系统软件开发所666 Home","流程及标准","1","16","系统软件开发所666 Home / 流程及标准","规范与流程","2024-01-29 10:30:02","曹圆圆","否","http://dmtks.hisense.com/pages/viewpage.action?pageId=14518221"
"QDPTJSS","系统软件开发所666","65177820","14518221","流程及标准","0 - 驱动主管手册","2","1","系统软件开发所666 Home / 流程及标准 / 0 - 驱动主管手册","规范与流程","2019-09-03 16:15:15","未知用户 (chengzhi)","否","http://dmtks.hisense.com/pages/viewpage.action?pageId=65177820"
"QDPTJSS","系统软件开发所666","46794725","14518221","流程及标准","01-工作手册","2","2","系统软件开发所666 Home / 流程及标准 / 01-工作手册","规范与流程","2024-09-03 17:30:17","董利平","否","http://dmtks.hisense.com/pages/viewpage.action?pageId=46794725"
"QDPTJSS","系统软件开发所666","46797667","14518221","流程及标准","02-工作手册_小贴士","2","3","系统软件开发所666 Home / 流程及标准 / 02-工作手册_小贴士","规范与流程","2021-07-23 10:14:43","未知用户 (chengzhi)","否","http://dmtks.hisense.com/pages/viewpage.action?pageId=46797667"
"QDPTJSS","系统软件开发所666","90282791","14518221","流程及标准","04 固件管理流程","2","4","系统软件开发所666 Home / 流程及标准 / 04 固件管理流程","规范与流程","2021-08-11 10:53:27","未知用户 (chengzhi)","否","http://dmtks.hisense.com/pages/viewpage.action?pageId=90282791"
"QDPTJSS","系统软件开发所666","136152911","14518221","流程及标准","06 - 方案商需求传递模板","2","5","系统软件开发所666 Home / 流程及标准 / 06 - 方案商需求传递模板","需求与功能","2021-08-30 15:25:14","未知用户 (chengzhi)","否","http://dmtks.hisense.com/pages/viewpage.action?pageId=136152911"
"QDPTJSS","系统软件开发所666","70162470","14518221","流程及标准","z - 借机还机流程","2","6","系统软件开发所666 Home / 流程及标准 / z - 借机还机流程","规范与流程","2019-10-31 21:25:18","未知用户 (chengzhi)","否","http://dmtks.hisense.com/pages/viewpage.action?pageId=70162470"
"QDPTJSS","系统软件开发所666","97193198","14518221","流程及标准","代码会议评审 - 记录列表","2","7","系统软件开发所666 Home / 流程及标准 / 代码会议评审 - 记录列表","会议与协同","2020-08-11 21:19:31","未知用户 (chengzhi)","否","http://dmtks.hisense.com/pages/viewpage.action?pageId=97193198"
"QDPTJSS","系统软件开发所666","127599760","14518221","流程及标准","出差申请报销流程示例","2","8","系统软件开发所666 Home / 流程及标准 / 出差申请报销流程示例","规范与流程","2021-06-07 11:38:13","李增波","否","http://dmtks.hisense.com/pages/viewpage.action?pageId=127599760"
"QDPTJSS","系统软件开发所666","90939276","14518221","流程及标准","服务器、硬盘等采购流程","2","9","系统软件开发所666 Home / 流程及标准 / 服务器、硬盘等采购流程","规范与流程","2020-06-12 15:00:35","未知用户 (chengzhi)","否","http://dmtks.hisense.com/pages/viewpage.action?pageId=90939276"
"QDPTJSS","系统软件开发所666","70157545","14518221","流程及标准","点检用例 - 原型机","2","10","系统软件开发所666 Home / 流程及标准 / 点检用例 - 原型机","测试与验证","2019-10-28 16:19:52","未知用户 (chengzhi)","否","http://dmtks.hisense.com/pages/viewpage.action?pageId=70157545"
"QDPTJSS","系统软件开发所666","66392299","14518221","流程及标准","点检用例 - 派生机","2","11","系统软件开发所666 Home / 流程及标准 / 点检用例 - 派生机","测试与验证","2021-09-03 15:56:20","谭少峰","否","http://dmtks.hisense.com/pages/viewpage.action?pageId=66392299"
"QDPTJSS","系统软件开发所666","72089990","14518221","流程及标准","电视驱动所  --  问题处理规范","2","12","系统软件开发所666 Home / 流程及标准 / 电视驱动所  --  问题处理规范","问题与复盘","2020-04-02 10:04:53","未知用户 (chengzhi)","否","http://dmtks.hisense.com/pages/viewpage.action?pageId=72089990"
"QDPTJSS","系统软件开发所666","96505075","14518221","流程及标准","编码规范","2","13","系统软件开发所666 Home / 流程及标准 / 编码规范","规范与流程","2020-08-04 16:27:29","未知用户 (chengzhi)","否","http://dmtks.hisense.com/pages/viewpage.action?pageId=96505075"
"QDPTJSS","系统软件开发所666","107057411","14518221","流程及标准","设计规范、设计方案、自测用例","2","14","系统软件开发所666 Home / 流程及标准 / 设计规范、设计方案、自测用例","设计与架构","2021-05-27 18:03:46","未知用户 (chengzhi)","否","http://dmtks.hisense.com/pages/viewpage.action?pageId=107057411"
"QDPTJSS","系统软件开发所666","14534059","14518221","流程及标准","软件先行及流程","2","15","系统软件开发所666 Home / 流程及标准 / 软件先行及流程","规范与流程","2017-04-11 15:35:53","未知用户 (chengzhi)","否","http://dmtks.hisense.com/pages/viewpage.action?pageId=14534059"
"QDPTJSS","系统软件开发所666","114198296","14518221","流程及标准","软件分支管理规范","2","16","系统软件开发所666 Home / 流程及标准 / 软件分支管理规范","规范与流程","2021-01-25 17:03:08","姜超","否","http://dmtks.hisense.com/pages/viewpage.action?pageId=114198296"
"QDPTJSS","系统软件开发所666","84640230","14518221","流程及标准","软硬件工作界面 - 整体","2","17","系统软件开发所666 Home / 流程及标准 / 软硬件工作界面 - 整体","规范与流程","2020-03-30 10:52:19","未知用户 (chengzhi)","否","http://dmtks.hisense.com/pages/viewpage.action?pageId=84640230"
"QDPTJSS","系统软件开发所666","13723699","13723344","系统软件开发所666 Home","知识汇总","1","17","系统软件开发所666 Home / 知识汇总","其他","2017-03-25 15:29:45","冯美美","否","http://dmtks.hisense.com/pages/viewpage.action?pageId=13723699"
"QDPTJSS","系统软件开发所666","13723700","13723699","知识汇总","第三方方案商资料","2","1","系统软件开发所666 Home / 知识汇总 / 第三方方案商资料","设计与架构","2017-03-25 15:29:45","冯美美","否","http://dmtks.hisense.com/pages/viewpage.action?pageId=13723700"
"QDPTJSS","系统软件开发所666","13723797","13723699","知识汇总","竞品资料","2","2","系统软件开发所666 Home / 知识汇总 / 竞品资料","其他","2017-03-25 15:29:53","冯美美","否","http://dmtks.hisense.com/pages/viewpage.action?pageId=13723797"
"QDPTJSS","系统软件开发所666","13723798","13723699","知识汇总","Android/JAVA相关资料","2","3","系统软件开发所666 Home / 知识汇总 / Android/JAVA相关资料","其他","2017-03-25 15:29:53","冯美美","否","http://dmtks.hisense.com/pages/viewpage.action?pageId=13723798"
"QDPTJSS","系统软件开发所666","13723852","13723699","知识汇总","业余知识扩展","2","4","系统软件开发所666 Home / 知识汇总 / 业余知识扩展","其他","2017-03-25 15:30:03","冯美美","否","http://dmtks.hisense.com/pages/viewpage.action?pageId=13723852"
"QDPTJSS","系统软件开发所666","13723865","13723699","知识汇总","电视基础知识","2","5","系统软件开发所666 Home / 知识汇总 / 电视基础知识","其他","2017-03-25 15:30:05","冯美美","否","http://dmtks.hisense.com/pages/viewpage.action?pageId=13723865"
"QDPTJSS","系统软件开发所666","13723874","13723699","知识汇总","编译环境配置、调试工具及调试技巧汇总","2","6","系统软件开发所666 Home / 知识汇总 / 编译环境配置、调试工具及调试技巧汇总","其他","2017-03-25 15:30:07","冯美美","否","http://dmtks.hisense.com/pages/viewpage.action?pageId=13723874"
"QDPTJSS","系统软件开发所666","13723913","13723699","知识汇总","OTA and Application self-update","2","7","系统软件开发所666 Home / 知识汇总 / OTA and Application self-update","其他","2017-03-25 15:30:15","冯美美","否","http://dmtks.hisense.com/display/QDPTJSS/OTA+and+Application+self-update"
"QDPTJSS","系统软件开发所666","13723916","13723699","知识汇总","Git/Gerrit","2","8","系统软件开发所666 Home / 知识汇总 / Git/Gerrit","其他","2017-03-25 15:30:16","冯美美","否","http://dmtks.hisense.com/pages/viewpage.action?pageId=13723916"
"QDPTJSS","系统软件开发所666","13723928","13723699","知识汇总","网络通信","2","9","系统软件开发所666 Home / 知识汇总 / 网络通信","其他","2017-03-25 15:30:19","冯美美","否","http://dmtks.hisense.com/pages/viewpage.action?pageId=13723928"
"QDPTJSS","系统软件开发所666","13723937","13723699","知识汇总","测试知识","2","10","系统软件开发所666 Home / 知识汇总 / 测试知识","测试与验证","2017-03-25 15:30:21","冯美美","否","http://dmtks.hisense.com/pages/viewpage.action?pageId=13723937"
"QDPTJSS","系统软件开发所666","13723947","13723699","知识汇总","技术分享","2","11","系统软件开发所666 Home / 知识汇总 / 技术分享","其他","2017-03-25 15:30:23","冯美美","否","http://dmtks.hisense.com/pages/viewpage.action?pageId=13723947"
"QDPTJSS","系统软件开发所666","13723999","13723699","知识汇总","License key","2","12","系统软件开发所666 Home / 知识汇总 / License key","其他","2017-03-25 15:30:33","冯美美","否","http://dmtks.hisense.com/display/QDPTJSS/License+key"
"QDPTJSS","系统软件开发所666","13724007","13723699","知识汇总","Document Center","2","13","系统软件开发所666 Home / 知识汇总 / Document Center","其他","2017-03-25 15:30:34","冯美美","否","http://dmtks.hisense.com/display/QDPTJSS/Document+Center"
"QDPTJSS","系统软件开发所666","13724039","13723699","知识汇总","其他","2","14","系统软件开发所666 Home / 知识汇总 / 其他","其他","2017-03-25 15:30:37","冯美美","否","http://dmtks.hisense.com/pages/viewpage.action?pageId=13724039"
"QDPTJSS","系统软件开发所666","13724041","13723699","知识汇总","部门图书","2","15","系统软件开发所666 Home / 知识汇总 / 部门图书","其他","2017-03-25 15:30:38","冯美美","否","http://dmtks.hisense.com/pages/viewpage.action?pageId=13724041"
"QDPTJSS","系统软件开发所666","23434589","13723699","知识汇总","linux关键技术","2","16","系统软件开发所666 Home / 知识汇总 / linux关键技术","其他","2018-06-16 09:43:47","未知用户 (wanglei47)","否","http://dmtks.hisense.com/pages/viewpage.action?pageId=23434589"
"QDPTJSS","系统软件开发所666","220348367","13723699","知识汇总","POC代码树搭建指南","2","17","系统软件开发所666 Home / 知识汇总 / POC代码树搭建指南","规范与流程","2023-10-17 14:48:39","赵静","否","http://dmtks.hisense.com/pages/viewpage.action?pageId=220348367"
"QDPTJSS","系统软件开发所666","14517683","13723344","系统软件开发所666 Home","科室空间","1","18","系统软件开发所666 Home / 科室空间","其他","2019-04-01 09:48:32","初德进","否","http://dmtks.hisense.com/pages/viewpage.action?pageId=14517683"
"QDPTJSS","系统软件开发所666","136909295","14517683","科室空间","common-测试","2","1","系统软件开发所666 Home / 科室空间 / common-测试","测试与验证","2023-01-12 15:51:10","曹圆圆","否","http://dmtks.hisense.com/pages/viewpage.action?pageId=136909295"
"QDPTJSS","系统软件开发所666","194361784","14517683","科室空间","common-项目信息","2","2","系统软件开发所666 Home / 科室空间 / common-项目信息","项目管理","2023-01-12 15:51:44","曹圆圆","否","http://dmtks.hisense.com/pages/viewpage.action?pageId=194361784"
"QDPTJSS","系统软件开发所666","14517685","14517683","科室空间","外设驱动开发室","2","3","系统软件开发所666 Home / 科室空间 / 外设驱动开发室","其他","2021-06-02 17:53:34","未知用户 (chengzhi)","否","http://dmtks.hisense.com/pages/viewpage.action?pageId=14517685"
"QDPTJSS","系统软件开发所666","5832801","14517683","科室空间","海外音视频驱动室","2","4","系统软件开发所666 Home / 科室空间 / 海外音视频驱动室","其他","2019-09-12 16:53:31","万兴振","否","http://dmtks.hisense.com/pages/viewpage.action?pageId=5832801"
"QDPTJSS","系统软件开发所666","50824200","14517683","科室空间","软件配置管理室","2","5","系统软件开发所666 Home / 科室空间 / 软件配置管理室","项目管理","2021-11-05 10:13:33","李燕芬","否","http://dmtks.hisense.com/pages/viewpage.action?pageId=50824200"
"QDPTJSS","系统软件开发所666","13724042","13723344","系统软件开发所666 Home","部门工作","1","19","系统软件开发所666 Home / 部门工作","其他","2017-03-25 15:30:38","冯美美","否","http://dmtks.hisense.com/pages/viewpage.action?pageId=13724042"
"QDPTJSS","系统软件开发所666","14518203","13724042","部门工作","01 部门管理","2","1","系统软件开发所666 Home / 部门工作 / 01 部门管理","项目管理","2021-08-11 21:20:59","未知用户 (chengzhi)","否","http://dmtks.hisense.com/pages/viewpage.action?pageId=14518203"
"QDPTJSS","系统软件开发所666","54103445","13724042","部门工作","02 门禁权限管理","2","2","系统软件开发所666 Home / 部门工作 / 02 门禁权限管理","项目管理","2021-11-02 11:22:51","曹圆圆","否","http://dmtks.hisense.com/pages/viewpage.action?pageId=54103445"
"QDPTJSS","系统软件开发所666","77136281","13724042","部门工作","04 新员工入职参考","2","3","系统软件开发所666 Home / 部门工作 / 04 新员工入职参考","其他","2021-11-02 11:23:14","曹圆圆","否","http://dmtks.hisense.com/pages/viewpage.action?pageId=77136281"
"QDPTJSS","系统软件开发所666","107055794","13724042","部门工作","05 软件研发部技能提升月活动","2","4","系统软件开发所666 Home / 部门工作 / 05 软件研发部技能提升月活动","其他","2021-11-02 11:23:23","曹圆圆","否","http://dmtks.hisense.com/pages/viewpage.action?pageId=107055794"
"QDPTJSS","系统软件开发所666","128353010","13724042","部门工作","06 所内事宜管理分工","2","5","系统软件开发所666 Home / 部门工作 / 06 所内事宜管理分工","项目管理","2022-02-22 18:06:20","曹圆圆","否","http://dmtks.hisense.com/pages/viewpage.action?pageId=128353010"
"QDPTJSS","系统软件开发所666","136153150","13724042","部门工作","07  座位表","2","6","系统软件开发所666 Home / 部门工作 / 07  座位表","其他","2021-11-02 11:23:52","曹圆圆","否","http://dmtks.hisense.com/pages/viewpage.action?pageId=136153150"
"QDPTJSS","系统软件开发所666","142577931","13724042","部门工作","10 月度任务书模板","2","7","系统软件开发所666 Home / 部门工作 / 10 月度任务书模板","规范与流程","2025-03-01 14:18:48","曹圆圆","否","http://dmtks.hisense.com/pages/viewpage.action?pageId=142577931"
"QDPTJSS","系统软件开发所666","194351679","13724042","部门工作","09 信息统计","2","8","系统软件开发所666 Home / 部门工作 / 09 信息统计","数据与质量","2023-01-09 21:13:22","曹圆圆","否","http://dmtks.hisense.com/pages/viewpage.action?pageId=194351679"
"QDPTJSS","系统软件开发所666","60067915","13724042","部门工作","08 电视驱动软件所 - 签证信息看板","2","9","系统软件开发所666 Home / 部门工作 / 08 电视驱动软件所 - 签证信息看板","其他","2021-11-02 11:24:01","曹圆圆","否","http://dmtks.hisense.com/pages/viewpage.action?pageId=60067915"
"QDPTJSS","系统软件开发所666","66392423","13724042","部门工作","资产管理","2","10","系统软件开发所666 Home / 部门工作 / 资产管理","项目管理","2022-06-14 16:19:55","窦学鹏","否","http://dmtks.hisense.com/pages/viewpage.action?pageId=66392423"
"QDPTJSS","系统软件开发所666","91623749","13723344","系统软件开发所666 Home","重点项目管理","1","20","系统软件开发所666 Home / 重点项目管理","项目管理","2020-11-02 09:24:32","未知用户 (chengzhi)","否","http://dmtks.hisense.com/pages/viewpage.action?pageId=91623749"
"QDPTJSS","系统软件开发所666","110010012","91623749","重点项目管理","2020年终问题点复盘","2","1","系统软件开发所666 Home / 重点项目管理 / 2020年终问题点复盘","问题与复盘","2021-01-06 14:47:03","未知用户 (wangshuangyou1)","否","http://dmtks.hisense.com/pages/viewpage.action?pageId=110010012"
"QDPTJSS","系统软件开发所666","182059345","91623749","重点项目管理","2022年国庆加班日报","2","2","系统软件开发所666 Home / 重点项目管理 / 2022年国庆加班日报","项目管理","2022-10-08 10:17:39","邱祉凯","否","http://dmtks.hisense.com/pages/viewpage.action?pageId=182059345"
"QDPTJSS","系统软件开发所666","116163972","91623749","重点项目管理","6886 android eMMC问题调查","2","3","系统软件开发所666 Home / 重点项目管理 / 6886 android eMMC问题调查","问题与复盘","2021-02-18 16:32:03","未知用户 (chengzhi)","否","http://dmtks.hisense.com/pages/viewpage.action?pageId=116163972"
"QDPTJSS","系统软件开发所666","105578678","91623749","重点项目管理","72671D平台","2","4","系统软件开发所666 Home / 重点项目管理 / 72671D平台","项目管理","2021-05-08 19:51:20","未知用户 (zhangdongdong6)","否","http://dmtks.hisense.com/pages/viewpage.action?pageId=105578678"
"QDPTJSS","系统软件开发所666","76448518","91623749","重点项目管理","MT9602平台进度管理","2","5","系统软件开发所666 Home / 重点项目管理 / MT9602平台进度管理","项目管理","2019-12-30 14:19:15","未知用户 (chengzhi)","否","http://dmtks.hisense.com/pages/viewpage.action?pageId=76448518"
"QDPTJSS","系统软件开发所666","105579079","91623749","重点项目管理","MT9980_9900_TVS 重点事项管理","2","6","系统软件开发所666 Home / 重点项目管理 / MT9980_9900_TVS 重点事项管理","项目管理","2020-11-02 13:39:43","未知用户 (chengzhi)","否","http://dmtks.hisense.com/pages/viewpage.action?pageId=105579079"
"QDPTJSS","系统软件开发所666","133989729","91623749","重点项目管理","MTK 9652平台BIST0-FAIL问题跟踪处理","2","7","系统软件开发所666 Home / 重点项目管理 / MTK 9652平台BIST0-FAIL问题跟踪处理","问题与复盘","2021-08-16 10:08:58","邱祉凯","否","http://dmtks.hisense.com/pages/viewpage.action?pageId=133989729"
"QDPTJSS","系统软件开发所666","91624011","91623749","重点项目管理","研发中心管理项目 - 研发效率 - 低效工作梳理","2","8","系统软件开发所666 Home / 重点项目管理 / 研发中心管理项目 - 研发效率 - 低效工作梳理","项目管理","2020-06-22 11:44:58","贾桂丽","否","http://dmtks.hisense.com/pages/viewpage.action?pageId=91624011"
"QDPTJSS","系统软件开发所666","48169329","13723344","系统软件开发所666 Home","预研项目管理","1","21","系统软件开发所666 Home / 预研项目管理","项目管理","2019-07-10 14:36:09","李增波","否","http://dmtks.hisense.com/pages/viewpage.action?pageId=48169329"
"QDPTJSS","系统软件开发所666","48169331","48169329","预研项目管理","2019年","2","1","系统软件开发所666 Home / 预研项目管理 / 2019年","项目管理","2019-09-23 18:44:08","未知用户 (hezhifeng1)","否","http://dmtks.hisense.com/pages/viewpage.action?pageId=48169331"
"QDPTJSS","系统软件开发所666","86540651","48169329","预研项目管理","2020年","2","2","系统软件开发所666 Home / 预研项目管理 / 2020年","项目管理","2020-04-20 10:55:00","未知用户 (juweiming)","否","http://dmtks.hisense.com/pages/viewpage.action?pageId=86540651"
"QDPTJSS","系统软件开发所666","112134727","48169329","预研项目管理","2021年","2","3","系统软件开发所666 Home / 预研项目管理 / 2021年","项目管理","2021-01-05 09:12:12","未知用户 (juweiming)","否","http://dmtks.hisense.com/pages/viewpage.action?pageId=112134727"
"QDPTJSS","系统软件开发所666","147828957","48169329","预研项目管理","2022年","2","4","系统软件开发所666 Home / 预研项目管理 / 2022年","项目管理","2021-12-18 14:10:05","曹圆圆","否","http://dmtks.hisense.com/pages/viewpage.action?pageId=147828957"
"QDPTJSS","系统软件开发所666","4489519","13723344","系统软件开发所666 Home","驱动技术积累","1","22","系统软件开发所666 Home / 驱动技术积累","其他","2017-04-12 08:41:05","初德进","否","http://dmtks.hisense.com/pages/viewpage.action?pageId=4489519"
"QDPTJSS","系统软件开发所666","4490026","4489519","驱动技术积累","2016十一产品总结","2","1","系统软件开发所666 Home / 驱动技术积累 / 2016十一产品总结","其他","2016-11-21 15:22:29","左剑","否","http://dmtks.hisense.com/pages/viewpage.action?pageId=4490026"
"QDPTJSS","系统软件开发所666","14713358","4489519","驱动技术积累","2017五一总结","2","2","系统软件开发所666 Home / 驱动技术积累 / 2017五一总结","其他","2017-05-09 20:02:09","李增波","否","http://dmtks.hisense.com/pages/viewpage.action?pageId=14713358"
"QDPTJSS","系统软件开发所666","82578026","4489519","驱动技术积累","6886项目总结","2","3","系统软件开发所666 Home / 驱动技术积累 / 6886项目总结","项目管理","2020-03-18 09:12:42","未知用户 (sunkaihong)","否","http://dmtks.hisense.com/pages/viewpage.action?pageId=82578026"
"QDPTJSS","系统软件开发所666","97913835","4489519","驱动技术积累","交办任务","2","4","系统软件开发所666 Home / 驱动技术积累 / 交办任务","项目管理","2020-08-19 08:56:16","未知用户 (juweiming)","否","http://dmtks.hisense.com/pages/viewpage.action?pageId=97913835"
"QDPTJSS","系统软件开发所666","49512749","4489519","驱动技术积累","公共技术","2","5","系统软件开发所666 Home / 驱动技术积累 / 公共技术","其他","2019-03-18 10:29:49","初德进","否","http://dmtks.hisense.com/pages/viewpage.action?pageId=49512749"
"QDPTJSS","系统软件开发所666","14519054","4489519","驱动技术积累","成员介绍","2","6","系统软件开发所666 Home / 驱动技术积累 / 成员介绍","其他","2021-12-24 12:25:19","左剑","否","http://dmtks.hisense.com/pages/viewpage.action?pageId=14519054"
"QDPTJSS","系统软件开发所666","4489496","4489519","驱动技术积累","电视中间件","2","7","系统软件开发所666 Home / 驱动技术积累 / 电视中间件","其他","2016-11-07 11:00:18","左剑","否","http://dmtks.hisense.com/pages/viewpage.action?pageId=4489496"
"QDPTJSS","系统软件开发所666","80449578","4489519","驱动技术积累","经典案例","2","8","系统软件开发所666 Home / 驱动技术积累 / 经典案例","其他","2020-02-19 15:36:23","未知用户 (chengzhi)","否","http://dmtks.hisense.com/pages/viewpage.action?pageId=80449578"
"YFZXJSSL","视像科技研发中心技术沙龙","146968877","","","视像科技研发中心技术沙龙 主页","0","1","视像科技研发中心技术沙龙 主页","其他","2024-05-21 14:17:56","曹金龙","否","http://dmtks.hisense.com/pages/viewpage.action?pageId=146968877"
"YFZXJSSL","视像科技研发中心技术沙龙","16845958","146968877","视像科技研发中心技术沙龙 主页","2018年","1","1","视像科技研发中心技术沙龙 主页 / 2018年","其他","2018-01-03 14:08:00","未知用户 (sunliping1)","是","http://dmtks.hisense.com/pages/viewpage.action?pageId=16845958"
"YFZXJSSL","视像科技研发中心技术沙龙","17174077","16845958","2018年","第10期 智能包装产业趋势及应用展望","2","1","视像科技研发中心技术沙龙 主页 / 2018年 / 第10期 智能包装产业趋势及应用展望","其他","2018-03-27 10:41:55","未知用户 (sunliping1)","否","http://dmtks.hisense.com/pages/viewpage.action?pageId=17174077"
"YFZXJSSL","视像科技研发中心技术沙龙","17174686","16845958","2018年","第11期 指纹识别技术研究","2","2","视像科技研发中心技术沙龙 主页 / 2018年 / 第11期 指纹识别技术研究","其他","2018-03-28 09:22:43","未知用户 (sunliping1)","否","http://dmtks.hisense.com/pages/viewpage.action?pageId=17174686"
"YFZXJSSL","视像科技研发中心技术沙龙","17175823","16845958","2018年","第12期 双摄算法技术原理及效果测评","2","3","视像科技研发中心技术沙龙 主页 / 2018年 / 第12期 双摄算法技术原理及效果测评","其他","2018-03-29 14:05:30","未知用户 (sunliping1)","否","http://dmtks.hisense.com/pages/viewpage.action?pageId=17175823"
"YFZXJSSL","视像科技研发中心技术沙龙","17176838","16845958","2018年","第13期 集成电路ESD失效、测试评估","2","4","视像科技研发中心技术沙龙 主页 / 2018年 / 第13期 集成电路ESD失效、测试评估","设计与架构","2018-03-30 14:24:34","未知用户 (sunliping1)","否","http://dmtks.hisense.com/pages/viewpage.action?pageId=17176838"
"YFZXJSSL","视像科技研发中心技术沙龙","17796075","16845958","2018年","第14期 FPGA的PCB设计交流","2","5","视像科技研发中心技术沙龙 主页 / 2018年 / 第14期 FPGA的PCB设计交流","设计与架构","2018-04-11 09:48:59","未知用户 (sunliping1)","否","http://dmtks.hisense.com/pages/viewpage.action?pageId=17796075"
"YFZXJSSL","视像科技研发中心技术沙龙","17797009","16845958","2018年","第15期 2018CCBN展会分享","2","6","视像科技研发中心技术沙龙 主页 / 2018年 / 第15期 2018CCBN展会分享","其他","2018-04-12 10:08:20","未知用户 (sunliping1)","否","http://dmtks.hisense.com/pages/viewpage.action?pageId=17797009"
"YFZXJSSL","视像科技研发中心技术沙龙","18484564","16845958","2018年","第16期 OLED产品技术现状及发展趋势","2","7","视像科技研发中心技术沙龙 主页 / 2018年 / 第16期 OLED产品技术现状及发展趋势","其他","2018-04-19 16:08:48","未知用户 (sunliping1)","否","http://dmtks.hisense.com/pages/viewpage.action?pageId=18484564"
"YFZXJSSL","视像科技研发中心技术沙龙","19104797","16845958","2018年","第17期 基于整机平台的智能天线系统","2","8","视像科技研发中心技术沙龙 主页 / 2018年 / 第17期 基于整机平台的智能天线系统","其他","2018-04-24 09:57:04","未知用户 (sunliping1)","否","http://dmtks.hisense.com/pages/viewpage.action?pageId=19104797"
"YFZXJSSL","视像科技研发中心技术沙龙","19105669","16845958","2018年","第18期 monkey源码分析及应用介绍","2","9","视像科技研发中心技术沙龙 主页 / 2018年 / 第18期 monkey源码分析及应用介绍","问题与复盘","2018-04-25 11:46:51","未知用户 (sunliping1)","否","http://dmtks.hisense.com/pages/viewpage.action?pageId=19105669"
"YFZXJSSL","视像科技研发中心技术沙龙","19105673","16845958","2018年","第19期 手机陶瓷后盖应用","2","10","视像科技研发中心技术沙龙 主页 / 2018年 / 第19期 手机陶瓷后盖应用","其他","2018-04-25 11:51:55","未知用户 (sunliping1)","否","http://dmtks.hisense.com/pages/viewpage.action?pageId=19105673"
"YFZXJSSL","视像科技研发中心技术沙龙","16845968","16845958","2018年","第1期 主题：用户洞察驱动产品创新","2","11","视像科技研发中心技术沙龙 主页 / 2018年 / 第1期 主题：用户洞察驱动产品创新","其他","2018-01-03 14:12:25","未知用户 (sunliping1)","否","http://dmtks.hisense.com/pages/viewpage.action?pageId=16845968"
"YFZXJSSL","视像科技研发中心技术沙龙","19106211","16845958","2018年","第20期 网络机顶盒WIFI性能提升交流","2","12","视像科技研发中心技术沙龙 主页 / 2018年 / 第20期 网络机顶盒WIFI性能提升交流","其他","2018-04-26 09:18:25","未知用户 (sunliping1)","否","http://dmtks.hisense.com/pages/viewpage.action?pageId=19106211"
"YFZXJSSL","视像科技研发中心技术沙龙","19107181","16845958","2018年","第21期 NetTV规范知识","2","13","视像科技研发中心技术沙龙 主页 / 2018年 / 第21期 NetTV规范知识","规范与流程","2018-04-27 09:59:07","未知用户 (sunliping1)","否","http://dmtks.hisense.com/pages/viewpage.action?pageId=19107181"
"YFZXJSSL","视像科技研发中心技术沙龙","19107189","16845958","2018年","第22期 运营商网络部署趋势及产品建议","2","14","视像科技研发中心技术沙龙 主页 / 2018年 / 第22期 运营商网络部署趋势及产品建议","其他","2018-04-27 10:00:25","未知用户 (sunliping1)","否","http://dmtks.hisense.com/pages/viewpage.action?pageId=19107189"
"YFZXJSSL","视像科技研发中心技术沙龙","19107192","16845958","2018年","第23期 iPhone结构组装优缺点探讨","2","15","视像科技研发中心技术沙龙 主页 / 2018年 / 第23期 iPhone结构组装优缺点探讨","其他","2018-04-27 10:01:37","未知用户 (sunliping1)","否","http://dmtks.hisense.com/pages/viewpage.action?pageId=19107192"
"YFZXJSSL","视像科技研发中心技术沙龙","20187999","16845958","2018年","第24期 3D复合板电池盖工艺及项目应用问题","2","16","视像科技研发中心技术沙龙 主页 / 2018年 / 第24期 3D复合板电池盖工艺及项目应用问题","二维三维与图形模型","2018-05-10 12:03:26","未知用户 (sunliping1)","否","http://dmtks.hisense.com/pages/viewpage.action?pageId=20187999"
"YFZXJSSL","视像科技研发中心技术沙龙","20810173","16845958","2018年","第25期 对应高标准跌落测试标准的结构设计方案及解决措施","2","17","视像科技研发中心技术沙龙 主页 / 2018年 / 第25期 对应高标准跌落测试标准的结构设计方案及解决措施","设计与架构","2018-05-17 09:40:51","未知用户 (sunliping1)","否","http://dmtks.hisense.com/pages/viewpage.action?pageId=20810173"
"YFZXJSSL","视像科技研发中心技术沙龙","20810176","16845958","2018年","第26期 精密装配与胶水技术交流","2","18","视像科技研发中心技术沙龙 主页 / 2018年 / 第26期 精密装配与胶水技术交流","其他","2018-05-17 09:41:43","未知用户 (sunliping1)","否","http://dmtks.hisense.com/pages/viewpage.action?pageId=20810176"
"YFZXJSSL","视像科技研发中心技术沙龙","20811036","16845958","2018年","第27期 EMC-手机相关测试解读及解决办法","2","19","视像科技研发中心技术沙龙 主页 / 2018年 / 第27期 EMC-手机相关测试解读及解决办法","测试与验证","2018-05-18 09:35:26","未知用户 (sunliping1)","否","http://dmtks.hisense.com/pages/viewpage.action?pageId=20811036"
"YFZXJSSL","视像科技研发中心技术沙龙","21431244","16845958","2018年","第28期 研发驻外支持工作收获分享","2","20","视像科技研发中心技术沙龙 主页 / 2018年 / 第28期 研发驻外支持工作收获分享","其他","2018-05-22 09:51:55","未知用户 (sunliping1)","否","http://dmtks.hisense.com/pages/viewpage.action?pageId=21431244"
"YFZXJSSL","视像科技研发中心技术沙龙","21432302","16845958","2018年","第29期 IPON光接入技术交流","2","21","视像科技研发中心技术沙龙 主页 / 2018年 / 第29期 IPON光接入技术交流","其他","2018-06-14 15:53:35","未知用户 (sunliping1)","否","http://dmtks.hisense.com/pages/viewpage.action?pageId=21432302"
"YFZXJSSL","视像科技研发中心技术沙龙","16846761","16845958","2018年","第2期 主题：Micro LED","2","22","视像科技研发中心技术沙龙 主页 / 2018年 / 第2期 主题：Micro LED","其他","2018-01-04 13:56:37","未知用户 (sunliping1)","否","http://dmtks.hisense.com/pages/viewpage.action?pageId=16846761"
"YFZXJSSL","视像科技研发中心技术沙龙","21432307","16845958","2018年","第30期 手机地磁传感器技术交流","2","23","视像科技研发中心技术沙龙 主页 / 2018年 / 第30期 手机地磁传感器技术交流","其他","2018-05-24 09:15:50","未知用户 (sunliping1)","否","http://dmtks.hisense.com/pages/viewpage.action?pageId=21432307"
"YFZXJSSL","视像科技研发中心技术沙龙","22054356","16845958","2018年","第31期 广电业务的全IP解决方案","2","24","视像科技研发中心技术沙龙 主页 / 2018年 / 第31期 广电业务的全IP解决方案","设计与架构","2018-05-30 11:58:26","未知用户 (sunliping1)","否","http://dmtks.hisense.com/pages/viewpage.action?pageId=22054356"
"YFZXJSSL","视像科技研发中心技术沙龙","22055017","16845958","2018年","第32期 Zigbee网关技术交流","2","25","视像科技研发中心技术沙龙 主页 / 2018年 / 第32期 Zigbee网关技术交流","其他","2018-05-31 10:19:45","未知用户 (sunliping1)","否","http://dmtks.hisense.com/pages/viewpage.action?pageId=22055017"
"YFZXJSSL","视像科技研发中心技术沙龙","22055302","16845958","2018年","第33期 电磁兼容技术交流","2","26","视像科技研发中心技术沙龙 主页 / 2018年 / 第33期 电磁兼容技术交流","其他","2018-05-31 16:24:35","未知用户 (sunliping1)","否","http://dmtks.hisense.com/pages/viewpage.action?pageId=22055302"
"YFZXJSSL","视像科技研发中心技术沙龙","23431064","16845958","2018年","第34期 手机制造技术自动化展参展出差总结","2","27","视像科技研发中心技术沙龙 主页 / 2018年 / 第34期 手机制造技术自动化展参展出差总结","其他","2018-06-13 09:00:11","未知用户 (sunliping1)","否","http://dmtks.hisense.com/pages/viewpage.action?pageId=23431064"
"YFZXJSSL","视像科技研发中心技术沙龙","24675293","16845958","2018年","第35期 Cozy介绍","2","28","视像科技研发中心技术沙龙 主页 / 2018年 / 第35期 Cozy介绍","其他","2018-06-26 10:33:36","未知用户 (sunliping1)","否","http://dmtks.hisense.com/pages/viewpage.action?pageId=24675293"
"YFZXJSSL","视像科技研发中心技术沙龙","24677084","16845958","2018年","第36期 技术写作-产品用户体验的新蓝海","2","29","视像科技研发中心技术沙龙 主页 / 2018年 / 第36期 技术写作-产品用户体验的新蓝海","其他","2018-06-28 10:02:42","未知用户 (sunliping1)","否","http://dmtks.hisense.com/pages/viewpage.action?pageId=24677084"
"YFZXJSSL","视像科技研发中心技术沙龙","24677093","16845958","2018年","第37期 Camera技术交流","2","30","视像科技研发中心技术沙龙 主页 / 2018年 / 第37期 Camera技术交流","其他","2018-06-28 10:06:41","未知用户 (sunliping1)","否","http://dmtks.hisense.com/pages/viewpage.action?pageId=24677093"
"YFZXJSSL","视像科技研发中心技术沙龙","24677098","16845958","2018年","第38期 智能音箱远场拾音技术交流","2","31","视像科技研发中心技术沙龙 主页 / 2018年 / 第38期 智能音箱远场拾音技术交流","其他","2018-06-28 10:06:25","未知用户 (sunliping1)","否","http://dmtks.hisense.com/pages/viewpage.action?pageId=24677098"
"YFZXJSSL","视像科技研发中心技术沙龙","24678784","16845958","2018年","第39期 TCP分析-手机射频方案对比","2","32","视像科技研发中心技术沙龙 主页 / 2018年 / 第39期 TCP分析-手机射频方案对比","设计与架构","2018-06-29 15:40:33","未知用户 (sunliping1)","否","http://dmtks.hisense.com/pages/viewpage.action?pageId=24678784"
"YFZXJSSL","视像科技研发中心技术沙龙","16860678","16845958","2018年","第3期 主题：OTA测试技术交流","2","33","视像科技研发中心技术沙龙 主页 / 2018年 / 第3期 主题：OTA测试技术交流","测试与验证","2018-01-25 13:25:34","未知用户 (sunliping1)","否","http://dmtks.hisense.com/pages/viewpage.action?pageId=16860678"
"YFZXJSSL","视像科技研发中心技术沙龙","25987702","16845958","2018年","第40期 简明英语在技术写作中的应用","2","34","视像科技研发中心技术沙龙 主页 / 2018年 / 第40期 简明英语在技术写作中的应用","其他","2018-07-12 14:11:00","未知用户 (sunliping1)","否","http://dmtks.hisense.com/pages/viewpage.action?pageId=25987702"
"YFZXJSSL","视像科技研发中心技术沙龙","26676007","16845958","2018年","第41期 OPPO R15/VIVO X21 拆机报告","2","35","视像科技研发中心技术沙龙 主页 / 2018年 / 第41期 OPPO R15/VIVO X21 拆机报告","其他","2018-07-17 11:58:47","未知用户 (sunliping1)","否","http://dmtks.hisense.com/pages/viewpage.action?pageId=26676007"
"YFZXJSSL","视像科技研发中心技术沙龙","26677650","16845958","2018年","第42期 基于GStreamer   + MQTT的多播放器同步方案","2","36","视像科技研发中心技术沙龙 主页 / 2018年 / 第42期 基于GStreamer   + MQTT的多播放器同步方案","设计与架构","2018-07-19 16:43:34","未知用户 (sunliping1)","否","http://dmtks.hisense.com/pages/viewpage.action?pageId=26677650"
"YFZXJSSL","视像科技研发中心技术沙龙","27329577","16845958","2018年","第43期 在线老化技术交流","2","37","视像科技研发中心技术沙龙 主页 / 2018年 / 第43期 在线老化技术交流","其他","2018-07-24 11:37:26","未知用户 (sunliping1)","否","http://dmtks.hisense.com/pages/viewpage.action?pageId=27329577"
"YFZXJSSL","视像科技研发中心技术沙龙","27330360","16845958","2018年","第44期 2018年HEAD acoustics电信行业音频测试研讨会资料分享，及智能家居设备的音频测试","2","38","视像科技研发中心技术沙龙 主页 / 2018年 / 第44期 2018年HEAD acoustics电信行业音频测试研讨会资料分享，及智能家居设备的音频测试","测试与验证","2018-07-25 14:01:50","未知用户 (sunliping1)","否","http://dmtks.hisense.com/pages/viewpage.action?pageId=27330360"
"YFZXJSSL","视像科技研发中心技术沙龙","27919458","16845958","2018年","第45期 深圳工装厂家考察新技术讨论","2","39","视像科技研发中心技术沙龙 主页 / 2018年 / 第45期 深圳工装厂家考察新技术讨论","其他","2018-07-31 10:32:46","未知用户 (sunliping1)","否","http://dmtks.hisense.com/pages/viewpage.action?pageId=27919458"
"YFZXJSSL","视像科技研发中心技术沙龙","27920867","16845958","2018年","第46期 扬声器密封可靠性提升","2","40","视像科技研发中心技术沙龙 主页 / 2018年 / 第46期 扬声器密封可靠性提升","其他","2018-08-02 10:56:41","未知用户 (sunliping1)","否","http://dmtks.hisense.com/pages/viewpage.action?pageId=27920867"
"YFZXJSSL","视像科技研发中心技术沙龙","41978520","146968877","视像科技研发中心技术沙龙 主页","2019年","1","2","视像科技研发中心技术沙龙 主页 / 2019年","其他","2019-01-04 10:43:21","未知用户 (sunliping1)","是","http://dmtks.hisense.com/pages/viewpage.action?pageId=41978520"
"YFZXJSSL","视像科技研发中心技术沙龙","68850984","41978520","2019年","第100期 智能标签 万物互联 标签产品知识分享","2","1","视像科技研发中心技术沙龙 主页 / 2019年 / 第100期 智能标签 万物互联 标签产品知识分享","其他","2019-10-17 11:10:08","未知用户 (sunliping1)","否","http://dmtks.hisense.com/pages/viewpage.action?pageId=68850984"
"YFZXJSSL","视像科技研发中心技术沙龙","69504448","41978520","2019年","第101期 方舟编译器和鸿蒙操作系统介绍以及OPPO   HyperBoost技术介绍","2","2","视像科技研发中心技术沙龙 主页 / 2019年 / 第101期 方舟编译器和鸿蒙操作系统介绍以及OPPO   HyperBoost技术介绍","其他","2019-10-23 13:05:40","未知用户 (sunliping1)","否","http://dmtks.hisense.com/pages/viewpage.action?pageId=69504448"
"YFZXJSSL","视像科技研发中心技术沙龙","69504451","41978520","2019年","第102期 极限空间下的架构技术研究（一）","2","3","视像科技研发中心技术沙龙 主页 / 2019年 / 第102期 极限空间下的架构技术研究（一）","设计与架构","2019-10-23 13:06:53","未知用户 (sunliping1)","否","http://dmtks.hisense.com/pages/viewpage.action?pageId=69504451"
"YFZXJSSL","视像科技研发中心技术沙龙","69505628","41978520","2019年","第103期 2019上海工博会分享会","2","4","视像科技研发中心技术沙龙 主页 / 2019年 / 第103期 2019上海工博会分享会","其他","2019-10-24 10:41:27","未知用户 (sunliping1)","否","http://dmtks.hisense.com/pages/viewpage.action?pageId=69505628"
"YFZXJSSL","视像科技研发中心技术沙龙","69505633","41978520","2019年","第104期 知识图谱简介及2019中文知识图谱会议总结","2","5","视像科技研发中心技术沙龙 主页 / 2019年 / 第104期 知识图谱简介及2019中文知识图谱会议总结","会议与协同","2019-10-24 10:43:05","未知用户 (sunliping1)","否","http://dmtks.hisense.com/pages/viewpage.action?pageId=69505633"
"YFZXJSSL","视像科技研发中心技术沙龙","69505638","41978520","2019年","第105期 石墨及石墨烯高导膜特性及其应用简介","2","6","视像科技研发中心技术沙龙 主页 / 2019年 / 第105期 石墨及石墨烯高导膜特性及其应用简介","其他","2019-10-24 10:43:50","未知用户 (sunliping1)","否","http://dmtks.hisense.com/pages/viewpage.action?pageId=69505638"
"YFZXJSSL","视像科技研发中心技术沙龙","69505641","41978520","2019年","第106期 RaspberryPi介绍及测试应用","2","7","视像科技研发中心技术沙龙 主页 / 2019年 / 第106期 RaspberryPi介绍及测试应用","测试与验证","2019-10-24 10:44:42","未知用户 (sunliping1)","否","http://dmtks.hisense.com/pages/viewpage.action?pageId=69505641"
"YFZXJSSL","视像科技研发中心技术沙龙","69505853","41978520","2019年","第107期 电商包装和华为、TCL包装介绍","2","8","视像科技研发中心技术沙龙 主页 / 2019年 / 第107期 电商包装和华为、TCL包装介绍","其他","2019-10-24 14:05:29","未知用户 (sunliping1)","否","http://dmtks.hisense.com/pages/viewpage.action?pageId=69505853"
"YFZXJSSL","视像科技研发中心技术沙龙","70158849","41978520","2019年","第108期 近期TCP射频相关汇总分析及分享","2","9","视像科技研发中心技术沙龙 主页 / 2019年 / 第108期 近期TCP射频相关汇总分析及分享","问题与复盘","2019-10-29 14:03:28","未知用户 (sunliping1)","否","http://dmtks.hisense.com/pages/viewpage.action?pageId=70158849"
"YFZXJSSL","视像科技研发中心技术沙龙","70160309","41978520","2019年","第109期 社交电视硬件架构","2","10","视像科技研发中心技术沙龙 主页 / 2019年 / 第109期 社交电视硬件架构","设计与架构","2019-10-30 13:41:28","未知用户 (sunliping1)","否","http://dmtks.hisense.com/pages/viewpage.action?pageId=70160309"
"YFZXJSSL","视像科技研发中心技术沙龙","46796006","41978520","2019年","第10期 基于海外电视UI3.0的图像采集自动化工具","2","11","视像科技研发中心技术沙龙 主页 / 2019年 / 第10期 基于海外电视UI3.0的图像采集自动化工具","其他","2019-02-21 09:20:11","未知用户 (sunliping1)","否","http://dmtks.hisense.com/pages/viewpage.action?pageId=46796006"
"YFZXJSSL","视像科技研发中心技术沙龙","70160315","41978520","2019年","第110期 软件设计模块化思想；MySQL数据库优化","2","12","视像科技研发中心技术沙龙 主页 / 2019年 / 第110期 软件设计模块化思想；MySQL数据库优化","设计与架构","2019-10-30 13:43:08","未知用户 (sunliping1)","否","http://dmtks.hisense.com/pages/viewpage.action?pageId=70160315"
"YFZXJSSL","视像科技研发中心技术沙龙","70782463","41978520","2019年","第111期 2019曼谷安卓合作者峰会材料分享","2","13","视像科技研发中心技术沙龙 主页 / 2019年 / 第111期 2019曼谷安卓合作者峰会材料分享","其他","2019-11-06 13:51:00","未知用户 (sunliping1)","否","http://dmtks.hisense.com/pages/viewpage.action?pageId=70782463"
"YFZXJSSL","视像科技研发中心技术沙龙","71403913","41978520","2019年","第112期 生命特征传感器简介","2","14","视像科技研发中心技术沙龙 主页 / 2019年 / 第112期 生命特征传感器简介","其他","2019-11-12 10:01:50","未知用户 (sunliping1)","否","http://dmtks.hisense.com/pages/viewpage.action?pageId=71403913"
"YFZXJSSL","视像科技研发中心技术沙龙","71406411","41978520","2019年","第113期 手机差异化设计技术交流","2","15","视像科技研发中心技术沙龙 主页 / 2019年 / 第113期 手机差异化设计技术交流","设计与架构","2019-11-13 15:26:24","未知用户 (sunliping1)","否","http://dmtks.hisense.com/pages/viewpage.action?pageId=71406411"
"YFZXJSSL","视像科技研发中心技术沙龙","71407333","41978520","2019年","第114期 IQOO-5G拆机分析","2","16","视像科技研发中心技术沙龙 主页 / 2019年 / 第114期 IQOO-5G拆机分析","问题与复盘","2019-11-14 09:45:24","未知用户 (sunliping1)","否","http://dmtks.hisense.com/pages/viewpage.action?pageId=71407333"
"YFZXJSSL","视像科技研发中心技术沙龙","72093246","41978520","2019年","第115期 海信音响产品介绍及关键要素","2","17","视像科技研发中心技术沙龙 主页 / 2019年 / 第115期 海信音响产品介绍及关键要素","其他","2019-11-20 10:58:06","未知用户 (sunliping1)","否","http://dmtks.hisense.com/pages/viewpage.action?pageId=72093246"
"YFZXJSSL","视像科技研发中心技术沙龙","72094140","41978520","2019年","第116期 图像语义分割技术应用研究","2","18","视像科技研发中心技术沙龙 主页 / 2019年 / 第116期 图像语义分割技术应用研究","其他","2019-11-21 09:42:39","未知用户 (sunliping1)","否","http://dmtks.hisense.com/pages/viewpage.action?pageId=72094140"
"YFZXJSSL","视像科技研发中心技术沙龙","73335464","41978520","2019年","第117期 第七届电声技术国际研讨会交流","2","19","视像科技研发中心技术沙龙 主页 / 2019年 / 第117期 第七届电声技术国际研讨会交流","其他","2019-12-02 10:08:36","未知用户 (sunliping1)","否","http://dmtks.hisense.com/pages/viewpage.action?pageId=73335464"
"YFZXJSSL","视像科技研发中心技术沙龙","73338442","41978520","2019年","第118期 纳米疏水镀膜应用及介绍","2","20","视像科技研发中心技术沙龙 主页 / 2019年 / 第118期 纳米疏水镀膜应用及介绍","其他","2019-11-28 11:34:35","未知用户 (sunliping1)","否","http://dmtks.hisense.com/pages/viewpage.action?pageId=73338442"
"YFZXJSSL","视像科技研发中心技术沙龙","73339091","41978520","2019年","第119期 电视智能化现状及展望探讨","2","21","视像科技研发中心技术沙龙 主页 / 2019年 / 第119期 电视智能化现状及展望探讨","其他","2019-11-28 17:40:29","未知用户 (sunliping1)","否","http://dmtks.hisense.com/pages/viewpage.action?pageId=73339091"
"YFZXJSSL","视像科技研发中心技术沙龙","47483516","41978520","2019年","第11期 以用户为中心的泛术语服务","2","22","视像科技研发中心技术沙龙 主页 / 2019年 / 第11期 以用户为中心的泛术语服务","其他","2019-02-27 09:57:24","未知用户 (sunliping1)","否","http://dmtks.hisense.com/pages/viewpage.action?pageId=47483516"
"YFZXJSSL","视像科技研发中心技术沙龙","73894584","41978520","2019年","第120期 仿真分析阶段性报告","2","23","视像科技研发中心技术沙龙 主页 / 2019年 / 第120期 仿真分析阶段性报告","问题与复盘","2019-12-03 15:50:31","未知用户 (sunliping1)","否","http://dmtks.hisense.com/pages/viewpage.action?pageId=73894584"
"YFZXJSSL","视像科技研发中心技术沙龙","74520987","41978520","2019年","第121期 金属机壳镭雕技术","2","24","视像科技研发中心技术沙龙 主页 / 2019年 / 第121期 金属机壳镭雕技术","其他","2019-12-13 12:33:52","未知用户 (sunliping1)","否","http://dmtks.hisense.com/pages/viewpage.action?pageId=74520987"
"YFZXJSSL","视像科技研发中心技术沙龙","75171630","41978520","2019年","第122期 2019上海微波与天线技术展会分享","2","25","视像科技研发中心技术沙龙 主页 / 2019年 / 第122期 2019上海微波与天线技术展会分享","其他","2019-12-17 09:11:01","未知用户 (sunliping1)","否","http://dmtks.hisense.com/pages/viewpage.action?pageId=75171630"
"YFZXJSSL","视像科技研发中心技术沙龙","75862698","41978520","2019年","第123期 物联网与智慧物流介绍","2","26","视像科技研发中心技术沙龙 主页 / 2019年 / 第123期 物联网与智慧物流介绍","其他","2019-12-25 17:37:03","未知用户 (sunliping1)","否","http://dmtks.hisense.com/pages/viewpage.action?pageId=75862698"
"YFZXJSSL","视像科技研发中心技术沙龙","75862704","41978520","2019年","第124期 Android AudioEffect 音效框架介绍与实现","2","27","视像科技研发中心技术沙龙 主页 / 2019年 / 第124期 Android AudioEffect 音效框架介绍与实现","其他","2019-12-25 17:37:51","未知用户 (sunliping1)","否","http://dmtks.hisense.com/pages/viewpage.action?pageId=75862704"
"YFZXJSSL","视像科技研发中心技术沙龙","75864318","41978520","2019年","第125期 红外遥控协议原理及模拟方案","2","28","视像科技研发中心技术沙龙 主页 / 2019年 / 第125期 红外遥控协议原理及模拟方案","设计与架构","2019-12-27 10:17:40","未知用户 (sunliping1)","否","http://dmtks.hisense.com/pages/viewpage.action?pageId=75864318"
"YFZXJSSL","视像科技研发中心技术沙龙","76448496","41978520","2019年","第126期 2019亚洲国际标签印刷展技术分享","2","29","视像科技研发中心技术沙龙 主页 / 2019年 / 第126期 2019亚洲国际标签印刷展技术分享","其他","2019-12-30 14:07:58","未知用户 (sunliping1)","否","http://dmtks.hisense.com/pages/viewpage.action?pageId=76448496"
"YFZXJSSL","视像科技研发中心技术沙龙","76448499","41978520","2019年","第127期 华为荣耀平板M5竞品分析","2","30","视像科技研发中心技术沙龙 主页 / 2019年 / 第127期 华为荣耀平板M5竞品分析","问题与复盘","2019-12-30 14:08:40","未知用户 (sunliping1)","否","http://dmtks.hisense.com/pages/viewpage.action?pageId=76448499"
"YFZXJSSL","视像科技研发中心技术沙龙","76448617","41978520","2019年","第128期 超高频电源技术研究","2","31","视像科技研发中心技术沙龙 主页 / 2019年 / 第128期 超高频电源技术研究","其他","2019-12-30 15:26:35","未知用户 (sunliping1)","否","http://dmtks.hisense.com/pages/viewpage.action?pageId=76448617"
"YFZXJSSL","视像科技研发中心技术沙龙","76449889","41978520","2019年","第129期 2019年中国技术传播论坛分享","2","32","视像科技研发中心技术沙龙 主页 / 2019年 / 第129期 2019年中国技术传播论坛分享","其他","2019-12-31 11:20:10","未知用户 (sunliping1)","否","http://dmtks.hisense.com/pages/viewpage.action?pageId=76449889"
"YFZXJSSL","视像科技研发中心技术沙龙","47483594","41978520","2019年","第12期 CAE在手机结构设计开发流程中的应用","2","33","视像科技研发中心技术沙龙 主页 / 2019年 / 第12期 CAE在手机结构设计开发流程中的应用","设计与架构","2019-02-27 10:45:56","未知用户 (sunliping1)","否","http://dmtks.hisense.com/pages/viewpage.action?pageId=47483594"
"YFZXJSSL","视像科技研发中心技术沙龙","47484935","41978520","2019年","第13期 3D玻璃热弯加工与新技术","2","34","视像科技研发中心技术沙龙 主页 / 2019年 / 第13期 3D玻璃热弯加工与新技术","二维三维与图形模型","2019-02-28 10:27:13","未知用户 (sunliping1)","否","http://dmtks.hisense.com/pages/viewpage.action?pageId=47484935"
"YFZXJSSL","视像科技研发中心技术沙龙","47484945","41978520","2019年","第14期 智能物联网设备测试交流","2","35","视像科技研发中心技术沙龙 主页 / 2019年 / 第14期 智能物联网设备测试交流","测试与验证","2019-02-28 10:28:53","未知用户 (sunliping1)","否","http://dmtks.hisense.com/pages/viewpage.action?pageId=47484945"
"YFZXJSSL","视像科技研发中心技术沙龙","48829378","41978520","2019年","第15期 国内电信设备进网认证政策及资料变化介绍","2","36","视像科技研发中心技术沙龙 主页 / 2019年 / 第15期 国内电信设备进网认证政策及资料变化介绍","培训与知识","2019-03-14 10:27:07","未知用户 (sunliping1)","否","http://dmtks.hisense.com/pages/viewpage.action?pageId=48829378"
"YFZXJSSL","视像科技研发中心技术沙龙","50135461","41978520","2019年","第16期 AWE产品竞争力分析","2","37","视像科技研发中心技术沙龙 主页 / 2019年 / 第16期 AWE产品竞争力分析","问题与复盘","2019-03-25 11:39:18","未知用户 (sunliping1)","否","http://dmtks.hisense.com/pages/viewpage.action?pageId=50135461"
"YFZXJSSL","视像科技研发中心技术沙龙","50138004","41978520","2019年","第17期 压铸工艺与相关结构件介绍","2","38","视像科技研发中心技术沙龙 主页 / 2019年 / 第17期 压铸工艺与相关结构件介绍","其他","2019-03-27 15:34:17","未知用户 (sunliping1)","否","http://dmtks.hisense.com/pages/viewpage.action?pageId=50138004"
"YFZXJSSL","视像科技研发中心技术沙龙","50138504","41978520","2019年","第18期 耳机选型及对人耳听力损伤影响介绍","2","39","视像科技研发中心技术沙龙 主页 / 2019年 / 第18期 耳机选型及对人耳听力损伤影响介绍","其他","2019-03-28 09:58:37","未知用户 (sunliping1)","否","http://dmtks.hisense.com/pages/viewpage.action?pageId=50138504"
"YFZXJSSL","视像科技研发中心技术沙龙","50138509","41978520","2019年","第19期 不同设备之间的数据传输功能技术调研","2","40","视像科技研发中心技术沙龙 主页 / 2019年 / 第19期 不同设备之间的数据传输功能技术调研","数据与质量","2019-03-28 09:59:32","未知用户 (sunliping1)","否","http://dmtks.hisense.com/pages/viewpage.action?pageId=50138509"
"YFZXJSSL","视像科技研发中心技术沙龙","76452404","146968877","视像科技研发中心技术沙龙 主页","2020年","1","3","视像科技研发中心技术沙龙 主页 / 2020年","其他","2020-01-02 15:17:15","未知用户 (sunliping1)","是","http://dmtks.hisense.com/pages/viewpage.action?pageId=76452404"
"YFZXJSSL","视像科技研发中心技术沙龙","111449138","76452404","2020年","第100期 WiFi6 技术分享","2","1","视像科技研发中心技术沙龙 主页 / 2020年 / 第100期 WiFi6 技术分享","其他","2020-12-30 16:54:04","王军","否","http://dmtks.hisense.com/pages/viewpage.action?pageId=111449138"
"YFZXJSSL","视像科技研发中心技术沙龙","111449156","76452404","2020年","第101期 基于soundcheck的声学测试","2","2","视像科技研发中心技术沙龙 主页 / 2020年 / 第101期 基于soundcheck的声学测试","测试与验证","2020-12-30 16:59:08","王军","否","http://dmtks.hisense.com/pages/viewpage.action?pageId=111449156"
"YFZXJSSL","视像科技研发中心技术沙龙","111450761","76452404","2020年","第102期 手机防水膜生产测试方法","2","3","视像科技研发中心技术沙龙 主页 / 2020年 / 第102期 手机防水膜生产测试方法","测试与验证","2020-12-31 15:08:40","王军","否","http://dmtks.hisense.com/pages/viewpage.action?pageId=111450761"
"YFZXJSSL","视像科技研发中心技术沙龙","85954367","76452404","2020年","第10期 扬声器和MIC密封测试技术分享","2","4","视像科技研发中心技术沙龙 主页 / 2020年 / 第10期 扬声器和MIC密封测试技术分享","测试与验证","2020-04-15 13:39:49","未知用户 (sunliping1)","否","http://dmtks.hisense.com/pages/viewpage.action?pageId=85954367"
"YFZXJSSL","视像科技研发中心技术沙龙","85954621","76452404","2020年","第11期 android自动化测试技术分享","2","5","视像科技研发中心技术沙龙 主页 / 2020年 / 第11期 android自动化测试技术分享","测试与验证","2020-04-16 09:33:19","未知用户 (sunliping1)","否","http://dmtks.hisense.com/pages/viewpage.action?pageId=85954621"
"YFZXJSSL","视像科技研发中心技术沙龙","85954670","76452404","2020年","第12期 L762项目总结","2","6","视像科技研发中心技术沙龙 主页 / 2020年 / 第12期 L762项目总结","项目管理","2020-04-15 14:05:06","未知用户 (sunliping1)","否","http://dmtks.hisense.com/pages/viewpage.action?pageId=85954670"
"YFZXJSSL","视像科技研发中心技术沙龙","86547116","76452404","2020年","第13期 PCB板材参数研究","2","7","视像科技研发中心技术沙龙 主页 / 2020年 / 第13期 PCB板材参数研究","其他","2020-04-23 14:30:31","未知用户 (sunliping1)","否","http://dmtks.hisense.com/pages/viewpage.action?pageId=86547116"
"YFZXJSSL","视像科技研发中心技术沙龙","86548964","76452404","2020年","第14期 电视产品整机智能测试平台介绍","2","8","视像科技研发中心技术沙龙 主页 / 2020年 / 第14期 电视产品整机智能测试平台介绍","测试与验证","2020-04-24 13:51:10","未知用户 (sunliping1)","否","http://dmtks.hisense.com/pages/viewpage.action?pageId=86548964"
"YFZXJSSL","视像科技研发中心技术沙龙","87167983","76452404","2020年","第15期 DVB常见认证介绍","2","9","视像科技研发中心技术沙龙 主页 / 2020年 / 第15期 DVB常见认证介绍","培训与知识","2021-04-13 19:40:42","未知用户 (zhuyubing)","否","http://dmtks.hisense.com/pages/viewpage.action?pageId=87167983"
"YFZXJSSL","视像科技研发中心技术沙龙","87169887","76452404","2020年","第16期 广角镜头畸变标定与校正","2","10","视像科技研发中心技术沙龙 主页 / 2020年 / 第16期 广角镜头畸变标定与校正","其他","2020-04-28 13:37:03","未知用户 (sunliping1)","否","http://dmtks.hisense.com/pages/viewpage.action?pageId=87169887"
"YFZXJSSL","视像科技研发中心技术沙龙","87169890","76452404","2020年","第17期 热管知识交流与分享","2","11","视像科技研发中心技术沙龙 主页 / 2020年 / 第17期 热管知识交流与分享","其他","2020-04-28 13:38:06","未知用户 (sunliping1)","否","http://dmtks.hisense.com/pages/viewpage.action?pageId=87169890"
"YFZXJSSL","视像科技研发中心技术沙龙","87173056","76452404","2020年","第18期 过孔散热研究","2","12","视像科技研发中心技术沙龙 主页 / 2020年 / 第18期 过孔散热研究","其他","2020-04-29 16:02:42","未知用户 (sunliping1)","否","http://dmtks.hisense.com/pages/viewpage.action?pageId=87173056"
"YFZXJSSL","视像科技研发中心技术沙龙","87858545","76452404","2020年","第19期 HNR550T项目射频生产方案总结","2","13","视像科技研发中心技术沙龙 主页 / 2020年 / 第19期 HNR550T项目射频生产方案总结","设计与架构","2020-05-09 11:10:25","未知用户 (sunliping1)","否","http://dmtks.hisense.com/pages/viewpage.action?pageId=87858545"
"YFZXJSSL","视像科技研发中心技术沙龙","76452400","76452404","2020年","第1期 90秒100亿技术演进路线","2","14","视像科技研发中心技术沙龙 主页 / 2020年 / 第1期 90秒100亿技术演进路线","其他","2020-01-02 15:17:45","未知用户 (sunliping1)","否","http://dmtks.hisense.com/pages/viewpage.action?pageId=76452400"
"YFZXJSSL","视像科技研发中心技术沙龙","88375540","76452404","2020年","第20期 均温系数（CTS）对手机温度分布的影响","2","15","视像科技研发中心技术沙龙 主页 / 2020年 / 第20期 均温系数（CTS）对手机温度分布的影响","其他","2020-05-11 09:43:42","未知用户 (sunliping1)","否","http://dmtks.hisense.com/pages/viewpage.action?pageId=88375540"
"YFZXJSSL","视像科技研发中心技术沙龙","88380281","76452404","2020年","第21期 高速信号预加重去加重讲解与应用","2","16","视像科技研发中心技术沙龙 主页 / 2020年 / 第21期 高速信号预加重去加重讲解与应用","其他","2020-05-13 17:36:58","未知用户 (sunliping1)","否","http://dmtks.hisense.com/pages/viewpage.action?pageId=88380281"
"YFZXJSSL","视像科技研发中心技术沙龙","88380929","76452404","2020年","第22期 基于DB平台电视自动化测试介绍","2","17","视像科技研发中心技术沙龙 主页 / 2020年 / 第22期 基于DB平台电视自动化测试介绍","测试与验证","2020-05-14 09:34:35","未知用户 (sunliping1)","否","http://dmtks.hisense.com/pages/viewpage.action?pageId=88380929"
"YFZXJSSL","视像科技研发中心技术沙龙","89000119","76452404","2020年","第23期 FPSGO帧率加速技术分享","2","18","视像科技研发中心技术沙龙 主页 / 2020年 / 第23期 FPSGO帧率加速技术分享","其他","2020-05-19 11:24:02","未知用户 (sunliping1)","否","http://dmtks.hisense.com/pages/viewpage.action?pageId=89000119"
"YFZXJSSL","视像科技研发中心技术沙龙","89000124","76452404","2020年","第24期 结构修模费用培训","2","19","视像科技研发中心技术沙龙 主页 / 2020年 / 第24期 结构修模费用培训","培训与知识","2020-05-19 11:24:35","未知用户 (sunliping1)","否","http://dmtks.hisense.com/pages/viewpage.action?pageId=89000124"
"YFZXJSSL","视像科技研发中心技术沙龙","89002765","76452404","2020年","第25期  基于vulkan及angle的图形优化分享","2","20","视像科技研发中心技术沙龙 主页 / 2020年 / 第25期  基于vulkan及angle的图形优化分享","其他","2020-05-21 11:24:45","未知用户 (sunliping1)","否","http://dmtks.hisense.com/pages/viewpage.action?pageId=89002765"
"YFZXJSSL","视像科技研发中心技术沙龙","89002907","76452404","2020年","第26期 散热系统设计","2","21","视像科技研发中心技术沙龙 主页 / 2020年 / 第26期 散热系统设计","设计与架构","2020-12-03 17:08:09","未知用户 (xulianhu)","否","http://dmtks.hisense.com/pages/viewpage.action?pageId=89002907"
"YFZXJSSL","视像科技研发中心技术沙龙","89653585","76452404","2020年","第27期 Dynamic RGB Gamma","2","22","视像科技研发中心技术沙龙 主页 / 2020年 / 第27期 Dynamic RGB Gamma","其他","2020-05-25 09:29:22","未知用户 (sunliping1)","否","http://dmtks.hisense.com/pages/viewpage.action?pageId=89653585"
"YFZXJSSL","视像科技研发中心技术沙龙","89658217","76452404","2020年","第28期 蓝牙遥控自动配对技术","2","23","视像科技研发中心技术沙龙 主页 / 2020年 / 第28期 蓝牙遥控自动配对技术","其他","2020-05-27 15:15:11","未知用户 (sunliping1)","否","http://dmtks.hisense.com/pages/viewpage.action?pageId=89658217"
"YFZXJSSL","视像科技研发中心技术沙龙","89658224","76452404","2020年","第29期 终端功耗技术沙龙","2","24","视像科技研发中心技术沙龙 主页 / 2020年 / 第29期 终端功耗技术沙龙","其他","2020-05-27 16:24:51","未知用户 (sunliping1)","否","http://dmtks.hisense.com/pages/viewpage.action?pageId=89658224"
"YFZXJSSL","视像科技研发中心技术沙龙","77136174","76452404","2020年","第2期 基于Jenkins的自动化测试系统介绍","2","25","视像科技研发中心技术沙龙 主页 / 2020年 / 第2期 基于Jenkins的自动化测试系统介绍","测试与验证","2020-01-06 09:58:50","未知用户 (sunliping1)","否","http://dmtks.hisense.com/pages/viewpage.action?pageId=77136174"
"YFZXJSSL","视像科技研发中心技术沙龙","89658228","76452404","2020年","第30期 电视产品烧录方案设计及制作介绍","2","26","视像科技研发中心技术沙龙 主页 / 2020年 / 第30期 电视产品烧录方案设计及制作介绍","设计与架构","2020-05-27 15:18:41","未知用户 (sunliping1)","否","http://dmtks.hisense.com/pages/viewpage.action?pageId=89658228"
"YFZXJSSL","视像科技研发中心技术沙龙","89658238","76452404","2020年","第31期 画质AI分享","2","27","视像科技研发中心技术沙龙 主页 / 2020年 / 第31期 画质AI分享","其他","2020-05-29 09:19:11","未知用户 (sunliping1)","否","http://dmtks.hisense.com/pages/viewpage.action?pageId=89658238"
"YFZXJSSL","视像科技研发中心技术沙龙","89660279","76452404","2020年","第32期 手机产品对标竞品生产工艺分析","2","28","视像科技研发中心技术沙龙 主页 / 2020年 / 第32期 手机产品对标竞品生产工艺分析","问题与复盘","2020-05-28 16:47:34","未知用户 (sunliping1)","否","http://dmtks.hisense.com/pages/viewpage.action?pageId=89660279"
"YFZXJSSL","视像科技研发中心技术沙龙","90279783","76452404","2020年","第33期 软硬胶设计规范","2","29","视像科技研发中心技术沙龙 主页 / 2020年 / 第33期 软硬胶设计规范","设计与架构","2020-06-02 16:10:08","未知用户 (sunliping1)","否","http://dmtks.hisense.com/pages/viewpage.action?pageId=90279783"
"YFZXJSSL","视像科技研发中心技术沙龙","90281394","76452404","2020年","第34期 光学摄像头模组构成和组装工艺","2","30","视像科技研发中心技术沙龙 主页 / 2020年 / 第34期 光学摄像头模组构成和组装工艺","其他","2020-06-04 15:52:52","未知用户 (sunliping1)","否","http://dmtks.hisense.com/pages/viewpage.action?pageId=90281394"
"YFZXJSSL","视像科技研发中心技术沙龙","90281400","76452404","2020年","第35期 Odin浏览器升级的经验分享","2","31","视像科技研发中心技术沙龙 主页 / 2020年 / 第35期 Odin浏览器升级的经验分享","其他","2020-06-03 15:16:02","未知用户 (sunliping1)","否","http://dmtks.hisense.com/pages/viewpage.action?pageId=90281400"
"YFZXJSSL","视像科技研发中心技术沙龙","90936019","76452404","2020年","第36期 基于MQTT的海外电视自动化测试方法","2","32","视像科技研发中心技术沙龙 主页 / 2020年 / 第36期 基于MQTT的海外电视自动化测试方法","测试与验证","2020-06-10 17:34:28","未知用户 (sunliping1)","否","http://dmtks.hisense.com/pages/viewpage.action?pageId=90936019"
"YFZXJSSL","视像科技研发中心技术沙龙","91624428","76452404","2020年","第37期 SI三部曲之一——阻抗","2","33","视像科技研发中心技术沙龙 主页 / 2020年 / 第37期 SI三部曲之一——阻抗","其他","2020-06-17 16:22:51","未知用户 (sunliping1)","否","http://dmtks.hisense.com/pages/viewpage.action?pageId=91624428"
"YFZXJSSL","视像科技研发中心技术沙龙","91624435","76452404","2020年","第38期 SMT焊接常见失效与可焊性设计","2","34","视像科技研发中心技术沙龙 主页 / 2020年 / 第38期 SMT焊接常见失效与可焊性设计","设计与架构","2020-06-17 16:23:56","未知用户 (sunliping1)","否","http://dmtks.hisense.com/pages/viewpage.action?pageId=91624435"
"YFZXJSSL","视像科技研发中心技术沙龙","91624440","76452404","2020年","第39期 Android双重视界软件功能实现相关分享","2","35","视像科技研发中心技术沙龙 主页 / 2020年 / 第39期 Android双重视界软件功能实现相关分享","其他","2020-06-17 16:24:42","未知用户 (sunliping1)","否","http://dmtks.hisense.com/pages/viewpage.action?pageId=91624440"
"YFZXJSSL","视像科技研发中心技术沙龙","77137180","76452404","2020年","第3期 数字移动终端失效问题案例分析","2","36","视像科技研发中心技术沙龙 主页 / 2020年 / 第3期 数字移动终端失效问题案例分析","问题与复盘","2020-01-07 09:17:15","未知用户 (sunliping1)","否","http://dmtks.hisense.com/pages/viewpage.action?pageId=77137180"
"YFZXJSSL","视像科技研发中心技术沙龙","92277331","76452404","2020年","第40期 AutoGamma调整基础知识讲解","2","37","视像科技研发中心技术沙龙 主页 / 2020年 / 第40期 AutoGamma调整基础知识讲解","其他","2020-06-23 10:09:42","未知用户 (sunliping1)","否","http://dmtks.hisense.com/pages/viewpage.action?pageId=92277331"
"YFZXJSSL","视像科技研发中心技术沙龙","92277336","76452404","2020年","第41期 TCP措施库（结构）培训","2","38","视像科技研发中心技术沙龙 主页 / 2020年 / 第41期 TCP措施库（结构）培训","问题与复盘","2020-06-23 10:11:00","未知用户 (sunliping1)","否","http://dmtks.hisense.com/pages/viewpage.action?pageId=92277336"
"YFZXJSSL","视像科技研发中心技术沙龙","92277342","76452404","2020年","第42期 耳机音质与听感探讨","2","39","视像科技研发中心技术沙龙 主页 / 2020年 / 第42期 耳机音质与听感探讨","其他","2020-06-23 10:11:52","未知用户 (sunliping1)","否","http://dmtks.hisense.com/pages/viewpage.action?pageId=92277342"
"YFZXJSSL","视像科技研发中心技术沙龙","92277347","76452404","2020年","第43期 移动终端稳定性问题分析","2","40","视像科技研发中心技术沙龙 主页 / 2020年 / 第43期 移动终端稳定性问题分析","问题与复盘","2020-06-23 10:12:37","未知用户 (sunliping1)","否","http://dmtks.hisense.com/pages/viewpage.action?pageId=92277347"
"YFZXJSSL","视像科技研发中心技术沙龙","116823065","146968877","视像科技研发中心技术沙龙 主页","2021年","1","4","视像科技研发中心技术沙龙 主页 / 2021年","其他","2021-11-30 09:53:29","况成贤","是","http://dmtks.hisense.com/pages/viewpage.action?pageId=116823065"
"YFZXJSSL","视像科技研发中心技术沙龙","112827824","116823065","2021年","第1期 三星55Q700整机结构拆机分析","2","1","视像科技研发中心技术沙龙 主页 / 2021年 / 第1期 三星55Q700整机结构拆机分析","问题与复盘","2021-02-24 15:02:33","王军","否","http://dmtks.hisense.com/pages/viewpage.action?pageId=112827824"
"YFZXJSSL","视像科技研发中心技术沙龙","113476832","116823065","2021年","第2期 Android终端的camera bring up分享","2","2","视像科技研发中心技术沙龙 主页 / 2021年 / 第2期 Android终端的camera bring up分享","其他","2021-02-24 15:03:16","王军","否","http://dmtks.hisense.com/pages/viewpage.action?pageId=113476832"
"YFZXJSSL","视像科技研发中心技术沙龙","113484945","116823065","2021年","第3期 日本市场音场校正功能的比较分析","2","3","视像科技研发中心技术沙龙 主页 / 2021年 / 第3期 日本市场音场校正功能的比较分析","问题与复盘","2021-02-24 15:03:29","王军","否","http://dmtks.hisense.com/pages/viewpage.action?pageId=113484945"
"YFZXJSSL","视像科技研发中心技术沙龙","114202993","116823065","2021年","第4期  紧凑型Soundbar设计","2","4","视像科技研发中心技术沙龙 主页 / 2021年 / 第4期  紧凑型Soundbar设计","设计与架构","2021-02-24 15:03:42","王军","否","http://dmtks.hisense.com/pages/viewpage.action?pageId=114202993"
"YFZXJSSL","视像科技研发中心技术沙龙","114203888","116823065","2021年","第5期 VIDDA OS 重构介绍与培训","2","5","视像科技研发中心技术沙龙 主页 / 2021年 / 第5期 VIDDA OS 重构介绍与培训","培训与知识","2021-02-24 15:03:54","王军","否","http://dmtks.hisense.com/pages/viewpage.action?pageId=114203888"
"YFZXJSSL","视像科技研发中心技术沙龙","114204154","116823065","2021年","第6期 工装夹具技术​","2","6","视像科技研发中心技术沙龙 主页 / 2021年 / 第6期 工装夹具技术​","其他","2021-02-24 15:04:06","王军","否","http://dmtks.hisense.com/pages/viewpage.action?pageId=114204154"
"YFZXJSSL","视像科技研发中心技术沙龙","114920274","116823065","2021年","第7期 聊天分类简介","2","7","视像科技研发中心技术沙龙 主页 / 2021年 / 第7期 聊天分类简介","其他","2021-02-24 15:04:17","王军","否","http://dmtks.hisense.com/pages/viewpage.action?pageId=114920274"
"YFZXJSSL","视像科技研发中心技术沙龙","116821701","116823065","2021年","第8期 电视摄像头基本构成与设计选型","2","8","视像科技研发中心技术沙龙 主页 / 2021年 / 第8期 电视摄像头基本构成与设计选型","设计与架构","2021-02-24 15:04:35","王军","否","http://dmtks.hisense.com/pages/viewpage.action?pageId=116821701"
"YFZXJSSL","视像科技研发中心技术沙龙","116823109","116823065","2021年","第9期 OpenMax及Linux Render技术介绍","2","9","视像科技研发中心技术沙龙 主页 / 2021年 / 第9期 OpenMax及Linux Render技术介绍","其他","2021-02-24 15:17:03","徐立红/Molly Xu","否","http://dmtks.hisense.com/pages/viewpage.action?pageId=116823109"
"YFZXJSSL","视像科技研发中心技术沙龙","116824135","116823065","2021年","第10期 日本市场动向：用户问卷调查RIC-Research调査结果","2","10","视像科技研发中心技术沙龙 主页 / 2021年 / 第10期 日本市场动向：用户问卷调查RIC-Research调査结果","其他","2021-02-25 10:06:33","王军","否","http://dmtks.hisense.com/pages/viewpage.action?pageId=116824135"
"YFZXJSSL","视像科技研发中心技术沙龙","116824175","116823065","2021年","第11期 Mini-LED和Micro-LED技术介绍","2","11","视像科技研发中心技术沙龙 主页 / 2021年 / 第11期 Mini-LED和Micro-LED技术介绍","其他","2021-02-25 10:22:53","王军","否","http://dmtks.hisense.com/pages/viewpage.action?pageId=116824175"
"YFZXJSSL","视像科技研发中心技术沙龙","118229114","116823065","2021年","第12期 射频EMC相关PCB设计原则及案例分享","2","12","视像科技研发中心技术沙龙 主页 / 2021年 / 第12期 射频EMC相关PCB设计原则及案例分享","设计与架构","2021-03-09 10:02:47","王军","否","http://dmtks.hisense.com/pages/viewpage.action?pageId=118229114"
"YFZXJSSL","视像科技研发中心技术沙龙","118234418","116823065","2021年","第13期 MWC2021技术趋势及手机隔空充电技术","2","13","视像科技研发中心技术沙龙 主页 / 2021年 / 第13期 MWC2021技术趋势及手机隔空充电技术","其他","2021-03-11 14:42:48","未知用户 (zhaohui5)","否","http://dmtks.hisense.com/pages/viewpage.action?pageId=118234418"
"YFZXJSSL","视像科技研发中心技术沙龙","118234977","116823065","2021年","第14期 合金镭雕及氧化研究","2","14","视像科技研发中心技术沙龙 主页 / 2021年 / 第14期 合金镭雕及氧化研究","其他","2021-03-11 16:40:25","王军","否","http://dmtks.hisense.com/pages/viewpage.action?pageId=118234977"
"YFZXJSSL","视像科技研发中心技术沙龙","119705760","116823065","2021年","第15期 WebXR 技术原理及应用","2","15","视像科技研发中心技术沙龙 主页 / 2021年 / 第15期 WebXR 技术原理及应用","其他","2021-03-23 17:53:24","汪超","否","http://dmtks.hisense.com/pages/viewpage.action?pageId=119705760"
"YFZXJSSL","视像科技研发中心技术沙龙","119706655","116823065","2021年","第16期 Camera测试原理简介","2","16","视像科技研发中心技术沙龙 主页 / 2021年 / 第16期 Camera测试原理简介","测试与验证","2021-03-24 10:02:52","未知用户 (wangmaojie)","否","http://dmtks.hisense.com/pages/viewpage.action?pageId=119706655"
"YFZXJSSL","视像科技研发中心技术沙龙","119707485","116823065","2021年","第17期   CCM模组知识介绍","2","17","视像科技研发中心技术沙龙 主页 / 2021年 / 第17期   CCM模组知识介绍","其他","2021-03-24 16:29:29","张术娟","否","http://dmtks.hisense.com/pages/viewpage.action?pageId=119707485"
"YFZXJSSL","视像科技研发中心技术沙龙","120520939","116823065","2021年","第18期 IoT模组的生产测试工艺","2","18","视像科技研发中心技术沙龙 主页 / 2021年 / 第18期 IoT模组的生产测试工艺","测试与验证","2021-03-29 09:27:22","未知用户 (wangmaojie)","否","http://dmtks.hisense.com/pages/viewpage.action?pageId=120520939"
"YFZXJSSL","视像科技研发中心技术沙龙","120521362","116823065","2021年","第19期 AIAQ用的分类推测技术","2","19","视像科技研发中心技术沙龙 主页 / 2021年 / 第19期 AIAQ用的分类推测技术","其他","2021-03-29 11:17:44","王军","否","http://dmtks.hisense.com/pages/viewpage.action?pageId=120521362"
"YFZXJSSL","视像科技研发中心技术沙龙","120521371","116823065","2021年","第20期 运动机构——链传动基础及设计","2","20","视像科技研发中心技术沙龙 主页 / 2021年 / 第20期 运动机构——链传动基础及设计","设计与架构","2021-04-01 10:10:52","未知用户 (liuyanan6)","否","http://dmtks.hisense.com/pages/viewpage.action?pageId=120521371"
"YFZXJSSL","视像科技研发中心技术沙龙","120522963","116823065","2021年","第21期 BML业务介绍","2","21","视像科技研发中心技术沙龙 主页 / 2021年 / 第21期 BML业务介绍","其他","2021-03-29 18:17:36","徐立红/Molly Xu","否","http://dmtks.hisense.com/pages/viewpage.action?pageId=120522963"
"YFZXJSSL","视像科技研发中心技术沙龙","120523721","116823065","2021年","第22期 DDS预研模块培训","2","22","视像科技研发中心技术沙龙 主页 / 2021年 / 第22期 DDS预研模块培训","培训与知识","2021-04-01 10:01:25","王军","否","http://dmtks.hisense.com/pages/viewpage.action?pageId=120523721"
"YFZXJSSL","视像科技研发中心技术沙龙","120527534","116823065","2021年","第23期 风格迁移技术","2","23","视像科技研发中心技术沙龙 主页 / 2021年 / 第23期 风格迁移技术","其他","2021-04-01 09:40:13","王军","否","http://dmtks.hisense.com/pages/viewpage.action?pageId=120527534"
"YFZXJSSL","视像科技研发中心技术沙龙","120527745","116823065","2021年","第24期 2021年AWE展总结","2","24","视像科技研发中心技术沙龙 主页 / 2021年 / 第24期 2021年AWE展总结","其他","2021-04-01 17:09:41","未知用户 (liuyanan6)","否","http://dmtks.hisense.com/pages/viewpage.action?pageId=120527745"
"YFZXJSSL","视像科技研发中心技术沙龙","121835009","116823065","2021年","第25期 华为nova8se手机天线设计方案分析与探讨","2","25","视像科技研发中心技术沙龙 主页 / 2021年 / 第25期 华为nova8se手机天线设计方案分析与探讨","设计与架构","2021-04-13 16:14:42","王军","否","http://dmtks.hisense.com/pages/viewpage.action?pageId=121835009"
"YFZXJSSL","视像科技研发中心技术沙龙","121835555","116823065","2021年","第26期 DVB-T2 Nodig RF认证测试浅析","2","26","视像科技研发中心技术沙龙 主页 / 2021年 / 第26期 DVB-T2 Nodig RF认证测试浅析","测试与验证","2021-04-13 20:04:44","未知用户 (zhuyubing)","否","http://dmtks.hisense.com/pages/viewpage.action?pageId=121835555"
"YFZXJSSL","视像科技研发中心技术沙龙","121837099","116823065","2021年","第27期  LLC拓扑基础","2","27","视像科技研发中心技术沙龙 主页 / 2021年 / 第27期  LLC拓扑基础","其他","2021-04-14 17:57:53","张术娟","否","http://dmtks.hisense.com/pages/viewpage.action?pageId=121837099"
"YFZXJSSL","视像科技研发中心技术沙龙","122490678","116823065","2021年","第28期 Ginga应用","2","28","视像科技研发中心技术沙龙 主页 / 2021年 / 第28期 Ginga应用","其他","2021-04-20 16:03:10","徐立红/Molly Xu","否","http://dmtks.hisense.com/pages/viewpage.action?pageId=122490678"
"YFZXJSSL","视像科技研发中心技术沙龙","122493101","116823065","2021年","第29期 T30方案(MT9980)的防烧屏对策","2","29","视像科技研发中心技术沙龙 主页 / 2021年 / 第29期 T30方案(MT9980)的防烧屏对策","设计与架构","2021-04-22 10:41:16","王军","否","http://dmtks.hisense.com/pages/viewpage.action?pageId=122493101"
"YFZXJSSL","视像科技研发中心技术沙龙","122496797","116823065","2021年","第30期 专利检索、申请和挖掘案例分析及培训","2","30","视像科技研发中心技术沙龙 主页 / 2021年 / 第30期 专利检索、申请和挖掘案例分析及培训","问题与复盘","2021-04-23 18:29:08","曲军伟","否","http://dmtks.hisense.com/pages/viewpage.action?pageId=122496797"
"YFZXJSSL","视像科技研发中心技术沙龙","123241670","116823065","2021年","第31期 电子元器件典型失效案例分享","2","31","视像科技研发中心技术沙龙 主页 / 2021年 / 第31期 电子元器件典型失效案例分享","其他","2021-04-25 14:35:24","未知用户 (wangmaojie)","否","http://dmtks.hisense.com/pages/viewpage.action?pageId=123241670"
"YFZXJSSL","视像科技研发中心技术沙龙","123243988","116823065","2021年","第32期 虚拟现实介绍与测试方法","2","32","视像科技研发中心技术沙龙 主页 / 2021年 / 第32期 虚拟现实介绍与测试方法","测试与验证","2021-04-26 11:55:15","未知用户 (wangyongxian)","否","http://dmtks.hisense.com/pages/viewpage.action?pageId=123243988"
"YFZXJSSL","视像科技研发中心技术沙龙","123245784","116823065","2021年","第33期 SLAM技术概述","2","33","视像科技研发中心技术沙龙 主页 / 2021年 / 第33期 SLAM技术概述","其他","2021-04-27 13:08:01","曾杰","否","http://dmtks.hisense.com/pages/viewpage.action?pageId=123245784"
"YFZXJSSL","视像科技研发中心技术沙龙","123246405","116823065","2021年","第34期 谷歌人脸解锁新框架介绍和失效分析","2","34","视像科技研发中心技术沙龙 主页 / 2021年 / 第34期 谷歌人脸解锁新框架介绍和失效分析","问题与复盘","2021-05-05 19:12:44","未知用户 (zhanghainan)","否","http://dmtks.hisense.com/pages/viewpage.action?pageId=123246405"
"YFZXJSSL","视像科技研发中心技术沙龙","123246739","116823065","2021年","第35期 远场语音技术难点与最新技术进展介绍","2","35","视像科技研发中心技术沙龙 主页 / 2021年 / 第35期 远场语音技术难点与最新技术进展介绍","其他","2021-05-06 14:58:15","王军","否","http://dmtks.hisense.com/pages/viewpage.action?pageId=123246739"
"YFZXJSSL","视像科技研发中心技术沙龙","123247959","116823065","2021年","第36期 面向可持续发展的高分子材料循环再利用（华南理工大学何教授）","2","36","视像科技研发中心技术沙龙 主页 / 2021年 / 第36期 面向可持续发展的高分子材料循环再利用（华南理工大学何教授）","其他","2021-04-28 13:13:48","曲军伟","否","http://dmtks.hisense.com/pages/viewpage.action?pageId=123247959"
"YFZXJSSL","视像科技研发中心技术沙龙","123249077","116823065","2021年","第37期 目标检测综述——自研手势识别算法","2","37","视像科技研发中心技术沙龙 主页 / 2021年 / 第37期 目标检测综述——自研手势识别算法","其他","2021-04-29 18:29:11","岳国华","否","http://dmtks.hisense.com/pages/viewpage.action?pageId=123249077"
"YFZXJSSL","视像科技研发中心技术沙龙","123995798","116823065","2021年","第38期 TV基础音效以及后处理音效介绍","2","38","视像科技研发中心技术沙龙 主页 / 2021年 / 第38期 TV基础音效以及后处理音效介绍","其他","2021-05-06 14:57:24","张术娟","否","http://dmtks.hisense.com/pages/viewpage.action?pageId=123995798"
"YFZXJSSL","视像科技研发中心技术沙龙","125471317","116823065","2021年","第39期 TCL 65C12整机结构拆机分析","2","39","视像科技研发中心技术沙龙 主页 / 2021年 / 第39期 TCL 65C12整机结构拆机分析","问题与复盘","2021-05-18 10:05:45","程静","否","http://dmtks.hisense.com/pages/viewpage.action?pageId=125471317"
"YFZXJSSL","视像科技研发中心技术沙龙","125472839","116823065","2021年","第40期 语音交互中的语音识别和声纹识别技术","2","40","视像科技研发中心技术沙龙 主页 / 2021年 / 第40期 语音交互中的语音识别和声纹识别技术","其他","2021-05-18 18:27:12","王军","否","http://dmtks.hisense.com/pages/viewpage.action?pageId=125472839"
"YFZXJSSL","视像科技研发中心技术沙龙","149300620","146968877","视像科技研发中心技术沙龙 主页","2022年","1","5","视像科技研发中心技术沙龙 主页 / 2022年","其他","2022-12-19 10:53:55","未知用户 (liuzhitang)","是","http://dmtks.hisense.com/pages/viewpage.action?pageId=149300620"
"YFZXJSSL","视像科技研发中心技术沙龙","187809388","149300620","2022年","第100期 计量知识分享","2","1","视像科技研发中心技术沙龙 主页 / 2022年 / 第100期 计量知识分享","其他","2022-11-24 18:01:13","未知用户 (liuzhitang)","否","http://dmtks.hisense.com/pages/viewpage.action?pageId=187809388"
"YFZXJSSL","视像科技研发中心技术沙龙","187813670","149300620","2022年","第101期 TP原理以及开发指导","2","2","视像科技研发中心技术沙龙 主页 / 2022年 / 第101期 TP原理以及开发指导","其他","2022-11-25 14:49:16","未知用户 (zhanlei1)","否","http://dmtks.hisense.com/pages/viewpage.action?pageId=187813670"
"YFZXJSSL","视像科技研发中心技术沙龙","187814286","149300620","2022年","第102期  电视 广播级专业监视器技术分享","2","3","视像科技研发中心技术沙龙 主页 / 2022年 / 第102期  电视 广播级专业监视器技术分享","其他","2022-11-25 15:25:20","庞小东","否","http://dmtks.hisense.com/pages/viewpage.action?pageId=187814286"
"YFZXJSSL","视像科技研发中心技术沙龙","187815135","149300620","2022年","第103期  利用1次元DNN从电视收视数据中检测出广告区间","2","4","视像科技研发中心技术沙龙 主页 / 2022年 / 第103期  利用1次元DNN从电视收视数据中检测出广告区间","数据与质量","2022-11-25 16:44:38","未知用户 (liuzhitang)","否","http://dmtks.hisense.com/pages/viewpage.action?pageId=187815135"
"YFZXJSSL","视像科技研发中心技术沙龙","191278903","149300620","2022年","第104期 显示模组跌落案例和抗跌落设计要素","2","5","视像科技研发中心技术沙龙 主页 / 2022年 / 第104期 显示模组跌落案例和抗跌落设计要素","设计与架构","2022-12-15 11:06:14","未知用户 (gongfusheng)","否","http://dmtks.hisense.com/pages/viewpage.action?pageId=191278903"
"YFZXJSSL","视像科技研发中心技术沙龙","192152888","149300620","2022年","第105期  HGIG与游戏相关的标准","2","6","视像科技研发中心技术沙龙 主页 / 2022年 / 第105期  HGIG与游戏相关的标准","规范与流程","2022-12-19 10:24:01","未知用户 (liuzhitang)","否","http://dmtks.hisense.com/pages/viewpage.action?pageId=192152888"
"YFZXJSSL","视像科技研发中心技术沙龙","192153101","149300620","2022年","第106期  VVC及未来视频标准研究技术介绍","2","7","视像科技研发中心技术沙龙 主页 / 2022年 / 第106期  VVC及未来视频标准研究技术介绍","规范与流程","2022-12-19 10:52:11","未知用户 (liuzhitang)","否","http://dmtks.hisense.com/pages/viewpage.action?pageId=192153101"
"YFZXJSSL","视像科技研发中心技术沙龙","192158677","149300620","2022年","第107期 iphone真机自动化操作介绍","2","8","视像科技研发中心技术沙龙 主页 / 2022年 / 第107期 iphone真机自动化操作介绍","其他","2022-12-21 17:02:30","未知用户 (xiechunhui)","否","http://dmtks.hisense.com/pages/viewpage.action?pageId=192158677"
"YFZXJSSL","视像科技研发中心技术沙龙","154928217","149300620","2022年","第10期 三防机型气密性故障案例分析","2","9","视像科技研发中心技术沙龙 主页 / 2022年 / 第10期 三防机型气密性故障案例分析","问题与复盘","2022-02-21 10:34:24","未知用户 (wangrenbo)","否","http://dmtks.hisense.com/pages/viewpage.action?pageId=154928217"
"YFZXJSSL","视像科技研发中心技术沙龙","154931201","149300620","2022年","第11期 buffer_queue接口介绍与案例分析","2","10","视像科技研发中心技术沙龙 主页 / 2022年 / 第11期 buffer_queue接口介绍与案例分析","设计与架构","2022-02-23 16:47:41","徐立红/Molly Xu","否","http://dmtks.hisense.com/pages/viewpage.action?pageId=154931201"
"YFZXJSSL","视像科技研发中心技术沙龙","154934804","149300620","2022年","第12期 多语言语义理解方案","2","11","视像科技研发中心技术沙龙 主页 / 2022年 / 第12期 多语言语义理解方案","设计与架构","2022-02-23 16:46:37","徐立红/Molly Xu","否","http://dmtks.hisense.com/pages/viewpage.action?pageId=154934804"
"YFZXJSSL","视像科技研发中心技术沙龙","154935147","149300620","2022年","第13期 HDI板设计","2","12","视像科技研发中心技术沙龙 主页 / 2022年 / 第13期 HDI板设计","设计与架构","2022-02-24 09:42:29","刘晨","否","http://dmtks.hisense.com/pages/viewpage.action?pageId=154935147"
"YFZXJSSL","视像科技研发中心技术沙龙","154935469","149300620","2022年","第14期 防水透气膜真水测试方案初步验证分享","2","13","视像科技研发中心技术沙龙 主页 / 2022年 / 第14期 防水透气膜真水测试方案初步验证分享","设计与架构","2022-02-23 20:03:11","未知用户 (wangmaojie)","否","http://dmtks.hisense.com/pages/viewpage.action?pageId=154935469"
"YFZXJSSL","视像科技研发中心技术沙龙","154937193","149300620","2022年","第15期 dvb-dash 协议详解","2","14","视像科技研发中心技术沙龙 主页 / 2022年 / 第15期 dvb-dash 协议详解","其他","2022-02-24 15:29:48","陈耀宗/Yaozong Chen","否","http://dmtks.hisense.com/pages/viewpage.action?pageId=154937193"
"YFZXJSSL","视像科技研发中心技术沙龙","154940959","149300620","2022年","第16期 音场校正系统的商品化安装","2","15","视像科技研发中心技术沙龙 主页 / 2022年 / 第16期 音场校正系统的商品化安装","其他","2022-02-25 15:16:25","未知用户 (liuzhitang)","否","http://dmtks.hisense.com/pages/viewpage.action?pageId=154940959"
"YFZXJSSL","视像科技研发中心技术沙龙","154942686","149300620","2022年","第17期 显示画质量化评价体系","2","16","视像科技研发中心技术沙龙 主页 / 2022年 / 第17期 显示画质量化评价体系","数据与质量","2022-02-28 13:34:04","沈海杰","否","http://dmtks.hisense.com/pages/viewpage.action?pageId=154942686"
"YFZXJSSL","视像科技研发中心技术沙龙","155681247","149300620","2022年","第18期 AI人声分离技术在电视产品的应用","2","17","视像科技研发中心技术沙龙 主页 / 2022年 / 第18期 AI人声分离技术在电视产品的应用","其他","2022-02-28 09:19:34","未知用户 (liuzhitang)","否","http://dmtks.hisense.com/pages/viewpage.action?pageId=155681247"
"YFZXJSSL","视像科技研发中心技术沙龙","157198356","149300620","2022年","第19期 MQTT协议及EMQ X Broker介绍","2","18","视像科技研发中心技术沙龙 主页 / 2022年 / 第19期 MQTT协议及EMQ X Broker介绍","其他","2022-03-17 09:25:35","徐琳琳","否","http://dmtks.hisense.com/pages/viewpage.action?pageId=157198356"
"YFZXJSSL","视像科技研发中心技术沙龙","150741056","149300620","2022年","第1期 抽样检验","2","19","视像科技研发中心技术沙龙 主页 / 2022年 / 第1期 抽样检验","其他","2022-01-14 11:25:02","李怡宁","否","http://dmtks.hisense.com/pages/viewpage.action?pageId=150741056"
"YFZXJSSL","视像科技研发中心技术沙龙","157978339","149300620","2022年","第20期 BK3288蓝牙手表平台","2","20","视像科技研发中心技术沙龙 主页 / 2022年 / 第20期 BK3288蓝牙手表平台","其他","2022-03-21 19:27:11","未知用户 (lixiuyong)","否","http://dmtks.hisense.com/pages/viewpage.action?pageId=157978339"
"YFZXJSSL","视像科技研发中心技术沙龙","157978275","149300620","2022年","第21期 Camera预览循环的原理","2","21","视像科技研发中心技术沙龙 主页 / 2022年 / 第21期 Camera预览循环的原理","其他","2022-03-22 09:25:27","未知用户 (yutao8)","否","http://dmtks.hisense.com/pages/viewpage.action?pageId=157978275"
"YFZXJSSL","视像科技研发中心技术沙龙","157979442","149300620","2022年","第22期 应用锁方案介绍","2","22","视像科技研发中心技术沙龙 主页 / 2022年 / 第22期 应用锁方案介绍","设计与架构","2022-03-22 10:46:26","未知用户 (wujinquan)","否","http://dmtks.hisense.com/pages/viewpage.action?pageId=157979442"
"YFZXJSSL","视像科技研发中心技术沙龙","157983450","149300620","2022年","第23期 装载、链接与库介绍","2","23","视像科技研发中心技术沙龙 主页 / 2022年 / 第23期 装载、链接与库介绍","其他","2022-03-23 16:37:50","未知用户 (wangmaojie)","否","http://dmtks.hisense.com/pages/viewpage.action?pageId=157983450"
"YFZXJSSL","视像科技研发中心技术沙龙","157984852","149300620","2022年","第24期 高等级IPX8防水","2","24","视像科技研发中心技术沙龙 主页 / 2022年 / 第24期 高等级IPX8防水","其他","2022-03-30 18:06:01","未知用户 (lichuanshun)","否","http://dmtks.hisense.com/pages/viewpage.action?pageId=157984852"
"YFZXJSSL","视像科技研发中心技术沙龙","157985667","149300620","2022年","第25期 竞品厂家手机测试流程介绍","2","25","视像科技研发中心技术沙龙 主页 / 2022年 / 第25期 竞品厂家手机测试流程介绍","测试与验证","2022-03-24 11:56:20","未知用户 (wangmaojie)","否","http://dmtks.hisense.com/pages/viewpage.action?pageId=157985667"
"YFZXJSSL","视像科技研发中心技术沙龙","157986287","149300620","2022年","第26期 利用机器学习技术来辨识电视节目中的摄影棚场景","2","26","视像科技研发中心技术沙龙 主页 / 2022年 / 第26期 利用机器学习技术来辨识电视节目中的摄影棚场景","培训与知识","2022-03-24 15:20:20","未知用户 (liupeng30)","否","http://dmtks.hisense.com/pages/viewpage.action?pageId=157986287"
"YFZXJSSL","视像科技研发中心技术沙龙","157990861","149300620","2022年","第27期 浏览器接入聚连会议方案介绍","2","27","视像科技研发中心技术沙龙 主页 / 2022年 / 第27期 浏览器接入聚连会议方案介绍","设计与架构","2022-03-25 17:20:12","未知用户 (haozhengke)","否","http://dmtks.hisense.com/pages/viewpage.action?pageId=157990861"
"YFZXJSSL","视像科技研发中心技术沙龙","158774160","149300620","2022年","第28期 Camera基础知识","2","28","视像科技研发中心技术沙龙 主页 / 2022年 / 第28期 Camera基础知识","其他","2022-03-31 17:59:23","李玥","否","http://dmtks.hisense.com/pages/viewpage.action?pageId=158774160"
"YFZXJSSL","视像科技研发中心技术沙龙","159621695","149300620","2022年","第29期 Micro LED巨量转移技术","2","29","视像科技研发中心技术沙龙 主页 / 2022年 / 第29期 Micro LED巨量转移技术","其他","2022-04-08 10:47:32","未知用户 (zhangtao55)","否","http://dmtks.hisense.com/pages/viewpage.action?pageId=159621695"
"YFZXJSSL","视像科技研发中心技术沙龙","150742381","149300620","2022年","第2期  Perfetto工具基本功能及用法","2","30","视像科技研发中心技术沙龙 主页 / 2022年 / 第2期  Perfetto工具基本功能及用法","其他","2022-01-13 10:50:41","况成贤","否","http://dmtks.hisense.com/pages/viewpage.action?pageId=150742381"
"YFZXJSSL","视像科技研发中心技术沙龙","160373881","149300620","2022年","第30期 穿戴产品50米防水分析","2","31","视像科技研发中心技术沙龙 主页 / 2022年 / 第30期 穿戴产品50米防水分析","问题与复盘","2022-04-12 17:47:54","未知用户 (niuchen1)","否","http://dmtks.hisense.com/pages/viewpage.action?pageId=160373881"
"YFZXJSSL","视像科技研发中心技术沙龙","160376700","149300620","2022年","第31期 BML中AAC音频文件播放原理","2","32","视像科技研发中心技术沙龙 主页 / 2022年 / 第31期 BML中AAC音频文件播放原理","其他","2022-04-13 17:24:47","徐立红/Molly Xu","否","http://dmtks.hisense.com/pages/viewpage.action?pageId=160376700"
"YFZXJSSL","视像科技研发中心技术沙龙","160381317","149300620","2022年","第32期 Optenni lab软件在手机天线和电路设计中的应用","2","33","视像科技研发中心技术沙龙 主页 / 2022年 / 第32期 Optenni lab软件在手机天线和电路设计中的应用","设计与架构","2022-04-15 14:05:05","未知用户 (liuzhitang)","否","http://dmtks.hisense.com/pages/viewpage.action?pageId=160381317"
"YFZXJSSL","视像科技研发中心技术沙龙","160383177","149300620","2022年","第33期 模组结构竞品分析讲解","2","34","视像科技研发中心技术沙龙 主页 / 2022年 / 第33期 模组结构竞品分析讲解","问题与复盘","2022-04-18 11:06:05","刘国昌","否","http://dmtks.hisense.com/pages/viewpage.action?pageId=160383177"
"YFZXJSSL","视像科技研发中心技术沙龙","161519327","149300620","2022年","第34期 自然语言处理-中文分词","2","35","视像科技研发中心技术沙龙 主页 / 2022年 / 第34期 自然语言处理-中文分词","其他","2022-04-19 15:51:59","刘增敏","否","http://dmtks.hisense.com/pages/viewpage.action?pageId=161519327"
"YFZXJSSL","视像科技研发中心技术沙龙","162405318","149300620","2022年","第35期 Camx configure stream 流程分析","2","36","视像科技研发中心技术沙龙 主页 / 2022年 / 第35期 Camx configure stream 流程分析","问题与复盘","2022-04-25 14:31:45","未知用户 (yutao8)","否","http://dmtks.hisense.com/pages/viewpage.action?pageId=162405318"
"YFZXJSSL","视像科技研发中心技术沙龙","162405990","149300620","2022年","第36期 USB协议及Linux USB子系统的实现","2","37","视像科技研发中心技术沙龙 主页 / 2022年 / 第36期 USB协议及Linux USB子系统的实现","其他","2022-04-25 16:32:40","未知用户 (liuzhitang)","否","http://dmtks.hisense.com/pages/viewpage.action?pageId=162405990"
"YFZXJSSL","视像科技研发中心技术沙龙","162407738","149300620","2022年","第37期 JEITA 2021年 AV＆IT产品世界需求动向的调查结果","2","38","视像科技研发中心技术沙龙 主页 / 2022年 / 第37期 JEITA 2021年 AV＆IT产品世界需求动向的调查结果","需求与功能","2022-04-27 18:21:08","未知用户 (liuzhitang)","否","http://dmtks.hisense.com/pages/viewpage.action?pageId=162407738"
"YFZXJSSL","视像科技研发中心技术沙龙","162413550","149300620","2022年","第38期 微投校正服务框架介绍","2","39","视像科技研发中心技术沙龙 主页 / 2022年 / 第38期 微投校正服务框架介绍","其他","2022-04-27 19:28:16","郑晴晴","否","http://dmtks.hisense.com/pages/viewpage.action?pageId=162413550"
"YFZXJSSL","视像科技研发中心技术沙龙","162413561","149300620","2022年","第39期 毫米波雷达相关技术及应用","2","40","视像科技研发中心技术沙龙 主页 / 2022年 / 第39期 毫米波雷达相关技术及应用","其他","2022-04-27 18:57:21","李玥","否","http://dmtks.hisense.com/pages/viewpage.action?pageId=162413561"
"YFZXJSSL","视像科技研发中心技术沙龙","193501715","146968877","视像科技研发中心技术沙龙 主页","2023年","1","6","视像科技研发中心技术沙龙 主页 / 2023年","其他","2023-05-22 16:33:11","未知用户 (liuzhitang)","是","http://dmtks.hisense.com/pages/viewpage.action?pageId=193501715"
"YFZXJSSL","视像科技研发中心技术沙龙","224256303","193501715","2023年","第100期 电子行业热仿真案例分享","2","1","视像科技研发中心技术沙龙 主页 / 2023年 / 第100期 电子行业热仿真案例分享","其他","2023-11-16 16:14:33","未知用户 (liuzhitang)","否","http://dmtks.hisense.com/pages/viewpage.action?pageId=224256303"
"YFZXJSSL","视像科技研发中心技术沙龙","224664558","193501715","2023年","第101期 随机振动下产品包装系统减振优化研究","2","2","视像科技研发中心技术沙龙 主页 / 2023年 / 第101期 随机振动下产品包装系统减振优化研究","其他","2023-11-21 10:32:37","未知用户 (liuzhitang)","否","http://dmtks.hisense.com/pages/viewpage.action?pageId=224664558"
"YFZXJSSL","视像科技研发中心技术沙龙","224670215","193501715","2023年","第102期 电视安全设计","2","3","视像科技研发中心技术沙龙 主页 / 2023年 / 第102期 电视安全设计","设计与架构","2023-11-22 18:20:54","未知用户 (liuzhitang)","否","http://dmtks.hisense.com/pages/viewpage.action?pageId=224670215"
"YFZXJSSL","视像科技研发中心技术沙龙","224680060","193501715","2023年","第103期 活用大型语言模型(LLM)的新功能发想","2","4","视像科技研发中心技术沙龙 主页 / 2023年 / 第103期 活用大型语言模型(LLM)的新功能发想","二维三维与图形模型","2023-11-24 17:44:28","未知用户 (liuzhitang)","否","http://dmtks.hisense.com/pages/viewpage.action?pageId=224680060"
"YFZXJSSL","视像科技研发中心技术沙龙","224667645","193501715","2023年","第104期 音频功放技术介绍","2","5","视像科技研发中心技术沙龙 主页 / 2023年 / 第104期 音频功放技术介绍","其他","2023-11-27 17:39:40","未知用户 (liuzhitang)","否","http://dmtks.hisense.com/pages/viewpage.action?pageId=224667645"
"YFZXJSSL","视像科技研发中心技术沙龙","224662975","193501715","2023年","第105期 常用音效模块介绍","2","6","视像科技研发中心技术沙龙 主页 / 2023年 / 第105期 常用音效模块介绍","其他","2023-11-27 17:39:50","未知用户 (liuzhitang)","否","http://dmtks.hisense.com/pages/viewpage.action?pageId=224662975"
"YFZXJSSL","视像科技研发中心技术沙龙","225153202","193501715","2023年","第106期 金耳朵数据分析与总结","2","7","视像科技研发中心技术沙龙 主页 / 2023年 / 第106期 金耳朵数据分析与总结","问题与复盘","2023-11-30 09:14:19","徐琳琳","否","http://dmtks.hisense.com/pages/viewpage.action?pageId=225153202"
"YFZXJSSL","视像科技研发中心技术沙龙","225865731","193501715","2023年","第107期 NXP公司IoT技术交流","2","8","视像科技研发中心技术沙龙 主页 / 2023年 / 第107期 NXP公司IoT技术交流","其他","2023-12-22 19:38:54","姜元亭","否","http://dmtks.hisense.com/pages/viewpage.action?pageId=225865731"
"YFZXJSSL","视像科技研发中心技术沙龙","226957991","193501715","2023年","第108期 MTSC测试开发大会分享","2","9","视像科技研发中心技术沙龙 主页 / 2023年 / 第108期 MTSC测试开发大会分享","测试与验证","2023-12-14 10:09:02","徐琳琳","否","http://dmtks.hisense.com/pages/viewpage.action?pageId=226957991"
"YFZXJSSL","视像科技研发中心技术沙龙","226967937","193501715","2023年","第109期 元器件基础知识-电解电容","2","10","视像科技研发中心技术沙龙 主页 / 2023年 / 第109期 元器件基础知识-电解电容","其他","2023-12-16 10:05:22","姜元亭","否","http://dmtks.hisense.com/pages/viewpage.action?pageId=226967937"
"YFZXJSSL","视像科技研发中心技术沙龙","199887111","193501715","2023年","第10期 场序彩色液晶显示技术","2","11","视像科技研发中心技术沙龙 主页 / 2023年 / 第10期 场序彩色液晶显示技术","其他","2023-02-20 15:42:53","贺靖伦","否","http://dmtks.hisense.com/pages/viewpage.action?pageId=199887111"
"YFZXJSSL","视像科技研发中心技术沙龙","226974586","193501715","2023年","第110期 检验检测机构资质认定实验室认可内审员","2","12","视像科技研发中心技术沙龙 主页 / 2023年 / 第110期 检验检测机构资质认定实验室认可内审员","测试与验证","2023-12-19 09:32:26","徐琳琳","否","http://dmtks.hisense.com/pages/viewpage.action?pageId=226974586"
"YFZXJSSL","视像科技研发中心技术沙龙","226983778","193501715","2023年","第111期 声学楼十八周年年会转训","2","13","视像科技研发中心技术沙龙 主页 / 2023年 / 第111期 声学楼十八周年年会转训","其他","2023-12-21 19:51:39","姜元亭","否","http://dmtks.hisense.com/pages/viewpage.action?pageId=226983778"
"YFZXJSSL","视像科技研发中心技术沙龙","227449063","193501715","2023年","第112期 TVS对于环境问题的应对策略及情况","2","14","视像科技研发中心技术沙龙 主页 / 2023年 / 第112期 TVS对于环境问题的应对策略及情况","问题与复盘","2023-12-25 13:51:56","未知用户 (liuzhitang)","否","http://dmtks.hisense.com/pages/viewpage.action?pageId=227449063"
"YFZXJSSL","视像科技研发中心技术沙龙","227446806","193501715","2023年","第113期 合见EDA开发工具","2","15","视像科技研发中心技术沙龙 主页 / 2023年 / 第113期 合见EDA开发工具","其他","2023-12-22 19:37:32","未知用户 (liuzhitang)","否","http://dmtks.hisense.com/pages/viewpage.action?pageId=227446806"
"YFZXJSSL","视像科技研发中心技术沙龙","227449080","193501715","2023年","第114期 液晶电视模组亮边问题的一种软件解决方案","2","16","视像科技研发中心技术沙龙 主页 / 2023年 / 第114期 液晶电视模组亮边问题的一种软件解决方案","设计与架构","2023-12-28 14:16:48","赵树斌","否","http://dmtks.hisense.com/pages/viewpage.action?pageId=227449080"
"YFZXJSSL","视像科技研发中心技术沙龙","199893551","193501715","2023年","第11期 TI DCDC 技术研讨会","2","17","视像科技研发中心技术沙龙 主页 / 2023年 / 第11期 TI DCDC 技术研讨会","其他","2023-02-22 15:08:49","未知用户 (liuzhitang)","否","http://dmtks.hisense.com/pages/viewpage.action?pageId=199893551"
"YFZXJSSL","视像科技研发中心技术沙龙","199896740","193501715","2023年","第12期 MTSC测试大会分享（二）","2","18","视像科技研发中心技术沙龙 主页 / 2023年 / 第12期 MTSC测试大会分享（二）","测试与验证","2023-02-23 15:04:53","徐琳琳","否","http://dmtks.hisense.com/pages/viewpage.action?pageId=199896740"
"YFZXJSSL","视像科技研发中心技术沙龙","199902261","193501715","2023年","第13期 系统性能分析与优化通用方法分享","2","19","视像科技研发中心技术沙龙 主页 / 2023年 / 第13期 系统性能分析与优化通用方法分享","问题与复盘","2023-02-25 21:38:00","未知用户 (liuzhitang)","否","http://dmtks.hisense.com/pages/viewpage.action?pageId=199902261"
"YFZXJSSL","视像科技研发中心技术沙龙","199902391","193501715","2023年","第14期  音场校正（22年产品研发与第2期的开发）","2","20","视像科技研发中心技术沙龙 主页 / 2023年 / 第14期  音场校正（22年产品研发与第2期的开发）","其他","2023-03-06 16:08:00","未知用户 (liuzhitang)","否","http://dmtks.hisense.com/pages/viewpage.action?pageId=199902391"
"YFZXJSSL","视像科技研发中心技术沙龙","201052997","193501715","2023年","第15期 《一种系统的调音方法 —— 基于75U8H项目调音经验分享》","2","21","视像科技研发中心技术沙龙 主页 / 2023年 / 第15期 《一种系统的调音方法 —— 基于75U8H项目调音经验分享》","项目管理","2023-03-06 16:08:10","未知用户 (liuzhitang)","否","http://dmtks.hisense.com/pages/viewpage.action?pageId=201052997"
"YFZXJSSL","视像科技研发中心技术沙龙","202771148","193501715","2023年","第16期 《Mini LED 印刷工艺制程》","2","22","视像科技研发中心技术沙龙 主页 / 2023年 / 第16期 《Mini LED 印刷工艺制程》","其他","2023-04-06 14:45:17","未知用户 (liuzhitang)","否","http://dmtks.hisense.com/pages/viewpage.action?pageId=202771148"
"YFZXJSSL","视像科技研发中心技术沙龙","203820906","193501715","2023年","第17期 《电视整机CAE仿真建模规范及经验分享》","2","23","视像科技研发中心技术沙龙 主页 / 2023年 / 第17期 《电视整机CAE仿真建模规范及经验分享》","二维三维与图形模型","2023-04-06 14:45:25","未知用户 (liuzhitang)","否","http://dmtks.hisense.com/pages/viewpage.action?pageId=203820906"
"YFZXJSSL","视像科技研发中心技术沙龙","204736975","193501715","2023年","第18期 《华源公司当前AM驱动应用问题分享以及后续芯片规划和发展展望》","2","24","视像科技研发中心技术沙龙 主页 / 2023年 / 第18期 《华源公司当前AM驱动应用问题分享以及后续芯片规划和发展展望》","问题与复盘","2023-04-06 14:45:37","未知用户 (liuzhitang)","否","http://dmtks.hisense.com/pages/viewpage.action?pageId=204736975"
"YFZXJSSL","视像科技研发中心技术沙龙","204740759","193501715","2023年","第19期 《面板驱动技术简介》","2","25","视像科技研发中心技术沙龙 主页 / 2023年 / 第19期 《面板驱动技术简介》","其他","2023-04-06 14:45:47","未知用户 (liuzhitang)","否","http://dmtks.hisense.com/pages/viewpage.action?pageId=204740759"
"YFZXJSSL","视像科技研发中心技术沙龙","195235584","193501715","2023年","第1期  MTSC测试大会专题分享（一）","2","26","视像科技研发中心技术沙龙 主页 / 2023年 / 第1期  MTSC测试大会专题分享（一）","测试与验证","2023-01-16 18:54:51","徐琳琳","否","http://dmtks.hisense.com/pages/viewpage.action?pageId=195235584"
"YFZXJSSL","视像科技研发中心技术沙龙","204741647","193501715","2023年","第20期 测试技术专利分享","2","27","视像科技研发中心技术沙龙 主页 / 2023年 / 第20期 测试技术专利分享","测试与验证","2023-04-06 14:45:54","未知用户 (liuzhitang)","否","http://dmtks.hisense.com/pages/viewpage.action?pageId=204741647"
"YFZXJSSL","视像科技研发中心技术沙龙","205688829","193501715","2023年","第21期 AI网络场景的高画质研究","2","28","视像科技研发中心技术沙龙 主页 / 2023年 / 第21期 AI网络场景的高画质研究","其他","2023-04-06 14:46:02","未知用户 (liuzhitang)","否","http://dmtks.hisense.com/pages/viewpage.action?pageId=205688829"
"YFZXJSSL","视像科技研发中心技术沙龙","205689860","193501715","2023年","第22期 预研-五米水深防水技术研究","2","29","视像科技研发中心技术沙龙 主页 / 2023年 / 第22期 预研-五米水深防水技术研究","其他","2023-04-06 14:46:10","未知用户 (liuzhitang)","否","http://dmtks.hisense.com/pages/viewpage.action?pageId=205689860"
"YFZXJSSL","视像科技研发中心技术沙龙","205697076","193501715","2023年","第23期 模组结构TCP与竞品信息分享","2","30","视像科技研发中心技术沙龙 主页 / 2023年 / 第23期 模组结构TCP与竞品信息分享","其他","2023-04-06 14:46:18","未知用户 (liuzhitang)","否","http://dmtks.hisense.com/pages/viewpage.action?pageId=205697076"
"YFZXJSSL","视像科技研发中心技术沙龙","205696161","193501715","2023年","第24期 ATSC 3.0 新技术介绍","2","31","视像科技研发中心技术沙龙 主页 / 2023年 / 第24期 ATSC 3.0 新技术介绍","其他","2023-04-06 14:46:28","未知用户 (liuzhitang)","否","http://dmtks.hisense.com/pages/viewpage.action?pageId=205696161"
"YFZXJSSL","视像科技研发中心技术沙龙","208220034","193501715","2023年","第25期 2023 ISEAT培训","2","32","视像科技研发中心技术沙龙 主页 / 2023年 / 第25期 2023 ISEAT培训","培训与知识","2023-04-13 12:13:38","徐琳琳","否","http://dmtks.hisense.com/pages/viewpage.action?pageId=208220034"
"YFZXJSSL","视像科技研发中心技术沙龙","208221310","193501715","2023年","第26期 Micro LED微显示产业拓展-技术培训","2","33","视像科技研发中心技术沙龙 主页 / 2023年 / 第26期 Micro LED微显示产业拓展-技术培训","培训与知识","2023-04-13 18:35:25","任丽美","否","http://dmtks.hisense.com/pages/viewpage.action?pageId=208221310"
"YFZXJSSL","视像科技研发中心技术沙龙","209095396","193501715","2023年","第27期 智能感知传感技术发展趋势及在电视中的应用","2","34","视像科技研发中心技术沙龙 主页 / 2023年 / 第27期 智能感知传感技术发展趋势及在电视中的应用","其他","2023-04-17 17:11:05","王宏斌","否","http://dmtks.hisense.com/pages/viewpage.action?pageId=209095396"
"YFZXJSSL","视像科技研发中心技术沙龙","209096380","193501715","2023年","第28期 毫米波雷达的应用","2","35","视像科技研发中心技术沙龙 主页 / 2023年 / 第28期 毫米波雷达的应用","其他","2023-04-19 18:04:16","未知用户 (liuzhitang)","否","http://dmtks.hisense.com/pages/viewpage.action?pageId=209096380"
"YFZXJSSL","视像科技研发中心技术沙龙","211094850","193501715","2023年","第29期《光学膜片》分享","2","36","视像科技研发中心技术沙龙 主页 / 2023年 / 第29期《光学膜片》分享","其他","2023-04-27 20:05:52","未知用户 (liuzhitang)","否","http://dmtks.hisense.com/pages/viewpage.action?pageId=211094850"
"YFZXJSSL","视像科技研发中心技术沙龙","195237287","193501715","2023年","第2期  DMP动态缩略图前端实现技术","2","37","视像科技研发中心技术沙龙 主页 / 2023年 / 第2期  DMP动态缩略图前端实现技术","其他","2023-01-17 10:11:47","徐立红/Molly Xu","否","http://dmtks.hisense.com/pages/viewpage.action?pageId=195237287"
"YFZXJSSL","视像科技研发中心技术沙龙","211095346","193501715","2023年","第30期《背光驱动应用》分享","2","38","视像科技研发中心技术沙龙 主页 / 2023年 / 第30期《背光驱动应用》分享","其他","2023-04-27 20:42:36","沈海杰","否","http://dmtks.hisense.com/pages/viewpage.action?pageId=211095346"
"YFZXJSSL","视像科技研发中心技术沙龙","213421660","193501715","2023年","第31期《2023年AWE竞品外观结构趋势分析》分享","2","39","视像科技研发中心技术沙龙 主页 / 2023年 / 第31期《2023年AWE竞品外观结构趋势分析》分享","问题与复盘","2023-05-08 17:24:18","房晓勇","否","http://dmtks.hisense.com/pages/viewpage.action?pageId=213421660"
"YFZXJSSL","视像科技研发中心技术沙龙","213422747","193501715","2023年","第32期《Tuner芯片行业信息及案例分析》","2","40","视像科技研发中心技术沙龙 主页 / 2023年 / 第32期《Tuner芯片行业信息及案例分析》","问题与复盘","2023-05-09 13:53:16","姜元亭","否","http://dmtks.hisense.com/pages/viewpage.action?pageId=213422747"
"YFZXJSSL","视像科技研发中心技术沙龙","227846024","146968877","视像科技研发中心技术沙龙 主页","2024年","1","7","视像科技研发中心技术沙龙 主页 / 2024年","其他","2024-03-24 14:33:56","未知用户 (liuzhitang)","是","http://dmtks.hisense.com/pages/viewpage.action?pageId=227846024"
"YFZXJSSL","视像科技研发中心技术沙龙","230141694","227846024","2024年","第10期 PCB降层设计指南","2","1","视像科技研发中心技术沙龙 主页 / 2024年 / 第10期 PCB降层设计指南","设计与架构","2024-02-27 10:37:54","李兆琳","否","http://dmtks.hisense.com/pages/viewpage.action?pageId=230141694"
"YFZXJSSL","视像科技研发中心技术沙龙","230147959","227846024","2024年","第11期 AI场景适应高画质研究","2","2","视像科技研发中心技术沙龙 主页 / 2024年 / 第11期 AI场景适应高画质研究","其他","2024-02-29 09:39:47","未知用户 (liuzhitang)","否","http://dmtks.hisense.com/pages/viewpage.action?pageId=230147959"
"YFZXJSSL","视像科技研发中心技术沙龙","230145483","227846024","2024年","第12期 TXC晶振厂家技术交流培训","2","3","视像科技研发中心技术沙龙 主页 / 2024年 / 第12期 TXC晶振厂家技术交流培训","培训与知识","2024-02-28 17:22:00","姜元亭","否","http://dmtks.hisense.com/pages/viewpage.action?pageId=230145483"
"YFZXJSSL","视像科技研发中心技术沙龙","230147976","227846024","2024年","第13期 光学透镜介绍","2","4","视像科技研发中心技术沙龙 主页 / 2024年 / 第13期 光学透镜介绍","其他","2024-02-27 18:28:20","未知用户 (liuzhitang)","否","http://dmtks.hisense.com/pages/viewpage.action?pageId=230147976"
"YFZXJSSL","视像科技研发中心技术沙龙","230147995","227846024","2024年","第14期 Android TIAF架构介绍和应用","2","5","视像科技研发中心技术沙龙 主页 / 2024年 / 第14期 Android TIAF架构介绍和应用","设计与架构","2024-02-28 17:29:32","吴金旺","否","http://dmtks.hisense.com/pages/viewpage.action?pageId=230147995"
"YFZXJSSL","视像科技研发中心技术沙龙","230152614","227846024","2024年","第15期 WIFI无线干扰案例分享","2","6","视像科技研发中心技术沙龙 主页 / 2024年 / 第15期 WIFI无线干扰案例分享","其他","2024-02-29 10:14:37","李兆琳","否","http://dmtks.hisense.com/pages/viewpage.action?pageId=230152614"
"YFZXJSSL","视像科技研发中心技术沙龙","230161741","227846024","2024年","第16期 Agent技术与应用","2","7","视像科技研发中心技术沙龙 主页 / 2024年 / 第16期 Agent技术与应用","其他","2024-03-06 17:56:10","岳文浩","否","http://dmtks.hisense.com/pages/viewpage.action?pageId=230161741"
"YFZXJSSL","视像科技研发中心技术沙龙","231028347","227846024","2024年","第17期 从华为灵犀遥控看指向控制技术","2","8","视像科技研发中心技术沙龙 主页 / 2024年 / 第17期 从华为灵犀遥控看指向控制技术","其他","2024-03-08 21:41:05","张焕斌","否","http://dmtks.hisense.com/pages/viewpage.action?pageId=231028347"
"YFZXJSSL","视像科技研发中心技术沙龙","231035314","227846024","2024年","第18期 UWB空指遥控方案介绍及演示","2","9","视像科技研发中心技术沙龙 主页 / 2024年 / 第18期 UWB空指遥控方案介绍及演示","设计与架构","2024-03-07 19:54:10","姜元亭","否","http://dmtks.hisense.com/pages/viewpage.action?pageId=231035314"
"YFZXJSSL","视像科技研发中心技术沙龙","231383157","227846024","2024年","第19期 英飞凌GaN、MOS技术交流","2","10","视像科技研发中心技术沙龙 主页 / 2024年 / 第19期 英飞凌GaN、MOS技术交流","其他","2024-03-13 16:22:51","姜元亭","否","http://dmtks.hisense.com/pages/viewpage.action?pageId=231383157"
"YFZXJSSL","视像科技研发中心技术沙龙","227846047","227846024","2024年","第1期 非接触测温解决方案","2","11","视像科技研发中心技术沙龙 主页 / 2024年 / 第1期 非接触测温解决方案","设计与架构","2024-01-03 18:37:10","姜元亭","否","http://dmtks.hisense.com/pages/viewpage.action?pageId=227846047"
"YFZXJSSL","视像科技研发中心技术沙龙","231406224","227846024","2024年","第20期 液晶特性与面板拖尾拖色技术交流","2","12","视像科技研发中心技术沙龙 主页 / 2024年 / 第20期 液晶特性与面板拖尾拖色技术交流","其他","2024-03-19 14:32:05","未知用户 (liuzhitang)","否","http://dmtks.hisense.com/pages/viewpage.action?pageId=231406224"
"YFZXJSSL","视像科技研发中心技术沙龙","231845925","227846024","2024年","第21期  仿真技术交流--《一个CAE工程师的角色来介绍AI》","2","13","视像科技研发中心技术沙龙 主页 / 2024年 / 第21期  仿真技术交流--《一个CAE工程师的角色来介绍AI》","其他","2024-03-21 18:23:28","洪澎波","否","http://dmtks.hisense.com/pages/viewpage.action?pageId=231845925"
"YFZXJSSL","视像科技研发中心技术沙龙","231403784","227846024","2024年","第22期  仿真技术交流-力学仿真V1.0","2","14","视像科技研发中心技术沙龙 主页 / 2024年 / 第22期  仿真技术交流-力学仿真V1.0","其他","2024-03-21 17:52:39","洪澎波","否","http://dmtks.hisense.com/pages/viewpage.action?pageId=231403784"
"YFZXJSSL","视像科技研发中心技术沙龙","231856167","227846024","2024年","第23期 传感器技术与原理","2","15","视像科技研发中心技术沙龙 主页 / 2024年 / 第23期 传感器技术与原理","其他","2024-03-25 15:28:08","姜元亭","否","http://dmtks.hisense.com/pages/viewpage.action?pageId=231856167"
"YFZXJSSL","视像科技研发中心技术沙龙","231857090","227846024","2024年","第24期 MOS技术及发展趋势","2","16","视像科技研发中心技术沙龙 主页 / 2024年 / 第24期 MOS技术及发展趋势","其他","2024-03-27 11:33:19","姜元亭","否","http://dmtks.hisense.com/pages/viewpage.action?pageId=231857090"
"YFZXJSSL","视像科技研发中心技术沙龙","231854246","227846024","2024年","第25期   Kali(HV8107)的新画质功能:Local Dimming Peaking Technology","2","17","视像科技研发中心技术沙龙 主页 / 2024年 / 第25期   Kali(HV8107)的新画质功能:Local Dimming Peaking Technology","其他","2024-03-25 16:03:04","姜元亭","否","http://dmtks.hisense.com/pages/viewpage.action?pageId=231854246"
"YFZXJSSL","视像科技研发中心技术沙龙","231860722","227846024","2024年","第26期  VR浏览器实现原理","2","18","视像科技研发中心技术沙龙 主页 / 2024年 / 第26期  VR浏览器实现原理","其他","2024-03-26 13:44:30","汪超","否","http://dmtks.hisense.com/pages/viewpage.action?pageId=231860722"
"YFZXJSSL","视像科技研发中心技术沙龙","232229547","227846024","2024年","第27期 目标检测算法介绍","2","19","视像科技研发中心技术沙龙 主页 / 2024年 / 第27期 目标检测算法介绍","其他","2024-03-27 18:55:36","徐琳琳","否","http://dmtks.hisense.com/pages/viewpage.action?pageId=232229547"
"YFZXJSSL","视像科技研发中心技术沙龙","232232073","227846024","2024年","第28期 微能量采集技术发展趋势介绍","2","20","视像科技研发中心技术沙龙 主页 / 2024年 / 第28期 微能量采集技术发展趋势介绍","其他","2024-03-29 17:24:02","刘思波","否","http://dmtks.hisense.com/pages/viewpage.action?pageId=232232073"
"YFZXJSSL","视像科技研发中心技术沙龙","232245433","227846024","2024年","第29期 2024AWE音画测试板块分享","2","21","视像科技研发中心技术沙龙 主页 / 2024年 / 第29期 2024AWE音画测试板块分享","测试与验证","2024-04-01 16:52:31","王浩浩","否","http://dmtks.hisense.com/pages/viewpage.action?pageId=232245433"
"YFZXJSSL","视像科技研发中心技术沙龙","227849380","227846024","2024年","第2期 胶黏剂相关成分分析及结构鉴定技术","2","22","视像科技研发中心技术沙龙 主页 / 2024年 / 第2期 胶黏剂相关成分分析及结构鉴定技术","问题与复盘","2024-01-08 19:44:21","陈宇","否","http://dmtks.hisense.com/pages/viewpage.action?pageId=227849380"
"YFZXJSSL","视像科技研发中心技术沙龙","232250794","227846024","2024年","第30期 后壳气辅技术及变壁厚设计技术培训","2","23","视像科技研发中心技术沙龙 主页 / 2024年 / 第30期 后壳气辅技术及变壁厚设计技术培训","设计与架构","2024-04-02 09:49:14","未知用户 (liuzhitang)","否","http://dmtks.hisense.com/pages/viewpage.action?pageId=232250794"
"YFZXJSSL","视像科技研发中心技术沙龙","232256052","227846024","2024年","第31期 IOT模组嵌入式系统Matter协议的开发技术培训","2","24","视像科技研发中心技术沙龙 主页 / 2024年 / 第31期 IOT模组嵌入式系统Matter协议的开发技术培训","培训与知识","2024-04-07 11:39:20","李亚栋","否","http://dmtks.hisense.com/pages/viewpage.action?pageId=232256052"
"YFZXJSSL","视像科技研发中心技术沙龙","232590430","227846024","2024年","第32期 德莎胶带技术交流会","2","25","视像科技研发中心技术沙龙 主页 / 2024年 / 第32期 德莎胶带技术交流会","其他","2024-04-07 11:04:19","未知用户 (yaoyuli)","否","http://dmtks.hisense.com/pages/viewpage.action?pageId=232590430"
"YFZXJSSL","视像科技研发中心技术沙龙","232987926","227846024","2024年","第33期 艾为中大功率音频功放技术交流","2","26","视像科技研发中心技术沙龙 主页 / 2024年 / 第33期 艾为中大功率音频功放技术交流","其他","2024-04-16 18:49:05","姜元亭","否","http://dmtks.hisense.com/pages/viewpage.action?pageId=232987926"
"YFZXJSSL","视像科技研发中心技术沙龙","232988799","227846024","2024年","第34期 AI大模型测试代码生成分享","2","27","视像科技研发中心技术沙龙 主页 / 2024年 / 第34期 AI大模型测试代码生成分享","二维三维与图形模型","2024-04-17 10:08:34","未知用户 (liuzhitang)","否","http://dmtks.hisense.com/pages/viewpage.action?pageId=232988799"
"YFZXJSSL","视像科技研发中心技术沙龙","232988003","227846024","2024年","第35期 TI毫米波雷达介绍","2","28","视像科技研发中心技术沙龙 主页 / 2024年 / 第35期 TI毫米波雷达介绍","其他","2024-04-17 10:08:43","未知用户 (liuzhitang)","否","http://dmtks.hisense.com/pages/viewpage.action?pageId=232988003"
"YFZXJSSL","视像科技研发中心技术沙龙","233004805","227846024","2024年","第36期 JEITA AV&IT机器世界各地需求动向","2","29","视像科技研发中心技术沙龙 主页 / 2024年 / 第36期 JEITA AV&IT机器世界各地需求动向","需求与功能","2024-04-23 10:21:02","未知用户 (liuzhitang)","否","http://dmtks.hisense.com/pages/viewpage.action?pageId=233004805"
"YFZXJSSL","视像科技研发中心技术沙龙","232988820","227846024","2024年","第37期 大模型在pcb板热设计的应用","2","30","视像科技研发中心技术沙龙 主页 / 2024年 / 第37期 大模型在pcb板热设计的应用","二维三维与图形模型","2024-05-06 15:47:21","未知用户 (liuzhitang)","否","http://dmtks.hisense.com/pages/viewpage.action?pageId=232988820"
"YFZXJSSL","视像科技研发中心技术沙龙","234500701","227846024","2024年","第38期  超薄local dimming 电视DC/DC方案","2","31","视像科技研发中心技术沙龙 主页 / 2024年 / 第38期  超薄local dimming 电视DC/DC方案","设计与架构","2024-04-23 15:28:01","姜元亭","否","http://dmtks.hisense.com/pages/viewpage.action?pageId=234500701"
"YFZXJSSL","视像科技研发中心技术沙龙","236721980","227846024","2024年","第39期 竞品机结构拆机信息分享","2","32","视像科技研发中心技术沙龙 主页 / 2024年 / 第39期 竞品机结构拆机信息分享","其他","2024-04-29 10:21:47","车宪香","否","http://dmtks.hisense.com/pages/viewpage.action?pageId=236721980"
"YFZXJSSL","视像科技研发中心技术沙龙","227864423","227846024","2024年","第3期 信智平台AI训练模型介绍","2","33","视像科技研发中心技术沙龙 主页 / 2024年 / 第3期 信智平台AI训练模型介绍","二维三维与图形模型","2024-01-09 17:21:47","未知用户 (liuzhitang)","否","http://dmtks.hisense.com/pages/viewpage.action?pageId=227864423"
"YFZXJSSL","视像科技研发中心技术沙龙","234500515","227846024","2024年","第40期 阵列功放音效增强算法技术","2","34","视像科技研发中心技术沙龙 主页 / 2024年 / 第40期 阵列功放音效增强算法技术","其他","2024-05-06 15:47:58","未知用户 (liuzhitang)","否","http://dmtks.hisense.com/pages/viewpage.action?pageId=234500515"
"YFZXJSSL","视像科技研发中心技术沙龙","236739567","227846024","2024年","第41期 灯效产品及技术交流","2","35","视像科技研发中心技术沙龙 主页 / 2024年 / 第41期 灯效产品及技术交流","其他","2024-05-07 13:34:36","未知用户 (liuzhitang)","否","http://dmtks.hisense.com/pages/viewpage.action?pageId=236739567"
"YFZXJSSL","视像科技研发中心技术沙龙","236747580","227846024","2024年","第42期 电视SOC及产品路线介绍","2","36","视像科技研发中心技术沙龙 主页 / 2024年 / 第42期 电视SOC及产品路线介绍","其他","2024-05-09 19:42:34","姜元亭","否","http://dmtks.hisense.com/pages/viewpage.action?pageId=236747580"
"YFZXJSSL","视像科技研发中心技术沙龙","238847159","227846024","2024年","第43期 大模型RAG技术与应用平台","2","37","视像科技研发中心技术沙龙 主页 / 2024年 / 第43期 大模型RAG技术与应用平台","二维三维与图形模型","2024-05-11 15:11:29","殷腾龙","否","http://dmtks.hisense.com/pages/viewpage.action?pageId=238847159"
"YFZXJSSL","视像科技研发中心技术沙龙","238869807","227846024","2024年","第44期 国际橡塑展展会总结及分享","2","38","视像科技研发中心技术沙龙 主页 / 2024年 / 第44期 国际橡塑展展会总结及分享","其他","2024-05-14 17:02:49","未知用户 (renyufei1)","否","http://dmtks.hisense.com/pages/viewpage.action?pageId=238869807"
"YFZXJSSL","视像科技研发中心技术沙龙","238872790","227846024","2024年","第45期 FPGA开发流程及在电视中的应用","2","39","视像科技研发中心技术沙龙 主页 / 2024年 / 第45期 FPGA开发流程及在电视中的应用","规范与流程","2024-05-15 14:30:05","姜元亭","否","http://dmtks.hisense.com/pages/viewpage.action?pageId=238872790"
"YFZXJSSL","视像科技研发中心技术沙龙","240778560","227846024","2024年","第46期 PCB制作技术及工艺","2","40","视像科技研发中心技术沙龙 主页 / 2024年 / 第46期 PCB制作技术及工艺","其他","2024-05-28 09:09:47","姜元亭","否","http://dmtks.hisense.com/pages/viewpage.action?pageId=240778560"
"YFZXJSSL","视像科技研发中心技术沙龙","285372389","146968877","视像科技研发中心技术沙龙 主页","2025年","1","8","视像科技研发中心技术沙龙 主页 / 2025年","其他","2025-01-06 16:38:48","潘天娓","是","http://dmtks.hisense.com/pages/viewpage.action?pageId=285372389"
"YFZXJSSL","视像科技研发中心技术沙龙","291491521","285372389","2025年","第10期 星海大模型能力平台培训","2","1","视像科技研发中心技术沙龙 主页 / 2025年 / 第10期 星海大模型能力平台培训","二维三维与图形模型","2025-02-28 13:36:45","王志刚","否","http://dmtks.hisense.com/pages/viewpage.action?pageId=291491521"
"YFZXJSSL","视像科技研发中心技术沙龙","291492260","285372389","2025年","第11期  低成本大后壳相关分享","2","2","视像科技研发中心技术沙龙 主页 / 2025年 / 第11期  低成本大后壳相关分享","其他","2025-02-27 10:36:36","潘天娓","否","http://dmtks.hisense.com/pages/viewpage.action?pageId=291492260"
"YFZXJSSL","视像科技研发中心技术沙龙","294149786","285372389","2025年","第12期  紧跟DeepSeek学习热潮：携手incoPat解锁专利检索AI应用","2","3","视像科技研发中心技术沙龙 主页 / 2025年 / 第12期  紧跟DeepSeek学习热潮：携手incoPat解锁专利检索AI应用","培训与知识","2025-03-13 15:36:56","潘天娓","否","http://dmtks.hisense.com/pages/viewpage.action?pageId=294149786"
"YFZXJSSL","视像科技研发中心技术沙龙","294912033","285372389","2025年","第13期 AI大模型测试应用场景分享","2","4","视像科技研发中心技术沙龙 主页 / 2025年 / 第13期 AI大模型测试应用场景分享","二维三维与图形模型","2025-03-12 16:33:25","徐琳琳","否","http://dmtks.hisense.com/pages/viewpage.action?pageId=294912033"
"YFZXJSSL","视像科技研发中心技术沙龙","295879598","285372389","2025年","第14期 TV 3.0标准解读","2","5","视像科技研发中心技术沙龙 主页 / 2025年 / 第14期 TV 3.0标准解读","规范与流程","2025-03-27 09:05:38","潘天娓","否","http://dmtks.hisense.com/pages/viewpage.action?pageId=295879598"
"YFZXJSSL","视像科技研发中心技术沙龙","294918940","285372389","2025年","第15期  超薄端子行业趋势及设计雷区","2","6","视像科技研发中心技术沙龙 主页 / 2025年 / 第15期  超薄端子行业趋势及设计雷区","设计与架构","2025-03-25 17:43:35","潘天娓","否","http://dmtks.hisense.com/pages/viewpage.action?pageId=294918940"
"YFZXJSSL","视像科技研发中心技术沙龙","295889137","285372389","2025年","第16期 AWE2025观展总结-显示新技术相关分享","2","7","视像科技研发中心技术沙龙 主页 / 2025年 / 第16期 AWE2025观展总结-显示新技术相关分享","其他","2025-03-28 16:03:34","潘天娓","否","http://dmtks.hisense.com/pages/viewpage.action?pageId=295889137"
"YFZXJSSL","视像科技研发中心技术沙龙","295879635","285372389","2025年","第17期 8107的高画质功能--改善显示色差的校准","2","8","视像科技研发中心技术沙龙 主页 / 2025年 / 第17期 8107的高画质功能--改善显示色差的校准","其他","2025-03-27 13:34:30","潘天娓","否","http://dmtks.hisense.com/pages/viewpage.action?pageId=295879635"
"YFZXJSSL","视像科技研发中心技术沙龙","295888216","285372389","2025年","第18期 2025AWE外观结构相关分享","2","9","视像科技研发中心技术沙龙 主页 / 2025年 / 第18期 2025AWE外观结构相关分享","其他","2025-03-30 19:44:14","潘天娓","否","http://dmtks.hisense.com/pages/viewpage.action?pageId=295888216"
"YFZXJSSL","视像科技研发中心技术沙龙","295884279","285372389","2025年","第19期 纸箱抗压强度原理及衰减分析","2","10","视像科技研发中心技术沙龙 主页 / 2025年 / 第19期 纸箱抗压强度原理及衰减分析","问题与复盘","2025-03-28 14:59:17","潘天娓","否","http://dmtks.hisense.com/pages/viewpage.action?pageId=295884279"
"YFZXJSSL","视像科技研发中心技术沙龙","285372396","285372389","2025年","第1期 《网络性能提升方案技术洞察分享》","2","11","视像科技研发中心技术沙龙 主页 / 2025年 / 第1期 《网络性能提升方案技术洞察分享》","设计与架构","2025-01-06 16:44:13","潘天娓","否","http://dmtks.hisense.com/pages/viewpage.action?pageId=285372396"
"YFZXJSSL","视像科技研发中心技术沙龙","295887239","285372389","2025年","第20期 DeepSeek V3/R1技术简介","2","12","视像科技研发中心技术沙龙 主页 / 2025年 / 第20期 DeepSeek V3/R1技术简介","其他","2025-03-31 13:01:37","潘天娓","否","http://dmtks.hisense.com/pages/viewpage.action?pageId=295887239"
"YFZXJSSL","视像科技研发中心技术沙龙","297485932","285372389","2025年","第21期 GB4343.1标准换版差异解读","2","13","视像科技研发中心技术沙龙 主页 / 2025年 / 第21期 GB4343.1标准换版差异解读","规范与流程","2025-04-01 09:42:00","徐琳琳","否","http://dmtks.hisense.com/pages/viewpage.action?pageId=297485932"
"YFZXJSSL","视像科技研发中心技术沙龙","301251257","285372389","2025年","第22期 建构可实现AI音源分离的电视软件系统","2","14","视像科技研发中心技术沙龙 主页 / 2025年 / 第22期 建构可实现AI音源分离的电视软件系统","其他","2025-04-21 16:03:58","潘天娓","否","http://dmtks.hisense.com/pages/viewpage.action?pageId=301251257"
"YFZXJSSL","视像科技研发中心技术沙龙","301258024","285372389","2025年","第23期 关于“软件及AI大模型类”专利技术交底书撰写专题培训","2","15","视像科技研发中心技术沙龙 主页 / 2025年 / 第23期 关于“软件及AI大模型类”专利技术交底书撰写专题培训","二维三维与图形模型","2025-05-14 18:15:02","潘天娓","否","http://dmtks.hisense.com/pages/viewpage.action?pageId=301258024"
"YFZXJSSL","视像科技研发中心技术沙龙","301263320","285372389","2025年","第24期 智能电视系统性能团标和IEEE标准编写经验分享","2","16","视像科技研发中心技术沙龙 主页 / 2025年 / 第24期 智能电视系统性能团标和IEEE标准编写经验分享","规范与流程","2025-04-28 18:10:51","潘天娓","否","http://dmtks.hisense.com/pages/viewpage.action?pageId=301263320"
"YFZXJSSL","视像科技研发中心技术沙龙","301267341","285372389","2025年","第25期 AI画质技术分享","2","17","视像科技研发中心技术沙龙 主页 / 2025年 / 第25期 AI画质技术分享","其他","2025-04-30 20:20:56","刁玉洁","否","http://dmtks.hisense.com/pages/viewpage.action?pageId=301267341"
"YFZXJSSL","视像科技研发中心技术沙龙","301263387","285372389","2025年","第26期 高分子材料常用测试分析方法","2","18","视像科技研发中心技术沙龙 主页 / 2025年 / 第26期 高分子材料常用测试分析方法","测试与验证","2025-04-29 09:04:20","潘天娓","否","http://dmtks.hisense.com/pages/viewpage.action?pageId=301263387"
"YFZXJSSL","视像科技研发中心技术沙龙","301263406","285372389","2025年","第27期 背板加强筋形貌优化仿真技术与背板静态仿真刚强度评价方法","2","19","视像科技研发中心技术沙龙 主页 / 2025年 / 第27期 背板加强筋形貌优化仿真技术与背板静态仿真刚强度评价方法","其他","2025-04-28 09:09:09","潘天娓","否","http://dmtks.hisense.com/pages/viewpage.action?pageId=301263406"
"YFZXJSSL","视像科技研发中心技术沙龙","302738394","285372389","2025年","第28期 关于“硬件电路类”专利技术交底书撰写专题培训","2","20","视像科技研发中心技术沙龙 主页 / 2025年 / 第28期 关于“硬件电路类”专利技术交底书撰写专题培训","培训与知识","2025-05-14 18:13:47","潘天娓","否","http://dmtks.hisense.com/pages/viewpage.action?pageId=302738394"
"YFZXJSSL","视像科技研发中心技术沙龙","303910994","285372389","2025年","第29期 关于“产品结构类”专利技术交底书撰写专题培训","2","21","视像科技研发中心技术沙龙 主页 / 2025年 / 第29期 关于“产品结构类”专利技术交底书撰写专题培训","培训与知识","2025-05-23 09:27:06","潘天娓","否","http://dmtks.hisense.com/pages/viewpage.action?pageId=303910994"
"YFZXJSSL","视像科技研发中心技术沙龙","286359507","285372389","2025年","第2期 DLP显示技术原理","2","22","视像科技研发中心技术沙龙 主页 / 2025年 / 第2期 DLP显示技术原理","其他","2025-01-16 18:23:49","李孟凡","否","http://dmtks.hisense.com/pages/viewpage.action?pageId=286359507"
"YFZXJSSL","视像科技研发中心技术沙龙","305500675","285372389","2025年","第30期 惠州声乐技术分享","2","23","视像科技研发中心技术沙龙 主页 / 2025年 / 第30期 惠州声乐技术分享","其他","2025-05-22 14:41:10","潘天娓","否","http://dmtks.hisense.com/pages/viewpage.action?pageId=305500675"
"YFZXJSSL","视像科技研发中心技术沙龙","305508533","285372389","2025年","第31期 关于“专利风险排查及规避设计”专题培训","2","24","视像科技研发中心技术沙龙 主页 / 2025年 / 第31期 关于“专利风险排查及规避设计”专题培训","设计与架构","2025-06-04 15:22:23","潘天娓","否","http://dmtks.hisense.com/pages/viewpage.action?pageId=305508533"
"YFZXJSSL","视像科技研发中心技术沙龙","305506568","285372389","2025年","第32期 Kali(8107)高画质功能(AI live stage高画质的研究)","2","25","视像科技研发中心技术沙龙 主页 / 2025年 / 第32期 Kali(8107)高画质功能(AI live stage高画质的研究)","其他","2025-05-23 09:58:41","潘天娓","否","http://dmtks.hisense.com/pages/viewpage.action?pageId=305506568"
"YFZXJSSL","视像科技研发中心技术沙龙","305506609","285372389","2025年","第33期 网络变压器技术趋势及降本方向交流","2","26","视像科技研发中心技术沙龙 主页 / 2025年 / 第33期 网络变压器技术趋势及降本方向交流","其他","2025-05-23 09:21:41","潘天娓","否","http://dmtks.hisense.com/pages/viewpage.action?pageId=305506609"
"YFZXJSSL","视像科技研发中心技术沙龙","305522438","285372389","2025年","第34期 竞品分析后壳信息总结分享","2","27","视像科技研发中心技术沙龙 主页 / 2025年 / 第34期 竞品分析后壳信息总结分享","问题与复盘","2025-05-27 14:37:53","潘天娓","否","http://dmtks.hisense.com/pages/viewpage.action?pageId=305522438"
"YFZXJSSL","视像科技研发中心技术沙龙","305522455","285372389","2025年","第35期 2025年全球主要DTV技术趋势交流","2","28","视像科技研发中心技术沙龙 主页 / 2025年 / 第35期 2025年全球主要DTV技术趋势交流","其他","2025-05-28 20:30:02","朱登宇","否","http://dmtks.hisense.com/pages/viewpage.action?pageId=305522455"
"YFZXJSSL","视像科技研发中心技术沙龙","305522469","285372389","2025年","第36期 模组结构K8平台项目总结&开发分享","2","29","视像科技研发中心技术沙龙 主页 / 2025年 / 第36期 模组结构K8平台项目总结&开发分享","项目管理","2025-05-27 14:58:01","潘天娓","否","http://dmtks.hisense.com/pages/viewpage.action?pageId=305522469"
"YFZXJSSL","视像科技研发中心技术沙龙","305522570","285372389","2025年","第37期 2025亚洲蓝牙技术大会内容分享","2","30","视像科技研发中心技术沙龙 主页 / 2025年 / 第37期 2025亚洲蓝牙技术大会内容分享","其他","2025-05-27 15:18:37","潘天娓","否","http://dmtks.hisense.com/pages/viewpage.action?pageId=305522570"
"YFZXJSSL","视像科技研发中心技术沙龙","305527532","285372389","2025年","第38期 大模型应用：测试用例设计智能体","2","31","视像科技研发中心技术沙龙 主页 / 2025年 / 第38期 大模型应用：测试用例设计智能体","二维三维与图形模型","2025-05-29 13:39:51","徐琳琳","否","http://dmtks.hisense.com/pages/viewpage.action?pageId=305527532"
"YFZXJSSL","视像科技研发中心技术沙龙","307300391","285372389","2025年","第39期 带有帧生成的超采样技术简介","2","32","视像科技研发中心技术沙龙 主页 / 2025年 / 第39期 带有帧生成的超采样技术简介","其他","2025-05-30 09:20:33","徐琳琳","否","http://dmtks.hisense.com/pages/viewpage.action?pageId=307300391"
"YFZXJSSL","视像科技研发中心技术沙龙","287596005","285372389","2025年","第3期 2025CES显示相关分享","2","33","视像科技研发中心技术沙龙 主页 / 2025年 / 第3期 2025CES显示相关分享","其他","2025-01-21 11:29:34","宗志豪","否","http://dmtks.hisense.com/pages/viewpage.action?pageId=287596005"
"YFZXJSSL","视像科技研发中心技术沙龙","307304141","285372389","2025年","第40期 几种画面显示中响应时间与模糊程度的测试设备","2","34","视像科技研发中心技术沙龙 主页 / 2025年 / 第40期 几种画面显示中响应时间与模糊程度的测试设备","测试与验证","2025-05-30 16:49:11","潘天娓","否","http://dmtks.hisense.com/pages/viewpage.action?pageId=307304141"
"YFZXJSSL","视像科技研发中心技术沙龙","307311380","285372389","2025年","第41期 海信化学物质限制要求","2","35","视像科技研发中心技术沙龙 主页 / 2025年 / 第41期 海信化学物质限制要求","其他","2025-06-05 14:28:15","潘天娓","否","http://dmtks.hisense.com/pages/viewpage.action?pageId=307311380"
"YFZXJSSL","视像科技研发中心技术沙龙","307312700","285372389","2025年","第42期 关于专利技术交底书撰写专题培训之“查新检索”","2","36","视像科技研发中心技术沙龙 主页 / 2025年 / 第42期 关于专利技术交底书撰写专题培训之“查新检索”","培训与知识","2025-07-23 14:19:12","潘天娓","否","http://dmtks.hisense.com/pages/viewpage.action?pageId=307312700"
"YFZXJSSL","视像科技研发中心技术沙龙","308838624","285372389","2025年","第43期 高分子材料：基本检测方案简介与异物分析案例分享","2","37","视像科技研发中心技术沙龙 主页 / 2025年 / 第43期 高分子材料：基本检测方案简介与异物分析案例分享","设计与架构","2025-06-12 18:00:07","潘天娓","否","http://dmtks.hisense.com/pages/viewpage.action?pageId=308838624"
"YFZXJSSL","视像科技研发中心技术沙龙","308842893","285372389","2025年","第44期 QECon测试大会分享","2","38","视像科技研发中心技术沙龙 主页 / 2025年 / 第44期 QECon测试大会分享","测试与验证","2025-06-10 16:30:33","王志刚","否","http://dmtks.hisense.com/pages/viewpage.action?pageId=308842893"
"YFZXJSSL","视像科技研发中心技术沙龙","308848981","285372389","2025年","第45期 连接器品类技术趋势方向交流","2","39","视像科技研发中心技术沙龙 主页 / 2025年 / 第45期 连接器品类技术趋势方向交流","其他","2025-06-25 10:52:45","潘天娓","否","http://dmtks.hisense.com/pages/viewpage.action?pageId=308848981"
"YFZXJSSL","视像科技研发中心技术沙龙","308867447","285372389","2025年","第46期 专利审查意见答复相关培训","2","40","视像科技研发中心技术沙龙 主页 / 2025年 / 第46期 专利审查意见答复相关培训","培训与知识","2025-07-23 14:18:29","潘天娓","否","http://dmtks.hisense.com/pages/viewpage.action?pageId=308867447"
"YFZXJSSL","视像科技研发中心技术沙龙","349813666","146968877","视像科技研发中心技术沙龙 主页","2026年","1","9","视像科技研发中心技术沙龙 主页 / 2026年","其他","2026-01-06 08:56:17","潘天娓","否","http://dmtks.hisense.com/pages/viewpage.action?pageId=349813666"
"YFZXJSSL","视像科技研发中心技术沙龙","357840492","349813666","2026年","第10期  电视产品化学物质限制要求","2","1","视像科技研发中心技术沙龙 主页 / 2026年 / 第10期  电视产品化学物质限制要求","其他","2026-02-24 13:37:51","潘天娓","否","http://dmtks.hisense.com/pages/viewpage.action?pageId=357840492"
"YFZXJSSL","视像科技研发中心技术沙龙","357844823","349813666","2026年","第11期  MT9655图形系统架构解读","2","2","视像科技研发中心技术沙龙 主页 / 2026年 / 第11期  MT9655图形系统架构解读","设计与架构","2026-02-26 14:21:41","马立凯","否","http://dmtks.hisense.com/pages/viewpage.action?pageId=357844823"
"YFZXJSSL","视像科技研发中心技术沙龙","357847468","349813666","2026年","第12期  点胶工艺介绍","2","3","视像科技研发中心技术沙龙 主页 / 2026年 / 第12期  点胶工艺介绍","其他","2026-02-27 10:12:41","潘天娓","否","http://dmtks.hisense.com/pages/viewpage.action?pageId=357847468"
"YFZXJSSL","视像科技研发中心技术沙龙","357842907","349813666","2026年","第13期  巴西及德国电视机包装物流环境调研分享","2","4","视像科技研发中心技术沙龙 主页 / 2026年 / 第13期  巴西及德国电视机包装物流环境调研分享","其他","2026-02-27 09:49:36","潘天娓","否","http://dmtks.hisense.com/pages/viewpage.action?pageId=357842907"
"YFZXJSSL","视像科技研发中心技术沙龙","357851114","349813666","2026年","第14期  电视产品EMC调试整改分享","2","5","视像科技研发中心技术沙龙 主页 / 2026年 / 第14期  电视产品EMC调试整改分享","其他","2026-03-24 09:05:26","潘天娓","否","http://dmtks.hisense.com/pages/viewpage.action?pageId=357851114"
"YFZXJSSL","视像科技研发中心技术沙龙","357852141","349813666","2026年","第15期 3D基本原理及测试技术","2","6","视像科技研发中心技术沙龙 主页 / 2026年 / 第15期 3D基本原理及测试技术","二维三维与图形模型","2026-02-28 10:08:36","徐琳琳","否","http://dmtks.hisense.com/pages/viewpage.action?pageId=357852141"
"YFZXJSSL","视像科技研发中心技术沙龙","360825017","349813666","2026年","第16期  Openclaw技术实战与分享","2","7","视像科技研发中心技术沙龙 主页 / 2026年 / 第16期  Openclaw技术实战与分享","其他","2026-03-12 15:56:51","潘天娓","否","http://dmtks.hisense.com/pages/viewpage.action?pageId=360825017"
"YFZXJSSL","视像科技研发中心技术沙龙","360832031","349813666","2026年","第17期  RICHTEK（立锜科技）音频方案技术交流","2","8","视像科技研发中心技术沙龙 主页 / 2026年 / 第17期  RICHTEK（立锜科技）音频方案技术交流","设计与架构","2026-03-24 09:05:43","潘天娓","否","http://dmtks.hisense.com/pages/viewpage.action?pageId=360832031"
"YFZXJSSL","视像科技研发中心技术沙龙","360838776","349813666","2026年","第18期  研发工程师的专利“必修课”之专利基础知识","2","9","视像科技研发中心技术沙龙 主页 / 2026年 / 第18期  研发工程师的专利“必修课”之专利基础知识","其他","2026-04-22 17:57:57","潘天娓","否","http://dmtks.hisense.com/pages/viewpage.action?pageId=360838776"
"YFZXJSSL","视像科技研发中心技术沙龙","360839007","349813666","2026年","第19期 Qoder工具技术实践与分享","2","10","视像科技研发中心技术沙龙 主页 / 2026年 / 第19期 Qoder工具技术实践与分享","其他","2026-03-19 16:38:18","潘天娓","否","http://dmtks.hisense.com/pages/viewpage.action?pageId=360839007"
"YFZXJSSL","视像科技研发中心技术沙龙","349813671","349813666","2026年","第1期  电路信号完整性设计及失效案例分析","2","11","视像科技研发中心技术沙龙 主页 / 2026年 / 第1期  电路信号完整性设计及失效案例分析","设计与架构","2026-01-27 15:22:12","潘天娓","否","http://dmtks.hisense.com/pages/viewpage.action?pageId=349813671"
"YFZXJSSL","视像科技研发中心技术沙龙","360838836","349813666","2026年","第20期  Kali高画质机能（AI光景再现高画质研究）","2","12","视像科技研发中心技术沙龙 主页 / 2026年 / 第20期  Kali高画质机能（AI光景再现高画质研究）","其他","2026-03-19 16:38:27","潘天娓","否","http://dmtks.hisense.com/pages/viewpage.action?pageId=360838836"
"YFZXJSSL","视像科技研发中心技术沙龙","363106401","349813666","2026年","第21期  2025年结构改模典型案例经验分享","2","13","视像科技研发中心技术沙龙 主页 / 2026年 / 第21期  2025年结构改模典型案例经验分享","其他","2026-03-23 17:40:35","潘天娓","否","http://dmtks.hisense.com/pages/viewpage.action?pageId=363106401"
"YFZXJSSL","视像科技研发中心技术沙龙","363110119","349813666","2026年","第22期  一种基于abaqus的EPS断裂本构分享","2","14","视像科技研发中心技术沙龙 主页 / 2026年 / 第22期  一种基于abaqus的EPS断裂本构分享","其他","2026-03-24 10:46:44","潘天娓","否","http://dmtks.hisense.com/pages/viewpage.action?pageId=363110119"
"YFZXJSSL","视像科技研发中心技术沙龙","363115117","349813666","2026年","第23期  openclaw线下交流会","2","15","视像科技研发中心技术沙龙 主页 / 2026年 / 第23期  openclaw线下交流会","其他","2026-04-22 17:46:15","潘天娓","否","http://dmtks.hisense.com/pages/viewpage.action?pageId=363115117"
"YFZXJSSL","视像科技研发中心技术沙龙","367339349","349813666","2026年","第24期 2026AWE参展--测试分享","2","16","视像科技研发中心技术沙龙 主页 / 2026年 / 第24期 2026AWE参展--测试分享","测试与验证","2026-04-13 15:34:02","周春平","否","http://dmtks.hisense.com/pages/viewpage.action?pageId=367339349"
"YFZXJSSL","视像科技研发中心技术沙龙","367339814","349813666","2026年","第25期 Lontium龙迅半导体高清视频转换方案技术交流","2","17","视像科技研发中心技术沙龙 主页 / 2026年 / 第25期 Lontium龙迅半导体高清视频转换方案技术交流","设计与架构","2026-04-13 18:17:30","潘天娓","否","http://dmtks.hisense.com/pages/viewpage.action?pageId=367339814"
"YFZXJSSL","视像科技研发中心技术沙龙","367355049","349813666","2026年","第26期 矽力杰DC/DC芯片技术交流","2","18","视像科技研发中心技术沙龙 主页 / 2026年 / 第26期 矽力杰DC/DC芯片技术交流","其他","2026-04-22 12:14:46","潘天娓","否","http://dmtks.hisense.com/pages/viewpage.action?pageId=367355049"
"YFZXJSSL","视像科技研发中心技术沙龙","367355446","349813666","2026年","第27期 图像引擎高画质功能-背光扫描研发","2","19","视像科技研发中心技术沙龙 主页 / 2026年 / 第27期 图像引擎高画质功能-背光扫描研发","其他","2026-04-22 16:16:43","潘天娓","否","http://dmtks.hisense.com/pages/viewpage.action?pageId=367355446"
"YFZXJSSL","视像科技研发中心技术沙龙","367355921","349813666","2026年","第28期  专利审查政策变化解读","2","20","视像科技研发中心技术沙龙 主页 / 2026年 / 第28期  专利审查政策变化解读","其他","2026-04-22 17:57:20","潘天娓","否","http://dmtks.hisense.com/pages/viewpage.action?pageId=367355921"
"YFZXJSSL","视像科技研发中心技术沙龙","370509484","349813666","2026年","第29期 2026AWE画质分享","2","21","视像科技研发中心技术沙龙 主页 / 2026年 / 第29期 2026AWE画质分享","其他","2026-04-27 09:38:44","张威威","否","http://dmtks.hisense.com/pages/viewpage.action?pageId=370509484"
"YFZXJSSL","视像科技研发中心技术沙龙","353656589","349813666","2026年","第2期  英飞凌AI、语音唤醒、传感器技术交流","2","22","视像科技研发中心技术沙龙 主页 / 2026年 / 第2期  英飞凌AI、语音唤醒、传感器技术交流","其他","2026-01-23 15:21:34","辛惠莹","否","http://dmtks.hisense.com/pages/viewpage.action?pageId=353656589"
"YFZXJSSL","视像科技研发中心技术沙龙","370510630","349813666","2026年","第30期 奇点智能技术大会-智能体技术发展现状分享","2","23","视像科技研发中心技术沙龙 主页 / 2026年 / 第30期 奇点智能技术大会-智能体技术发展现状分享","其他","2026-05-07 10:25:42","潘天娓","否","http://dmtks.hisense.com/pages/viewpage.action?pageId=370510630"
"YFZXJSSL","视像科技研发中心技术沙龙","370512080","349813666","2026年","第31期 竞品分析：三星发展历史","2","24","视像科技研发中心技术沙龙 主页 / 2026年 / 第31期 竞品分析：三星发展历史","问题与复盘","2026-04-28 14:47:11","潘天娓","否","http://dmtks.hisense.com/pages/viewpage.action?pageId=370512080"
"YFZXJSSL","视像科技研发中心技术沙龙","370512086","349813666","2026年","第32期 包装测试设备常用传感器","2","25","视像科技研发中心技术沙龙 主页 / 2026年 / 第32期 包装测试设备常用传感器","测试与验证","2026-04-29 13:34:48","张辉","否","http://dmtks.hisense.com/pages/viewpage.action?pageId=370512086"
"YFZXJSSL","视像科技研发中心技术沙龙","353657191","349813666","2026年","第3期  2026CES参展记录（三星展位）分享","2","26","视像科技研发中心技术沙龙 主页 / 2026年 / 第3期  2026CES参展记录（三星展位）分享","其他","2026-01-21 17:31:34","潘天娓","否","http://dmtks.hisense.com/pages/viewpage.action?pageId=353657191"
"YFZXJSSL","视像科技研发中心技术沙龙","353663664","349813666","2026年","第4期  Rtings CAD响应时间解读","2","27","视像科技研发中心技术沙龙 主页 / 2026年 / 第4期  Rtings CAD响应时间解读","二维三维与图形模型","2026-01-27 15:53:46","潘天娓","否","http://dmtks.hisense.com/pages/viewpage.action?pageId=353663664"
"YFZXJSSL","视像科技研发中心技术沙龙","353663711","349813666","2026年","第5期  专利侵权分析","2","28","视像科技研发中心技术沙龙 主页 / 2026年 / 第5期  专利侵权分析","问题与复盘","2026-03-19 14:23:53","潘天娓","否","http://dmtks.hisense.com/pages/viewpage.action?pageId=353663711"
"YFZXJSSL","视像科技研发中心技术沙龙","355569531","349813666","2026年","第6期  大数据采集平台框架基本构想","2","29","视像科技研发中心技术沙龙 主页 / 2026年 / 第6期  大数据采集平台框架基本构想","数据与质量","2026-01-27 15:32:59","潘天娓","否","http://dmtks.hisense.com/pages/viewpage.action?pageId=355569531"
"YFZXJSSL","视像科技研发中心技术沙龙","355571961","349813666","2026年","第7期 2026新版微型计算机能效标准解读","2","30","视像科技研发中心技术沙龙 主页 / 2026年 / 第7期 2026新版微型计算机能效标准解读","规范与流程","2026-01-28 18:20:47","潘天娓","否","http://dmtks.hisense.com/pages/viewpage.action?pageId=355571961"
"YFZXJSSL","视像科技研发中心技术沙龙","355573064","349813666","2026年","第8期  2026CES参展分享-结构外观","2","31","视像科技研发中心技术沙龙 主页 / 2026年 / 第8期  2026CES参展分享-结构外观","其他","2026-01-29 08:49:03","潘天娓","否","http://dmtks.hisense.com/pages/viewpage.action?pageId=355573064"
"YFZXJSSL","视像科技研发中心技术沙龙","357839675","349813666","2026年","第9期  为实现虚拟人物动画自动生成的技术分享","2","32","视像科技研发中心技术沙龙 主页 / 2026年 / 第9期  为实现虚拟人物动画自动生成的技术分享","其他","2026-02-24 09:30:22","潘天娓","否","http://dmtks.hisense.com/pages/viewpage.action?pageId=357839675"
"RJYFBGG","软件研发部公共空间","14824627","","","软件研发部公共空间 主页","0","1","软件研发部公共空间 主页","其他","2024-08-15 13:21:21","冯美美","否","http://dmtks.hisense.com/pages/viewpage.action?pageId=14824627"
"RJYFBGG","软件研发部公共空间","126233196","14824627","软件研发部公共空间 主页","部门重点工作","1","1","软件研发部公共空间 主页 / 部门重点工作","其他","2023-05-22 13:10:58","张继栋","否","http://dmtks.hisense.com/pages/viewpage.action?pageId=126233196"
"RJYFBGG","软件研发部公共空间","142580413","126233196","部门重点工作","1、先进制造","2","1","软件研发部公共空间 主页 / 部门重点工作 / 1、先进制造","其他","2021-11-03 14:54:34","李燕芬","否","http://dmtks.hisense.com/pages/viewpage.action?pageId=142580413"
"RJYFBGG","软件研发部公共空间","234507571","126233196","部门重点工作","2024 AI功能研发落地专项","2","2","软件研发部公共空间 主页 / 部门重点工作 / 2024 AI功能研发落地专项","其他","2024-06-28 13:08:21","张宝军","否","http://dmtks.hisense.com/pages/viewpage.action?pageId=234507571"
"RJYFBGG","软件研发部公共空间","285346325","126233196","部门重点工作","2025 AI功能研发落地专项","2","3","软件研发部公共空间 主页 / 部门重点工作 / 2025 AI功能研发落地专项","其他","2024-12-31 16:54:34","刘蔚","否","http://dmtks.hisense.com/pages/viewpage.action?pageId=285346325"
"RJYFBGG","软件研发部公共空间","198350744","126233196","部门重点工作","2、年重点大事","2","4","软件研发部公共空间 主页 / 部门重点工作 / 2、年重点大事","其他","2023-02-14 20:07:58","王卫明","否","http://dmtks.hisense.com/pages/viewpage.action?pageId=198350744"
"RJYFBGG","软件研发部公共空间","165745426","126233196","部门重点工作","CI","2","5","软件研发部公共空间 主页 / 部门重点工作 / CI","其他","2022-05-23 20:17:17","李燕芬","否","http://dmtks.hisense.com/display/RJYFBGG/CI"
"RJYFBGG","软件研发部公共空间","182653045","126233196","部门重点工作","电视Coverity项目及问题处理会议讨论","2","6","软件研发部公共空间 主页 / 部门重点工作 / 电视Coverity项目及问题处理会议讨论","问题与复盘","2022-10-17 15:25:49","未知用户 (liuke8)","否","http://dmtks.hisense.com/pages/viewpage.action?pageId=182653045"
"RJYFBGG","软件研发部公共空间","126233199","126233196","部门重点工作","聚好看与视像研发团队融合工作","2","7","软件研发部公共空间 主页 / 部门重点工作 / 聚好看与视像研发团队融合工作","其他","2021-05-29 17:28:18","刘承龙","否","http://dmtks.hisense.com/pages/viewpage.action?pageId=126233199"
"RJYFBGG","软件研发部公共空间","128359043","126233196","部门重点工作","输出物存档 - 聚好看、整机软件准时交付率提升","2","8","软件研发部公共空间 主页 / 部门重点工作 / 输出物存档 - 聚好看、整机软件准时交付率提升","项目管理","2021-07-09 15:19:12","杨鲁明","否","http://dmtks.hisense.com/pages/viewpage.action?pageId=128359043"
"RJYFBGG","软件研发部公共空间","214293537","14824627","软件研发部公共空间 主页","部门行政管理","1","2","软件研发部公共空间 主页 / 部门行政管理","项目管理","2023-05-22 11:23:06","张继栋","否","http://dmtks.hisense.com/pages/viewpage.action?pageId=214293537"
"RJYFBGG","软件研发部公共空间","150735642","214293537","部门行政管理","28.样机问题","2","1","软件研发部公共空间 主页 / 部门行政管理 / 28.样机问题","问题与复盘","2022-01-10 17:15:26","张晓军","否","http://dmtks.hisense.com/pages/viewpage.action?pageId=150735642"
"RJYFBGG","软件研发部公共空间","150747959","214293537","部门行政管理","29.海信财务中台相关资料","2","2","软件研发部公共空间 主页 / 部门行政管理 / 29.海信财务中台相关资料","项目管理","2022-01-14 16:49:34","张晓军","否","http://dmtks.hisense.com/pages/viewpage.action?pageId=150747959"
"RJYFBGG","软件研发部公共空间","96503082","214293537","部门行政管理","30.软件样机管理","2","3","软件研发部公共空间 主页 / 部门行政管理 / 30.软件样机管理","项目管理","2022-06-16 17:20:23","张晓军","否","http://dmtks.hisense.com/pages/viewpage.action?pageId=96503082"
"RJYFBGG","软件研发部公共空间","123241936","214293537","部门行政管理","33、费用预测","2","4","软件研发部公共空间 主页 / 部门行政管理 / 33、费用预测","项目管理","2023-05-19 14:24:40","冯美美","否","http://dmtks.hisense.com/pages/viewpage.action?pageId=123241936"
"RJYFBGG","软件研发部公共空间","177867209","214293537","部门行政管理","36.快递寄件明细","2","5","软件研发部公共空间 主页 / 部门行政管理 / 36.快递寄件明细","项目管理","2024-03-04 10:17:49","张晓军","否","http://dmtks.hisense.com/pages/viewpage.action?pageId=177867209"
"RJYFBGG","软件研发部公共空间","183543337","214293537","部门行政管理","37.打车异常订单反馈","2","6","软件研发部公共空间 主页 / 部门行政管理 / 37.打车异常订单反馈","项目管理","2022-10-19 13:30:06","张晓军","否","http://dmtks.hisense.com/pages/viewpage.action?pageId=183543337"
"RJYFBGG","软件研发部公共空间","204749463","214293537","部门行政管理","38.固定资产","2","7","软件研发部公共空间 主页 / 部门行政管理 / 38.固定资产","项目管理","2023-03-23 17:12:55","张晓军","否","http://dmtks.hisense.com/pages/viewpage.action?pageId=204749463"
"RJYFBGG","软件研发部公共空间","203821392","214293537","部门行政管理","41.海信公寓","2","8","软件研发部公共空间 主页 / 部门行政管理 / 41.海信公寓","项目管理","2023-05-22 11:24:43","张继栋","否","http://dmtks.hisense.com/pages/viewpage.action?pageId=203821392"
"RJYFBGG","软件研发部公共空间","175519693","214293537","部门行政管理","低值易耗台账","2","9","软件研发部公共空间 主页 / 部门行政管理 / 低值易耗台账","项目管理","2022-08-18 16:22:30","张晓军","否","http://dmtks.hisense.com/pages/viewpage.action?pageId=175519693"
"RJYFBGG","软件研发部公共空间","219981183","214293537","部门行政管理","考勤相关提醒","2","10","软件研发部公共空间 主页 / 部门行政管理 / 考勤相关提醒","项目管理","2023-08-23 14:24:29","张晓军","否","http://dmtks.hisense.com/pages/viewpage.action?pageId=219981183"
"RJYFBGG","软件研发部公共空间","104798591","14824627","软件研发部公共空间 主页","0、软件研发知识管理","1","3","软件研发部公共空间 主页 / 0、软件研发知识管理","项目管理","2020-10-29 19:17:49","刘金刚","否","http://dmtks.hisense.com/pages/viewpage.action?pageId=104798591"
"RJYFBGG","软件研发部公共空间","105579604","104798591","0、软件研发知识管理","人工智能语音运营中心知识清单","2","1","软件研发部公共空间 主页 / 0、软件研发知识管理 / 人工智能语音运营中心知识清单","项目管理","2020-12-04 16:39:31","殷腾龙","否","http://dmtks.hisense.com/pages/viewpage.action?pageId=105579604"
"RJYFBGG","软件研发部公共空间","215349017","104798591","0、软件研发知识管理","任职资格课程","2","2","软件研发部公共空间 主页 / 0、软件研发知识管理 / 任职资格课程","培训与知识","2024-09-13 14:37:42","刘承龙","否","http://dmtks.hisense.com/pages/viewpage.action?pageId=215349017"
"RJYFBGG","软件研发部公共空间","217320154","104798591","0、软件研发知识管理","先进制造项目 新PLM使用培训文档","2","3","软件研发部公共空间 主页 / 0、软件研发知识管理 / 先进制造项目 新PLM使用培训文档","规范与流程","2023-11-08 20:11:39","崔文华","否","http://dmtks.hisense.com/pages/viewpage.action?pageId=217320154"
"RJYFBGG","软件研发部公共空间","105579595","104798591","0、软件研发知识管理","公共技术软件所知识清单","2","4","软件研发部公共空间 主页 / 0、软件研发知识管理 / 公共技术软件所知识清单","项目管理","2020-11-02 16:49:32","未晓玲","否","http://dmtks.hisense.com/pages/viewpage.action?pageId=105579595"
"RJYFBGG","软件研发部公共空间","104798596","104798591","0、软件研发知识管理","内销产品软件所知识清单","2","5","软件研发部公共空间 主页 / 0、软件研发知识管理 / 内销产品软件所知识清单","项目管理","2020-11-02 16:51:41","未晓玲","否","http://dmtks.hisense.com/pages/viewpage.action?pageId=104798596"
"RJYFBGG","软件研发部公共空间","105579598","104798591","0、软件研发知识管理","内销平台软件所知识清单","2","6","软件研发部公共空间 主页 / 0、软件研发知识管理 / 内销平台软件所知识清单","项目管理","2020-11-02 16:54:30","未晓玲","否","http://dmtks.hisense.com/pages/viewpage.action?pageId=105579598"
"RJYFBGG","软件研发部公共空间","105579600","104798591","0、软件研发知识管理","内销应用软件所知识清单","2","7","软件研发部公共空间 主页 / 0、软件研发知识管理 / 内销应用软件所知识清单","项目管理","2020-11-18 21:37:46","肖成创","否","http://dmtks.hisense.com/pages/viewpage.action?pageId=105579600"
"RJYFBGG","软件研发部公共空间","113484660","14824627","软件研发部公共空间 主页","1、预研管理","1","4","软件研发部公共空间 主页 / 1、预研管理","项目管理","2023-05-19 14:37:32","张继栋","否","http://dmtks.hisense.com/pages/viewpage.action?pageId=113484660"
"RJYFBGG","软件研发部公共空间","129806947","113484660","1、预研管理","0、预研梳理","2","1","软件研发部公共空间 主页 / 1、预研管理 / 0、预研梳理","项目管理","2022-04-19 09:31:30","刘承龙","否","http://dmtks.hisense.com/pages/viewpage.action?pageId=129806947"
"RJYFBGG","软件研发部公共空间","261729746","113484660","1、预研管理","19.云真机项目","2","2","软件研发部公共空间 主页 / 1、预研管理 / 19.云真机项目","项目管理","2024-08-21 19:35:39","贾亚洲","否","http://dmtks.hisense.com/pages/viewpage.action?pageId=261729746"
"RJYFBGG","软件研发部公共空间","126913973","113484660","1、预研管理","1、海外VIDAA、安卓预研项目梳理","2","3","软件研发部公共空间 主页 / 1、预研管理 / 1、海外VIDAA、安卓预研项目梳理","项目管理","2021-08-03 13:58:38","朱平洋/Tim Zhu","否","http://dmtks.hisense.com/pages/viewpage.action?pageId=126913973"
"RJYFBGG","软件研发部公共空间","139075821","113484660","1、预研管理","2021三年关键技术论证复盘","2","4","软件研发部公共空间 主页 / 1、预研管理 / 2021三年关键技术论证复盘","问题与复盘","2021-11-11 11:04:26","邓俊涛/Thomas Deng","否","http://dmtks.hisense.com/pages/viewpage.action?pageId=139075821"
"RJYFBGG","软件研发部公共空间","126917869","113484660","1、预研管理","2、手机预研梳理","2","5","软件研发部公共空间 主页 / 1、预研管理 / 2、手机预研梳理","项目管理","2021-07-12 08:50:52","刘承龙","否","http://dmtks.hisense.com/pages/viewpage.action?pageId=126917869"
"RJYFBGG","软件研发部公共空间","129803031","113484660","1、预研管理","3、月度预研工作计划","2","6","软件研发部公共空间 主页 / 1、预研管理 / 3、月度预研工作计划","版本与计划","2021-08-03 13:59:13","朱平洋/Tim Zhu","否","http://dmtks.hisense.com/pages/viewpage.action?pageId=129803031"
"RJYFBGG","软件研发部公共空间","14824831","113484660","1、预研管理","4、存档资料","2","7","软件研发部公共空间 主页 / 1、预研管理 / 4、存档资料","项目管理","2021-08-03 13:59:27","朱平洋/Tim Zhu","否","http://dmtks.hisense.com/pages/viewpage.action?pageId=14824831"
"RJYFBGG","软件研发部公共空间","130460696","113484660","1、预研管理","5、预研立项管理","2","8","软件研发部公共空间 主页 / 1、预研管理 / 5、预研立项管理","项目管理","2021-08-11 16:47:17","初德进","否","http://dmtks.hisense.com/pages/viewpage.action?pageId=130460696"
"RJYFBGG","软件研发部公共空间","15597101","14824627","软件研发部公共空间 主页","2、技术融合","1","5","软件研发部公共空间 主页 / 2、技术融合","其他","2017-09-04 16:57:28","未知用户 (changxuejian)","否","http://dmtks.hisense.com/pages/viewpage.action?pageId=15597101"
"RJYFBGG","软件研发部公共空间","15597131","15597101","2、技术融合","2.1 驱动软件所","2","1","软件研发部公共空间 主页 / 2、技术融合 / 2.1 驱动软件所","其他","2017-09-06 10:36:24","未知用户 (changxuejian)","否","http://dmtks.hisense.com/pages/viewpage.action?pageId=15597131"
"RJYFBGG","软件研发部公共空间","15762181","15597101","2、技术融合","2.2 应用软件所","2","2","软件研发部公共空间 主页 / 2、技术融合 / 2.2 应用软件所","其他","2017-09-06 10:34:22","未知用户 (changxuejian)","否","http://dmtks.hisense.com/pages/viewpage.action?pageId=15762181"
"RJYFBGG","软件研发部公共空间","15762185","15597101","2、技术融合","2.3 软件配置所","2","3","软件研发部公共空间 主页 / 2、技术融合 / 2.3 软件配置所","其他","2017-09-06 10:34:36","未知用户 (changxuejian)","否","http://dmtks.hisense.com/pages/viewpage.action?pageId=15762185"
"RJYFBGG","软件研发部公共空间","16666127","15597101","2、技术融合","2.4 手机整机软件所","2","4","软件研发部公共空间 主页 / 2、技术融合 / 2.4 手机整机软件所","其他","2017-12-07 14:15:58","未知用户 (wangfei8)","否","http://dmtks.hisense.com/pages/viewpage.action?pageId=16666127"
"RJYFBGG","软件研发部公共空间","19104816","15597101","2、技术融合","2.5 内销电视整机软件所","2","5","软件研发部公共空间 主页 / 2、技术融合 / 2.5 内销电视整机软件所","其他","2018-04-24 10:31:43","李鑫","否","http://dmtks.hisense.com/pages/viewpage.action?pageId=19104816"
"RJYFBGG","软件研发部公共空间","103417183","15597101","2、技术融合","2.6 Harmony鸿蒙技术跟进(电视&手机)","2","6","软件研发部公共空间 主页 / 2、技术融合 / 2.6 Harmony鸿蒙技术跟进(电视&手机)","其他","2021-01-26 16:13:56","王之奎","否","http://dmtks.hisense.com/pages/viewpage.action?pageId=103417183"
"RJYFBGG","软件研发部公共空间","121841951","15597101","2、技术融合","2.7 算法梳理","2","7","软件研发部公共空间 主页 / 2、技术融合 / 2.7 算法梳理","其他","2021-04-17 17:32:20","王之奎","否","http://dmtks.hisense.com/pages/viewpage.action?pageId=121841951"
"RJYFBGG","软件研发部公共空间","122489063","15597101","2、技术融合","2.8 深度学习/图像处理技术汇总","2","8","软件研发部公共空间 主页 / 2、技术融合 / 2.8 深度学习/图像处理技术汇总","培训与知识","2021-04-19 19:02:06","宋虎","否","http://dmtks.hisense.com/pages/viewpage.action?pageId=122489063"
"RJYFBGG","软件研发部公共空间","127603319","15597101","2、技术融合","2.9 电视/手机15个共享课题","2","9","软件研发部公共空间 主页 / 2、技术融合 / 2.9 电视/手机15个共享课题","其他","2021-06-09 09:19:44","王之奎","否","http://dmtks.hisense.com/pages/viewpage.action?pageId=127603319"
"RJYFBGG","软件研发部公共空间","141853529","15597101","2、技术融合","26. 2021PMT--智能","2","10","软件研发部公共空间 主页 / 2、技术融合 / 26. 2021PMT--智能","其他","2021-10-25 19:12:13","未知用户 (zoulie)","否","http://dmtks.hisense.com/pages/viewpage.action?pageId=141853529"
"RJYFBGG","软件研发部公共空间","141856519","15597101","2、技术融合","27. 2022海外软件智能","2","11","软件研发部公共空间 主页 / 2、技术融合 / 27. 2022海外软件智能","其他","2021-10-29 16:48:36","未知用户 (zoulie)","否","http://dmtks.hisense.com/pages/viewpage.action?pageId=141856519"
"RJYFBGG","软件研发部公共空间","182658150","15597101","2、技术融合","A311D2项目管理","2","12","软件研发部公共空间 主页 / 2、技术融合 / A311D2项目管理","项目管理","2023-03-23 13:31:10","谭少峰","否","http://dmtks.hisense.com/pages/viewpage.action?pageId=182658150"
"RJYFBGG","软件研发部公共空间","154935638","14824627","软件研发部公共空间 主页","3、技术管理","1","6","软件研发部公共空间 主页 / 3、技术管理","项目管理","2023-08-10 00:25:58","王之奎","否","http://dmtks.hisense.com/pages/viewpage.action?pageId=154935638"
"RJYFBGG","软件研发部公共空间","164083023","154935638","3、技术管理","01 技术领域过程管理","2","1","软件研发部公共空间 主页 / 3、技术管理 / 01 技术领域过程管理","项目管理","2025-08-14 18:01:10","王永清","否","http://dmtks.hisense.com/pages/viewpage.action?pageId=164083023"
"RJYFBGG","软件研发部公共空间","169724793","154935638","3、技术管理","02 音视频编解码专项过程管理","2","2","软件研发部公共空间 主页 / 3、技术管理 / 02 音视频编解码专项过程管理","项目管理","2023-08-10 00:24:36","王之奎","否","http://dmtks.hisense.com/pages/viewpage.action?pageId=169724793"
"RJYFBGG","软件研发部公共空间","219100428","154935638","3、技术管理","03 操作系统TMG工作组","2","3","软件研发部公共空间 主页 / 3、技术管理 / 03 操作系统TMG工作组","项目管理","2023-08-10 00:29:24","王之奎","否","http://dmtks.hisense.com/pages/viewpage.action?pageId=219100428"
"RJYFBGG","软件研发部公共空间","171413611","154935638","3、技术管理","98 HiTVOS海信公版","2","4","软件研发部公共空间 主页 / 3、技术管理 / 98 HiTVOS海信公版","项目管理","2023-08-10 00:26:13","王之奎","否","http://dmtks.hisense.com/pages/viewpage.action?pageId=171413611"
"RJYFBGG","软件研发部公共空间","172274276","154935638","3、技术管理","99 Other","2","5","软件研发部公共空间 主页 / 3、技术管理 / 99 Other","项目管理","2022-07-21 13:56:39","王之奎","否","http://dmtks.hisense.com/display/RJYFBGG/99+Other"
"RJYFBGG","软件研发部公共空间","211095169","154935638","3、技术管理","专题","2","6","软件研发部公共空间 主页 / 3、技术管理 / 专题","项目管理","2023-04-27 19:50:42","李燕芬","否","http://dmtks.hisense.com/pages/viewpage.action?pageId=211095169"
"RJYFBGG","软件研发部公共空间","17796471","14824627","软件研发部公共空间 主页","4、创新提案","1","7","软件研发部公共空间 主页 / 4、创新提案","其他","2022-03-22 14:16:12","王之奎","否","http://dmtks.hisense.com/pages/viewpage.action?pageId=17796471"
"RJYFBGG","软件研发部公共空间","123997019","17796471","4、创新提案","往届创新提案","2","1","软件研发部公共空间 主页 / 4、创新提案 / 往届创新提案","其他","2021-05-07 11:26:23","刘承龙","否","http://dmtks.hisense.com/pages/viewpage.action?pageId=123997019"
"RJYFBGG","软件研发部公共空间","151629193","17796471","4、创新提案","研发中心微提案（2021年）","2","2","软件研发部公共空间 主页 / 4、创新提案 / 研发中心微提案（2021年）","其他","2022-09-19 10:04:44","吕彦斐","否","http://dmtks.hisense.com/pages/viewpage.action?pageId=151629193"
"RJYFBGG","软件研发部公共空间","170544281","17796471","4、创新提案","创新活动","2","3","软件研发部公共空间 主页 / 4、创新提案 / 创新活动","其他","2022-07-09 17:00:30","王之奎","否","http://dmtks.hisense.com/pages/viewpage.action?pageId=170544281"
"RJYFBGG","软件研发部公共空间","180259137","17796471","4、创新提案","研发中心微提案（2022年）","2","4","软件研发部公共空间 主页 / 4、创新提案 / 研发中心微提案（2022年）","其他","2022-09-19 10:05:59","吕彦斐","否","http://dmtks.hisense.com/pages/viewpage.action?pageId=180259137"
"RJYFBGG","软件研发部公共空间","198345790","17796471","4、创新提案","研发中心微提案（2023年）","2","5","软件研发部公共空间 主页 / 4、创新提案 / 研发中心微提案（2023年）","其他","2023-02-13 10:26:58","王之奎","否","http://dmtks.hisense.com/pages/viewpage.action?pageId=198345790"
"RJYFBGG","软件研发部公共空间","229435188","17796471","4、创新提案","研发中心微提案（2024年）","2","6","软件研发部公共空间 主页 / 4、创新提案 / 研发中心微提案（2024年）","其他","2024-02-19 09:14:36","王之奎","否","http://dmtks.hisense.com/pages/viewpage.action?pageId=229435188"
"RJYFBGG","软件研发部公共空间","288487373","17796471","4、创新提案","研发中心微提案（2025年）","2","7","软件研发部公共空间 主页 / 4、创新提案 / 研发中心微提案（2025年）","其他","2025-02-10 17:53:20","王之奎","否","http://dmtks.hisense.com/pages/viewpage.action?pageId=288487373"
"RJYFBGG","软件研发部公共空间","214287473","14824627","软件研发部公共空间 主页","5、信息收集","1","8","软件研发部公共空间 主页 / 5、信息收集","其他","2023-05-19 13:54:32","冯美美","否","http://dmtks.hisense.com/pages/viewpage.action?pageId=214287473"
"RJYFBGG","软件研发部公共空间","230144568","214287473","5、信息收集","AI Agent & 大模型应用场景头脑风暴记录","2","1","软件研发部公共空间 主页 / 5、信息收集 / AI Agent & 大模型应用场景头脑风暴记录","二维三维与图形模型","2024-03-25 16:31:41","孙磊","否","http://dmtks.hisense.com/pages/viewpage.action?pageId=230144568"
"RJYFBGG","软件研发部公共空间","114198016","214287473","5、信息收集","内销电视系统室春节去向统计","2","2","软件研发部公共空间 主页 / 5、信息收集 / 内销电视系统室春节去向统计","数据与质量","2021-01-26 17:37:38","未知用户 (kongchao3)","否","http://dmtks.hisense.com/pages/viewpage.action?pageId=114198016"
"RJYFBGG","软件研发部公共空间","302714054","214287473","5、信息收集","创意点头脑风暴 202504","2","3","软件研发部公共空间 主页 / 5、信息收集 / 创意点头脑风暴 202504","其他","2025-04-28 19:34:35","刘承龙","否","http://dmtks.hisense.com/pages/viewpage.action?pageId=302714054"
"RJYFBGG","软件研发部公共空间","230146958","214287473","5、信息收集","大模型辅助研发信息收集","2","4","软件研发部公共空间 主页 / 5、信息收集 / 大模型辅助研发信息收集","二维三维与图形模型","2024-02-28 11:41:00","孙磊","否","http://dmtks.hisense.com/pages/viewpage.action?pageId=230146958"
"RJYFBGG","软件研发部公共空间","279531448","214287473","5、信息收集","技术创意点头脑风暴 202412","2","5","软件研发部公共空间 主页 / 5、信息收集 / 技术创意点头脑风暴 202412","其他","2025-04-16 15:56:56","刘承龙","否","http://dmtks.hisense.com/pages/viewpage.action?pageId=279531448"
"RJYFBGG","软件研发部公共空间","232597382","214287473","5、信息收集","模块编码和错误码登记","2","6","软件研发部公共空间 主页 / 5、信息收集 / 模块编码和错误码登记","其他","2026-01-22 21:58:15","肖成创","否","http://dmtks.hisense.com/pages/viewpage.action?pageId=232597382"
"RJYFBGG","软件研发部公共空间","248740366","214287473","5、信息收集","用户隐私权限排查","2","7","软件研发部公共空间 主页 / 5、信息收集 / 用户隐私权限排查","其他","2024-10-22 10:14:28","宋子全","否","http://dmtks.hisense.com/pages/viewpage.action?pageId=248740366"
"RJYFBGG","软件研发部公共空间","138413206","214287473","5、信息收集","研发过程合理建议收集","2","8","软件研发部公共空间 主页 / 5、信息收集 / 研发过程合理建议收集","其他","2021-10-13 16:24:28","庞秀娟","否","http://dmtks.hisense.com/pages/viewpage.action?pageId=138413206"
"RJYFBGG","软件研发部公共空间","250621044","214287473","5、信息收集","编码行数统计 5.20-6.20","2","9","软件研发部公共空间 主页 / 5、信息收集 / 编码行数统计 5.20-6.20","数据与质量","2024-07-04 12:59:02","冷龙","否","http://dmtks.hisense.com/pages/viewpage.action?pageId=250621044"
"RJYFBGG","软件研发部公共空间","284071961","214287473","5、信息收集","编码行数统计确认 2024年","2","10","软件研发部公共空间 主页 / 5、信息收集 / 编码行数统计确认 2024年","数据与质量","2024-12-27 19:00:37","未知用户 (xupan)","否","http://dmtks.hisense.com/pages/viewpage.action?pageId=284071961"
"RJYFBGG","软件研发部公共空间","256848726","214287473","5、信息收集","编码行数统计确认 6.18-7.18","2","11","软件研发部公共空间 主页 / 5、信息收集 / 编码行数统计确认 6.18-7.18","数据与质量","2024-08-03 14:23:40","李永钰","否","http://dmtks.hisense.com/pages/viewpage.action?pageId=256848726"
"RJYFBGG","软件研发部公共空间","177145429","214287473","5、信息收集","考勤问题反馈2022/8/29","2","12","软件研发部公共空间 主页 / 5、信息收集 / 考勤问题反馈2022/8/29","问题与复盘","2022-08-29 12:15:39","片兆峰","否","http://dmtks.hisense.com/pages/viewpage.action?pageId=177145429"
"RJYFBGG","软件研发部公共空间","106335069","214287473","5、信息收集","草样机和竞品统计-2020-11-10","2","13","软件研发部公共空间 主页 / 5、信息收集 / 草样机和竞品统计-2020-11-10","数据与质量","2020-11-16 19:55:13","崔文华","否","http://dmtks.hisense.com/pages/viewpage.action?pageId=106335069"
"RJYFBGG","软件研发部公共空间","233004614","214287473","5、信息收集","部门试流品类信息梳理","2","14","软件研发部公共空间 主页 / 5、信息收集 / 部门试流品类信息梳理","其他","2024-04-26 22:08:55","甄凌云","否","http://dmtks.hisense.com/pages/viewpage.action?pageId=233004614"
"RJYFBGG","软件研发部公共空间","52104848","14824627","软件研发部公共空间 主页","6、开发输出文档模板","1","9","软件研发部公共空间 主页 / 6、开发输出文档模板","规范与流程","2019-04-17 09:37:37","冯美美","否","http://dmtks.hisense.com/pages/viewpage.action?pageId=52104848"
"RJYFBGG","软件研发部公共空间","148572637","52104848","6、开发输出文档模板","应用新分支清单","2","1","软件研发部公共空间 主页 / 6、开发输出文档模板 / 应用新分支清单","规范与流程","2021-12-20 17:39:15","冯美美","否","http://dmtks.hisense.com/pages/viewpage.action?pageId=148572637"
"RJYFBGG","软件研发部公共空间","55546832","52104848","6、开发输出文档模板","软件决策评审-手机产品","2","2","软件研发部公共空间 主页 / 6、开发输出文档模板 / 软件决策评审-手机产品","规范与流程","2019-05-24 10:20:01","未知用户 (liuchuanjun)","否","http://dmtks.hisense.com/pages/viewpage.action?pageId=55546832"
"RJYFBGG","软件研发部公共空间","55546826","52104848","6、开发输出文档模板","软件技术评审","2","3","软件研发部公共空间 主页 / 6、开发输出文档模板 / 软件技术评审","规范与流程","2019-05-24 10:17:40","未知用户 (liuchuanjun)","否","http://dmtks.hisense.com/pages/viewpage.action?pageId=55546826"
"RJYFBGG","软件研发部公共空间","256842595","52104848","6、开发输出文档模板","需求系统设计指导","2","4","软件研发部公共空间 主页 / 6、开发输出文档模板 / 需求系统设计指导","需求与功能","2024-07-30 19:47:11","李文龙","否","http://dmtks.hisense.com/pages/viewpage.action?pageId=256842595"
"RJYFBGG","软件研发部公共空间","256841989","52104848","6、开发输出文档模板","需求系统设计模板","2","5","软件研发部公共空间 主页 / 6、开发输出文档模板 / 需求系统设计模板","需求与功能","2024-08-01 14:17:17","李文龙","否","http://dmtks.hisense.com/pages/viewpage.action?pageId=256841989"
"RJYFBGG","软件研发部公共空间","16846771","14824627","软件研发部公共空间 主页","7、能力提升","1","10","软件研发部公共空间 主页 / 7、能力提升","其他","2024-08-03 16:22:30","吴汉勇","否","http://dmtks.hisense.com/pages/viewpage.action?pageId=16846771"
"RJYFBGG","软件研发部公共空间","256863815","16846771","7、能力提升","2024软件能力提升营","2","1","软件研发部公共空间 主页 / 7、能力提升 / 2024软件能力提升营","其他","2024-08-03 16:22:40","吴汉勇","否","http://dmtks.hisense.com/pages/viewpage.action?pageId=256863815"
"RJYFBGG","软件研发部公共空间","326687230","16846771","7、能力提升","培训202509","2","2","软件研发部公共空间 主页 / 7、能力提升 / 培训202509","培训与知识","2025-09-19 10:27:31","丁达志","否","http://dmtks.hisense.com/pages/viewpage.action?pageId=326687230"
"RJYFBGG","软件研发部公共空间","16846778","16846771","7、能力提升","软件研发部新员工专业知识指南-手机产品线","2","3","软件研发部公共空间 主页 / 7、能力提升 / 软件研发部新员工专业知识指南-手机产品线","规范与流程","2018-01-04 14:02:44","未知用户 (zhuzhongwei)","否","http://dmtks.hisense.com/pages/viewpage.action?pageId=16846778"
"RJYFBGG","软件研发部公共空间","76450349","14824627","软件研发部公共空间 主页","8、部门活动","1","11","软件研发部公共空间 主页 / 8、部门活动","其他","2019-12-31 16:29:18","孙磊","否","http://dmtks.hisense.com/pages/viewpage.action?pageId=76450349"
"RJYFBGG","软件研发部公共空间","222790058","76450349","8、部门活动","1024","2","1","软件研发部公共空间 主页 / 8、部门活动 / 1024","其他","2023-10-11 10:59:27","吴汉勇","否","http://dmtks.hisense.com/display/RJYFBGG/1024"
"RJYFBGG","软件研发部公共空间","76450398","76450349","8、部门活动","19年手机部分软件质量考试总结","2","2","软件研发部公共空间 主页 / 8、部门活动 / 19年手机部分软件质量考试总结","数据与质量","2019-12-31 17:01:29","孙磊","否","http://dmtks.hisense.com/pages/viewpage.action?pageId=76450398"
"RJYFBGG","软件研发部公共空间","107055558","76450349","8、部门活动","2020技能提升月活动 - 性能编码竞答比赛","2","3","软件研发部公共空间 主页 / 8、部门活动 / 2020技能提升月活动 - 性能编码竞答比赛","其他","2020-11-17 11:01:26","刘承龙","否","http://dmtks.hisense.com/pages/viewpage.action?pageId=107055558"
"RJYFBGG","软件研发部公共空间","222790436","76450349","8、部门活动","编码比赛","2","4","软件研发部公共空间 主页 / 8、部门活动 / 编码比赛","其他","2023-10-11 11:59:19","吴汉勇","否","http://dmtks.hisense.com/pages/viewpage.action?pageId=222790436"
"RJYFBGG","软件研发部公共空间","172272159","76450349","8、部门活动","部门活动照片","2","5","软件研发部公共空间 主页 / 8、部门活动 / 部门活动照片","其他","2022-07-20 17:17:24","张晓军","否","http://dmtks.hisense.com/pages/viewpage.action?pageId=172272159"
"RJYFBGG","软件研发部公共空间","82582161","14824627","软件研发部公共空间 主页","9、NPS","1","12","软件研发部公共空间 主页 / 9、NPS","问题与复盘","2020-03-12 16:35:36","刘承龙","否","http://dmtks.hisense.com/pages/viewpage.action?pageId=82582161"
"RJYFBGG","软件研发部公共空间","228772074","82582161","9、NPS","2023年内销NPS数据","2","1","软件研发部公共空间 主页 / 9、NPS / 2023年内销NPS数据","问题与复盘","2024-01-23 14:24:17","吕彦斐","否","http://dmtks.hisense.com/pages/viewpage.action?pageId=228772074"
"RJYFBGG","软件研发部公共空间","255081774","82582161","9、NPS","2024海外Kernel Panic NPS问题跟踪","2","2","软件研发部公共空间 主页 / 9、NPS / 2024海外Kernel Panic NPS问题跟踪","问题与复盘","2024-07-25 13:12:15","纪开虎","否","http://dmtks.hisense.com/pages/viewpage.action?pageId=255081774"
"RJYFBGG","软件研发部公共空间","252870304","82582161","9、NPS","2024海外应用 ANR tombstone NPS问题跟踪","2","3","软件研发部公共空间 主页 / 9、NPS / 2024海外应用 ANR tombstone NPS问题跟踪","问题与复盘","2024-07-25 10:04:05","樊杰","否","http://dmtks.hisense.com/pages/viewpage.action?pageId=252870304"
"RJYFBGG","软件研发部公共空间","82582166","82582161","9、NPS","内销NPS 软件综合类","2","4","软件研发部公共空间 主页 / 9、NPS / 内销NPS 软件综合类","问题与复盘","2020-03-12 16:36:10","刘承龙","否","http://dmtks.hisense.com/pages/viewpage.action?pageId=82582166"
"RJYFBGG","软件研发部公共空间","193503689","82582161","9、NPS","已分享的链接","2","5","软件研发部公共空间 主页 / 9、NPS / 已分享的链接","问题与复盘","2023-01-04 17:34:20","王之奎","否","http://dmtks.hisense.com/pages/viewpage.action?pageId=193503689"
"RJYFBGG","软件研发部公共空间","84644633","14824627","软件研发部公共空间 主页","10、CBB 项目信息汇总","1","13","软件研发部公共空间 主页 / 10、CBB 项目信息汇总","项目管理","2023-05-19 13:58:44","冯美美","否","http://dmtks.hisense.com/pages/viewpage.action?pageId=84644633"
"RJYFBGG","软件研发部公共空间","84644645","84644633","10、CBB 项目信息汇总","10.1 软件CBB开发流程介绍","2","1","软件研发部公共空间 主页 / 10、CBB 项目信息汇总 / 10.1 软件CBB开发流程介绍","规范与流程","2021-12-24 16:08:18","未晓玲","否","http://dmtks.hisense.com/pages/viewpage.action?pageId=84644645"
"RJYFBGG","软件研发部公共空间","84644648","84644633","10、CBB 项目信息汇总","10.2 软件CBB过程重点注意事项","2","2","软件研发部公共空间 主页 / 10、CBB 项目信息汇总 / 10.2 软件CBB过程重点注意事项","项目管理","2020-05-07 10:32:05","李春超","否","http://dmtks.hisense.com/pages/viewpage.action?pageId=84644648"
"RJYFBGG","软件研发部公共空间","84648742","84644633","10、CBB 项目信息汇总","10.3  CBB项目规划","2","3","软件研发部公共空间 主页 / 10、CBB 项目信息汇总 / 10.3  CBB项目规划","项目管理","2020-04-02 17:31:56","李春超","否","http://dmtks.hisense.com/pages/viewpage.action?pageId=84648742"
"RJYFBGG","软件研发部公共空间","86548684","84644633","10、CBB 项目信息汇总","10.4 过程任务","2","4","软件研发部公共空间 主页 / 10、CBB 项目信息汇总 / 10.4 过程任务","项目管理","2022-05-10 16:14:17","未晓玲","否","http://dmtks.hisense.com/pages/viewpage.action?pageId=86548684"
"RJYFBGG","软件研发部公共空间","107777029","84644633","10、CBB 项目信息汇总","10.5  最新CBB货架整理","2","5","软件研发部公共空间 主页 / 10、CBB 项目信息汇总 / 10.5  最新CBB货架整理","项目管理","2021-04-19 18:00:17","朱铄","否","http://dmtks.hisense.com/pages/viewpage.action?pageId=107777029"
"RJYFBGG","软件研发部公共空间","101423666","84644633","10、CBB 项目信息汇总","10.6  在研项目信息统计","2","6","软件研发部公共空间 主页 / 10、CBB 项目信息汇总 / 10.6  在研项目信息统计","项目管理","2021-04-23 17:28:10","未知用户 (gaomeng4)","否","http://dmtks.hisense.com/pages/viewpage.action?pageId=101423666"
"RJYFBGG","软件研发部公共空间","116817949","84644633","10、CBB 项目信息汇总","10.7  CBB落地方案","2","7","软件研发部公共空间 主页 / 10、CBB 项目信息汇总 / 10.7  CBB落地方案","设计与架构","2021-02-21 12:29:13","李春超","否","http://dmtks.hisense.com/pages/viewpage.action?pageId=116817949"
"RJYFBGG","软件研发部公共空间","145066567","84644633","10、CBB 项目信息汇总","10.8 21年CBB预算统计","2","8","软件研发部公共空间 主页 / 10、CBB 项目信息汇总 / 10.8 21年CBB预算统计","项目管理","2021-11-23 14:19:33","未晓玲","否","http://dmtks.hisense.com/pages/viewpage.action?pageId=145066567"
"RJYFBGG","软件研发部公共空间","161514467","84644633","10、CBB 项目信息汇总","10.9 CBB项目周报（21 年11月起）","2","9","软件研发部公共空间 主页 / 10、CBB 项目信息汇总 / 10.9 CBB项目周报（21 年11月起）","项目管理","2022-11-07 11:38:46","未晓玲","否","http://dmtks.hisense.com/pages/viewpage.action?pageId=161514467"
"RJYFBGG","软件研发部公共空间","198348577","14824627","软件研发部公共空间 主页","11、三星分析-研发及创新空间","1","14","软件研发部公共空间 主页 / 11、三星分析-研发及创新空间","问题与复盘","2023-05-19 13:59:35","冯美美","否","http://dmtks.hisense.com/pages/viewpage.action?pageId=198348577"
"RJYFBGG","软件研发部公共空间","198348585","198348577","11、三星分析-研发及创新空间","1.资料文档：","2","1","软件研发部公共空间 主页 / 11、三星分析-研发及创新空间 / 1.资料文档：","问题与复盘","2023-02-14 14:16:59","朱春波","否","http://dmtks.hisense.com/pages/viewpage.action?pageId=198348585"
"RJYFBGG","软件研发部公共空间","198348596","198348577","11、三星分析-研发及创新空间","2.问题总结：","2","2","软件研发部公共空间 主页 / 11、三星分析-研发及创新空间 / 2.问题总结：","问题与复盘","2023-02-14 11:08:53","未知用户 (liyuxi)","否","http://dmtks.hisense.com/pages/viewpage.action?pageId=198348596"
"RJYFBGG","软件研发部公共空间","198348603","198348577","11、三星分析-研发及创新空间","3.周例会内容共享：","2","3","软件研发部公共空间 主页 / 11、三星分析-研发及创新空间 / 3.周例会内容共享：","问题与复盘","2023-02-13 18:46:46","未知用户 (liyuxi)","否","http://dmtks.hisense.com/pages/viewpage.action?pageId=198348603"
"RJYFBGG","软件研发部公共空间","92933569","14824627","软件研发部公共空间 主页","12、科室例会","1","15","软件研发部公共空间 主页 / 12、科室例会","会议与协同","2023-05-22 13:11:31","张继栋","否","http://dmtks.hisense.com/pages/viewpage.action?pageId=92933569"
"RJYFBGG","软件研发部公共空间","122488724","92933569","12、科室例会","10、手机产品软件所","2","1","软件研发部公共空间 主页 / 12、科室例会 / 10、手机产品软件所","会议与协同","2021-04-19 17:55:01","冯美美","否","http://dmtks.hisense.com/pages/viewpage.action?pageId=122488724"
"RJYFBGG","软件研发部公共空间","122488746","92933569","12、科室例会","11、武研","2","2","软件研发部公共空间 主页 / 12、科室例会 / 11、武研","会议与协同","2021-04-19 17:57:31","冯美美","否","http://dmtks.hisense.com/pages/viewpage.action?pageId=122488746"
"RJYFBGG","软件研发部公共空间","122488763","92933569","12、科室例会","12、深研","2","3","软件研发部公共空间 主页 / 12、科室例会 / 12、深研","会议与协同","2021-04-19 17:59:02","冯美美","否","http://dmtks.hisense.com/pages/viewpage.action?pageId=122488763"
"RJYFBGG","软件研发部公共空间","122488309","92933569","12、科室例会","1、海外软件开发所","2","4","软件研发部公共空间 主页 / 12、科室例会 / 1、海外软件开发所","会议与协同","2021-04-19 15:56:07","冯美美","否","http://dmtks.hisense.com/pages/viewpage.action?pageId=122488309"
"RJYFBGG","软件研发部公共空间","122488577","92933569","12、科室例会","2、手机应用软件所","2","5","软件研发部公共空间 主页 / 12、科室例会 / 2、手机应用软件所","会议与协同","2021-04-19 17:35:47","冯美美","否","http://dmtks.hisense.com/pages/viewpage.action?pageId=122488577"
"RJYFBGG","软件研发部公共空间","122488594","92933569","12、科室例会","3、手机平台软件所","2","6","软件研发部公共空间 主页 / 12、科室例会 / 3、手机平台软件所","会议与协同","2021-04-19 17:38:05","冯美美","否","http://dmtks.hisense.com/pages/viewpage.action?pageId=122488594"
"RJYFBGG","软件研发部公共空间","122488616","92933569","12、科室例会","4、内销应用软件所","2","7","软件研发部公共空间 主页 / 12、科室例会 / 4、内销应用软件所","会议与协同","2021-04-19 17:40:27","冯美美","否","http://dmtks.hisense.com/pages/viewpage.action?pageId=122488616"
"RJYFBGG","软件研发部公共空间","122488632","92933569","12、科室例会","5、内销平台软件所","2","8","软件研发部公共空间 主页 / 12、科室例会 / 5、内销平台软件所","会议与协同","2021-04-19 17:42:15","冯美美","否","http://dmtks.hisense.com/pages/viewpage.action?pageId=122488632"
"RJYFBGG","软件研发部公共空间","122488642","92933569","12、科室例会","6、人工智能语音运营中心","2","9","软件研发部公共空间 主页 / 12、科室例会 / 6、人工智能语音运营中心","会议与协同","2021-04-19 17:43:41","冯美美","否","http://dmtks.hisense.com/pages/viewpage.action?pageId=122488642"
"RJYFBGG","软件研发部公共空间","122488679","92933569","12、科室例会","7、内销产品软件所","2","10","软件研发部公共空间 主页 / 12、科室例会 / 7、内销产品软件所","会议与协同","2021-04-19 17:49:16","冯美美","否","http://dmtks.hisense.com/pages/viewpage.action?pageId=122488679"
"RJYFBGG","软件研发部公共空间","122488696","92933569","12、科室例会","8、公共技术软件所","2","11","软件研发部公共空间 主页 / 12、科室例会 / 8、公共技术软件所","会议与协同","2021-04-19 17:51:26","冯美美","否","http://dmtks.hisense.com/pages/viewpage.action?pageId=122488696"
"RJYFBGG","软件研发部公共空间","122488705","92933569","12、科室例会","9、海外电视整机软件所","2","12","软件研发部公共空间 主页 / 12、科室例会 / 9、海外电视整机软件所","会议与协同","2021-04-19 17:52:38","冯美美","否","http://dmtks.hisense.com/pages/viewpage.action?pageId=122488705"
"RJYFBGG","软件研发部公共空间","97190910","14824627","软件研发部公共空间 主页","14、软件过程指标","1","16","软件研发部公共空间 主页 / 14、软件过程指标","数据与质量","2024-05-28 09:23:34","李燕芬","否","http://dmtks.hisense.com/pages/viewpage.action?pageId=97190910"
"RJYFBGG","软件研发部公共空间","97190915","97190910","14、软件过程指标","2020年各科室平均修复周期","2","1","软件研发部公共空间 主页 / 14、软件过程指标 / 2020年各科室平均修复周期","数据与质量","2021-04-29 16:32:12","未知用户 (yaominghang)","否","http://dmtks.hisense.com/pages/viewpage.action?pageId=97190915"
"RJYFBGG","软件研发部公共空间","116819927","97190910","14、软件过程指标","2021年过程指标","2","2","软件研发部公共空间 主页 / 14、软件过程指标 / 2021年过程指标","数据与质量","2021-06-25 10:00:50","李燕芬","否","http://dmtks.hisense.com/pages/viewpage.action?pageId=116819927"
"RJYFBGG","软件研发部公共空间","97190889","97190910","14、软件过程指标","20年过程指标系数","2","3","软件研发部公共空间 主页 / 14、软件过程指标 / 20年过程指标系数","数据与质量","2021-03-01 09:24:20","李燕芬","否","http://dmtks.hisense.com/pages/viewpage.action?pageId=97190889"
"RJYFBGG","软件研发部公共空间","147819946","97190910","14、软件过程指标","22年过程指标","2","4","软件研发部公共空间 主页 / 14、软件过程指标 / 22年过程指标","数据与质量","2022-12-05 19:30:22","李燕芬","否","http://dmtks.hisense.com/pages/viewpage.action?pageId=147819946"
"RJYFBGG","软件研发部公共空间","195234153","97190910","14、软件过程指标","23年过程指标","2","5","软件研发部公共空间 主页 / 14、软件过程指标 / 23年过程指标","数据与质量","2023-08-21 11:41:52","戴青娥","否","http://dmtks.hisense.com/pages/viewpage.action?pageId=195234153"
"RJYFBGG","软件研发部公共空间","227865395","97190910","14、软件过程指标","24年过程指标","2","6","软件研发部公共空间 主页 / 14、软件过程指标 / 24年过程指标","数据与质量","2026-04-08 09:37:59","陈晓敏","否","http://dmtks.hisense.com/pages/viewpage.action?pageId=227865395"
"RJYFBGG","软件研发部公共空间","287594560","97190910","14、软件过程指标","25年过程指标","2","7","软件研发部公共空间 主页 / 14、软件过程指标 / 25年过程指标","数据与质量","2025-02-17 14:05:39","李燕芬","否","http://dmtks.hisense.com/pages/viewpage.action?pageId=287594560"
"RJYFBGG","软件研发部公共空间","349819058","97190910","14、软件过程指标","26年过程指标","2","8","软件研发部公共空间 主页 / 14、软件过程指标 / 26年过程指标","数据与质量","2026-01-08 09:07:44","李燕芬","否","http://dmtks.hisense.com/pages/viewpage.action?pageId=349819058"
"RJYFBGG","软件研发部公共空间","98599747","97190910","14、软件过程指标","代码评审","2","9","软件研发部公共空间 主页 / 14、软件过程指标 / 代码评审","数据与质量","2020-08-24 13:56:20","李燕芬","否","http://dmtks.hisense.com/pages/viewpage.action?pageId=98599747"
"RJYFBGG","软件研发部公共空间","129079701","97190910","14、软件过程指标","分析材料","2","10","软件研发部公共空间 主页 / 14、软件过程指标 / 分析材料","问题与复盘","2021-06-23 19:49:43","未知用户 (zhuzhongwei)","否","http://dmtks.hisense.com/pages/viewpage.action?pageId=129079701"
"RJYFBGG","软件研发部公共空间","92933588","97190910","14、软件过程指标","平均修复周期2020-06-28","2","11","软件研发部公共空间 主页 / 14、软件过程指标 / 平均修复周期2020-06-28","数据与质量","2020-08-04 16:15:59","未知用户 (guofangjuan)","否","http://dmtks.hisense.com/pages/viewpage.action?pageId=92933588"
"RJYFBGG","软件研发部公共空间","131138457","97190910","14、软件过程指标","指标统计规则","2","12","软件研发部公共空间 主页 / 14、软件过程指标 / 指标统计规则","数据与质量","2026-04-23 09:11:26","陈晓敏","否","http://dmtks.hisense.com/pages/viewpage.action?pageId=131138457"
"RJYFBGG","软件研发部公共空间","126918110","97190910","14、软件过程指标","电视准时一次无条件通过率","2","13","软件研发部公共空间 主页 / 14、软件过程指标 / 电视准时一次无条件通过率","数据与质量","2021-06-03 14:10:33","于清晓","否","http://dmtks.hisense.com/pages/viewpage.action?pageId=126918110"
"RJYFBGG","软件研发部公共空间","98605234","14824627","软件研发部公共空间 主页","15、软件相关流程体系清单","1","17","软件研发部公共空间 主页 / 15、软件相关流程体系清单","规范与流程","2023-05-19 13:56:47","冯美美","否","http://dmtks.hisense.com/pages/viewpage.action?pageId=98605234"
"RJYFBGG","软件研发部公共空间","310912434","98605234","15、软件相关流程体系清单","软件流程活动裁剪定义","2","1","软件研发部公共空间 主页 / 15、软件相关流程体系清单 / 软件流程活动裁剪定义","规范与流程","2025-06-24 09:12:44","刘承龙","否","http://dmtks.hisense.com/pages/viewpage.action?pageId=310912434"
"RJYFBGG","软件研发部公共空间","98606356","14824627","软件研发部公共空间 主页","16、方案商管理","1","18","软件研发部公共空间 主页 / 16、方案商管理","设计与架构","2023-05-19 13:57:00","冯美美","否","http://dmtks.hisense.com/pages/viewpage.action?pageId=98606356"
"RJYFBGG","软件研发部公共空间","197540811","98606356","16、方案商管理","Amloigc沟通","2","1","软件研发部公共空间 主页 / 16、方案商管理 / Amloigc沟通","设计与架构","2023-02-09 15:48:19","于清晓","否","http://dmtks.hisense.com/pages/viewpage.action?pageId=197540811"
"RJYFBGG","软件研发部公共空间","196543159","98606356","16、方案商管理","MTK交流-20230130","2","2","软件研发部公共空间 主页 / 16、方案商管理 / MTK交流-20230130","设计与架构","2023-01-30 11:59:51","唐高明","否","http://dmtks.hisense.com/pages/viewpage.action?pageId=196543159"
"RJYFBGG","软件研发部公共空间","186986912","98606356","16、方案商管理","MTK双周例会","2","3","软件研发部公共空间 主页 / 16、方案商管理 / MTK双周例会","设计与架构","2023-05-10 16:01:09","于清晓","否","http://dmtks.hisense.com/pages/viewpage.action?pageId=186986912"
"RJYFBGG","软件研发部公共空间","131142271","98606356","16、方案商管理","MTK月报","2","4","软件研发部公共空间 主页 / 16、方案商管理 / MTK月报","设计与架构","2021-07-29 09:29:32","刘金刚","否","http://dmtks.hisense.com/pages/viewpage.action?pageId=131142271"
"RJYFBGG","软件研发部公共空间","187806318","98606356","16、方案商管理","Novatek例会","2","5","软件研发部公共空间 主页 / 16、方案商管理 / Novatek例会","设计与架构","2022-11-24 09:47:18","唐高明","否","http://dmtks.hisense.com/pages/viewpage.action?pageId=187806318"
"RJYFBGG","软件研发部公共空间","146375979","98606356","16、方案商管理","外协方案商管理规则","2","6","软件研发部公共空间 主页 / 16、方案商管理 / 外协方案商管理规则","设计与架构","2022-03-02 14:44:41","宋茂松/Mason Song","否","http://dmtks.hisense.com/pages/viewpage.action?pageId=146375979"
"RJYFBGG","软件研发部公共空间","215841451","98606356","16、方案商管理","方案商现场支持人员明细","2","7","软件研发部公共空间 主页 / 16、方案商管理 / 方案商现场支持人员明细","设计与架构","2025-03-05 14:11:01","郝锐","否","http://dmtks.hisense.com/pages/viewpage.action?pageId=215841451"
"RJYFBGG","软件研发部公共空间","98606360","98606356","16、方案商管理","方案商管理规则","2","8","软件研发部公共空间 主页 / 16、方案商管理 / 方案商管理规则","设计与架构","2020-08-28 18:27:59","张继栋","否","http://dmtks.hisense.com/pages/viewpage.action?pageId=98606360"
"RJYFBGG","软件研发部公共空间","100046630","14824627","软件研发部公共空间 主页","17、软件研发部工作周报","1","19","软件研发部公共空间 主页 / 17、软件研发部工作周报","其他","2023-05-22 13:12:03","张继栋","否","http://dmtks.hisense.com/pages/viewpage.action?pageId=100046630"
"RJYFBGG","软件研发部公共空间","129794927","100046630","17、软件研发部工作周报","2021年-旧","2","1","软件研发部公共空间 主页 / 17、软件研发部工作周报 / 2021年-旧","其他","2021-06-28 10:59:05","张继栋","否","http://dmtks.hisense.com/pages/viewpage.action?pageId=129794927"
"RJYFBGG","软件研发部公共空间","126910669","100046630","17、软件研发部工作周报","内销软件周报","2","2","软件研发部公共空间 主页 / 17、软件研发部工作周报 / 内销软件周报","其他","2021-05-30 21:32:08","何灿","否","http://dmtks.hisense.com/pages/viewpage.action?pageId=126910669"
"RJYFBGG","软件研发部公共空间","126910621","100046630","17、软件研发部工作周报","内销软件周报编写规范","2","3","软件研发部公共空间 主页 / 17、软件研发部工作周报 / 内销软件周报编写规范","规范与流程","2021-06-29 11:15:28","姜伟伟","否","http://dmtks.hisense.com/pages/viewpage.action?pageId=126910621"
"RJYFBGG","软件研发部公共空间","128352432","100046630","17、软件研发部工作周报","外销软件周报","2","4","软件研发部公共空间 主页 / 17、软件研发部工作周报 / 外销软件周报","其他","2021-06-14 07:57:57","宋茂松/Mason Song","否","http://dmtks.hisense.com/pages/viewpage.action?pageId=128352432"
"RJYFBGG","软件研发部公共空间","140349661","100046630","17、软件研发部工作周报","外销软件重点项目风险周记录","2","5","软件研发部公共空间 主页 / 17、软件研发部工作周报 / 外销软件重点项目风险周记录","项目管理","2021-10-12 14:54:34","未知用户 (liuke8)","否","http://dmtks.hisense.com/pages/viewpage.action?pageId=140349661"
"RJYFBGG","软件研发部公共空间","139076451","100046630","17、软件研发部工作周报","外销软件月度工作","2","6","软件研发部公共空间 主页 / 17、软件研发部工作周报 / 外销软件月度工作","其他","2021-09-29 14:09:47","宋茂松/Mason Song","否","http://dmtks.hisense.com/pages/viewpage.action?pageId=139076451"
"RJYFBGG","软件研发部公共空间","122496089","100046630","17、软件研发部工作周报","部门资源梳理","2","7","软件研发部公共空间 主页 / 17、软件研发部工作周报 / 部门资源梳理","其他","2021-04-25 09:38:09","刘金刚","否","http://dmtks.hisense.com/pages/viewpage.action?pageId=122496089"
"RJYFBGG","软件研发部公共空间","157191610","100046630","17、软件研发部工作周报","安卓软件周报","2","8","软件研发部公共空间 主页 / 17、软件研发部工作周报 / 安卓软件周报","其他","2025-04-11 10:17:18","何灿","否","http://dmtks.hisense.com/pages/viewpage.action?pageId=157191610"
"RJYFBGG","软件研发部公共空间","104801046","14824627","软件研发部公共空间 主页","18、流程绩效","1","20","软件研发部公共空间 主页 / 18、流程绩效","规范与流程","2023-05-22 13:12:11","张继栋","否","http://dmtks.hisense.com/pages/viewpage.action?pageId=104801046"
"RJYFBGG","软件研发部公共空间","104801049","104801046","18、流程绩效","组织级绩效数据","2","1","软件研发部公共空间 主页 / 18、流程绩效 / 组织级绩效数据","规范与流程","2020-12-24 14:15:39","李燕芬","否","http://dmtks.hisense.com/pages/viewpage.action?pageId=104801049"
"RJYFBGG","软件研发部公共空间","104801069","104801046","18、流程绩效","项目级绩效","2","2","软件研发部公共空间 主页 / 18、流程绩效 / 项目级绩效","规范与流程","2020-12-24 14:16:07","李燕芬","否","http://dmtks.hisense.com/pages/viewpage.action?pageId=104801069"
"RJYFBGG","软件研发部公共空间","118238333","14824627","软件研发部公共空间 主页","19、DailyRelease","1","21","软件研发部公共空间 主页 / 19、DailyRelease","版本与计划","2023-05-22 13:12:24","张继栋","否","http://dmtks.hisense.com/pages/viewpage.action?pageId=118238333"
"RJYFBGG","软件研发部公共空间","119708521","118238333","19、DailyRelease","DailyRelease会议纪要","2","1","软件研发部公共空间 主页 / 19、DailyRelease / DailyRelease会议纪要","版本与计划","2021-03-25 09:46:34","李燕芬","否","http://dmtks.hisense.com/pages/viewpage.action?pageId=119708521"
"RJYFBGG","软件研发部公共空间","119708464","118238333","19、DailyRelease","手机XXX项目DailyRelease","2","2","软件研发部公共空间 主页 / 19、DailyRelease / 手机XXX项目DailyRelease","版本与计划","2021-03-25 09:37:40","李燕芬","否","http://dmtks.hisense.com/pages/viewpage.action?pageId=119708464"
"RJYFBGG","软件研发部公共空间","119708454","118238333","19、DailyRelease","电视内销项目DailyRelease","2","3","软件研发部公共空间 主页 / 19、DailyRelease / 电视内销项目DailyRelease","版本与计划","2021-03-30 15:02:52","未知用户 (mengxiangfei1)","否","http://dmtks.hisense.com/pages/viewpage.action?pageId=119708454"
"RJYFBGG","软件研发部公共空间","120521661","118238333","19、DailyRelease","软件外销-Android项目","2","4","软件研发部公共空间 主页 / 19、DailyRelease / 软件外销-Android项目","版本与计划","2021-03-29 11:49:51","魏强/Grand Wei","否","http://dmtks.hisense.com/pages/viewpage.action?pageId=120521661"
"RJYFBGG","软件研发部公共空间","120521666","118238333","19、DailyRelease","软件外销-VIDAA项目","2","5","软件研发部公共空间 主页 / 19、DailyRelease / 软件外销-VIDAA项目","版本与计划","2021-03-29 11:50:12","魏强/Grand Wei","否","http://dmtks.hisense.com/pages/viewpage.action?pageId=120521666"
"RJYFBGG","软件研发部公共空间","120531069","14824627","软件研发部公共空间 主页","20、专利信息","1","22","软件研发部公共空间 主页 / 20、专利信息","其他","2023-05-22 13:12:35","张继栋","否","http://dmtks.hisense.com/pages/viewpage.action?pageId=120531069"
"RJYFBGG","软件研发部公共空间","120531075","120531069","20、专利信息","2021年专利-电视","2","1","软件研发部公共空间 主页 / 20、专利信息 / 2021年专利-电视","其他","2021-04-02 17:56:28","王之奎","否","http://dmtks.hisense.com/pages/viewpage.action?pageId=120531075"
"RJYFBGG","软件研发部公共空间","151629680","120531069","20、专利信息","2022年专利-电视","2","2","软件研发部公共空间 主页 / 20、专利信息 / 2022年专利-电视","其他","2022-06-27 20:38:12","王之奎","否","http://dmtks.hisense.com/pages/viewpage.action?pageId=151629680"
"RJYFBGG","软件研发部公共空间","195240995","120531069","20、专利信息","2023年专利-电视","2","3","软件研发部公共空间 主页 / 20、专利信息 / 2023年专利-电视","其他","2023-07-05 22:21:47","王之奎","否","http://dmtks.hisense.com/pages/viewpage.action?pageId=195240995"
"RJYFBGG","软件研发部公共空间","227858480","120531069","20、专利信息","2024年专利-电视","2","4","软件研发部公共空间 主页 / 20、专利信息 / 2024年专利-电视","其他","2024-03-25 13:14:55","王之奎","否","http://dmtks.hisense.com/pages/viewpage.action?pageId=227858480"
"RJYFBGG","软件研发部公共空间","276381059","120531069","20、专利信息","2025年专利-电视","2","5","软件研发部公共空间 主页 / 20、专利信息 / 2025年专利-电视","其他","2025-01-26 00:58:16","王之奎","否","http://dmtks.hisense.com/pages/viewpage.action?pageId=276381059"
"RJYFBGG","软件研发部公共空间","121840469","14824627","软件研发部公共空间 主页","21、部门人员管理","1","23","软件研发部公共空间 主页 / 21、部门人员管理","项目管理","2023-05-22 13:12:52","张继栋","否","http://dmtks.hisense.com/pages/viewpage.action?pageId=121840469"
"RJYFBGG","软件研发部公共空间","123997226","121840469","21、部门人员管理","入职面试评价","2","1","软件研发部公共空间 主页 / 21、部门人员管理 / 入职面试评价","项目管理","2021-05-07 14:03:30","冯美美","否","http://dmtks.hisense.com/pages/viewpage.action?pageId=123997226"
"RJYFBGG","软件研发部公共空间","121840477","121840469","21、部门人员管理","外包人员管理","2","2","软件研发部公共空间 主页 / 21、部门人员管理 / 外包人员管理","项目管理","2021-04-16 14:53:27","王卫明","否","http://dmtks.hisense.com/pages/viewpage.action?pageId=121840477"
"RJYFBGG","软件研发部公共空间","161527860","121840469","21、部门人员管理","技术面试题库","2","3","软件研发部公共空间 主页 / 21、部门人员管理 / 技术面试题库","项目管理","2022-04-22 09:41:17","刘承龙","否","http://dmtks.hisense.com/pages/viewpage.action?pageId=161527860"
"RJYFBGG","软件研发部公共空间","137632223","121840469","21、部门人员管理","校招面试","2","4","软件研发部公共空间 主页 / 21、部门人员管理 / 校招面试","项目管理","2021-09-15 15:38:47","王卫明","否","http://dmtks.hisense.com/pages/viewpage.action?pageId=137632223"
"RJYFBGG","软件研发部公共空间","217318531","121840469","21、部门人员管理","软件研发部人事信息自纠自查完成情况反馈","2","5","软件研发部公共空间 主页 / 21、部门人员管理 / 软件研发部人事信息自纠自查完成情况反馈","项目管理","2023-07-10 18:05:07","胡玉","否","http://dmtks.hisense.com/pages/viewpage.action?pageId=217318531"
"RJYFBGG","软件研发部公共空间","122488265","14824627","软件研发部公共空间 主页","22、人才地图","1","24","软件研发部公共空间 主页 / 22、人才地图","其他","2021-04-19 19:43:46","李燕芬","否","http://dmtks.hisense.com/pages/viewpage.action?pageId=122488265"
"RJYFBGG","软件研发部公共空间","179417456","122488265","22、人才地图","01 - 岗位应知应会梳理","2","1","软件研发部公共空间 主页 / 22、人才地图 / 01 - 岗位应知应会梳理","其他","2022-09-15 18:16:28","王之奎","否","http://dmtks.hisense.com/pages/viewpage.action?pageId=179417456"
"RJYFBGG","软件研发部公共空间","122488870","122488265","22、人才地图","人工智能语音运营中心","2","2","软件研发部公共空间 主页 / 22、人才地图 / 人工智能语音运营中心","其他","2021-04-19 18:09:45","冯美美","否","http://dmtks.hisense.com/pages/viewpage.action?pageId=122488870"
"RJYFBGG","软件研发部公共空间","122488900","122488265","22、人才地图","公共技术软件所","2","3","软件研发部公共空间 主页 / 22、人才地图 / 公共技术软件所","其他","2021-05-27 14:09:22","未知用户 (chengzhi)","否","http://dmtks.hisense.com/pages/viewpage.action?pageId=122488900"
"RJYFBGG","软件研发部公共空间","122488882","122488265","22、人才地图","内销产品软件所","2","4","软件研发部公共空间 主页 / 22、人才地图 / 内销产品软件所","其他","2021-04-19 18:11:12","冯美美","否","http://dmtks.hisense.com/pages/viewpage.action?pageId=122488882"
"RJYFBGG","软件研发部公共空间","122488857","122488265","22、人才地图","内销平台软件所","2","5","软件研发部公共空间 主页 / 22、人才地图 / 内销平台软件所","其他","2021-04-19 18:08:48","冯美美","否","http://dmtks.hisense.com/pages/viewpage.action?pageId=122488857"
"RJYFBGG","软件研发部公共空间","122488845","122488265","22、人才地图","内销应用软件所","2","6","软件研发部公共空间 主页 / 22、人才地图 / 内销应用软件所","其他","2021-04-19 18:07:33","冯美美","否","http://dmtks.hisense.com/pages/viewpage.action?pageId=122488845"
"RJYFBGG","软件研发部公共空间","122488936","122488265","22、人才地图","手机产品软件所","2","7","软件研发部公共空间 主页 / 22、人才地图 / 手机产品软件所","其他","2021-04-19 18:16:13","冯美美","否","http://dmtks.hisense.com/pages/viewpage.action?pageId=122488936"
"RJYFBGG","软件研发部公共空间","122488822","122488265","22、人才地图","手机平台软件所","2","8","软件研发部公共空间 主页 / 22、人才地图 / 手机平台软件所","其他","2021-04-19 18:05:36","冯美美","否","http://dmtks.hisense.com/pages/viewpage.action?pageId=122488822"
"RJYFBGG","软件研发部公共空间","122488807","122488265","22、人才地图","手机应用软件所","2","9","软件研发部公共空间 主页 / 22、人才地图 / 手机应用软件所","其他","2021-04-19 18:04:09","冯美美","否","http://dmtks.hisense.com/pages/viewpage.action?pageId=122488807"
"RJYFBGG","软件研发部公共空间","122488974","122488265","22、人才地图","武研","2","10","软件研发部公共空间 主页 / 22、人才地图 / 武研","其他","2021-04-19 18:20:57","冯美美","否","http://dmtks.hisense.com/pages/viewpage.action?pageId=122488974"
"RJYFBGG","软件研发部公共空间","122488915","122488265","22、人才地图","海外电视整机软件所","2","11","软件研发部公共空间 主页 / 22、人才地图 / 海外电视整机软件所","其他","2021-04-19 18:14:28","冯美美","否","http://dmtks.hisense.com/pages/viewpage.action?pageId=122488915"
"RJYFBGG","软件研发部公共空间","122488790","122488265","22、人才地图","海外软件开发所","2","12","软件研发部公共空间 主页 / 22、人才地图 / 海外软件开发所","其他","2021-04-19 18:02:30","冯美美","否","http://dmtks.hisense.com/pages/viewpage.action?pageId=122488790"
"RJYFBGG","软件研发部公共空间","122488985","122488265","22、人才地图","深研","2","13","软件研发部公共空间 主页 / 22、人才地图 / 深研","其他","2021-04-19 18:22:08","冯美美","否","http://dmtks.hisense.com/pages/viewpage.action?pageId=122488985"
"RJYFBGG","软件研发部公共空间","207403832","14824627","软件研发部公共空间 主页","23、任职资格","1","25","软件研发部公共空间 主页 / 23、任职资格","其他","2023-05-22 13:13:42","张继栋","否","http://dmtks.hisense.com/pages/viewpage.action?pageId=207403832"
"RJYFBGG","软件研发部公共空间","213422729","207403832","23、任职资格","2023年任职资格建设","2","1","软件研发部公共空间 主页 / 23、任职资格 / 2023年任职资格建设","其他","2023-06-02 10:14:07","纪开虎","否","http://dmtks.hisense.com/pages/viewpage.action?pageId=213422729"
"RJYFBGG","软件研发部公共空间","216383342","207403832","23、任职资格","任职资格实操考试","2","2","软件研发部公共空间 主页 / 23、任职资格 / 任职资格实操考试","其他","2023-06-19 14:30:09","纪开虎","否","http://dmtks.hisense.com/pages/viewpage.action?pageId=216383342"
"RJYFBGG","软件研发部公共空间","214277862","207403832","23、任职资格","实操考试","2","3","软件研发部公共空间 主页 / 23、任职资格 / 实操考试","其他","2023-05-22 11:22:35","张继栋","否","http://dmtks.hisense.com/pages/viewpage.action?pageId=214277862"
"RJYFBGG","软件研发部公共空间","154219077","14824627","软件研发部公共空间 主页","24、招聘","1","26","软件研发部公共空间 主页 / 24、招聘","其他","2023-05-22 13:13:49","张继栋","否","http://dmtks.hisense.com/pages/viewpage.action?pageId=154219077"
"RJYFBGG","软件研发部公共空间","154219083","154219077","24、招聘","手机软件2022年招聘台账","2","1","软件研发部公共空间 主页 / 24、招聘 / 手机软件2022年招聘台账","其他","2022-03-25 18:57:46","未知用户 (zhouchunmeng)","否","http://dmtks.hisense.com/pages/viewpage.action?pageId=154219083"
"RJYFBGG","软件研发部公共空间","68293445","14824627","软件研发部公共空间 主页","25、信息统计","1","27","软件研发部公共空间 主页 / 25、信息统计","数据与质量","2023-05-22 13:13:58","张继栋","否","http://dmtks.hisense.com/pages/viewpage.action?pageId=68293445"
"RJYFBGG","软件研发部公共空间","68293450","68293445","25、信息统计","2020年内销电视云平台扩容计划","2","1","软件研发部公共空间 主页 / 25、信息统计 / 2020年内销电视云平台扩容计划","版本与计划","2019-10-15 16:36:03","李燕芬","否","http://dmtks.hisense.com/pages/viewpage.action?pageId=68293450"
"RJYFBGG","软件研发部公共空间","68293476","68293445","25、信息统计","2020年外销电视云平台扩容计划","2","2","软件研发部公共空间 主页 / 25、信息统计 / 2020年外销电视云平台扩容计划","版本与计划","2019-10-14 09:16:13","李燕芬","否","http://dmtks.hisense.com/pages/viewpage.action?pageId=68293476"
"RJYFBGG","软件研发部公共空间","141072476","68293445","25、信息统计","2022 年开发云扩容需求","2","3","软件研发部公共空间 主页 / 25、信息统计 / 2022 年开发云扩容需求","需求与功能","2022-10-17 17:00:12","马腾腾","否","http://dmtks.hisense.com/pages/viewpage.action?pageId=141072476"
"RJYFBGG","软件研发部公共空间","157194335","68293445","25、信息统计","2022年3月份子女无人看护且符合居家办公要求的人员信息统计","2","4","软件研发部公共空间 主页 / 25、信息统计 / 2022年3月份子女无人看护且符合居家办公要求的人员信息统计","数据与质量","2022-03-15 18:19:19","未知用户 (lizhiguo1)","否","http://dmtks.hisense.com/pages/viewpage.action?pageId=157194335"
"RJYFBGG","软件研发部公共空间","157190178","68293445","25、信息统计","2022年3月份疫情员工隔离信息统计","2","5","软件研发部公共空间 主页 / 25、信息统计 / 2022年3月份疫情员工隔离信息统计","数据与质量","2022-03-31 10:04:31","曹圆圆","否","http://dmtks.hisense.com/pages/viewpage.action?pageId=157190178"
"RJYFBGG","软件研发部公共空间","157196498","68293445","25、信息统计","2022年3月居家办公信息统计","2","6","软件研发部公共空间 主页 / 25、信息统计 / 2022年3月居家办公信息统计","数据与质量","2022-03-31 10:01:03","曹圆圆","否","http://dmtks.hisense.com/pages/viewpage.action?pageId=157196498"
"RJYFBGG","软件研发部公共空间","196543420","68293445","25、信息统计","2023 年开发云扩容需求","2","7","软件研发部公共空间 主页 / 25、信息统计 / 2023 年开发云扩容需求","需求与功能","2023-06-29 15:02:16","未知用户 (yujiashan)","否","http://dmtks.hisense.com/pages/viewpage.action?pageId=196543420"
"RJYFBGG","软件研发部公共空间","236717476","68293445","25、信息统计","2024 年开发云扩容需求--截止到2024年5月10号","2","8","软件研发部公共空间 主页 / 25、信息统计 / 2024 年开发云扩容需求--截止到2024年5月10号","需求与功能","2024-10-14 10:41:16","于洪","否","http://dmtks.hisense.com/pages/viewpage.action?pageId=236717476"
"RJYFBGG","软件研发部公共空间","263688846","68293445","25、信息统计","2024opengrok代码清理","2","9","软件研发部公共空间 主页 / 25、信息统计 / 2024opengrok代码清理","数据与质量","2024-08-29 11:16:11","李燕芬","否","http://dmtks.hisense.com/pages/viewpage.action?pageId=263688846"
"RJYFBGG","软件研发部公共空间","223288012","68293445","25、信息统计","23年三季度考勤未正常打卡信息申诉","2","10","软件研发部公共空间 主页 / 25、信息统计 / 23年三季度考勤未正常打卡信息申诉","数据与质量","2023-10-23 20:49:23","王庆太","否","http://dmtks.hisense.com/pages/viewpage.action?pageId=223288012"
"RJYFBGG","软件研发部公共空间","217784301","68293445","25、信息统计","23年二季度考勤未正常打卡信息申诉","2","11","软件研发部公共空间 主页 / 25、信息统计 / 23年二季度考勤未正常打卡信息申诉","数据与质量","2023-07-21 10:47:05","贾桂丽","否","http://dmtks.hisense.com/pages/viewpage.action?pageId=217784301"
"RJYFBGG","软件研发部公共空间","229090685","68293445","25、信息统计","23年四季度考勤未正常打卡信息申诉","2","12","软件研发部公共空间 主页 / 25、信息统计 / 23年四季度考勤未正常打卡信息申诉","数据与质量","2024-01-29 10:59:56","邓子敬","否","http://dmtks.hisense.com/pages/viewpage.action?pageId=229090685"
"RJYFBGG","软件研发部公共空间","195241394","68293445","25、信息统计","9618 [Need help] 春节需要海信同步加班清单","2","13","软件研发部公共空间 主页 / 25、信息统计 / 9618 [Need help] 春节需要海信同步加班清单","数据与质量","2023-03-10 12:24:51","贾桂丽","否","http://dmtks.hisense.com/pages/viewpage.action?pageId=195241394"
"RJYFBGG","软件研发部公共空间","83303601","68293445","25、信息统计","MSD668项目模块人员统计","2","14","软件研发部公共空间 主页 / 25、信息统计 / MSD668项目模块人员统计","项目管理","2020-05-21 16:18:35","辛化东","否","http://dmtks.hisense.com/pages/viewpage.action?pageId=83303601"
"RJYFBGG","软件研发部公共空间","83303007","68293445","25、信息统计","MT9602-SA项目模块人员统计","2","15","软件研发部公共空间 主页 / 25、信息统计 / MT9602-SA项目模块人员统计","项目管理","2020-05-12 15:11:21","未知用户 (shaozhuhe)","否","http://dmtks.hisense.com/pages/viewpage.action?pageId=83303007"
"RJYFBGG","软件研发部公共空间","221869652","68293445","25、信息统计","互联网应用程序备案工作","2","16","软件研发部公共空间 主页 / 25、信息统计 / 互联网应用程序备案工作","数据与质量","2023-09-25 11:40:16","刘承龙","否","http://dmtks.hisense.com/pages/viewpage.action?pageId=221869652"
"RJYFBGG","软件研发部公共空间","68852631","68293445","25、信息统计","代码统计20191018","2","17","软件研发部公共空间 主页 / 25、信息统计 / 代码统计20191018","数据与质量","2019-10-21 18:45:33","张敬坤","否","http://dmtks.hisense.com/pages/viewpage.action?pageId=68852631"
"RJYFBGG","软件研发部公共空间","143430667","68293445","25、信息统计","先进制造","2","18","软件研发部公共空间 主页 / 25、信息统计 / 先进制造","数据与质量","2021-11-19 10:06:33","未晓玲","否","http://dmtks.hisense.com/pages/viewpage.action?pageId=143430667"
"RJYFBGG","软件研发部公共空间","71407934","68293445","25、信息统计","分支信息控制","2","19","软件研发部公共空间 主页 / 25、信息统计 / 分支信息控制","数据与质量","2019-11-14 15:29:43","李燕芬","否","http://dmtks.hisense.com/pages/viewpage.action?pageId=71407934"
"RJYFBGG","软件研发部公共空间","137635424","68293445","25、信息统计","可下载的云桌面统计","2","20","软件研发部公共空间 主页 / 25、信息统计 / 可下载的云桌面统计","数据与质量","2021-09-17 10:35:22","李燕芬","否","http://dmtks.hisense.com/pages/viewpage.action?pageId=137635424"
"RJYFBGG","软件研发部公共空间","268417241","68293445","25、信息统计","固定资产","2","21","软件研发部公共空间 主页 / 25、信息统计 / 固定资产","数据与质量","2024-09-24 17:56:31","张晓军","否","http://dmtks.hisense.com/pages/viewpage.action?pageId=268417241"
"RJYFBGG","软件研发部公共空间","299017651","68293445","25、信息统计","安卓应用Jetpack Compose学习名单","2","22","软件研发部公共空间 主页 / 25、信息统计 / 安卓应用Jetpack Compose学习名单","培训与知识","2025-07-16 20:12:21","刘承龙","否","http://dmtks.hisense.com/pages/viewpage.action?pageId=299017651"
"RJYFBGG","软件研发部公共空间","188662041","68293445","25、信息统计","居家办公信息统计","2","23","软件研发部公共空间 主页 / 25、信息统计 / 居家办公信息统计","数据与质量","2022-12-12 19:16:15","未知用户 (yuxiaoxia2)","否","http://dmtks.hisense.com/pages/viewpage.action?pageId=188662041"
"RJYFBGG","软件研发部公共空间","273086625","68293445","25、信息统计","文件拷贝拦截需求统计","2","24","软件研发部公共空间 主页 / 25、信息统计 / 文件拷贝拦截需求统计","需求与功能","2024-10-29 14:37:29","白晓东","否","http://dmtks.hisense.com/pages/viewpage.action?pageId=273086625"
"RJYFBGG","软件研发部公共空间","99322880","68293445","25、信息统计","未使用Android Studio开发Android App的详情","2","25","软件研发部公共空间 主页 / 25、信息统计 / 未使用Android Studio开发Android App的详情","数据与质量","2020-09-02 17:21:28","苑衍梅","否","http://dmtks.hisense.com/pages/viewpage.action?pageId=99322880"
"RJYFBGG","软件研发部公共空间","79793546","68293445","25、信息统计","疫情防控期间VPN申请","2","26","软件研发部公共空间 主页 / 25、信息统计 / 疫情防控期间VPN申请","数据与质量","2020-02-15 10:25:42","李燕芬","否","http://dmtks.hisense.com/pages/viewpage.action?pageId=79793546"
"RJYFBGG","软件研发部公共空间","294915273","68293445","25、信息统计","部门邮箱信息统计2025.3.13","2","27","软件研发部公共空间 主页 / 25、信息统计 / 部门邮箱信息统计2025.3.13","数据与质量","2025-03-14 13:42:45","孙永瑞","否","http://dmtks.hisense.com/pages/viewpage.action?pageId=294915273"
"RJYFBGG","软件研发部公共空间","250624119","68293445","25、信息统计","长焦幕布数据储备信息统计","2","28","软件研发部公共空间 主页 / 25、信息统计 / 长焦幕布数据储备信息统计","数据与质量","2024-07-04 09:43:40","窦学鹏","否","http://dmtks.hisense.com/pages/viewpage.action?pageId=250624119"
"RJYFBGG","软件研发部公共空间","215349544","68293445","25、信息统计","青岛市“护网2023”网络攻防演习--密码要求（研发）","2","29","软件研发部公共空间 主页 / 25、信息统计 / 青岛市“护网2023”网络攻防演习--密码要求（研发）","数据与质量","2023-06-02 14:24:10","赵静","否","http://dmtks.hisense.com/pages/viewpage.action?pageId=215349544"
"RJYFBGG","软件研发部公共空间","130451027","14824627","软件研发部公共空间 主页","26、持续集成CI","1","28","软件研发部公共空间 主页 / 26、持续集成CI","设计与架构","2023-05-22 13:14:17","张继栋","是","http://dmtks.hisense.com/pages/viewpage.action?pageId=130451027"
"RJYFBGG","软件研发部公共空间","131143241","130451027","26、持续集成CI","0、单元测试报告模板","2","1","软件研发部公共空间 主页 / 26、持续集成CI / 0、单元测试报告模板","设计与架构","2021-08-04 11:10:43","李燕芬","否","http://dmtks.hisense.com/pages/viewpage.action?pageId=131143241"
"RJYFBGG","软件研发部公共空间","218139661","130451027","26、持续集成CI","10、CI流程执行过程问题记录","2","2","软件研发部公共空间 主页 / 26、持续集成CI / 10、CI流程执行过程问题记录","设计与架构","2023-07-21 21:13:13","鲁好锦","否","http://dmtks.hisense.com/pages/viewpage.action?pageId=218139661"
"RJYFBGG","软件研发部公共空间","182650323","130451027","26、持续集成CI","10月份","2","3","软件研发部公共空间 主页 / 26、持续集成CI / 10月份","设计与架构","2022-10-09 15:13:47","李燕芬","否","http://dmtks.hisense.com/pages/viewpage.action?pageId=182650323"
"RJYFBGG","软件研发部公共空间","131143258","130451027","26、持续集成CI","1、2021单元测试报告","2","4","软件研发部公共空间 主页 / 26、持续集成CI / 1、2021单元测试报告","设计与架构","2022-01-04 16:20:51","未知用户 (zhangweili1)","否","http://dmtks.hisense.com/pages/viewpage.action?pageId=131143258"
"RJYFBGG","软件研发部公共空间","148570976","130451027","26、持续集成CI","1、2022单元测试报告","2","5","软件研发部公共空间 主页 / 26、持续集成CI / 1、2022单元测试报告","设计与架构","2022-10-21 11:37:17","冯美美","否","http://dmtks.hisense.com/pages/viewpage.action?pageId=148570976"
"RJYFBGG","软件研发部公共空间","205687927","130451027","26、持续集成CI","1、2023年单元测试要求","2","6","软件研发部公共空间 主页 / 26、持续集成CI / 1、2023年单元测试要求","设计与架构","2023-03-27 15:23:56","李燕芬","否","http://dmtks.hisense.com/pages/viewpage.action?pageId=205687927"
"RJYFBGG","软件研发部公共空间","149991028","130451027","26、持续集成CI","2022单元测试指标分解原始数据","2","7","软件研发部公共空间 主页 / 26、持续集成CI / 2022单元测试指标分解原始数据","设计与架构","2022-01-07 09:18:11","冯美美","否","http://dmtks.hisense.com/pages/viewpage.action?pageId=149991028"
"RJYFBGG","软件研发部公共空间","185271999","130451027","26、持续集成CI","23年CI规划","2","8","软件研发部公共空间 主页 / 26、持续集成CI / 23年CI规划","设计与架构","2023-02-22 15:42:18","李燕芬","否","http://dmtks.hisense.com/pages/viewpage.action?pageId=185271999"
"RJYFBGG","软件研发部公共空间","193513183","130451027","26、持续集成CI","23年单元测试特殊情况记录","2","9","软件研发部公共空间 主页 / 26、持续集成CI / 23年单元测试特殊情况记录","设计与架构","2023-01-07 15:47:15","李燕芬","否","http://dmtks.hisense.com/pages/viewpage.action?pageId=193513183"
"RJYFBGG","软件研发部公共空间","224261983","130451027","26、持续集成CI","23年软件大事任务支撑 及 计划与完成情况","2","10","软件研发部公共空间 主页 / 26、持续集成CI / 23年软件大事任务支撑 及 计划与完成情况","设计与架构","2023-11-17 14:38:33","鲁好锦","否","http://dmtks.hisense.com/pages/viewpage.action?pageId=224261983"
"RJYFBGG","软件研发部公共空间","228768113","130451027","26、持续集成CI","24年CI规划","2","11","软件研发部公共空间 主页 / 26、持续集成CI / 24年CI规划","设计与架构","2024-01-22 14:40:23","李燕芬","否","http://dmtks.hisense.com/pages/viewpage.action?pageId=228768113"
"RJYFBGG","软件研发部公共空间","131147652","130451027","26、持续集成CI","2、测试统计工具使用说明","2","12","软件研发部公共空间 主页 / 26、持续集成CI / 2、测试统计工具使用说明","设计与架构","2023-01-08 17:58:40","刘承龙","否","http://dmtks.hisense.com/pages/viewpage.action?pageId=131147652"
"RJYFBGG","软件研发部公共空间","165752997","130451027","26、持续集成CI","34 自动化持续集成能力提升项目","2","13","软件研发部公共空间 主页 / 26、持续集成CI / 34 自动化持续集成能力提升项目","设计与架构","2022-05-26 12:06:33","未知用户 (liutianchang)","否","http://dmtks.hisense.com/pages/viewpage.action?pageId=165752997"
"RJYFBGG","软件研发部公共空间","133306607","130451027","26、持续集成CI","3、单元测试流程","2","14","软件研发部公共空间 主页 / 26、持续集成CI / 3、单元测试流程","设计与架构","2022-05-13 10:04:36","李燕芬","否","http://dmtks.hisense.com/pages/viewpage.action?pageId=133306607"
"RJYFBGG","软件研发部公共空间","153430043","130451027","26、持续集成CI","4、单元测试接口人具体活动","2","15","软件研发部公共空间 主页 / 26、持续集成CI / 4、单元测试接口人具体活动","设计与架构","2023-02-09 16:13:20","刘承龙","否","http://dmtks.hisense.com/pages/viewpage.action?pageId=153430043"
"RJYFBGG","软件研发部公共空间","171419727","130451027","26、持续集成CI","4、应用CI 相关资料","2","16","软件研发部公共空间 主页 / 26、持续集成CI / 4、应用CI 相关资料","设计与架构","2024-02-29 19:55:29","邵肖明","否","http://dmtks.hisense.com/pages/viewpage.action?pageId=171419727"
"RJYFBGG","软件研发部公共空间","173912738","130451027","26、持续集成CI","6、静态代码检查","2","17","软件研发部公共空间 主页 / 26、持续集成CI / 6、静态代码检查","设计与架构","2022-08-04 11:49:28","李燕芬","否","http://dmtks.hisense.com/pages/viewpage.action?pageId=173912738"
"RJYFBGG","软件研发部公共空间","174725660","130451027","26、持续集成CI","7、CI培训","2","18","软件研发部公共空间 主页 / 26、持续集成CI / 7、CI培训","设计与架构","2022-11-22 10:06:35","李燕芬","否","http://dmtks.hisense.com/pages/viewpage.action?pageId=174725660"
"RJYFBGG","软件研发部公共空间","199137919","130451027","26、持续集成CI","8、月度SIT问题复盘","2","19","软件研发部公共空间 主页 / 26、持续集成CI / 8、月度SIT问题复盘","设计与架构","2023-02-17 13:48:12","鲁好锦","否","http://dmtks.hisense.com/pages/viewpage.action?pageId=199137919"
"RJYFBGG","软件研发部公共空间","178597920","130451027","26、持续集成CI","9618项目自动化测试用例 开发任务分解","2","20","软件研发部公共空间 主页 / 26、持续集成CI / 9618项目自动化测试用例 开发任务分解","设计与架构","2022-09-07 17:07:29","鲁好锦","否","http://dmtks.hisense.com/pages/viewpage.action?pageId=178597920"
"RJYFBGG","软件研发部公共空间","213427626","130451027","26、持续集成CI","9、发布的周报/月报","2","21","软件研发部公共空间 主页 / 26、持续集成CI / 9、发布的周报/月报","设计与架构","2023-05-10 14:16:50","李燕芬","否","http://dmtks.hisense.com/pages/viewpage.action?pageId=213427626"
"RJYFBGG","软件研发部公共空间","201954644","130451027","26、持续集成CI","CI2.0人工时详细列表","2","22","软件研发部公共空间 主页 / 26、持续集成CI / CI2.0人工时详细列表","设计与架构","2023-03-09 18:14:13","李燕芬","否","http://dmtks.hisense.com/pages/viewpage.action?pageId=201954644"
"RJYFBGG","软件研发部公共空间","175510662","130451027","26、持续集成CI","CI与聚好看自动化测试","2","23","软件研发部公共空间 主页 / 26、持续集成CI / CI与聚好看自动化测试","设计与架构","2022-08-15 19:32:21","李燕芬","否","http://dmtks.hisense.com/pages/viewpage.action?pageId=175510662"
"RJYFBGG","软件研发部公共空间","177875484","130451027","26、持续集成CI","CI无效问题--Jira问题","2","24","软件研发部公共空间 主页 / 26、持续集成CI / CI无效问题--Jira问题","设计与架构","2022-12-05 15:57:47","李燕芬","否","http://dmtks.hisense.com/pages/viewpage.action?pageId=177875484"
"RJYFBGG","软件研发部公共空间","211790410","130451027","26、持续集成CI","CI月报23年4月度-解决周期长问题","2","25","软件研发部公共空间 主页 / 26、持续集成CI / CI月报23年4月度-解决周期长问题","设计与架构","2023-05-06 18:17:47","李燕芬","否","http://dmtks.hisense.com/pages/viewpage.action?pageId=211790410"
"RJYFBGG","软件研发部公共空间","172266548","130451027","26、持续集成CI","CI流水线 config.sh配置异常情况汇总","2","26","软件研发部公共空间 主页 / 26、持续集成CI / CI流水线 config.sh配置异常情况汇总","设计与架构","2022-08-18 18:30:59","未知用户 (huangwei17)","否","http://dmtks.hisense.com/pages/viewpage.action?pageId=172266548"
"RJYFBGG","软件研发部公共空间","216916434","130451027","26、持续集成CI","CI流水线接入","2","27","软件研发部公共空间 主页 / 26、持续集成CI / CI流水线接入","设计与架构","2025-10-15 14:03:26","马立凯","否","http://dmtks.hisense.com/pages/viewpage.action?pageId=216916434"
"RJYFBGG","软件研发部公共空间","178600667","130451027","26、持续集成CI","DTV-HUI","2","28","软件研发部公共空间 主页 / 26、持续集成CI / DTV-HUI","设计与架构","2022-09-10 09:21:35","窦学鹏","否","http://dmtks.hisense.com/display/RJYFBGG/DTV-HUI"
"RJYFBGG","软件研发部公共空间","224251114","130451027","26、持续集成CI","Service-HUI","2","29","软件研发部公共空间 主页 / 26、持续集成CI / Service-HUI","设计与架构","2023-11-15 13:59:40","戴青娥","否","http://dmtks.hisense.com/display/RJYFBGG/Service-HUI"
"RJYFBGG","软件研发部公共空间","214292884","130451027","26、持续集成CI","主干开发2023","2","30","软件研发部公共空间 主页 / 26、持续集成CI / 主干开发2023","设计与架构","2023-05-22 10:02:39","李燕芬","否","http://dmtks.hisense.com/pages/viewpage.action?pageId=214292884"
"RJYFBGG","软件研发部公共空间","177867295","130451027","26、持续集成CI","产品CI","2","31","软件研发部公共空间 主页 / 26、持续集成CI / 产品CI","设计与架构","2022-09-09 18:05:08","李燕芬","否","http://dmtks.hisense.com/pages/viewpage.action?pageId=177867295"
"RJYFBGG","软件研发部公共空间","131138041","130451027","26、持续集成CI","单元测试任务分解","2","32","软件研发部公共空间 主页 / 26、持续集成CI / 单元测试任务分解","设计与架构","2021-07-12 09:47:28","李燕芬","否","http://dmtks.hisense.com/pages/viewpage.action?pageId=131138041"
"RJYFBGG","软件研发部公共空间","131137996","130451027","26、持续集成CI","单元测试会议纪要","2","33","软件研发部公共空间 主页 / 26、持续集成CI / 单元测试会议纪要","设计与架构","2021-07-12 09:39:15","李燕芬","否","http://dmtks.hisense.com/pages/viewpage.action?pageId=131137996"
"RJYFBGG","软件研发部公共空间","131137839","130451027","26、持续集成CI","单元测试模块","2","34","软件研发部公共空间 主页 / 26、持续集成CI / 单元测试模块","设计与架构","2021-07-12 14:48:22","李燕芬","否","http://dmtks.hisense.com/pages/viewpage.action?pageId=131137839"
"RJYFBGG","软件研发部公共空间","176306313","130451027","26、持续集成CI","发布","2","35","软件研发部公共空间 主页 / 26、持续集成CI / 发布","设计与架构","2022-08-25 19:03:05","陈晓敏","否","http://dmtks.hisense.com/pages/viewpage.action?pageId=176306313"
"RJYFBGG","软件研发部公共空间","151623587","130451027","26、持续集成CI","各模块代码行数及用例数统计(截止下午3点)","2","36","软件研发部公共空间 主页 / 26、持续集成CI / 各模块代码行数及用例数统计(截止下午3点)","设计与架构","2022-01-17 17:43:28","胡高文/Kevin Hu","否","http://dmtks.hisense.com/pages/viewpage.action?pageId=151623587"
"RJYFBGG","软件研发部公共空间","231027098","130451027","26、持续集成CI","平台/驱动  自动化测试用例 摸底","2","37","软件研发部公共空间 主页 / 26、持续集成CI / 平台/驱动  自动化测试用例 摸底","设计与架构","2024-03-12 15:37:20","李川","否","http://dmtks.hisense.com/pages/viewpage.action?pageId=231027098"
"RJYFBGG","软件研发部公共空间","174728472","130451027","26、持续集成CI","平台/驱动&应用Release标准","2","38","软件研发部公共空间 主页 / 26、持续集成CI / 平台/驱动&应用Release标准","设计与架构","2022-09-20 14:54:48","冯美美","否","http://dmtks.hisense.com/pages/viewpage.action?pageId=174728472"
"RJYFBGG","软件研发部公共空间","184461633","130451027","26、持续集成CI","应用CI 系统修改需求","2","39","软件研发部公共空间 主页 / 26、持续集成CI / 应用CI 系统修改需求","需求与功能","2023-12-20 15:56:00","冯美美","否","http://dmtks.hisense.com/pages/viewpage.action?pageId=184461633"
"RJYFBGG","软件研发部公共空间","171416155","130451027","26、持续集成CI","废弃页面","2","40","软件研发部公共空间 主页 / 26、持续集成CI / 废弃页面","设计与架构","2022-07-25 11:42:30","刘承龙","否","http://dmtks.hisense.com/pages/viewpage.action?pageId=171416155"
"RJYFBGG","软件研发部公共空间","138418635","14824627","软件研发部公共空间 主页","27、科室看板信息","1","29","软件研发部公共空间 主页 / 27、科室看板信息","其他","2023-05-22 13:14:26","张继栋","否","http://dmtks.hisense.com/pages/viewpage.action?pageId=138418635"
"RJYFBGG","软件研发部公共空间","214287415","14824627","软件研发部公共空间 主页","手机产品线资料","1","30","软件研发部公共空间 主页 / 手机产品线资料","其他","2023-05-19 13:47:59","冯美美","否","http://dmtks.hisense.com/pages/viewpage.action?pageId=214287415"
"RJYFBGG","软件研发部公共空间","163258305","214287415","手机产品线资料","软件计划管理","2","1","软件研发部公共空间 主页 / 手机产品线资料 / 软件计划管理","版本与计划","2022-05-13 15:16:20","未知用户 (zhangxuejie1)","否","http://dmtks.hisense.com/pages/viewpage.action?pageId=163258305"
"RJYFBGG","软件研发部公共空间","117511210","214287415","手机产品线资料","内销手机项目梳理","2","2","软件研发部公共空间 主页 / 手机产品线资料 / 内销手机项目梳理","项目管理","2021-09-10 17:51:56","未知用户 (zhaowenbo)","否","http://dmtks.hisense.com/pages/viewpage.action?pageId=117511210"
"RJYFBGG","软件研发部公共空间","41353547","214287415","手机产品线资料","5、手机产品线QCC提案提交","2","3","软件研发部公共空间 主页 / 手机产品线资料 / 5、手机产品线QCC提案提交","其他","2018-12-24 11:54:28","未知用户 (weiliying)","否","http://dmtks.hisense.com/pages/viewpage.action?pageId=41353547"
"RJYFBGG","软件研发部公共空间","164833756","214287415","手机产品线资料","手机项目CR申请台账","2","4","软件研发部公共空间 主页 / 手机产品线资料 / 手机项目CR申请台账","项目管理","2022-07-28 11:47:49","未知用户 (hucong)","否","http://dmtks.hisense.com/pages/viewpage.action?pageId=164833756"
"RJYFBGG","软件研发部公共空间","88377615","214287415","手机产品线资料","11、手机跟线安排","2","5","软件研发部公共空间 主页 / 手机产品线资料 / 11、手机跟线安排","其他","2021-12-27 10:07:46","未知用户 (heqi)","否","http://dmtks.hisense.com/pages/viewpage.action?pageId=88377615"
"RJYFBGG","软件研发部公共空间","157188378","214287415","手机产品线资料","33 通信软件各所疫情期间就餐统计","2","6","软件研发部公共空间 主页 / 手机产品线资料 / 33 通信软件各所疫情期间就餐统计","数据与质量","2022-03-14 08:14:42","未知用户 (wangfei8)","否","http://dmtks.hisense.com/pages/viewpage.action?pageId=157188378"
"RJYFBGG","软件研发部公共空间","92277642","214287415","手机产品线资料","12、创新成果","2","7","软件研发部公共空间 主页 / 手机产品线资料 / 12、创新成果","其他","2020-06-23 13:30:21","未知用户 (zhuzhongwei)","否","http://dmtks.hisense.com/pages/viewpage.action?pageId=92277642"
"RJYFBGG","软件研发部公共空间","52104847","14824627","软件研发部公共空间 主页","文件列表","1","31","软件研发部公共空间 主页 / 文件列表","其他","2019-04-17 09:37:37","冯美美","否","http://dmtks.hisense.com/pages/viewpage.action?pageId=52104847"
"RJYFBGG","软件研发部公共空间","226978015","14824627","软件研发部公共空间 主页","28、应用业务方向","1","32","软件研发部公共空间 主页 / 28、应用业务方向","其他","2024-01-19 11:13:14","孙磊","否","http://dmtks.hisense.com/pages/viewpage.action?pageId=226978015"
"RJYFBGG","软件研发部公共空间","231045999","14824627","软件研发部公共空间 主页","29. 新旧PLM系统切换策略及问题","1","33","软件研发部公共空间 主页 / 29. 新旧PLM系统切换策略及问题","问题与复盘","2024-03-12 12:32:56","李文龙","否","http://dmtks.hisense.com/pages/viewpage.action?pageId=231045999"
"RJYFBGG","软件研发部公共空间","236738838","14824627","软件研发部公共空间 主页","30、部门跟线","1","34","软件研发部公共空间 主页 / 30、部门跟线","其他","2024-05-07 10:50:45","祖荫鹏","否","http://dmtks.hisense.com/pages/viewpage.action?pageId=236738838"
"RJYFBGG","软件研发部公共空间","236738842","236738838","30、部门跟线","2024年各所跟线排班","2","1","软件研发部公共空间 主页 / 30、部门跟线 / 2024年各所跟线排班","其他","2025-01-07 10:02:29","崔文华","否","http://dmtks.hisense.com/pages/viewpage.action?pageId=236738842"
"RJYFBGG","软件研发部公共空间","285364910","236738838","30、部门跟线","2025年各所跟线排班","2","2","软件研发部公共空间 主页 / 30、部门跟线 / 2025年各所跟线排班","其他","2025-09-18 09:42:28","卢平光","否","http://dmtks.hisense.com/pages/viewpage.action?pageId=285364910"
"RJYFBGG","软件研发部公共空间","317706336","236738838","30、部门跟线","2025年各所跟线排班（新）","2","3","软件研发部公共空间 主页 / 30、部门跟线 / 2025年各所跟线排班（新）","其他","2025-11-26 15:55:19","崔文华","否","http://dmtks.hisense.com/pages/viewpage.action?pageId=317706336"
"RJYFBGG","软件研发部公共空间","349826415","236738838","30、部门跟线","2026年各所跟线排班（新）","2","4","软件研发部公共空间 主页 / 30、部门跟线 / 2026年各所跟线排班（新）","其他","2026-05-06 17:54:18","刘文晓","否","http://dmtks.hisense.com/pages/viewpage.action?pageId=349826415"
"RJYFBGG","软件研发部公共空间","276397095","14824627","软件研发部公共空间 主页","99. 部门质量改善策划","1","35","软件研发部公共空间 主页 / 99. 部门质量改善策划","数据与质量","2024-11-16 14:27:59","李文龙","否","http://dmtks.hisense.com/pages/viewpage.action?pageId=276397095"
"RJYFBGG","软件研发部公共空间","276397110","276397095","99. 部门质量改善策划","2025年-质量改善策划","2","1","软件研发部公共空间 主页 / 99. 部门质量改善策划 / 2025年-质量改善策划","数据与质量","2024-12-09 16:57:15","李文龙","否","http://dmtks.hisense.com/pages/viewpage.action?pageId=276397110"
"RJYFBGG","软件研发部公共空间","276384123","14824627","软件研发部公共空间 主页","汽电配置管理-20241114","1","36","软件研发部公共空间 主页 / 汽电配置管理-20241114","项目管理","2024-11-20 19:28:08","李燕芬","否","http://dmtks.hisense.com/pages/viewpage.action?pageId=276384123"
"TYXX","通用信息","12977947","","","通用信息 主页","0","1","通用信息 主页","其他","2017-01-11 11:44:29","冯美美","否","http://dmtks.hisense.com/pages/viewpage.action?pageId=12977947"
"TYXX","通用信息","13697302","12977947","通用信息 主页","文件列表","1","1","通用信息 主页 / 文件列表","其他","2017-01-20 11:01:40","董娟/Debbie Dong","否","http://dmtks.hisense.com/pages/viewpage.action?pageId=13697302"
"TYXX","通用信息","29229609","13697302","文件列表","填写错误","2","1","通用信息 主页 / 文件列表 / 填写错误","其他","2018-08-13 15:38:54","未知用户 (huping3)","否","http://dmtks.hisense.com/pages/viewpage.action?pageId=29229609"
"TYXX","通用信息","60686762","13697302","文件列表","填写错误0715","2","2","通用信息 主页 / 文件列表 / 填写错误0715","其他","2019-07-15 13:48:53","未知用户 (xufangfang)","否","http://dmtks.hisense.com/pages/viewpage.action?pageId=60686762"
"TYXX","通用信息","277803403","13697302","文件列表","机型创建-文档库","2","3","通用信息 主页 / 文件列表 / 机型创建-文档库","规范与流程","2024-11-26 19:25:30","曹圆圆","否","http://dmtks.hisense.com/pages/viewpage.action?pageId=277803403"
"TYXX","通用信息","60686817","13697302","文件列表","海信商品物流追踪器嵌入式软件V1.0","2","4","通用信息 主页 / 文件列表 / 海信商品物流追踪器嵌入式软件V1.0","其他","2019-07-15 14:22:40","未知用户 (xufangfang)","否","http://dmtks.hisense.com/pages/viewpage.action?pageId=60686817"
"TYXX","通用信息","58164603","13697302","文件列表","研发中心各部门通报维护台账2020年","2","5","通用信息 主页 / 文件列表 / 研发中心各部门通报维护台账2020年","其他","2020-11-30 15:46:57","刘婷","否","http://dmtks.hisense.com/pages/viewpage.action?pageId=58164603"
"TYXX","通用信息","12977996","12977947","通用信息 主页","通用工具","1","2","通用信息 主页 / 通用工具","其他","2017-01-10 16:06:03","冯美美","否","http://dmtks.hisense.com/pages/viewpage.action?pageId=12977996"
"TYXX","通用信息","126229581","12977996","通用工具","10、配置管理自研系统","2","1","通用信息 主页 / 通用工具 / 10、配置管理自研系统","项目管理","2021-05-27 16:29:18","冯美美","否","http://dmtks.hisense.com/pages/viewpage.action?pageId=126229581"
"TYXX","通用信息","207406579","12977996","通用工具","11、新PLM问题管理模块操作指南","2","2","通用信息 主页 / 通用工具 / 11、新PLM问题管理模块操作指南","问题与复盘","2023-05-19 09:49:08","胡修振","否","http://dmtks.hisense.com/pages/viewpage.action?pageId=207406579"
"TYXX","通用信息","209105073","12977996","通用工具","12、静态代码扫描工具","2","3","通用信息 主页 / 通用工具 / 12、静态代码扫描工具","其他","2023-04-20 13:50:49","冯美美","否","http://dmtks.hisense.com/pages/viewpage.action?pageId=209105073"
"TYXX","通用信息","299033600","12977996","通用工具","13、Jira翻译插件","2","4","通用信息 主页 / 通用工具 / 13、Jira翻译插件","其他","2025-07-24 10:58:34","李蕾","否","http://dmtks.hisense.com/pages/viewpage.action?pageId=299033600"
"TYXX","通用信息","335549956","12977996","通用工具","14.竞品分析","2","5","通用信息 主页 / 通用工具 / 14.竞品分析","问题与复盘","2025-11-06 10:10:04","陈晓敏","否","http://dmtks.hisense.com/pages/viewpage.action?pageId=335549956"
"TYXX","通用信息","12977949","12977996","通用工具","1、JIRA","2","6","通用信息 主页 / 通用工具 / 1、JIRA","其他","2017-01-11 16:25:58","冯美美","否","http://dmtks.hisense.com/pages/viewpage.action?pageId=12977949"
"TYXX","通用信息","12978443","12977996","通用工具","2、SVN","2","7","通用信息 主页 / 通用工具 / 2、SVN","其他","2023-06-02 11:55:18","丁达志","否","http://dmtks.hisense.com/pages/viewpage.action?pageId=12978443"
"TYXX","通用信息","12978445","12977996","通用工具","3、Git&Gerrit","2","8","通用信息 主页 / 通用工具 / 3、Git&Gerrit","其他","2022-06-06 12:19:19","丁达志","否","http://dmtks.hisense.com/pages/viewpage.action?pageId=12978445"
"TYXX","通用信息","12978448","12977996","通用工具","4、Confluence","2","9","通用信息 主页 / 通用工具 / 4、Confluence","其他","2017-01-11 14:55:36","冯美美","否","http://dmtks.hisense.com/pages/viewpage.action?pageId=12978448"
"TYXX","通用信息","15587301","12977996","通用工具","5、Jenkins","2","10","通用信息 主页 / 通用工具 / 5、Jenkins","其他","2017-08-23 10:30:07","liuhaixia1","否","http://dmtks.hisense.com/pages/viewpage.action?pageId=15587301"
"TYXX","通用信息","17052481","12977996","通用工具","6、OpenGrok","2","11","通用信息 主页 / 通用工具 / 6、OpenGrok","其他","2023-02-22 16:34:11","赵静","否","http://dmtks.hisense.com/pages/viewpage.action?pageId=17052481"
"TYXX","通用信息","22053268","12977996","通用工具","7、虚拟桌面","2","12","通用信息 主页 / 通用工具 / 7、虚拟桌面","其他","2018-05-28 17:11:05","liuhaixia1","否","http://dmtks.hisense.com/pages/viewpage.action?pageId=22053268"
"TYXX","通用信息","29231358","12977996","通用工具","8、Coverity","2","13","通用信息 主页 / 通用工具 / 8、Coverity","其他","2018-08-15 09:27:50","冯美美","否","http://dmtks.hisense.com/pages/viewpage.action?pageId=29231358"
"TYXX","通用信息","100043035","12977996","通用工具","9、FTP","2","14","通用信息 主页 / 通用工具 / 9、FTP","其他","2022-03-11 15:46:50","丁达志","否","http://dmtks.hisense.com/pages/viewpage.action?pageId=100043035"
"TYXX","通用信息","64556762","12977996","通用工具","KOA&邮箱控件","2","15","通用信息 主页 / 通用工具 / KOA&邮箱控件","其他","2019-08-28 15:48:37","魏延泽","否","http://dmtks.hisense.com/pages/viewpage.action?pageId=64556762"
"TYXX","通用信息","95158707","12977947","通用信息 主页","能力提升项目配置文件","1","3","通用信息 主页 / 能力提升项目配置文件","项目管理","2020-07-20 10:52:30","未知用户 (xiechunhui)","否","http://dmtks.hisense.com/pages/viewpage.action?pageId=95158707"
"TYXX","通用信息","275187664","95158707","能力提升项目配置文件","CESI接口说明信息","2","1","通用信息 主页 / 能力提升项目配置文件 / CESI接口说明信息","设计与架构","2024-11-01 10:31:57","未知用户 (xiechunhui)","否","http://dmtks.hisense.com/pages/viewpage.action?pageId=275187664"
"TYXX","通用信息","186982188","95158707","能力提升项目配置文件","try","2","2","通用信息 主页 / 能力提升项目配置文件 / try","项目管理","2022-11-15 16:17:12","未知用户 (xiechunhui)","否","http://dmtks.hisense.com/display/TYXX/try"
"TYXX","通用信息","95158715","95158707","能力提升项目配置文件","信相连-市场模块对应","2","3","通用信息 主页 / 能力提升项目配置文件 / 信相连-市场模块对应","项目管理","2021-12-20 16:25:05","未知用户 (wangjiangshi)","否","http://dmtks.hisense.com/pages/viewpage.action?pageId=95158715"
"TYXX","通用信息","95158712","95158707","能力提升项目配置文件","信相连-应用模块对应","2","4","通用信息 主页 / 能力提升项目配置文件 / 信相连-应用模块对应","项目管理","2021-08-05 10:24:08","未知用户 (wangjiangshi)","否","http://dmtks.hisense.com/pages/viewpage.action?pageId=95158712"
"TYXX","通用信息","141862105","95158707","能力提升项目配置文件","售后故障-模块对应","2","5","通用信息 主页 / 能力提升项目配置文件 / 售后故障-模块对应","问题与复盘","2021-10-28 17:35:57","未知用户 (leina)","否","http://dmtks.hisense.com/pages/viewpage.action?pageId=141862105"
"TYXX","通用信息","95165386","95158707","能力提升项目配置文件","网络信息-模块对应","2","6","通用信息 主页 / 能力提升项目配置文件 / 网络信息-模块对应","项目管理","2022-08-03 09:45:07","未知用户 (wangjiangshi)","否","http://dmtks.hisense.com/pages/viewpage.action?pageId=95165386"
"TYXX","通用信息","106338730","12977947","通用信息 主页","电子信息研发防疫记录存档专区","1","4","通用信息 主页 / 电子信息研发防疫记录存档专区","其他","2020-12-02 17:49:25","未知用户 (wangzong)","否","http://dmtks.hisense.com/pages/viewpage.action?pageId=106338730"
"TYXX","通用信息","155683847","106338730","电子信息研发防疫记录存档专区","11","2","1","通用信息 主页 / 电子信息研发防疫记录存档专区 / 11","其他","2022-03-24 09:41:15","未知用户 (tianshujun)","否","http://dmtks.hisense.com/display/TYXX/11"
"TYXX","通用信息","196543369","106338730","电子信息研发防疫记录存档专区","20230128-202301290","2","2","通用信息 主页 / 电子信息研发防疫记录存档专区 / 20230128-202301290","其他","2023-01-29 11:26:07","未知用户 (zhanglongkun)","否","http://dmtks.hisense.com/display/TYXX/20230128-202301290"
"TYXX","通用信息","121834226","106338730","电子信息研发防疫记录存档专区","CBB体温检测4.12-4.16","2","3","通用信息 主页 / 电子信息研发防疫记录存档专区 / CBB体温检测4.12-4.16","其他","2021-04-16 15:12:11","未知用户 (liping3)","否","http://dmtks.hisense.com/pages/viewpage.action?pageId=121834226"
"TYXX","通用信息","106339670","106338730","电子信息研发防疫记录存档专区","人事行政部","2","4","通用信息 主页 / 电子信息研发防疫记录存档专区 / 人事行政部","其他","2020-11-13 19:00:01","未知用户 (chiruiqin)","否","http://dmtks.hisense.com/pages/viewpage.action?pageId=106339670"
"TYXX","通用信息","106338929","106338730","电子信息研发防疫记录存档专区","工艺设计部","2","5","通用信息 主页 / 电子信息研发防疫记录存档专区 / 工艺设计部","设计与架构","2020-11-13 15:23:18","冯美美","否","http://dmtks.hisense.com/pages/viewpage.action?pageId=106338929"
"TYXX","通用信息","106338926","106338730","电子信息研发防疫记录存档专区","显示研发部","2","6","通用信息 主页 / 电子信息研发防疫记录存档专区 / 显示研发部","其他","2020-11-13 15:23:01","冯美美","否","http://dmtks.hisense.com/pages/viewpage.action?pageId=106338926"
"TYXX","通用信息","108495794","106338730","电子信息研发防疫记录存档专区","欧洲研发中心","2","7","通用信息 主页 / 电子信息研发防疫记录存档专区 / 欧洲研发中心","其他","2020-12-02 17:55:47","未知用户 (wangzong)","否","http://dmtks.hisense.com/pages/viewpage.action?pageId=108495794"
"TYXX","通用信息","115574699","106338730","电子信息研发防疫记录存档专区","武汉研发中心","2","8","通用信息 主页 / 电子信息研发防疫记录存档专区 / 武汉研发中心","其他","2021-02-08 09:51:47","徐礼丽","否","http://dmtks.hisense.com/pages/viewpage.action?pageId=115574699"
"TYXX","通用信息","115574678","106338730","电子信息研发防疫记录存档专区","深圳研发中心","2","9","通用信息 主页 / 电子信息研发防疫记录存档专区 / 深圳研发中心","其他","2021-02-08 09:42:38","刘飞","否","http://dmtks.hisense.com/pages/viewpage.action?pageId=115574678"
"TYXX","通用信息","106338937","106338730","电子信息研发防疫记录存档专区","研发测试部","2","10","通用信息 主页 / 电子信息研发防疫记录存档专区 / 研发测试部","测试与验证","2020-11-13 15:23:58","冯美美","否","http://dmtks.hisense.com/pages/viewpage.action?pageId=106338937"
"TYXX","通用信息","106338923","106338730","电子信息研发防疫记录存档专区","硬件研发部","2","11","通用信息 主页 / 电子信息研发防疫记录存档专区 / 硬件研发部","其他","2020-11-13 15:22:48","冯美美","否","http://dmtks.hisense.com/pages/viewpage.action?pageId=106338923"
"TYXX","通用信息","106339663","106338730","电子信息研发防疫记录存档专区","系统设计与管理部","2","12","通用信息 主页 / 电子信息研发防疫记录存档专区 / 系统设计与管理部","设计与架构","2021-03-17 14:04:06","未知用户 (chenlinkang)","否","http://dmtks.hisense.com/pages/viewpage.action?pageId=106339663"
"TYXX","通用信息","106338933","106338730","电子信息研发防疫记录存档专区","结构设计部","2","13","通用信息 主页 / 电子信息研发防疫记录存档专区 / 结构设计部","设计与架构","2020-11-13 15:23:30","冯美美","否","http://dmtks.hisense.com/pages/viewpage.action?pageId=106338933"
"TYXX","通用信息","108495790","106338730","电子信息研发防疫记录存档专区","美国研发中心","2","14","通用信息 主页 / 电子信息研发防疫记录存档专区 / 美国研发中心","其他","2020-11-30 13:45:15","未知用户 (chiruiqin)","否","http://dmtks.hisense.com/pages/viewpage.action?pageId=108495790"
"TYXX","通用信息","121836553","106338730","电子信息研发防疫记录存档专区","虚拟现实研发部","2","15","通用信息 主页 / 电子信息研发防疫记录存档专区 / 虚拟现实研发部","其他","2021-04-14 14:18:41","未知用户 (chiruiqin)","否","http://dmtks.hisense.com/pages/viewpage.action?pageId=121836553"
"TYXX","通用信息","106338733","106338730","电子信息研发防疫记录存档专区","软件研发部","2","16","通用信息 主页 / 电子信息研发防疫记录存档专区 / 软件研发部","其他","2020-11-13 14:29:33","冯美美","否","http://dmtks.hisense.com/pages/viewpage.action?pageId=106338733"
"TYXX","通用信息","120528712","106338730","电子信息研发防疫记录存档专区","预研管理与开发部","2","17","通用信息 主页 / 电子信息研发防疫记录存档专区 / 预研管理与开发部","项目管理","2021-04-01 17:14:21","王军","否","http://dmtks.hisense.com/pages/viewpage.action?pageId=120528712"
"TYXX","通用信息","106339666","106338730","电子信息研发防疫记录存档专区","预研管理部","2","18","通用信息 主页 / 电子信息研发防疫记录存档专区 / 预研管理部","项目管理","2020-11-13 18:59:41","未知用户 (chiruiqin)","否","http://dmtks.hisense.com/pages/viewpage.action?pageId=106339666"
"TYXX","通用信息","294916143","12977947","通用信息 主页","通用开发信息","1","5","通用信息 主页 / 通用开发信息","其他","2025-03-13 18:55:14","周颖昕","否","http://dmtks.hisense.com/pages/viewpage.action?pageId=294916143"
"TYXX","通用信息","294916123","294916143","通用开发信息","各模块日志抓取方式","2","1","通用信息 主页 / 通用开发信息 / 各模块日志抓取方式","其他","2025-03-13 18:55:42","周颖昕","否","http://dmtks.hisense.com/pages/viewpage.action?pageId=294916123"
