"源节点ID","目标节点ID","关系类型","空间键","空间名称","证据","权重"
"space:CELAB","page:15876935","空间首页","CELAB","Certification Lab","Certification Lab 主页","1"
"page:15876935","topic:测试与验证","推断主题","CELAB","Certification Lab","Certification Lab 主页","1"
"page:15876935","page:15877020","包含目录","CELAB","Certification Lab","Certification Lab 主页 / 0-General","1"
"page:15877020","topic:测试与验证","推断主题","CELAB","Certification Lab","0-General","1"
"page:15877020","page:16650170","包含目录","CELAB","Certification Lab","Certification Lab 主页 / 0-General / Common Knowledge Pool","1"
"page:16650170","topic:测试与验证","推断主题","CELAB","Certification Lab","Common Knowledge Pool","1"
"page:15877020","page:17797573","包含目录","CELAB","Certification Lab","Certification Lab 主页 / 0-General / How to capture log","1"
"page:17797573","topic:测试与验证","推断主题","CELAB","Certification Lab","How to capture log","1"
"page:15877020","page:15892447","包含目录","CELAB","Certification Lab","Certification Lab 主页 / 0-General / Planning","1"
"page:15892447","topic:测试与验证","推断主题","CELAB","Certification Lab","Planning","1"
"page:15877020","page:15882712","包含目录","CELAB","Certification Lab","Certification Lab 主页 / 0-General / Project Management","1"
"page:15882712","topic:测试与验证","推断主题","CELAB","Certification Lab","Project Management","1"
"page:15877020","page:63898141","包含目录","CELAB","Certification Lab","Certification Lab 主页 / 0-General / Red Bull TV","1"
"page:63898141","topic:测试与验证","推断主题","CELAB","Certification Lab","Red Bull TV","1"
"page:15877020","page:41355959","包含目录","CELAB","Certification Lab","Certification Lab 主页 / 0-General / Training","1"
"page:41355959","topic:测试与验证","推断主题","CELAB","Certification Lab","Training","1"
"page:15877020","page:25986470","包含目录","CELAB","Certification Lab","Certification Lab 主页 / 0-General / 临时问题收集","1"
"page:25986470","topic:测试与验证","推断主题","CELAB","Certification Lab","临时问题收集","1"
"page:15876935","page:15884526","包含目录","CELAB","Certification Lab","Certification Lab 主页 / 1-Global Certifications","1"
"page:15884526","topic:测试与验证","推断主题","CELAB","Certification Lab","1-Global Certifications","1"
"page:15884526","page:157197282","包含目录","CELAB","Certification Lab","Certification Lab 主页 / 1-Global Certifications / AirPlay2 Certification","1"
"page:157197282","topic:测试与验证","推断主题","CELAB","Certification Lab","AirPlay2 Certification","1"
"page:15884526","page:15884361","包含目录","CELAB","Certification Lab","Certification Lab 主页 / 1-Global Certifications / Amazon Prime Video","1"
"page:15884361","topic:测试与验证","推断主题","CELAB","Certification Lab","Amazon Prime Video","1"
"page:15884526","page:15884621","包含目录","CELAB","Certification Lab","Certification Lab 主页 / 1-Global Certifications / Amazon-Alexa","1"
"page:15884621","topic:测试与验证","推断主题","CELAB","Certification Lab","Amazon-Alexa","1"
"page:15884526","page:302727438","包含目录","CELAB","Certification Lab","Certification Lab 主页 / 1-Global Certifications / DAZN","1"
"page:302727438","topic:测试与验证","推断主题","CELAB","Certification Lab","DAZN","1"
"page:15884526","page:15884614","包含目录","CELAB","Certification Lab","Certification Lab 主页 / 1-Global Certifications / Dolby Vision","1"
"page:15884614","topic:测试与验证","推断主题","CELAB","Certification Lab","Dolby Vision","1"
"page:15884526","page:36241930","包含目录","CELAB","Certification Lab","Certification Lab 主页 / 1-Global Certifications / DTCP-IP 购key 流程","1"
"page:36241930","topic:测试与验证","推断主题","CELAB","Certification Lab","DTCP-IP 购key 流程","1"
"page:15884526","page:259442831","包含目录","CELAB","Certification Lab","Certification Lab 主页 / 1-Global Certifications / DTS Play-fi","1"
"page:259442831","topic:测试与验证","推断主题","CELAB","Certification Lab","DTS Play-fi","1"
"page:15884526","page:15884619","包含目录","CELAB","Certification Lab","Certification Lab 主页 / 1-Global Certifications / Google","1"
"page:15884619","topic:测试与验证","推断主题","CELAB","Certification Lab","Google","1"
"page:15884526","page:31819779","包含目录","CELAB","Certification Lab","Certification Lab 主页 / 1-Global Certifications / Google Assistant","1"
"page:31819779","topic:测试与验证","推断主题","CELAB","Certification Lab","Google Assistant","1"
"page:15884526","page:67077662","包含目录","CELAB","Certification Lab","Certification Lab 主页 / 1-Global Certifications / Google Play Movie","1"
"page:67077662","topic:测试与验证","推断主题","CELAB","Certification Lab","Google Play Movie","1"
"page:15884526","page:15884611","包含目录","CELAB","Certification Lab","Certification Lab 主页 / 1-Global Certifications / Miracast","1"
"page:15884611","topic:测试与验证","推断主题","CELAB","Certification Lab","Miracast","1"
"page:15884526","page:15882778","包含目录","CELAB","Certification Lab","Certification Lab 主页 / 1-Global Certifications / Netflix","1"
"page:15882778","topic:测试与验证","推断主题","CELAB","Certification Lab","Netflix","1"
"page:15884526","page:15884671","包含目录","CELAB","Certification Lab","Certification Lab 主页 / 1-Global Certifications / Opera","1"
"page:15884671","topic:测试与验证","推断主题","CELAB","Certification Lab","Opera","1"
"page:15884526","page:150734889","包含目录","CELAB","Certification Lab","Certification Lab 主页 / 1-Global Certifications / QDA Certification","1"
"page:150734889","topic:测试与验证","推断主题","CELAB","Certification Lab","QDA Certification","1"
"page:15884526","page:149985629","包含目录","CELAB","Certification Lab","Certification Lab 主页 / 1-Global Certifications / Technicolor Advanced HDR logo","1"
"page:149985629","topic:测试与验证","推断主题","CELAB","Certification Lab","Technicolor Advanced HDR logo","1"
"page:15884526","page:15881804","包含目录","CELAB","Certification Lab","Certification Lab 主页 / 1-Global Certifications / Youtube","1"
"page:15881804","topic:测试与验证","推断主题","CELAB","Certification Lab","Youtube","1"
"page:15884526","page:15886850","包含目录","CELAB","Certification Lab","Certification Lab 主页 / 1-Global Certifications / YouTube Kids","1"
"page:15886850","topic:测试与验证","推断主题","CELAB","Certification Lab","YouTube Kids","1"
"page:15884526","page:15886852","包含目录","CELAB","Certification Lab","Certification Lab 主页 / 1-Global Certifications / YouTube TV","1"
"page:15886852","topic:测试与验证","推断主题","CELAB","Certification Lab","YouTube TV","1"
"page:15876935","page:15884541","包含目录","CELAB","Certification Lab","Certification Lab 主页 / 2-NA Certifications","1"
"page:15884541","topic:测试与验证","推断主题","CELAB","Certification Lab","2-NA Certifications","1"
"page:15884541","page:141863356","包含目录","CELAB","Certification Lab","Certification Lab 主页 / 2-NA Certifications / ATSC 3.0","1"
"page:141863356","topic:测试与验证","推断主题","CELAB","Certification Lab","ATSC 3.0","1"
"page:15884541","page:83299023","包含目录","CELAB","Certification Lab","Certification Lab 主页 / 2-NA Certifications / CCPA","1"
"page:83299023","topic:测试与验证","推断主题","CELAB","Certification Lab","CCPA","1"
"page:15884541","page:65835444","包含目录","CELAB","Certification Lab","Certification Lab 主页 / 2-NA Certifications / Disney","1"
"page:65835444","topic:测试与验证","推断主题","CELAB","Certification Lab","Disney","1"
"page:15884541","page:65835422","包含目录","CELAB","Certification Lab","Certification Lab 主页 / 2-NA Certifications / HULU","1"
"page:65835422","topic:测试与验证","推断主题","CELAB","Certification Lab","HULU","1"
"page:15884541","page:15884607","包含目录","CELAB","Certification Lab","Certification Lab 主页 / 2-NA Certifications / Pandora","1"
"page:15884607","topic:测试与验证","推断主题","CELAB","Certification Lab","Pandora","1"
"page:15884541","page:15884430","包含目录","CELAB","Certification Lab","Certification Lab 主页 / 2-NA Certifications / VUDU","1"
"page:15884430","topic:测试与验证","推断主题","CELAB","Certification Lab","VUDU","1"
"page:15876935","page:15884545","包含目录","CELAB","Certification Lab","Certification Lab 主页 / 3-EU Certifications","1"
"page:15884545","topic:测试与验证","推断主题","CELAB","Certification Lab","3-EU Certifications","1"
"page:15884545","page:50141224","包含目录","CELAB","Certification Lab","Certification Lab 主页 / 3-EU Certifications / 0. Operator List","1"
"page:50141224","topic:测试与验证","推断主题","CELAB","Certification Lab","0. Operator List","1"
"page:15884545","page:15877039","包含目录","CELAB","Certification Lab","Certification Lab 主页 / 3-EU Certifications / 4K_HDR_UHD","1"
"page:15877039","topic:测试与验证","推断主题","CELAB","Certification Lab","4K_HDR_UHD","1"
"page:15884545","page:307315129","包含目录","CELAB","Certification Lab","Certification Lab 主页 / 3-EU Certifications / Antenni TV","1"
"page:307315129","topic:测试与验证","推断主题","CELAB","Certification Lab","Antenni TV","1"
"page:15884545","page:185284767","包含目录","CELAB","Certification Lab","Certification Lab 主页 / 3-EU Certifications / ANTIK","1"
"page:185284767","topic:测试与验证","推断主题","CELAB","Certification Lab","ANTIK","1"
"page:15884545","page:16871726","包含目录","CELAB","Certification Lab","Certification Lab 主页 / 3-EU Certifications / Application","1"
"page:16871726","topic:测试与验证","推断主题","CELAB","Certification Lab","Application","1"
"page:15884545","page:59445607","包含目录","CELAB","Certification Lab","Certification Lab 主页 / 3-EU Certifications / Canal Plus Poland","1"
"page:59445607","topic:测试与验证","推断主题","CELAB","Certification Lab","Canal Plus Poland","1"
"page:15884545","page:15884445","包含目录","CELAB","Certification Lab","Certification Lab 主页 / 3-EU Certifications / CI Plus","1"
"page:15884445","topic:测试与验证","推断主题","CELAB","Certification Lab","CI Plus","1"
"page:15884545","page:59445604","包含目录","CELAB","Certification Lab","Certification Lab 主页 / 3-EU Certifications / Cyfrowy Polsat","1"
"page:59445604","topic:测试与验证","推断主题","CELAB","Certification Lab","Cyfrowy Polsat","1"
"page:15884545","page:303904008","包含目录","CELAB","Certification Lab","Certification Lab 主页 / 3-EU Certifications / D-Smart","1"
"page:303904008","topic:测试与验证","推断主题","CELAB","Certification Lab","D-Smart","1"
"page:15884545","page:59445572","包含目录","CELAB","Certification Lab","Certification Lab 主页 / 3-EU Certifications / DIGI TV","1"
"page:59445572","topic:测试与验证","推断主题","CELAB","Certification Lab","DIGI TV","1"
"page:15884545","page:303903972","包含目录","CELAB","Certification Lab","Certification Lab 主页 / 3-EU Certifications / Digiturk","1"
"page:303903972","topic:测试与验证","推断主题","CELAB","Certification Lab","Digiturk","1"
"page:15884545","page:185275525","包含目录","CELAB","Certification Lab","Certification Lab 主页 / 3-EU Certifications / DTG Council","1"
"page:185275525","topic:测试与验证","推断主题","CELAB","Certification Lab","DTG Council","1"
"page:15884545","page:15884597","包含目录","CELAB","Certification Lab","Certification Lab 主页 / 3-EU Certifications / DVB-T2 CRA Czech","1"
"page:15884597","topic:测试与验证","推断主题","CELAB","Certification Lab","DVB-T2 CRA Czech","1"
"page:15884545","page:83991322","包含目录","CELAB","Certification Lab","Certification Lab 主页 / 3-EU Certifications / DVB-T2 France","1"
"page:83991322","topic:测试与验证","推断主题","CELAB","Certification Lab","DVB-T2 France","1"
"page:15884545","page:15884600","包含目录","CELAB","Certification Lab","Certification Lab 主页 / 3-EU Certifications / DVB-T2 HD Germany","1"
"page:15884600","topic:测试与验证","推断主题","CELAB","Certification Lab","DVB-T2 HD Germany","1"
"page:15884545","page:84647522","包含目录","CELAB","Certification Lab","Certification Lab 主页 / 3-EU Certifications / DVB-T2 Poland","1"
"page:84647522","topic:测试与验证","推断主题","CELAB","Certification Lab","DVB-T2 Poland","1"
"page:15884545","page:31821587","包含目录","CELAB","Certification Lab","Certification Lab 主页 / 3-EU Certifications / Foxxum","1"
"page:31821587","topic:测试与验证","推断主题","CELAB","Certification Lab","Foxxum","1"
"page:15884545","page:15884581","包含目录","CELAB","Certification Lab","Certification Lab 主页 / 3-EU Certifications / Fransat (Old)","1"
"page:15884581","topic:测试与验证","推断主题","CELAB","Certification Lab","Fransat (Old)","1"
"page:15884545","page:95167230","包含目录","CELAB","Certification Lab","Certification Lab 主页 / 3-EU Certifications / Fransat 2021","1"
"page:95167230","topic:测试与验证","推断主题","CELAB","Certification Lab","Fransat 2021","1"
"page:15884545","page:79794042","包含目录","CELAB","Certification Lab","Certification Lab 主页 / 3-EU Certifications / Freenet TV (DVB-S)","1"
"page:79794042","topic:测试与验证","推断主题","CELAB","Certification Lab","Freenet TV (DVB-S)","1"
"page:15884545","page:15888645","包含目录","CELAB","Certification Lab","Certification Lab 主页 / 3-EU Certifications / Freesat","1"
"page:15888645","topic:测试与验证","推断主题","CELAB","Certification Lab","Freesat","1"
"page:15884545","page:216895038","包含目录","CELAB","Certification Lab","Certification Lab 主页 / 3-EU Certifications / Freeview Play/Freely","1"
"page:216895038","topic:测试与验证","推断主题","CELAB","Certification Lab","Freeview Play/Freely","1"
"page:15884545","page:16659739","包含目录","CELAB","Certification Lab","Certification Lab 主页 / 3-EU Certifications / GDPR","1"
"page:16659739","topic:测试与验证","推断主题","CELAB","Certification Lab","GDPR","1"
"page:15884545","page:16646905","包含目录","CELAB","Certification Lab","Certification Lab 主页 / 3-EU Certifications / HbbTV","1"
"page:16646905","topic:测试与验证","推断主题","CELAB","Certification Lab","HbbTV","1"
"page:15884545","page:40044369","包含目录","CELAB","Certification Lab","Certification Lab 主页 / 3-EU Certifications / HD Plus","1"
"page:40044369","topic:测试与验证","推断主题","CELAB","Certification Lab","HD Plus","1"
"page:15884545","page:85361416","包含目录","CELAB","Certification Lab","Certification Lab 主页 / 3-EU Certifications / HD Plus - Operator Application","1"
"page:85361416","topic:测试与验证","推断主题","CELAB","Certification Lab","HD Plus - Operator Application","1"
"page:15884545","page:85361410","包含目录","CELAB","Certification Lab","Certification Lab 主页 / 3-EU Certifications / Lativu","1"
"page:85361410","topic:测试与验证","推断主题","CELAB","Certification Lab","Lativu","1"
"page:15884545","page:59445834","包含目录","CELAB","Certification Lab","Certification Lab 主页 / 3-EU Certifications / M7 Group","1"
"page:59445834","topic:测试与验证","推断主题","CELAB","Certification Lab","M7 Group","1"
"page:15884545","page:15884587","包含目录","CELAB","Certification Lab","Certification Lab 主页 / 3-EU Certifications / Mediaset - For R2 see new R2 Tab (CAM READY)","1"
"page:15884587","topic:测试与验证","推断主题","CELAB","Certification Lab","Mediaset - For R2 see new R2 Tab (CAM READY)","1"
"page:15884545","page:84649069","包含目录","CELAB","Certification Lab","Certification Lab 主页 / 3-EU Certifications / Mediaset Play","1"
"page:84649069","topic:测试与验证","推断主题","CELAB","Certification Lab","Mediaset Play","1"
"page:15884545","page:59445619","包含目录","CELAB","Certification Lab","Certification Lab 主页 / 3-EU Certifications / Nordic","1"
"page:59445619","topic:测试与验证","推断主题","CELAB","Certification Lab","Nordic","1"
"page:15884545","page:17171706","包含目录","CELAB","Certification Lab","Certification Lab 主页 / 3-EU Certifications / NTV Plus","1"
"page:17171706","topic:测试与验证","推断主题","CELAB","Certification Lab","NTV Plus","1"
"page:15884545","page:69506622","包含目录","CELAB","Certification Lab","Certification Lab 主页 / 3-EU Certifications / OiV","1"
"page:69506622","topic:测试与验证","推断主题","CELAB","Certification Lab","OiV","1"
"page:15884545","page:297478933","包含目录","CELAB","Certification Lab","Certification Lab 主页 / 3-EU Certifications / ÖSTERREICH SATELLIT","1"
"page:297478933","topic:测试与验证","推断主题","CELAB","Certification Lab","ÖSTERREICH SATELLIT","1"
"page:15884545","page:79794022","包含目录","CELAB","Certification Lab","Certification Lab 主页 / 3-EU Certifications / Pyur","1"
"page:79794022","topic:测试与验证","推断主题","CELAB","Certification Lab","Pyur","1"
"page:15884545","page:83991228","包含目录","CELAB","Certification Lab","Certification Lab 主页 / 3-EU Certifications / R2","1"
"page:83991228","topic:测试与验证","推断主题","CELAB","Certification Lab","R2","1"
"page:15884545","page:17795814","包含目录","CELAB","Certification Lab","Certification Lab 主页 / 3-EU Certifications / SAT>IP","1"
"page:17795814","topic:测试与验证","推断主题","CELAB","Certification Lab","SAT>IP","1"
"page:15884545","page:15888647","包含目录","CELAB","Certification Lab","Certification Lab 主页 / 3-EU Certifications / SimpliTV - DVB-S","1"
"page:15888647","topic:测试与验证","推断主题","CELAB","Certification Lab","SimpliTV - DVB-S","1"
"page:15884545","page:95819842","包含目录","CELAB","Certification Lab","Certification Lab 主页 / 3-EU Certifications / SimpliTV Antenna","1"
"page:95819842","topic:测试与验证","推断主题","CELAB","Certification Lab","SimpliTV Antenna","1"
"page:15884545","page:15884602","包含目录","CELAB","Certification Lab","Certification Lab 主页 / 3-EU Certifications / SKY D","1"
"page:15884602","topic:测试与验证","推断主题","CELAB","Certification Lab","SKY D","1"
"page:15876935","page:15884551","包含目录","CELAB","Certification Lab","Certification Lab 主页 / 4-SA Certifications","1"
"page:15884551","topic:测试与验证","推断主题","CELAB","Certification Lab","4-SA Certifications","1"
"page:15884551","page:63898137","包含目录","CELAB","Certification Lab","Certification Lab 主页 / 4-SA Certifications / Claro Video","1"
"page:63898137","topic:测试与验证","推断主题","CELAB","Certification Lab","Claro Video","1"
"page:15884551","page:15884623","包含目录","CELAB","Certification Lab","Certification Lab 主页 / 4-SA Certifications / Ginga","1"
"page:15884623","topic:测试与验证","推断主题","CELAB","Certification Lab","Ginga","1"
"page:15876935","page:15884555","包含目录","CELAB","Certification Lab","Certification Lab 主页 / 5-EM Certifications","1"
"page:15884555","topic:测试与验证","推断主题","CELAB","Certification Lab","5-EM Certifications","1"
"page:15884555","page:15884626","包含目录","CELAB","Certification Lab","Certification Lab 主页 / 5-EM Certifications / Freeview Plus","1"
"page:15884626","topic:测试与验证","推断主题","CELAB","Certification Lab","Freeview Plus","1"
"page:15884555","page:50828479","包含目录","CELAB","Certification Lab","Certification Lab 主页 / 5-EM Certifications / FreeviewPlus for NewZealand","1"
"page:50828479","topic:测试与验证","推断主题","CELAB","Certification Lab","FreeviewPlus for NewZealand","1"
"page:15884555","page:63898025","包含目录","CELAB","Certification Lab","Certification Lab 主页 / 5-EM Certifications / 印尼 postel","1"
"page:63898025","topic:测试与验证","推断主题","CELAB","Certification Lab","印尼 postel","1"
"page:15884555","page:219565413","包含目录","CELAB","Certification Lab","Certification Lab 主页 / 5-EM Certifications / 印度 S2","1"
"page:219565413","topic:测试与验证","推断主题","CELAB","Certification Lab","印度 S2","1"
"page:15884555","page:216908932","包含目录","CELAB","Certification Lab","Certification Lab 主页 / 5-EM Certifications / 越南Vietnam T2","1"
"page:216908932","topic:测试与验证","推断主题","CELAB","Certification Lab","越南Vietnam T2","1"
"page:15884555","page:85953608","包含目录","CELAB","Certification Lab","Certification Lab 主页 / 5-EM Certifications / 马来西亚 T2认证","1"
"page:85953608","topic:测试与验证","推断主题","CELAB","Certification Lab","马来西亚 T2认证","1"
"page:15876935","page:15884633","包含目录","CELAB","Certification Lab","Certification Lab 主页 / 6-JP Certifications","1"
"page:15884633","topic:测试与验证","推断主题","CELAB","Certification Lab","6-JP Certifications","1"
"page:15884633","page:15884643","包含目录","CELAB","Certification Lab","Certification Lab 主页 / 6-JP Certifications / acTVila","1"
"page:15884643","topic:测试与验证","推断主题","CELAB","Certification Lab","acTVila","1"
"page:15884633","page:15884665","包含目录","CELAB","Certification Lab","Certification Lab 主页 / 6-JP Certifications / Crank-in-Video","1"
"page:15884665","topic:测试与验证","推断主题","CELAB","Certification Lab","Crank-in-Video","1"
"page:15884633","page:15884654","包含目录","CELAB","Certification Lab","Certification Lab 主页 / 6-JP Certifications / Hikari TV","1"
"page:15884654","topic:测试与验证","推断主题","CELAB","Certification Lab","Hikari TV","1"
"page:15884633","page:15884658","包含目录","CELAB","Certification Lab","Certification Lab 主页 / 6-JP Certifications / HybridCast","1"
"page:15884658","topic:测试与验证","推断主题","CELAB","Certification Lab","HybridCast","1"
"page:15884633","page:15884660","包含目录","CELAB","Certification Lab","Certification Lab 主页 / 6-JP Certifications / NicoNico","1"
"page:15884660","topic:测试与验证","推断主题","CELAB","Certification Lab","NicoNico","1"
"page:15884633","page:15884646","包含目录","CELAB","Certification Lab","Certification Lab 主页 / 6-JP Certifications / TSUTAYA","1"
"page:15884646","topic:测试与验证","推断主题","CELAB","Certification Lab","TSUTAYA","1"
"page:15884633","page:15884650","包含目录","CELAB","Certification Lab","Certification Lab 主页 / 6-JP Certifications / U-Next","1"
"page:15884650","topic:测试与验证","推断主题","CELAB","Certification Lab","U-Next","1"
"page:15876935","page:299028701","包含目录","CELAB","Certification Lab","Certification Lab 主页 / 7-国内认证","1"
"page:299028701","topic:测试与验证","推断主题","CELAB","Certification Lab","7-国内认证","1"
"page:299028701","page:299028703","包含目录","CELAB","Certification Lab","Certification Lab 主页 / 7-国内认证 / 腾讯云游戏四星认证","1"
"page:299028703","topic:测试与验证","推断主题","CELAB","Certification Lab","腾讯云游戏四星认证","1"
"space:test1","page:8880958","空间首页","test1","test1","test1 Home","1"
"page:8880958","topic:测试与验证","推断主题","test1","test1","test1 Home","1"
"page:8880958","page:232254064","包含目录","test1","test1","test1 Home / 1111111","1"
"page:232254064","topic:测试与验证","推断主题","test1","test1","1111111","1"
"page:232254064","page:238858882","包含目录","test1","test1","test1 Home / 1111111 / 复制从 202403月度过程指标会议 20240327","1"
"page:238858882","topic:测试与验证","推断主题","test1","test1","复制从 202403月度过程指标会议 20240327","1"
"page:8880958","page:212860940","包含目录","test1","test1","test1 Home / 111222","1"
"page:212860940","topic:测试与验证","推断主题","test1","test1","111222","1"
"page:212860940","page:224241768","包含目录","test1","test1","test1 Home / 111222 / JIRA 报告","1"
"page:224241768","topic:测试与验证","推断主题","test1","test1","JIRA 报告","1"
"page:212860940","page:242004990","包含目录","test1","test1","test1 Home / 111222 / wwww测试2操作","1"
"page:242004990","topic:测试与验证","推断主题","test1","test1","wwww测试2操作","1"
"page:8880958","page:220332034","包含目录","test1","test1","test1 Home / 111222333","1"
"page:220332034","topic:测试与验证","推断主题","test1","test1","111222333","1"
"page:220332034","page:233930890","包含目录","test1","test1","test1 Home / 111222333 / 新明名称111222","1"
"page:233930890","topic:测试与验证","推断主题","test1","test1","新明名称111222","1"
"page:8880958","page:242006669","包含目录","test1","test1","test1 Home / 222111222","1"
"page:242006669","topic:测试与验证","推断主题","test1","test1","222111222","1"
"page:242006669","page:242006675","包含目录","test1","test1","test1 Home / 222111222 / 2222222","1"
"page:242006675","topic:测试与验证","推断主题","test1","test1","2222222","1"
"page:242006669","page:242006676","包含目录","test1","test1","test1 Home / 222111222 / 222JIRA 报告","1"
"page:242006676","topic:测试与验证","推断主题","test1","test1","222JIRA 报告","1"
"page:242006669","page:242006677","包含目录","test1","test1","test1 Home / 222111222 / 222wwww","1"
"page:242006677","topic:测试与验证","推断主题","test1","test1","222wwww","1"
"page:8880958","page:13720374","包含目录","test1","test1","test1 Home / PRD3","1"
"page:13720374","topic:需求与功能","推断主题","test1","test1","PRD3","1"
"page:8880958","page:13720385","包含目录","test1","test1","test1 Home / PRD报告","1"
"page:13720385","topic:需求与功能","推断主题","test1","test1","PRD报告","1"
"page:13720385","page:13720387","包含目录","test1","test1","test1 Home / PRD报告 / 2","1"
"page:13720387","topic:需求与功能","推断主题","test1","test1","2","1"
"page:8880958","page:13720390","包含目录","test1","test1","test1 Home / PRD报告2","1"
"page:13720390","topic:需求与功能","推断主题","test1","test1","PRD报告2","1"
"page:8880958","page:13720393","包含目录","test1","test1","test1 Home / prd报告3","1"
"page:13720393","topic:需求与功能","推断主题","test1","test1","prd报告3","1"
"page:13720393","page:13720436","包含目录","test1","test1","test1 Home / prd报告3 / 3","1"
"page:13720436","topic:需求与功能","推断主题","test1","test1","3","1"
"page:8880958","page:224241713","包含目录","test1","test1","test1 Home / test11111","1"
"page:224241713","topic:测试与验证","推断主题","test1","test1","test11111","1"
"page:224241713","page:224241769","包含目录","test1","test1","test1 Home / test11111 / [test]vidaa需求类","1"
"page:224241769","topic:需求与功能","推断主题","test1","test1","[test]vidaa需求类","1"
"page:224241713","page:224241786","包含目录","test1","test1","test1 Home / test11111 / 文件列表测试","1"
"page:224241786","topic:测试与验证","推断主题","test1","test1","文件列表测试","1"
"page:8880958","page:13720371","包含目录","test1","test1","test1 Home / 任务","1"
"page:13720371","topic:测试与验证","推断主题","test1","test1","任务","1"
"page:13720371","page:13706453","包含目录","test1","test1","test1 Home / 任务 / ceshi","1"
"page:13706453","topic:测试与验证","推断主题","test1","test1","ceshi","1"
"page:8880958","page:24052833","包含目录","test1","test1","test1 Home / 共性问题宣贯材料","1"
"page:24052833","topic:测试与验证","推断主题","test1","test1","共性问题宣贯材料","1"
"page:24052833","page:26677572","包含目录","test1","test1","test1 Home / 共性问题宣贯材料 / 新品上线准时率等指标讨论会议纪要","1"
"page:26677572","topic:测试与验证","推断主题","test1","test1","新品上线准时率等指标讨论会议纪要","1"
"page:8880958","page:49516829","包含目录","test1","test1","test1 Home / 头脑风暴 - 于涛","1"
"page:49516829","topic:测试与验证","推断主题","test1","test1","头脑风暴 - 于涛","1"
"page:49516829","page:49516835","包含目录","test1","test1","test1 Home / 头脑风暴 - 于涛 / 二级目录测试","1"
"page:49516835","topic:测试与验证","推断主题","test1","test1","二级目录测试","1"
"page:8880958","page:13717602","包含目录","test1","test1","test1 Home / 流程培训","1"
"page:13717602","topic:测试与验证","推断主题","test1","test1","流程培训","1"
"page:13717602","page:17171213","包含目录","test1","test1","test1 Home / 流程培训 / 0","1"
"page:17171213","topic:测试与验证","推断主题","test1","test1","0","1"
"page:13717602","page:15862124","包含目录","test1","test1","test1 Home / 流程培训 / 11.认证管理","1"
"page:15862124","topic:测试与验证","推断主题","test1","test1","11.认证管理","1"
"page:13717602","page:43319905","包含目录","test1","test1","test1 Home / 流程培训 / 12","1"
"page:43319905","topic:测试与验证","推断主题","test1","test1","12","1"
"page:13717602","page:149982669","包含目录","test1","test1","test1 Home / 流程培训 / 12345","1"
"page:149982669","topic:测试与验证","推断主题","test1","test1","12345","1"
"page:13717602","page:14533103","包含目录","test1","test1","test1 Home / 流程培训 / 2017-04-10 会议纪要","1"
"page:14533103","topic:测试与验证","推断主题","test1","test1","2017-04-10 会议纪要","1"
"page:13717602","page:15763205","包含目录","test1","test1","test1 Home / 流程培训 / 2017-09-07 会议纪要","1"
"page:15763205","topic:测试与验证","推断主题","test1","test1","2017-09-07 会议纪要","1"
"page:13717602","page:26677487","包含目录","test1","test1","test1 Home / 流程培训 / 2018-07-19 会议纪要","1"
"page:26677487","topic:测试与验证","推断主题","test1","test1","2018-07-19 会议纪要","1"
"page:13717602","page:42668807","包含目录","test1","test1","test1 Home / 流程培训 / 7、TCP分析共享","1"
"page:42668807","topic:测试与验证","推断主题","test1","test1","7、TCP分析共享","1"
"page:13717602","page:12978827","包含目录","test1","test1","test1 Home / 流程培训 / A888","1"
"page:12978827","topic:测试与验证","推断主题","test1","test1","A888","1"
"page:13717602","page:15861270","包含目录","test1","test1","test1 Home / 流程培训 / adb操作命令","1"
"page:15861270","topic:测试与验证","推断主题","test1","test1","adb操作命令","1"
"page:13717602","page:15883296","包含目录","test1","test1","test1 Home / 流程培训 / APK管理","1"
"page:15883296","topic:测试与验证","推断主题","test1","test1","APK管理","1"
"page:13717602","page:14519984","包含目录","test1","test1","test1 Home / 流程培训 / DITAA Diagrams","1"
"page:14519984","topic:测试与验证","推断主题","test1","test1","DITAA Diagrams","1"
"page:13717602","page:14519958","包含目录","test1","test1","test1 Home / 流程培训 / English title test","1"
"page:14519958","topic:测试与验证","推断主题","test1","test1","English title test","1"
"page:13717602","page:131936056","包含目录","test1","test1","test1 Home / 流程培训 / HUSA Test","1"
"page:131936056","topic:测试与验证","推断主题","test1","test1","HUSA Test","1"
"page:13717602","page:14519634","包含目录","test1","test1","test1 Home / 流程培训 / MyTestContent","1"
"page:14519634","topic:测试与验证","推断主题","test1","test1","MyTestContent","1"
"page:13717602","page:125473458","包含目录","test1","test1","test1 Home / 流程培训 / PRD","1"
"page:125473458","topic:需求与功能","推断主题","test1","test1","PRD","1"
"page:13717602","page:199890511","包含目录","test1","test1","test1 Home / 流程培训 / test 创建","1"
"page:199890511","topic:测试与验证","推断主题","test1","test1","test 创建","1"
"page:13717602","page:14519985","包含目录","test1","test1","test1 Home / 流程培训 / uml","1"
"page:14519985","topic:测试与验证","推断主题","test1","test1","uml","1"
"page:13717602","page:15573212","包含目录","test1","test1","test1 Home / 流程培训 / UML Diagrams","1"
"page:15573212","topic:测试与验证","推断主题","test1","test1","UML Diagrams","1"
"page:13717602","page:15591873","包含目录","test1","test1","test1 Home / 流程培训 / UXD","1"
"page:15591873","topic:测试与验证","推断主题","test1","test1","UXD","1"
"page:13717602","page:120526479","包含目录","test1","test1","test1 Home / 流程培训 / week10-21_SLAM","1"
"page:120526479","topic:测试与验证","推断主题","test1","test1","week10-21_SLAM","1"
"page:13717602","page:201044435","包含目录","test1","test1","test1 Home / 流程培训 / 任务列表","1"
"page:201044435","topic:测试与验证","推断主题","test1","test1","任务列表","1"
"page:13717602","page:106339423","包含目录","test1","test1","test1 Home / 流程培训 / 任职资格认证公示材料2020","1"
"page:106339423","topic:测试与验证","推断主题","test1","test1","任职资格认证公示材料2020","1"
"page:13717602","page:15882925","包含目录","test1","test1","test1 Home / 流程培训 / 决策1","1"
"page:15882925","topic:测试与验证","推断主题","test1","test1","决策1","1"
"page:13717602","page:15882929","包含目录","test1","test1","test1 Home / 流程培训 / 决策2","1"
"page:15882929","topic:测试与验证","推断主题","test1","test1","决策2","1"
"page:13717602","page:46107945","包含目录","test1","test1","test1 Home / 流程培训 / 刘涛瑜周报KW7 2019.02.11-15","1"
"page:46107945","topic:测试与验证","推断主题","test1","test1","刘涛瑜周报KW7 2019.02.11-15","1"
"page:13717602","page:185290838","包含目录","test1","test1","test1 Home / 流程培训 / 商显机器 升级写Room License文件的方法","1"
"page:185290838","topic:测试与验证","推断主题","test1","test1","商显机器 升级写Room License文件的方法","1"
"page:13717602","page:132624748","包含目录","test1","test1","test1 Home / 流程培训 / 复制从 01）Scan功能","1"
"page:132624748","topic:测试与验证","推断主题","test1","test1","复制从 01）Scan功能","1"
"page:13717602","page:15763209","包含目录","test1","test1","test1 Home / 流程培训 / 复制从 2017-09-07 会议纪要","1"
"page:15763209","topic:测试与验证","推断主题","test1","test1","复制从 2017-09-07 会议纪要","1"
"page:13717602","page:15861276","包含目录","test1","test1","test1 Home / 流程培训 / 手动使用ADB开启应用：","1"
"page:15861276","topic:测试与验证","推断主题","test1","test1","手动使用ADB开启应用：","1"
"page:13717602","page:177868597","包含目录","test1","test1","test1 Home / 流程培训 / 手机Log问题经验总结","1"
"page:177868597","topic:测试与验证","推断主题","test1","test1","手机Log问题经验总结","1"
"page:13717602","page:15861269","包含目录","test1","test1","test1 Home / 流程培训 / 指导文章","1"
"page:15861269","topic:测试与验证","推断主题","test1","test1","指导文章","1"
"page:13717602","page:39394097","包含目录","test1","test1","test1 Home / 流程培训 / 杨艺涛 工作周报-20181207","1"
"page:39394097","topic:测试与验证","推断主题","test1","test1","杨艺涛 工作周报-20181207","1"
"page:13717602","page:14519528","包含目录","test1","test1","test1 Home / 流程培训 / 模组电路(alpha version)","1"
"page:14519528","topic:测试与验证","推断主题","test1","test1","模组电路(alpha version)","1"
"page:13717602","page:13707158","包含目录","test1","test1","test1 Home / 流程培训 / 测试","1"
"page:13707158","topic:测试与验证","推断主题","test1","test1","测试","1"
"page:13717602","page:15874113","包含目录","test1","test1","test1 Home / 流程培训 / 测试11","1"
"page:15874113","topic:测试与验证","推断主题","test1","test1","测试11","1"
"page:13717602","page:15874118","包含目录","test1","test1","test1 Home / 流程培训 / 测试22","1"
"page:15874118","topic:测试与验证","推断主题","test1","test1","测试22","1"
"page:13717602","page:15874128","包含目录","test1","test1","test1 Home / 流程培训 / 测试3","1"
"page:15874128","topic:测试与验证","推断主题","test1","test1","测试3","1"
"page:13717602","page:13713931","包含目录","test1","test1","test1 Home / 流程培训 / 测试@功能","1"
"page:13713931","topic:测试与验证","推断主题","test1","test1","测试@功能","1"
"page:13717602","page:39394038","包含目录","test1","test1","test1 Home / 流程培训 / 熊俭荣的周报2018.12.3--7","1"
"page:39394038","topic:测试与验证","推断主题","test1","test1","熊俭荣的周报2018.12.3--7","1"
"page:8880958","page:264601602","包含目录","test1","test1","test1 Home / 测试1111","1"
"page:264601602","topic:测试与验证","推断主题","test1","test1","测试1111","1"
"page:8880958","page:233635881","包含目录","test1","test1","test1 Home / 测试新环境","1"
"page:233635881","topic:测试与验证","推断主题","test1","test1","测试新环境","1"
"space:VIDAA","page:66391221","空间首页","VIDAA","VIDAA","VIDAA Main page","1"
"page:66391221","topic:其他","推断主题","VIDAA","VIDAA","VIDAA Main page","1"
"page:66391221","page:66391561","包含目录","VIDAA","VIDAA","VIDAA Main page / Partner Engagement Management (PEM)","1"
"page:66391561","topic:其他","推断主题","VIDAA","VIDAA","Partner Engagement Management (PEM)","1"
"page:66391561","page:157204346","包含目录","VIDAA","VIDAA","VIDAA Main page / Partner Engagement Management (PEM) / APEM framework","1"
"page:157204346","topic:其他","推断主题","VIDAA","VIDAA","APEM framework","1"
"page:66391561","page:66391626","包含目录","VIDAA","VIDAA","VIDAA Main page / Partner Engagement Management (PEM) / BD PEM KITS","1"
"page:66391626","topic:其他","推断主题","VIDAA","VIDAA","BD PEM KITS","1"
"page:66391561","page:232612916","包含目录","VIDAA","VIDAA","VIDAA Main page / Partner Engagement Management (PEM) / Copy of BD PEM KITS","1"
"page:232612916","topic:其他","推断主题","VIDAA","VIDAA","Copy of BD PEM KITS","1"
"page:66391561","page:70161117","包含目录","VIDAA","VIDAA","VIDAA Main page / Partner Engagement Management (PEM) / CSP Test Account Portal","1"
"page:70161117","topic:测试与验证","推断主题","VIDAA","VIDAA","CSP Test Account Portal","1"
"page:66391561","page:99328082","包含目录","VIDAA","VIDAA","VIDAA Main page / Partner Engagement Management (PEM) / Hisense TV Models","1"
"page:99328082","topic:其他","推断主题","VIDAA","VIDAA","Hisense TV Models","1"
"page:66391561","page:85369004","包含目录","VIDAA","VIDAA","VIDAA Main page / Partner Engagement Management (PEM) / Images and Assets","1"
"page:85369004","topic:其他","推断主题","VIDAA","VIDAA","Images and Assets","1"
"page:66391561","page:81898975","包含目录","VIDAA","VIDAA","VIDAA Main page / Partner Engagement Management (PEM) / Integration Types and Procedures","1"
"page:81898975","topic:设计与架构","推断主题","VIDAA","VIDAA","Integration Types and Procedures","1"
"page:66391561","page:79794700","包含目录","VIDAA","VIDAA","VIDAA Main page / Partner Engagement Management (PEM) / Legal Paperwork and Processes","1"
"page:79794700","topic:其他","推断主题","VIDAA","VIDAA","Legal Paperwork and Processes","1"
"page:66391561","page:68854261","包含目录","VIDAA","VIDAA","VIDAA Main page / Partner Engagement Management (PEM) / PEM FRAMEWORK","1"
"page:68854261","topic:其他","推断主题","VIDAA","VIDAA","PEM FRAMEWORK","1"
"page:66391561","page:66391628","包含目录","VIDAA","VIDAA","VIDAA Main page / Partner Engagement Management (PEM) / Regional Mapping","1"
"page:66391628","topic:其他","推断主题","VIDAA","VIDAA","Regional Mapping","1"
"page:66391561","page:69504024","包含目录","VIDAA","VIDAA","VIDAA Main page / Partner Engagement Management (PEM) / Roles and Responsibilities","1"
"page:69504024","topic:其他","推断主题","VIDAA","VIDAA","Roles and Responsibilities","1"
"page:66391561","page:66391633","包含目录","VIDAA","VIDAA","VIDAA Main page / Partner Engagement Management (PEM) / Sample Ordering Process and Procedures","1"
"page:66391633","topic:其他","推断主题","VIDAA","VIDAA","Sample Ordering Process and Procedures","1"
"page:66391561","page:80454431","包含目录","VIDAA","VIDAA","VIDAA Main page / Partner Engagement Management (PEM) / Technical Documentation","1"
"page:80454431","topic:其他","推断主题","VIDAA","VIDAA","Technical Documentation","1"
"page:66391561","page:67636040","包含目录","VIDAA","VIDAA","VIDAA Main page / Partner Engagement Management (PEM) / TV model registration","1"
"page:67636040","topic:其他","推断主题","VIDAA","VIDAA","TV model registration","1"
"page:66391561","page:83989056","包含目录","VIDAA","VIDAA","VIDAA Main page / Partner Engagement Management (PEM) / Vidaa Glossary","1"
"page:83989056","topic:其他","推断主题","VIDAA","VIDAA","Vidaa Glossary","1"
"page:66391221","page:64554444","包含目录","VIDAA","VIDAA","VIDAA Main page / VIDAA Projects","1"
"page:64554444","topic:项目管理","推断主题","VIDAA","VIDAA","VIDAA Projects","1"
"page:64554444","page:65835178","包含目录","VIDAA","VIDAA","VIDAA Main page / VIDAA Projects / 6886 Program","1"
"page:65835178","topic:项目管理","推断主题","VIDAA","VIDAA","6886 Program","1"
"page:64554444","page:65835174","包含目录","VIDAA","VIDAA","VIDAA Main page / VIDAA Projects / 9602 Program","1"
"page:65835174","topic:项目管理","推断主题","VIDAA","VIDAA","9602 Program","1"
"page:64554444","page:66391168","包含目录","VIDAA","VIDAA","VIDAA Main page / VIDAA Projects / Cloud Program","1"
"page:66391168","topic:项目管理","推断主题","VIDAA","VIDAA","Cloud Program","1"
"page:64554444","page:68294357","包含目录","VIDAA","VIDAA","VIDAA Main page / VIDAA Projects / PEM Program","1"
"page:68294357","topic:项目管理","推断主题","VIDAA","VIDAA","PEM Program","1"
"page:64554444","page:191286683","包含目录","VIDAA","VIDAA","VIDAA Main page / VIDAA Projects / TVS Projects","1"
"page:191286683","topic:项目管理","推断主题","VIDAA","VIDAA","TVS Projects","1"
"page:64554444","page:85957272","包含目录","VIDAA","VIDAA","VIDAA Main page / VIDAA Projects / VIDAA Features","1"
"page:85957272","topic:需求与功能","推断主题","VIDAA","VIDAA","VIDAA Features","1"
"page:64554444","page:316548838","包含目录","VIDAA","VIDAA","VIDAA Main page / VIDAA Projects / 项目管理例会宣贯汇总","1"
"page:316548838","topic:会议与协同","推断主题","VIDAA","VIDAA","项目管理例会宣贯汇总","1"
"page:66391221","page:66391608","包含目录","VIDAA","VIDAA","VIDAA Main page / VIDAA Quality","1"
"page:66391608","topic:数据与质量","推断主题","VIDAA","VIDAA","VIDAA Quality","1"
"page:66391608","page:230130021","包含目录","VIDAA","VIDAA","VIDAA Main page / VIDAA Quality / IT","1"
"page:230130021","topic:数据与质量","推断主题","VIDAA","VIDAA","IT","1"
"page:66391608","page:173051796","包含目录","VIDAA","VIDAA","VIDAA Main page / VIDAA Quality / NPS管理","1"
"page:173051796","topic:问题与复盘","推断主题","VIDAA","VIDAA","NPS管理","1"
"page:66391608","page:215339101","包含目录","VIDAA","VIDAA","VIDAA Main page / VIDAA Quality / SQA过程管理","1"
"page:215339101","topic:测试与验证","推断主题","VIDAA","VIDAA","SQA过程管理","1"
"page:66391608","page:252866151","包含目录","VIDAA","VIDAA","VIDAA Main page / VIDAA Quality / VIDAA Integrated Testing Team(集成测试部)","1"
"page:252866151","topic:设计与架构","推断主题","VIDAA","VIDAA","VIDAA Integrated Testing Team(集成测试部)","1"
"page:66391608","page:150747876","包含目录","VIDAA","VIDAA","VIDAA Main page / VIDAA Quality / 云端后台Crash监控数据分析","1"
"page:150747876","topic:问题与复盘","推断主题","VIDAA","VIDAA","云端后台Crash监控数据分析","1"
"page:66391608","page:164071554","包含目录","VIDAA","VIDAA","VIDAA Main page / VIDAA Quality / 体系管理","1"
"page:164071554","topic:项目管理","推断主题","VIDAA","VIDAA","体系管理","1"
"page:66391608","page:171415718","包含目录","VIDAA","VIDAA","VIDAA Main page / VIDAA Quality / 市场问题管理","1"
"page:171415718","topic:问题与复盘","推断主题","VIDAA","VIDAA","市场问题管理","1"
"page:66391608","page:182064214","包含目录","VIDAA","VIDAA","VIDAA Main page / VIDAA Quality / 海外共性问题","1"
"page:182064214","topic:问题与复盘","推断主题","VIDAA","VIDAA","海外共性问题","1"
"page:66391608","page:207392086","包含目录","VIDAA","VIDAA","VIDAA Main page / VIDAA Quality / 组合项目管理专题改进","1"
"page:207392086","topic:项目管理","推断主题","VIDAA","VIDAA","组合项目管理专题改进","1"
"page:66391608","page:219566814","包含目录","VIDAA","VIDAA","VIDAA Main page / VIDAA Quality / 组织资产库","1"
"page:219566814","topic:数据与质量","推断主题","VIDAA","VIDAA","组织资产库","1"
"page:66391608","page:201044753","包含目录","VIDAA","VIDAA","VIDAA Main page / VIDAA Quality / 网评问题管理","1"
"page:201044753","topic:问题与复盘","推断主题","VIDAA","VIDAA","网评问题管理","1"
"page:66391608","page:243912117","包含目录","VIDAA","VIDAA","VIDAA Main page / VIDAA Quality / 质量活动策划-2024","1"
"page:243912117","topic:数据与质量","推断主题","VIDAA","VIDAA","质量活动策划-2024","1"
"page:66391608","page:231044936","包含目录","VIDAA","VIDAA","VIDAA Main page / VIDAA Quality / 部门培训","1"
"page:231044936","topic:培训与知识","推断主题","VIDAA","VIDAA","部门培训","1"
"page:66391221","page:129801954","包含目录","VIDAA","VIDAA","VIDAA Main page / VIDAA OEM","1"
"page:129801954","topic:其他","推断主题","VIDAA","VIDAA","VIDAA OEM","1"
"page:129801954","page:245767117","包含目录","VIDAA","VIDAA","VIDAA Main page / VIDAA OEM / App requirements","1"
"page:245767117","topic:需求与功能","推断主题","VIDAA","VIDAA","App requirements","1"
"page:129801954","page:205690416","包含目录","VIDAA","VIDAA","VIDAA Main page / VIDAA OEM / CVTE需求沟通","1"
"page:205690416","topic:需求与功能","推断主题","VIDAA","VIDAA","CVTE需求沟通","1"
"page:129801954","page:261748635","包含目录","VIDAA","VIDAA","VIDAA Main page / VIDAA OEM / DASS系统增加小包数据显示项目","1"
"page:261748635","topic:项目管理","推断主题","VIDAA","VIDAA","DASS系统增加小包数据显示项目","1"
"page:129801954","page:168149758","包含目录","VIDAA","VIDAA","VIDAA Main page / VIDAA OEM / Foxxum 合作品牌","1"
"page:168149758","topic:其他","推断主题","VIDAA","VIDAA","Foxxum 合作品牌","1"
"page:129801954","page:302741410","包含目录","VIDAA","VIDAA","VIDAA Main page / VIDAA OEM / Mediaset认证报备品牌&机型list","1"
"page:302741410","topic:培训与知识","推断主题","VIDAA","VIDAA","Mediaset认证报备品牌&机型list","1"
"page:129801954","page:155691232","包含目录","VIDAA","VIDAA","VIDAA Main page / VIDAA OEM / OEM工作计划","1"
"page:155691232","topic:版本与计划","推断主题","VIDAA","VIDAA","OEM工作计划","1"
"page:129801954","page:182665663","包含目录","VIDAA","VIDAA","VIDAA Main page / VIDAA OEM / Portal网站相关","1"
"page:182665663","topic:其他","推断主题","VIDAA","VIDAA","Portal网站相关","1"
"page:129801954","page:160374349","包含目录","VIDAA","VIDAA","VIDAA Main page / VIDAA OEM / VIDAA OEM定制化能力","1"
"page:160374349","topic:其他","推断主题","VIDAA","VIDAA","VIDAA OEM定制化能力","1"
"page:129801954","page:228329853","包含目录","VIDAA","VIDAA","VIDAA Main page / VIDAA OEM / VIDAA平台降本","1"
"page:228329853","topic:其他","推断主题","VIDAA","VIDAA","VIDAA平台降本","1"
"page:129801954","page:156482370","包含目录","VIDAA","VIDAA","VIDAA Main page / VIDAA OEM / YOUTUBE备案型号备忘","1"
"page:156482370","topic:其他","推断主题","VIDAA","VIDAA","YOUTUBE备案型号备忘","1"
"page:129801954","page:267129477","包含目录","VIDAA","VIDAA","VIDAA Main page / VIDAA OEM / 产品规划信息","1"
"page:267129477","topic:其他","推断主题","VIDAA","VIDAA","产品规划信息","1"
"page:129801954","page:183535824","包含目录","VIDAA","VIDAA","VIDAA Main page / VIDAA OEM / 出差交流信息：","1"
"page:183535824","topic:其他","推断主题","VIDAA","VIDAA","出差交流信息：","1"
"page:129801954","page:160376108","包含目录","VIDAA","VIDAA","VIDAA Main page / VIDAA OEM / 常用信息汇总","1"
"page:160376108","topic:其他","推断主题","VIDAA","VIDAA","常用信息汇总","1"
"page:129801954","page:145075032","包含目录","VIDAA","VIDAA","VIDAA Main page / VIDAA OEM / 样机管理","1"
"page:145075032","topic:项目管理","推断主题","VIDAA","VIDAA","样机管理","1"
"page:129801954","page:229971110","包含目录","VIDAA","VIDAA","VIDAA Main page / VIDAA OEM / 流程管理","1"
"page:229971110","topic:规范与流程","推断主题","VIDAA","VIDAA","流程管理","1"
"page:129801954","page:248716837","包含目录","VIDAA","VIDAA","VIDAA Main page / VIDAA OEM / 软件项目记录","1"
"page:248716837","topic:项目管理","推断主题","VIDAA","VIDAA","软件项目记录","1"
"page:66391221","page:130460394","包含目录","VIDAA","VIDAA","VIDAA Main page / VIDAA Design","1"
"page:130460394","topic:设计与架构","推断主题","VIDAA","VIDAA","VIDAA Design","1"
"page:130460394","page:330915270","包含目录","VIDAA","VIDAA","VIDAA Main page / VIDAA Design / Ease of use NPS 2025","1"
"page:330915270","topic:设计与架构","推断主题","VIDAA","VIDAA","Ease of use NPS 2025","1"
"page:130460394","page:217335843","包含目录","VIDAA","VIDAA","VIDAA Main page / VIDAA Design / U8 Iconfont Naming Update","1"
"page:217335843","topic:设计与架构","推断主题","VIDAA","VIDAA","U8 Iconfont Naming Update","1"
"page:130460394","page:211092342","包含目录","VIDAA","VIDAA","VIDAA Main page / VIDAA Design / U8 TV Error Message Redefinition","1"
"page:211092342","topic:设计与架构","推断主题","VIDAA","VIDAA","U8 TV Error Message Redefinition","1"
"page:130460394","page:145726783","包含目录","VIDAA","VIDAA","VIDAA Main page / VIDAA Design / UX Documentation","1"
"page:145726783","topic:设计与架构","推断主题","VIDAA","VIDAA","UX Documentation","1"
"page:66391221","page:303900535","包含目录","VIDAA","VIDAA","VIDAA Main page / VIDAA TVOS R&D","1"
"page:303900535","topic:其他","推断主题","VIDAA","VIDAA","VIDAA TVOS R&D","1"
"page:303900535","page:303900915","包含目录","VIDAA","VIDAA","VIDAA Main page / VIDAA TVOS R&D / Key Programs in 2025","1"
"page:303900915","topic:其他","推断主题","VIDAA","VIDAA","Key Programs in 2025","1"
"page:303900535","page:303900583","包含目录","VIDAA","VIDAA","VIDAA Main page / VIDAA TVOS R&D / Visit&Trip Space(出差交流空间)","1"
"page:303900583","topic:其他","推断主题","VIDAA","VIDAA","Visit&Trip Space(出差交流空间)","1"
"page:303900535","page:341988084","包含目录","VIDAA","VIDAA","VIDAA Main page / VIDAA TVOS R&D / 部门PBC-2026","1"
"page:341988084","topic:其他","推断主题","VIDAA","VIDAA","部门PBC-2026","1"
"page:66391221","page:173920041","包含目录","VIDAA","VIDAA","VIDAA Main page / VIDAA Cloud","1"
"page:173920041","topic:其他","推断主题","VIDAA","VIDAA","VIDAA Cloud","1"
"page:173920041","page:174736933","包含目录","VIDAA","VIDAA","VIDAA Main page / VIDAA Cloud / 业务相关网站汇总","1"
"page:174736933","topic:其他","推断主题","VIDAA","VIDAA","业务相关网站汇总","1"
"page:173920041","page:174736771","包含目录","VIDAA","VIDAA","VIDAA Main page / VIDAA Cloud / 云业务相关调查整理文档","1"
"page:174736771","topic:规范与流程","推断主题","VIDAA","VIDAA","云业务相关调查整理文档","1"
"page:173920041","page:174736727","包含目录","VIDAA","VIDAA","VIDAA Main page / VIDAA Cloud / 设计评审文档","1"
"page:174736727","topic:设计与架构","推断主题","VIDAA","VIDAA","设计评审文档","1"
"page:173920041","page:193498193","包含目录","VIDAA","VIDAA","VIDAA Main page / VIDAA Cloud / 云端业务计划和记录","1"
"page:193498193","topic:版本与计划","推断主题","VIDAA","VIDAA","云端业务计划和记录","1"
"page:173920041","page:174739853","包含目录","VIDAA","VIDAA","VIDAA Main page / VIDAA Cloud / 个人记录","1"
"page:174739853","topic:其他","推断主题","VIDAA","VIDAA","个人记录","1"
"page:173920041","page:175517710","包含目录","VIDAA","VIDAA","VIDAA Main page / VIDAA Cloud / Cloud Side Integration","1"
"page:175517710","topic:设计与架构","推断主题","VIDAA","VIDAA","Cloud Side Integration","1"
"page:173920041","page:186138347","包含目录","VIDAA","VIDAA","VIDAA Main page / VIDAA Cloud / RCA分析","1"
"page:186138347","topic:问题与复盘","推断主题","VIDAA","VIDAA","RCA分析","1"
"page:173920041","page:190350332","包含目录","VIDAA","VIDAA","VIDAA Main page / VIDAA Cloud / 测试相关","1"
"page:190350332","topic:测试与验证","推断主题","VIDAA","VIDAA","测试相关","1"
"page:173920041","page:197528655","包含目录","VIDAA","VIDAA","VIDAA Main page / VIDAA Cloud / VIDAA Cloud 进度周报","1"
"page:197528655","topic:项目管理","推断主题","VIDAA","VIDAA","VIDAA Cloud 进度周报","1"
"page:173920041","page:222799657","包含目录","VIDAA","VIDAA","VIDAA Main page / VIDAA Cloud / Weekly Review meeting 2023","1"
"page:222799657","topic:会议与协同","推断主题","VIDAA","VIDAA","Weekly Review meeting 2023","1"
"page:173920041","page:222816495","包含目录","VIDAA","VIDAA","VIDAA Main page / VIDAA Cloud / 2023 KPI","1"
"page:222816495","topic:其他","推断主题","VIDAA","VIDAA","2023 KPI","1"
"page:173920041","page:222817192","包含目录","VIDAA","VIDAA","VIDAA Main page / VIDAA Cloud / 问题梳理和措施","1"
"page:222817192","topic:问题与复盘","推断主题","VIDAA","VIDAA","问题梳理和措施","1"
"page:173920041","page:232988839","包含目录","VIDAA","VIDAA","VIDAA Main page / VIDAA Cloud / 宣贯记录","1"
"page:232988839","topic:其他","推断主题","VIDAA","VIDAA","宣贯记录","1"
"page:66391221","page:204738036","包含目录","VIDAA","VIDAA","VIDAA Main page / VIDAA  Training","1"
"page:204738036","topic:培训与知识","推断主题","VIDAA","VIDAA","VIDAA  Training","1"
"page:204738036","page:307320917","包含目录","VIDAA","VIDAA","VIDAA Main page / VIDAA  Training / 1、深圳华为、腾讯交流总结及培训内容","1"
"page:307320917","topic:培训与知识","推断主题","VIDAA","VIDAA","1、深圳华为、腾讯交流总结及培训内容","1"
"page:204738036","page:308868406","包含目录","VIDAA","VIDAA","VIDAA Main page / VIDAA  Training / 2、AI专项培训","1"
"page:308868406","topic:培训与知识","推断主题","VIDAA","VIDAA","2、AI专项培训","1"
"page:204738036","page:218154999","包含目录","VIDAA","VIDAA","VIDAA Main page / VIDAA  Training / VIDAA 各部门知识图谱及配套培训课程合集","1"
"page:218154999","topic:培训与知识","推断主题","VIDAA","VIDAA","VIDAA 各部门知识图谱及配套培训课程合集","1"
"page:204738036","page:213427062","包含目录","VIDAA","VIDAA","VIDAA Main page / VIDAA  Training / VIDAA-核心技术大讲堂","1"
"page:213427062","topic:培训与知识","推断主题","VIDAA","VIDAA","VIDAA-核心技术大讲堂","1"
"page:204738036","page:215323537","包含目录","VIDAA","VIDAA","VIDAA Main page / VIDAA  Training / VIDAA-讲师培训","1"
"page:215323537","topic:培训与知识","推断主题","VIDAA","VIDAA","VIDAA-讲师培训","1"
"page:204738036","page:204738172","包含目录","VIDAA","VIDAA","VIDAA Main page / VIDAA  Training / 业务拓展部","1"
"page:204738172","topic:培训与知识","推断主题","VIDAA","VIDAA","业务拓展部","1"
"page:204738036","page:204738194","包含目录","VIDAA","VIDAA","VIDAA Main page / VIDAA  Training / 产品部","1"
"page:204738194","topic:培训与知识","推断主题","VIDAA","VIDAA","产品部","1"
"page:204738036","page:232993677","包含目录","VIDAA","VIDAA","VIDAA Main page / VIDAA  Training / 员工能力提升版块","1"
"page:232993677","topic:培训与知识","推断主题","VIDAA","VIDAA","员工能力提升版块","1"
"page:204738036","page:204738191","包含目录","VIDAA","VIDAA","VIDAA Main page / VIDAA  Training / 应用开发部","1"
"page:204738191","topic:培训与知识","推断主题","VIDAA","VIDAA","应用开发部","1"
"page:204738036","page:209945835","包含目录","VIDAA","VIDAA","VIDAA Main page / VIDAA  Training / 武汉开发部","1"
"page:209945835","topic:培训与知识","推断主题","VIDAA","VIDAA","武汉开发部","1"
"page:204738036","page:204738176","包含目录","VIDAA","VIDAA","VIDAA Main page / VIDAA  Training / 深圳开发部","1"
"page:204738176","topic:培训与知识","推断主题","VIDAA","VIDAA","深圳开发部","1"
"page:204738036","page:204738185","包含目录","VIDAA","VIDAA","VIDAA Main page / VIDAA  Training / 系统开发部","1"
"page:204738185","topic:培训与知识","推断主题","VIDAA","VIDAA","系统开发部","1"
"page:204738036","page:215349780","包含目录","VIDAA","VIDAA","VIDAA Main page / VIDAA  Training / 规范/标准宣贯系列","1"
"page:215349780","topic:规范与流程","推断主题","VIDAA","VIDAA","规范/标准宣贯系列","1"
"page:204738036","page:204738087","包含目录","VIDAA","VIDAA","VIDAA Main page / VIDAA  Training / 质量与管理推进部","1"
"page:204738087","topic:培训与知识","推断主题","VIDAA","VIDAA","质量与管理推进部","1"
"page:204738036","page:204738188","包含目录","VIDAA","VIDAA","VIDAA Main page / VIDAA  Training / 项目管理部","1"
"page:204738188","topic:培训与知识","推断主题","VIDAA","VIDAA","项目管理部","1"
"page:66391221","page:291490736","包含目录","VIDAA","VIDAA","VIDAA Main page / AI Efficiency Improvement","1"
"page:291490736","topic:其他","推断主题","VIDAA","VIDAA","AI Efficiency Improvement","1"
"page:291490736","page:301263695","包含目录","VIDAA","VIDAA","VIDAA Main page / AI Efficiency Improvement / AI战略推进 月报&周报","1"
"page:301263695","topic:其他","推断主题","VIDAA","VIDAA","AI战略推进 月报&周报","1"
"page:291490736","page:295879905","包含目录","VIDAA","VIDAA","VIDAA Main page / AI Efficiency Improvement / AI提效-产品","1"
"page:295879905","topic:其他","推断主题","VIDAA","VIDAA","AI提效-产品","1"
"page:291490736","page:295865376","包含目录","VIDAA","VIDAA","VIDAA Main page / AI Efficiency Improvement / AI提效-测试","1"
"page:295865376","topic:测试与验证","推断主题","VIDAA","VIDAA","AI提效-测试","1"
"page:291490736","page:295865366","包含目录","VIDAA","VIDAA","VIDAA Main page / AI Efficiency Improvement / AI提效-软件开发","1"
"page:295865366","topic:其他","推断主题","VIDAA","VIDAA","AI提效-软件开发","1"
"page:291490736","page:295865378","包含目录","VIDAA","VIDAA","VIDAA Main page / AI Efficiency Improvement / AI提效-运营","1"
"page:295865378","topic:其他","推断主题","VIDAA","VIDAA","AI提效-运营","1"
"page:291490736","page:295867811","包含目录","VIDAA","VIDAA","VIDAA Main page / AI Efficiency Improvement / AI提效工作组周报","1"
"page:295867811","topic:其他","推断主题","VIDAA","VIDAA","AI提效工作组周报","1"
"page:291490736","page:320151973","包含目录","VIDAA","VIDAA","VIDAA Main page / AI Efficiency Improvement / AI提效模块端口负责人","1"
"page:320151973","topic:其他","推断主题","VIDAA","VIDAA","AI提效模块端口负责人","1"
"page:291490736","page:303913239","包含目录","VIDAA","VIDAA","VIDAA Main page / AI Efficiency Improvement / AI智能体及各板块目标落地验收量化","1"
"page:303913239","topic:其他","推断主题","VIDAA","VIDAA","AI智能体及各板块目标落地验收量化","1"
"page:291490736","page:294128510","包含目录","VIDAA","VIDAA","VIDAA Main page / AI Efficiency Improvement / 会议纪要","1"
"page:294128510","topic:会议与协同","推断主题","VIDAA","VIDAA","会议纪要","1"
"page:66391221","page:295884288","包含目录","VIDAA","VIDAA","VIDAA Main page / VIDAA Operation","1"
"page:295884288","topic:其他","推断主题","VIDAA","VIDAA","VIDAA Operation","1"
"page:295884288","page:310925106","包含目录","VIDAA","VIDAA","VIDAA Main page / VIDAA Operation / Documents","1"
"page:310925106","topic:其他","推断主题","VIDAA","VIDAA","Documents","1"
"page:295884288","page:297486995","包含目录","VIDAA","VIDAA","VIDAA Main page / VIDAA Operation / Online issue tracking","1"
"page:297486995","topic:问题与复盘","推断主题","VIDAA","VIDAA","Online issue tracking","1"
"page:295884288","page:295884291","包含目录","VIDAA","VIDAA","VIDAA Main page / VIDAA Operation / Op requirement management","1"
"page:295884291","topic:需求与功能","推断主题","VIDAA","VIDAA","Op requirement management","1"
"page:295884288","page:302713871","包含目录","VIDAA","VIDAA","VIDAA Main page / VIDAA Operation / Operation workflow","1"
"page:302713871","topic:其他","推断主题","VIDAA","VIDAA","Operation workflow","1"
"page:295884288","page:324858164","包含目录","VIDAA","VIDAA","VIDAA Main page / VIDAA Operation / Vestal APP Version","1"
"page:324858164","topic:其他","推断主题","VIDAA","VIDAA","Vestal APP Version","1"
"page:66391221","page:87857026","包含目录","VIDAA","VIDAA","VIDAA Main page / VIDAA Technology","1"
"page:87857026","topic:其他","推断主题","VIDAA","VIDAA","VIDAA Technology","1"
"page:87857026","page:87857029","包含目录","VIDAA","VIDAA","VIDAA Main page / VIDAA Technology / TV Device","1"
"page:87857029","topic:其他","推断主题","VIDAA","VIDAA","TV Device","1"
"page:87857026","page:113475862","包含目录","VIDAA","VIDAA","VIDAA Main page / VIDAA Technology / VIDAA OS软件架构概念定义","1"
"page:113475862","topic:设计与架构","推断主题","VIDAA","VIDAA","VIDAA OS软件架构概念定义","1"
"page:87857026","page:139076884","包含目录","VIDAA","VIDAA","VIDAA Main page / VIDAA Technology / VIDAA预研项目评审记录","1"
"page:139076884","topic:项目管理","推断主题","VIDAA","VIDAA","VIDAA预研项目评审记录","1"
"page:87857026","page:181163584","包含目录","VIDAA","VIDAA","VIDAA Main page / VIDAA Technology / 创新成果","1"
"page:181163584","topic:其他","推断主题","VIDAA","VIDAA","创新成果","1"
"page:66391221","page:83305186","包含目录","VIDAA","VIDAA","VIDAA Main page / Certification Lab","1"
"page:83305186","topic:测试与验证","推断主题","VIDAA","VIDAA","Certification Lab","1"
"page:83305186","page:83305211","包含目录","VIDAA","VIDAA","VIDAA Main page / Certification Lab / 0-General","1"
"page:83305211","topic:测试与验证","推断主题","VIDAA","VIDAA","0-General","1"
"page:83305186","page:83305828","包含目录","VIDAA","VIDAA","VIDAA Main page / Certification Lab / 1-Global Certifications","1"
"page:83305828","topic:测试与验证","推断主题","VIDAA","VIDAA","1-Global Certifications","1"
"page:83305186","page:83306485","包含目录","VIDAA","VIDAA","VIDAA Main page / Certification Lab / 2-NA Certifications","1"
"page:83306485","topic:测试与验证","推断主题","VIDAA","VIDAA","2-NA Certifications","1"
"page:83305186","page:83306561","包含目录","VIDAA","VIDAA","VIDAA Main page / Certification Lab / 3-EU Certifications","1"
"page:83306561","topic:测试与验证","推断主题","VIDAA","VIDAA","3-EU Certifications","1"
"page:83305186","page:83984978","包含目录","VIDAA","VIDAA","VIDAA Main page / Certification Lab / 4-SA Certifications","1"
"page:83984978","topic:测试与验证","推断主题","VIDAA","VIDAA","4-SA Certifications","1"
"page:83305186","page:83985003","包含目录","VIDAA","VIDAA","VIDAA Main page / Certification Lab / 5-EM Certifications","1"
"page:83985003","topic:测试与验证","推断主题","VIDAA","VIDAA","5-EM Certifications","1"
"page:83305186","page:83985036","包含目录","VIDAA","VIDAA","VIDAA Main page / Certification Lab / 6-JP Certifications","1"
"page:83985036","topic:测试与验证","推断主题","VIDAA","VIDAA","6-JP Certifications","1"
"page:66391221","page:66391585","包含目录","VIDAA","VIDAA","VIDAA Main page / VIDAA USA On Boarding","1"
"page:66391585","topic:其他","推断主题","VIDAA","VIDAA","VIDAA USA On Boarding","1"
"page:66391585","page:66391591","包含目录","VIDAA","VIDAA","VIDAA Main page / VIDAA USA On Boarding / Decryption / Encryption for Mac/Windows users","1"
"page:66391591","topic:其他","推断主题","VIDAA","VIDAA","Decryption / Encryption for Mac/Windows users","1"
"page:66391585","page:83987212","包含目录","VIDAA","VIDAA","VIDAA Main page / VIDAA USA On Boarding / Families First Coronavirus Response Act","1"
"page:83987212","topic:其他","推断主题","VIDAA","VIDAA","Families First Coronavirus Response Act","1"
"page:66391585","page:82583355","包含目录","VIDAA","VIDAA","VIDAA Main page / VIDAA USA On Boarding / Hisense Organizational Cheat Sheet","1"
"page:82583355","topic:其他","推断主题","VIDAA","VIDAA","Hisense Organizational Cheat Sheet","1"
"page:66391585","page:66392619","包含目录","VIDAA","VIDAA","VIDAA Main page / VIDAA USA On Boarding / How to setup a VPN","1"
"page:66392619","topic:其他","推断主题","VIDAA","VIDAA","How to setup a VPN","1"
"page:66391585","page:66394150","包含目录","VIDAA","VIDAA","VIDAA Main page / VIDAA USA On Boarding / Payroll Schedule and Holidays","1"
"page:66394150","topic:其他","推断主题","VIDAA","VIDAA","Payroll Schedule and Holidays","1"
"page:66391585","page:79135494","包含目录","VIDAA","VIDAA","VIDAA Main page / VIDAA USA On Boarding / PEM Portal Information","1"
"page:79135494","topic:其他","推断主题","VIDAA","VIDAA","PEM Portal Information","1"
"page:66391585","page:78318313","包含目录","VIDAA","VIDAA","VIDAA Main page / VIDAA USA On Boarding / Setting up a webex account","1"
"page:78318313","topic:其他","推断主题","VIDAA","VIDAA","Setting up a webex account","1"
"page:66391585","page:66394135","包含目录","VIDAA","VIDAA","VIDAA Main page / VIDAA USA On Boarding / WiFi connection in Qingdao R&D (PC/Windows Only)","1"
"page:66394135","topic:其他","推断主题","VIDAA","VIDAA","WiFi connection in Qingdao R&D (PC/Windows Only)","1"
"page:66391221","page:303900368","包含目录","VIDAA","VIDAA","VIDAA Main page / Archived-2025-0512","1"
"page:303900368","topic:其他","推断主题","VIDAA","VIDAA","Archived-2025-0512","1"
"page:303900368","page:66391630","包含目录","VIDAA","VIDAA","VIDAA Main page / Archived-2025-0512 / 2. Partner Portal","1"
"page:66391630","topic:其他","推断主题","VIDAA","VIDAA","2. Partner Portal","1"
"page:303900368","page:67636032","包含目录","VIDAA","VIDAA","VIDAA Main page / Archived-2025-0512 / File lists","1"
"page:67636032","topic:其他","推断主题","VIDAA","VIDAA","File lists","1"
"page:303900368","page:66391566","包含目录","VIDAA","VIDAA","VIDAA Main page / Archived-2025-0512 / Global Product Management","1"
"page:66391566","topic:其他","推断主题","VIDAA","VIDAA","Global Product Management","1"
"page:303900368","page:66394134","包含目录","VIDAA","VIDAA","VIDAA Main page / Archived-2025-0512 / How-to articles","1"
"page:66394134","topic:其他","推断主题","VIDAA","VIDAA","How-to articles","1"
"page:303900368","page:157205789","包含目录","VIDAA","VIDAA","VIDAA Main page / Archived-2025-0512 / JIRA-Berichte","1"
"page:157205789","topic:其他","推断主题","VIDAA","VIDAA","JIRA-Berichte","1"
"page:303900368","page:92277067","包含目录","VIDAA","VIDAA","VIDAA Main page / Archived-2025-0512 / Marketing","1"
"page:92277067","topic:其他","推断主题","VIDAA","VIDAA","Marketing","1"
"page:303900368","page:70159752","包含目录","VIDAA","VIDAA","VIDAA Main page / Archived-2025-0512 / Meeting notes","1"
"page:70159752","topic:会议与协同","推断主题","VIDAA","VIDAA","Meeting notes","1"
"page:303900368","page:66392642","包含目录","VIDAA","VIDAA","VIDAA Main page / Archived-2025-0512 / OTT Lab - ""COMPETITION""","1"
"page:66392642","topic:测试与验证","推断主题","VIDAA","VIDAA","OTT Lab - ""COMPETITION""","1"
"page:303900368","page:69501024","包含目录","VIDAA","VIDAA","VIDAA Main page / Archived-2025-0512 / Salt Diagrams","1"
"page:69501024","topic:其他","推断主题","VIDAA","VIDAA","Salt Diagrams","1"
"page:303900368","page:80448731","包含目录","VIDAA","VIDAA","VIDAA Main page / Archived-2025-0512 / Vidaa Billing","1"
"page:80448731","topic:其他","推断主题","VIDAA","VIDAA","Vidaa Billing","1"
"page:303900368","page:67080410","包含目录","VIDAA","VIDAA","VIDAA Main page / Archived-2025-0512 / VIDAA Financial","1"
"page:67080410","topic:其他","推断主题","VIDAA","VIDAA","VIDAA Financial","1"
"page:303900368","page:67078214","包含目录","VIDAA","VIDAA","VIDAA Main page / Archived-2025-0512 / VIDAA HR","1"
"page:67078214","topic:其他","推断主题","VIDAA","VIDAA","VIDAA HR","1"
"page:303900368","page:104793403","包含目录","VIDAA","VIDAA","VIDAA Main page / Archived-2025-0512 / VIDAA Patent","1"
"page:104793403","topic:其他","推断主题","VIDAA","VIDAA","VIDAA Patent","1"
"page:303900368","page:203826382","包含目录","VIDAA","VIDAA","VIDAA Main page / Archived-2025-0512 / VIDAA tv U8需求整理","1"
"page:203826382","topic:需求与功能","推断主题","VIDAA","VIDAA","VIDAA tv U8需求整理","1"
"page:303900368","page:67084201","包含目录","VIDAA","VIDAA","VIDAA Main page / Archived-2025-0512 / VIDAA weekly report for Hisense board","1"
"page:67084201","topic:其他","推断主题","VIDAA","VIDAA","VIDAA weekly report for Hisense board","1"
"page:303900368","page:177872832","包含目录","VIDAA","VIDAA","VIDAA Main page / Archived-2025-0512 / 产品需求","1"
"page:177872832","topic:需求与功能","推断主题","VIDAA","VIDAA","产品需求","1"
"page:66391221","page:312524503","包含目录","VIDAA","VIDAA","VIDAA Main page / R&D Efficiency Improvement","1"
"page:312524503","topic:其他","推断主题","VIDAA","VIDAA","R&D Efficiency Improvement","1"
"page:312524503","page:313800343","包含目录","VIDAA","VIDAA","VIDAA Main page / R&D Efficiency Improvement / Patch提交流程优化","1"
"page:313800343","topic:规范与流程","推断主题","VIDAA","VIDAA","Patch提交流程优化","1"
"page:312524503","page:312524511","包含目录","VIDAA","VIDAA","VIDAA Main page / R&D Efficiency Improvement / 研发过程改善-2025","1"
"page:312524511","topic:其他","推断主题","VIDAA","VIDAA","研发过程改善-2025","1"
"page:66391221","page:313803519","包含目录","VIDAA","VIDAA","VIDAA Main page / VIDAA Performance Management","1"
"page:313803519","topic:其他","推断主题","VIDAA","VIDAA","VIDAA Performance Management","1"
"page:313803519","page:313803599","包含目录","VIDAA","VIDAA","VIDAA Main page / VIDAA Performance Management / 月度绩效加减分—2025.06","1"
"page:313803599","topic:其他","推断主题","VIDAA","VIDAA","月度绩效加减分—2025.06","1"
"page:313803519","page:324846386","包含目录","VIDAA","VIDAA","VIDAA Main page / VIDAA Performance Management / 月度绩效加减分—2025.07","1"
"page:324846386","topic:其他","推断主题","VIDAA","VIDAA","月度绩效加减分—2025.07","1"
"page:313803519","page:324846497","包含目录","VIDAA","VIDAA","VIDAA Main page / VIDAA Performance Management / 月度绩效加减分—2025.08","1"
"page:324846497","topic:其他","推断主题","VIDAA","VIDAA","月度绩效加减分—2025.08","1"
"page:313803519","page:326686241","包含目录","VIDAA","VIDAA","VIDAA Main page / VIDAA Performance Management / 月度绩效加减分—2025.09","1"
"page:326686241","topic:其他","推断主题","VIDAA","VIDAA","月度绩效加减分—2025.09","1"
"page:313803519","page:335544905","包含目录","VIDAA","VIDAA","VIDAA Main page / VIDAA Performance Management / 月度绩效加减分—2025.10","1"
"page:335544905","topic:其他","推断主题","VIDAA","VIDAA","月度绩效加减分—2025.10","1"
"page:313803519","page:341994397","包含目录","VIDAA","VIDAA","VIDAA Main page / VIDAA Performance Management / 月度绩效加减分—2025.11","1"
"page:341994397","topic:其他","推断主题","VIDAA","VIDAA","月度绩效加减分—2025.11","1"
"page:66391221","page:313818914","包含目录","VIDAA","VIDAA","VIDAA Main page / VIDAA Organization Construction","1"
"page:313818914","topic:其他","推断主题","VIDAA","VIDAA","VIDAA Organization Construction","1"
"page:313818914","page:313818924","包含目录","VIDAA","VIDAA","VIDAA Main page / VIDAA Organization Construction / Department Responsibility/部门职责","1"
"page:313818924","topic:其他","推断主题","VIDAA","VIDAA","Department Responsibility/部门职责","1"
"page:313818914","page:313819009","包含目录","VIDAA","VIDAA","VIDAA Main page / VIDAA Organization Construction / Position Responsibility/岗位职责","1"
"page:313819009","topic:其他","推断主题","VIDAA","VIDAA","Position Responsibility/岗位职责","1"
"space:HWDBYYS","page:7340192","空间首页","HWDBYYS","VIDAA系统研发部","VIDAA系统研发部 Home","1"
"page:7340192","topic:其他","推断主题","HWDBYYS","VIDAA系统研发部","VIDAA系统研发部 Home","1"
"page:7340192","page:7340063","包含目录","HWDBYYS","VIDAA系统研发部","VIDAA系统研发部 Home / 0 新员工部门入职指引","1"
"page:7340063","topic:其他","推断主题","HWDBYYS","VIDAA系统研发部","0 新员工部门入职指引","1"
"page:7340063","page:53412473","包含目录","HWDBYYS","VIDAA系统研发部","VIDAA系统研发部 Home / 0 新员工部门入职指引 / 1.新员工入职","1"
"page:53412473","topic:其他","推断主题","HWDBYYS","VIDAA系统研发部","1.新员工入职","1"
"page:7340063","page:7340065","包含目录","HWDBYYS","VIDAA系统研发部","VIDAA系统研发部 Home / 0 新员工部门入职指引 / 2.搭建电脑系统","1"
"page:7340065","topic:其他","推断主题","HWDBYYS","VIDAA系统研发部","2.搭建电脑系统","1"
"page:7340063","page:7340038","包含目录","HWDBYYS","VIDAA系统研发部","VIDAA系统研发部 Home / 0 新员工部门入职指引 / 3.云桌面的使用","1"
"page:7340038","topic:其他","推断主题","HWDBYYS","VIDAA系统研发部","3.云桌面的使用","1"
"page:7340063","page:7340034","包含目录","HWDBYYS","VIDAA系统研发部","VIDAA系统研发部 Home / 0 新员工部门入职指引 / 4.Confluence的使用","1"
"page:7340034","topic:其他","推断主题","HWDBYYS","VIDAA系统研发部","4.Confluence的使用","1"
"page:7340063","page:7340039","包含目录","HWDBYYS","VIDAA系统研发部","VIDAA系统研发部 Home / 0 新员工部门入职指引 / 5.Gerrit的使用","1"
"page:7340039","topic:其他","推断主题","HWDBYYS","VIDAA系统研发部","5.Gerrit的使用","1"
"page:7340063","page:7340035","包含目录","HWDBYYS","VIDAA系统研发部","VIDAA系统研发部 Home / 0 新员工部门入职指引 / 6.JIRA的使用","1"
"page:7340035","topic:其他","推断主题","HWDBYYS","VIDAA系统研发部","6.JIRA的使用","1"
"page:7340063","page:15762327","包含目录","HWDBYYS","VIDAA系统研发部","VIDAA系统研发部 Home / 0 新员工部门入职指引 / 7.云账号申请","1"
"page:15762327","topic:其他","推断主题","HWDBYYS","VIDAA系统研发部","7.云账号申请","1"
"page:7340063","page:64555479","包含目录","HWDBYYS","VIDAA系统研发部","VIDAA系统研发部 Home / 0 新员工部门入职指引 / 8.上网云桌面的使用","1"
"page:64555479","topic:其他","推断主题","HWDBYYS","VIDAA系统研发部","8.上网云桌面的使用","1"
"page:7340063","page:68291239","包含目录","HWDBYYS","VIDAA系统研发部","VIDAA系统研发部 Home / 0 新员工部门入职指引 / 9.门禁申请流程","1"
"page:68291239","topic:规范与流程","推断主题","HWDBYYS","VIDAA系统研发部","9.门禁申请流程","1"
"page:7340063","page:16660112","包含目录","HWDBYYS","VIDAA系统研发部","VIDAA系统研发部 Home / 0 新员工部门入职指引 / 10.申请低值易耗品流程","1"
"page:16660112","topic:规范与流程","推断主题","HWDBYYS","VIDAA系统研发部","10.申请低值易耗品流程","1"
"page:7340063","page:17044042","包含目录","HWDBYYS","VIDAA系统研发部","VIDAA系统研发部 Home / 0 新员工部门入职指引 / 11.国际长途电话","1"
"page:17044042","topic:其他","推断主题","HWDBYYS","VIDAA系统研发部","11.国际长途电话","1"
"page:7340063","page:36244187","包含目录","HWDBYYS","VIDAA系统研发部","VIDAA系统研发部 Home / 0 新员工部门入职指引 / 12.信鸿姓名后缀更改","1"
"page:36244187","topic:其他","推断主题","HWDBYYS","VIDAA系统研发部","12.信鸿姓名后缀更改","1"
"page:7340063","page:37523311","包含目录","HWDBYYS","VIDAA系统研发部","VIDAA系统研发部 Home / 0 新员工部门入职指引 / 13.寄快递流程","1"
"page:37523311","topic:规范与流程","推断主题","HWDBYYS","VIDAA系统研发部","13.寄快递流程","1"
"page:7340063","page:14724434","包含目录","HWDBYYS","VIDAA系统研发部","VIDAA系统研发部 Home / 0 新员工部门入职指引 / 14.电视借用/还机流程2019.9.23","1"
"page:14724434","topic:规范与流程","推断主题","HWDBYYS","VIDAA系统研发部","14.电视借用/还机流程2019.9.23","1"
"page:7340063","page:47486316","包含目录","HWDBYYS","VIDAA系统研发部","VIDAA系统研发部 Home / 0 新员工部门入职指引 / 15.日常安全工作要求","1"
"page:47486316","topic:其他","推断主题","HWDBYYS","VIDAA系统研发部","15.日常安全工作要求","1"
"page:7340063","page:14534008","包含目录","HWDBYYS","VIDAA系统研发部","VIDAA系统研发部 Home / 0 新员工部门入职指引 / 16.软件系统平台所员工行为指南","1"
"page:14534008","topic:规范与流程","推断主题","HWDBYYS","VIDAA系统研发部","16.软件系统平台所员工行为指南","1"
"page:7340063","page:7340037","包含目录","HWDBYYS","VIDAA系统研发部","VIDAA系统研发部 Home / 0 新员工部门入职指引 / 17.建议的书籍","1"
"page:7340037","topic:其他","推断主题","HWDBYYS","VIDAA系统研发部","17.建议的书籍","1"
"page:7340063","page:7340048","包含目录","HWDBYYS","VIDAA系统研发部","VIDAA系统研发部 Home / 0 新员工部门入职指引 / 18.部门新员工培训计划","1"
"page:7340048","topic:版本与计划","推断主题","HWDBYYS","VIDAA系统研发部","18.部门新员工培训计划","1"
"page:7340063","page:7340356","包含目录","HWDBYYS","VIDAA系统研发部","VIDAA系统研发部 Home / 0 新员工部门入职指引 / 19.外包人员入职指南","1"
"page:7340356","topic:规范与流程","推断主题","HWDBYYS","VIDAA系统研发部","19.外包人员入职指南","1"
"page:7340063","page:55546516","包含目录","HWDBYYS","VIDAA系统研发部","VIDAA系统研发部 Home / 0 新员工部门入职指引 / 20.XXX培训记录","1"
"page:55546516","topic:培训与知识","推断主题","HWDBYYS","VIDAA系统研发部","20.XXX培训记录","1"
"page:7340063","page:176295057","包含目录","HWDBYYS","VIDAA系统研发部","VIDAA系统研发部 Home / 0 新员工部门入职指引 / 21 固定资产登记","1"
"page:176295057","topic:其他","推断主题","HWDBYYS","VIDAA系统研发部","21 固定资产登记","1"
"page:7340063","page:176300244","包含目录","HWDBYYS","VIDAA系统研发部","VIDAA系统研发部 Home / 0 新员工部门入职指引 / 22 系统开发部新员工日报模板","1"
"page:176300244","topic:规范与流程","推断主题","HWDBYYS","VIDAA系统研发部","22 系统开发部新员工日报模板","1"
"page:7340063","page:192157831","包含目录","HWDBYYS","VIDAA系统研发部","VIDAA系统研发部 Home / 0 新员工部门入职指引 / 系统开发部--订餐","1"
"page:192157831","topic:其他","推断主题","HWDBYYS","VIDAA系统研发部","系统开发部--订餐","1"
"page:7340192","page:7340205","包含目录","HWDBYYS","VIDAA系统研发部","VIDAA系统研发部 Home / 1 Software Platform Institute","1"
"page:7340205","topic:其他","推断主题","HWDBYYS","VIDAA系统研发部","1 Software Platform Institute","1"
"page:7340205","page:7340040","包含目录","HWDBYYS","VIDAA系统研发部","VIDAA系统研发部 Home / 1 Software Platform Institute / Miscellaneous Items","1"
"page:7340040","topic:其他","推断主题","HWDBYYS","VIDAA系统研发部","Miscellaneous Items","1"
"page:7340205","page:13706046","包含目录","HWDBYYS","VIDAA系统研发部","VIDAA系统研发部 Home / 1 Software Platform Institute / Technical Forum","1"
"page:13706046","topic:其他","推断主题","HWDBYYS","VIDAA系统研发部","Technical Forum","1"
"page:7340205","page:13708509","包含目录","HWDBYYS","VIDAA系统研发部","VIDAA系统研发部 Home / 1 Software Platform Institute / Teams","1"
"page:13708509","topic:其他","推断主题","HWDBYYS","VIDAA系统研发部","Teams","1"
"page:7340205","page:15891889","包含目录","HWDBYYS","VIDAA系统研发部","VIDAA系统研发部 Home / 1 Software Platform Institute / Ability Improvement","1"
"page:15891889","topic:其他","推断主题","HWDBYYS","VIDAA系统研发部","Ability Improvement","1"
"page:7340205","page:19662314","包含目录","HWDBYYS","VIDAA系统研发部","VIDAA系统研发部 Home / 1 Software Platform Institute / Product","1"
"page:19662314","topic:其他","推断主题","HWDBYYS","VIDAA系统研发部","Product","1"
"page:7340205","page:15891777","包含目录","HWDBYYS","VIDAA系统研发部","VIDAA系统研发部 Home / 1 Software Platform Institute / Development Zone","1"
"page:15891777","topic:其他","推断主题","HWDBYYS","VIDAA系统研发部","Development Zone","1"
"page:7340192","page:13708515","包含目录","HWDBYYS","VIDAA系统研发部","VIDAA系统研发部 Home / 3 Hamming Platform Project","1"
"page:13708515","topic:项目管理","推断主题","HWDBYYS","VIDAA系统研发部","3 Hamming Platform Project","1"
"page:13708515","page:15891722","包含目录","HWDBYYS","VIDAA系统研发部","VIDAA系统研发部 Home / 3 Hamming Platform Project / 1. Hamming In Progress Projects","1"
"page:15891722","topic:项目管理","推断主题","HWDBYYS","VIDAA系统研发部","1. Hamming In Progress Projects","1"
"page:13708515","page:15891724","包含目录","HWDBYYS","VIDAA系统研发部","VIDAA系统研发部 Home / 3 Hamming Platform Project / 2. Hamming Planning Projects","1"
"page:15891724","topic:项目管理","推断主题","HWDBYYS","VIDAA系统研发部","2. Hamming Planning Projects","1"
"page:13708515","page:15891727","包含目录","HWDBYYS","VIDAA系统研发部","VIDAA系统研发部 Home / 3 Hamming Platform Project / 3. Hamming Completed Projects","1"
"page:15891727","topic:项目管理","推断主题","HWDBYYS","VIDAA系统研发部","3. Hamming Completed Projects","1"
"page:13708515","page:25986615","包含目录","HWDBYYS","VIDAA系统研发部","VIDAA系统研发部 Home / 3 Hamming Platform Project / 4. Hamming Dropped Projects","1"
"page:25986615","topic:项目管理","推断主题","HWDBYYS","VIDAA系统研发部","4. Hamming Dropped Projects","1"
"page:7340192","page:100763916","包含目录","HWDBYYS","VIDAA系统研发部","VIDAA系统研发部 Home / 4 Institute knowledge base","1"
"page:100763916","topic:其他","推断主题","HWDBYYS","VIDAA系统研发部","4 Institute knowledge base","1"
"page:100763916","page:104800854","包含目录","HWDBYYS","VIDAA系统研发部","VIDAA系统研发部 Home / 4 Institute knowledge base / 1.Institute specifications","1"
"page:104800854","topic:设计与架构","推断主题","HWDBYYS","VIDAA系统研发部","1.Institute specifications","1"
"page:100763916","page:104800857","包含目录","HWDBYYS","VIDAA系统研发部","VIDAA系统研发部 Home / 4 Institute knowledge base / 2.Institute important meeting output","1"
"page:104800857","topic:会议与协同","推断主题","HWDBYYS","VIDAA系统研发部","2.Institute important meeting output","1"
"page:100763916","page:104800864","包含目录","HWDBYYS","VIDAA系统研发部","VIDAA系统研发部 Home / 4 Institute knowledge base / 3.Institute excellent examples","1"
"page:104800864","topic:其他","推断主题","HWDBYYS","VIDAA系统研发部","3.Institute excellent examples","1"
"page:100763916","page:94470859","包含目录","HWDBYYS","VIDAA系统研发部","VIDAA系统研发部 Home / 4 Institute knowledge base / 4.Institute training materials","1"
"page:94470859","topic:培训与知识","推断主题","HWDBYYS","VIDAA系统研发部","4.Institute training materials","1"
"page:100763916","page:105578965","包含目录","HWDBYYS","VIDAA系统研发部","VIDAA系统研发部 Home / 4 Institute knowledge base / 5.Institute miscellaneous knowledge","1"
"page:105578965","topic:其他","推断主题","HWDBYYS","VIDAA系统研发部","5.Institute miscellaneous knowledge","1"
"page:100763916","page:104800874","包含目录","HWDBYYS","VIDAA系统研发部","VIDAA系统研发部 Home / 4 Institute knowledge base / 6.Institute risk knowledge","1"
"page:104800874","topic:其他","推断主题","HWDBYYS","VIDAA系统研发部","6.Institute risk knowledge","1"
"page:7340192","page:104798197","包含目录","HWDBYYS","VIDAA系统研发部","VIDAA系统研发部 Home / 4.1 任职资格认证材料公示-2020年","1"
"page:104798197","topic:培训与知识","推断主题","HWDBYYS","VIDAA系统研发部","4.1 任职资格认证材料公示-2020年","1"
"page:7340192","page:7340071","包含目录","HWDBYYS","VIDAA系统研发部","VIDAA系统研发部 Home / 5. QA Record Home","1"
"page:7340071","topic:测试与验证","推断主题","HWDBYYS","VIDAA系统研发部","5. QA Record Home","1"
"page:7340071","page:7340070","包含目录","HWDBYYS","VIDAA系统研发部","VIDAA系统研发部 Home / 5. QA Record Home / 1.Document Review QA Record","1"
"page:7340070","topic:测试与验证","推断主题","HWDBYYS","VIDAA系统研发部","1.Document Review QA Record","1"
"page:7340071","page:16661054","包含目录","HWDBYYS","VIDAA系统研发部","VIDAA系统研发部 Home / 5. QA Record Home / 2.Root Cause Analysis Record","1"
"page:16661054","topic:测试与验证","推断主题","HWDBYYS","VIDAA系统研发部","2.Root Cause Analysis Record","1"
"page:7340071","page:15872366","包含目录","HWDBYYS","VIDAA系统研发部","VIDAA系统研发部 Home / 5. QA Record Home / 3.Patches Verification Record","1"
"page:15872366","topic:测试与验证","推断主题","HWDBYYS","VIDAA系统研发部","3.Patches Verification Record","1"
"page:7340071","page:16646461","包含目录","HWDBYYS","VIDAA系统研发部","VIDAA系统研发部 Home / 5. QA Record Home / 4.Soft-Module Coding Quality Record","1"
"page:16646461","topic:测试与验证","推断主题","HWDBYYS","VIDAA系统研发部","4.Soft-Module Coding Quality Record","1"
"page:7340192","page:104799849","包含目录","HWDBYYS","VIDAA系统研发部","VIDAA系统研发部 Home / 6.History","1"
"page:104799849","topic:需求与功能","推断主题","HWDBYYS","VIDAA系统研发部","6.History","1"
"page:104799849","page:25986587","包含目录","HWDBYYS","VIDAA系统研发部","VIDAA系统研发部 Home / 6.History / 2 Micali Platform Project","1"
"page:25986587","topic:需求与功能","推断主题","HWDBYYS","VIDAA系统研发部","2 Micali Platform Project","1"
"page:104799849","page:7340203","包含目录","HWDBYYS","VIDAA系统研发部","VIDAA系统研发部 Home / 6.History / 2 Kilby Platform Project(done)","1"
"page:7340203","topic:需求与功能","推断主题","HWDBYYS","VIDAA系统研发部","2 Kilby Platform Project(done)","1"
"page:104799849","page:15597034","包含目录","HWDBYYS","VIDAA系统研发部","VIDAA系统研发部 Home / 6.History / 5 Toshiba SmartTV Project","1"
"page:15597034","topic:需求与功能","推断主题","HWDBYYS","VIDAA系统研发部","5 Toshiba SmartTV Project","1"
"page:104799849","page:16673932","包含目录","HWDBYYS","VIDAA系统研发部","VIDAA系统研发部 Home / 6.History / 外销电视软件TCP竞品分析课题","1"
"page:16673932","topic:需求与功能","推断主题","HWDBYYS","VIDAA系统研发部","外销电视软件TCP竞品分析课题","1"
"page:7340192","page:141073049","包含目录","HWDBYYS","VIDAA系统研发部","VIDAA系统研发部 Home / 7.Training Plan","1"
"page:141073049","topic:培训与知识","推断主题","HWDBYYS","VIDAA系统研发部","7.Training Plan","1"
"page:141073049","page:141073055","包含目录","HWDBYYS","VIDAA系统研发部","VIDAA系统研发部 Home / 7.Training Plan / TrainingPlan-2022","1"
"page:141073055","topic:培训与知识","推断主题","HWDBYYS","VIDAA系统研发部","TrainingPlan-2022","1"
"page:141073049","page:141080264","包含目录","HWDBYYS","VIDAA系统研发部","VIDAA系统研发部 Home / 7.Training Plan / 每周课程培训表","1"
"page:141080264","topic:培训与知识","推断主题","HWDBYYS","VIDAA系统研发部","每周课程培训表","1"
"page:7340192","page:152314545","包含目录","HWDBYYS","VIDAA系统研发部","VIDAA系统研发部 Home / 4.2 任职资格认证材料公示-2021年","1"
"page:152314545","topic:培训与知识","推断主题","HWDBYYS","VIDAA系统研发部","4.2 任职资格认证材料公示-2021年","1"
"page:7340192","page:163259007","包含目录","HWDBYYS","VIDAA系统研发部","VIDAA系统研发部 Home / 9900重复编译","1"
"page:163259007","topic:其他","推断主题","HWDBYYS","VIDAA系统研发部","9900重复编译","1"
"page:7340192","page:164075386","包含目录","HWDBYYS","VIDAA系统研发部","VIDAA系统研发部 Home / 部门流程","1"
"page:164075386","topic:规范与流程","推断主题","HWDBYYS","VIDAA系统研发部","部门流程","1"
"page:164075386","page:164075414","包含目录","HWDBYYS","VIDAA系统研发部","VIDAA系统研发部 Home / 部门流程 / 公司流程模板","1"
"page:164075414","topic:规范与流程","推断主题","HWDBYYS","VIDAA系统研发部","公司流程模板","1"
"page:164075386","page:178607257","包含目录","HWDBYYS","VIDAA系统研发部","VIDAA系统研发部 Home / 部门流程 / 其他技术规范/说明文档/合作方技术文档","1"
"page:178607257","topic:设计与架构","推断主题","HWDBYYS","VIDAA系统研发部","其他技术规范/说明文档/合作方技术文档","1"
"page:164075386","page:164078383","包含目录","HWDBYYS","VIDAA系统研发部","VIDAA系统研发部 Home / 部门流程 / 参考规范","1"
"page:164078383","topic:规范与流程","推断主题","HWDBYYS","VIDAA系统研发部","参考规范","1"
"page:164075386","page:215339048","包含目录","HWDBYYS","VIDAA系统研发部","VIDAA系统研发部 Home / 部门流程 / 模块设计文档重刷工作","1"
"page:215339048","topic:设计与架构","推断主题","HWDBYYS","VIDAA系统研发部","模块设计文档重刷工作","1"
"page:164075386","page:164081267","包含目录","HWDBYYS","VIDAA系统研发部","VIDAA系统研发部 Home / 部门流程 / 系统开发部规范总览","1"
"page:164081267","topic:规范与流程","推断主题","HWDBYYS","VIDAA系统研发部","系统开发部规范总览","1"
"page:164075386","page:229970596","包含目录","HWDBYYS","VIDAA系统研发部","VIDAA系统研发部 Home / 部门流程 / 系统部流程宣贯记录","1"
"page:229970596","topic:规范与流程","推断主题","HWDBYYS","VIDAA系统研发部","系统部流程宣贯记录","1"
"page:164075386","page:208216090","包含目录","HWDBYYS","VIDAA系统研发部","VIDAA系统研发部 Home / 部门流程 / 系统部组织资产清单","1"
"page:208216090","topic:规范与流程","推断主题","HWDBYYS","VIDAA系统研发部","系统部组织资产清单","1"
"page:164075386","page:164078386","包含目录","HWDBYYS","VIDAA系统研发部","VIDAA系统研发部 Home / 部门流程 / 系统部自查表","1"
"page:164078386","topic:规范与流程","推断主题","HWDBYYS","VIDAA系统研发部","系统部自查表","1"
"page:7340192","page:207401612","包含目录","HWDBYYS","VIDAA系统研发部","VIDAA系统研发部 Home / 已分享的链接","1"
"page:207401612","topic:其他","推断主题","HWDBYYS","VIDAA系统研发部","已分享的链接","1"
"page:207401612","page:207401613","包含目录","HWDBYYS","VIDAA系统研发部","VIDAA系统研发部 Home / 已分享的链接 / 人工时","1"
"page:207401613","topic:其他","推断主题","HWDBYYS","VIDAA系统研发部","人工时","1"
"page:7340192","page:221309274","包含目录","HWDBYYS","VIDAA系统研发部","VIDAA系统研发部 Home / 文件列表","1"
"page:221309274","topic:其他","推断主题","HWDBYYS","VIDAA系统研发部","文件列表","1"
"page:7340192","page:223298259","包含目录","HWDBYYS","VIDAA系统研发部","VIDAA系统研发部 Home / 指导文章","1"
"page:223298259","topic:其他","推断主题","HWDBYYS","VIDAA系统研发部","指导文章","1"
"space:ZYJCKC","page:54103905","空间首页","ZYJCKC","专业基础课程","专业基础课程","1"
"page:54103905","topic:培训与知识","推断主题","ZYJCKC","专业基础课程","专业基础课程","1"
"page:54103905","page:73897943","包含目录","ZYJCKC","专业基础课程","专业基础课程 / 文件列表","1"
"page:73897943","topic:培训与知识","推断主题","ZYJCKC","专业基础课程","文件列表","1"
"page:54103905","page:56232833","包含目录","ZYJCKC","专业基础课程","专业基础课程 / 1 通用类","1"
"page:56232833","topic:培训与知识","推断主题","ZYJCKC","专业基础课程","1 通用类","1"
"page:56232833","page:56232835","包含目录","ZYJCKC","专业基础课程","专业基础课程 / 1 通用类 / 1 企业文化类","1"
"page:56232835","topic:培训与知识","推断主题","ZYJCKC","专业基础课程","1 企业文化类","1"
"page:56232833","page:56232837","包含目录","ZYJCKC","专业基础课程","专业基础课程 / 1 通用类 / 2 公文写作类（邮件、PPT）","1"
"page:56232837","topic:培训与知识","推断主题","ZYJCKC","专业基础课程","2 公文写作类（邮件、PPT）","1"
"page:56232833","page:56232839","包含目录","ZYJCKC","专业基础课程","专业基础课程 / 1 通用类 / 3 办公工具类","1"
"page:56232839","topic:培训与知识","推断主题","ZYJCKC","专业基础课程","3 办公工具类","1"
"page:56232833","page:56232842","包含目录","ZYJCKC","专业基础课程","专业基础课程 / 1 通用类 / 4 行为规范类","1"
"page:56232842","topic:规范与流程","推断主题","ZYJCKC","专业基础课程","4 行为规范类","1"
"page:56232833","page:56232850","包含目录","ZYJCKC","专业基础课程","专业基础课程 / 1 通用类 / 5 人力资源类","1"
"page:56232850","topic:培训与知识","推断主题","ZYJCKC","专业基础课程","5 人力资源类","1"
"page:56232833","page:56232852","包含目录","ZYJCKC","专业基础课程","专业基础课程 / 1 通用类 / 6 质量管理类","1"
"page:56232852","topic:培训与知识","推断主题","ZYJCKC","专业基础课程","6 质量管理类","1"
"page:56232833","page:56232854","包含目录","ZYJCKC","专业基础课程","专业基础课程 / 1 通用类 / 7 安全教育类","1"
"page:56232854","topic:培训与知识","推断主题","ZYJCKC","专业基础课程","7 安全教育类","1"
"page:56232833","page:77730654","包含目录","ZYJCKC","专业基础课程","专业基础课程 / 1 通用类 / “周四课堂”系列课程","1"
"page:77730654","topic:培训与知识","推断主题","ZYJCKC","专业基础课程","“周四课堂”系列课程","1"
"page:54103905","page:56232856","包含目录","ZYJCKC","专业基础课程","专业基础课程 / 2 专业类","1"
"page:56232856","topic:培训与知识","推断主题","ZYJCKC","专业基础课程","2 专业类","1"
"page:56232856","page:56232861","包含目录","ZYJCKC","专业基础课程","专业基础课程 / 2 专业类 / 1 技术管理部","1"
"page:56232861","topic:培训与知识","推断主题","ZYJCKC","专业基础课程","1 技术管理部","1"
"page:56232856","page:56232863","包含目录","ZYJCKC","专业基础课程","专业基础课程 / 2 专业类 / 2 软件研发部","1"
"page:56232863","topic:培训与知识","推断主题","ZYJCKC","专业基础课程","2 软件研发部","1"
"page:56232856","page:56232865","包含目录","ZYJCKC","专业基础课程","专业基础课程 / 2 专业类 / 3 硬件研发部","1"
"page:56232865","topic:培训与知识","推断主题","ZYJCKC","专业基础课程","3 硬件研发部","1"
"page:56232856","page:56232867","包含目录","ZYJCKC","专业基础课程","专业基础课程 / 2 专业类 / 4 结构设计部","1"
"page:56232867","topic:设计与架构","推断主题","ZYJCKC","专业基础课程","4 结构设计部","1"
"page:56232856","page:56232870","包含目录","ZYJCKC","专业基础课程","专业基础课程 / 2 专业类 / 5 研发测试部","1"
"page:56232870","topic:测试与验证","推断主题","ZYJCKC","专业基础课程","5 研发测试部","1"
"page:56232856","page:56232872","包含目录","ZYJCKC","专业基础课程","专业基础课程 / 2 专业类 / 6 显示研发部","1"
"page:56232872","topic:培训与知识","推断主题","ZYJCKC","专业基础课程","6 显示研发部","1"
"page:56232856","page:56232875","包含目录","ZYJCKC","专业基础课程","专业基础课程 / 2 专业类 / 7 工艺设计部","1"
"page:56232875","topic:设计与架构","推断主题","ZYJCKC","专业基础课程","7 工艺设计部","1"
"page:56232856","page:56232890","包含目录","ZYJCKC","专业基础课程","专业基础课程 / 2 专业类 / 8 深圳研发中心","1"
"page:56232890","topic:培训与知识","推断主题","ZYJCKC","专业基础课程","8 深圳研发中心","1"
"page:56232856","page:56232893","包含目录","ZYJCKC","专业基础课程","专业基础课程 / 2 专业类 / 9 武汉研发中心","1"
"page:56232893","topic:培训与知识","推断主题","ZYJCKC","专业基础课程","9 武汉研发中心","1"
"page:56232856","page:158781295","包含目录","ZYJCKC","专业基础课程","专业基础课程 / 2 专业类 / 10 LED显示产品线运营中心","1"
"page:158781295","topic:培训与知识","推断主题","ZYJCKC","专业基础课程","10 LED显示产品线运营中心","1"
"page:56232856","page:287595490","包含目录","ZYJCKC","专业基础课程","专业基础课程 / 2 专业类 / 11.订单推进管理2025","1"
"page:287595490","topic:培训与知识","推断主题","ZYJCKC","专业基础课程","11.订单推进管理2025","1"
"page:54103905","page:54103906","包含目录","ZYJCKC","专业基础课程","专业基础课程 / 立刻开始","1"
"page:54103906","topic:培训与知识","推断主题","ZYJCKC","专业基础课程","立刻开始","1"
"page:54103906","page:54103907","包含目录","ZYJCKC","专业基础课程","专业基础课程 / 立刻开始 / 制作一个模板","1"
"page:54103907","topic:规范与流程","推断主题","ZYJCKC","专业基础课程","制作一个模板","1"
"page:54103905","page:162399718","包含目录","ZYJCKC","专业基础课程","专业基础课程 / NT68873","1"
"page:162399718","topic:培训与知识","推断主题","ZYJCKC","专业基础课程","NT68873","1"
"page:54103905","page:289937713","包含目录","ZYJCKC","专业基础课程","专业基础课程 / 产业技术资源分析","1"
"page:289937713","topic:问题与复盘","推断主题","ZYJCKC","专业基础课程","产业技术资源分析","1"
"page:54103905","page:295862852","包含目录","ZYJCKC","专业基础课程","专业基础课程 / 测试","1"
"page:295862852","topic:测试与验证","推断主题","ZYJCKC","专业基础课程","测试","1"
"space:ZYTSKC","page:54103919","空间首页","ZYTSKC","专业提升课程","专业提升课程","1"
"page:54103919","topic:培训与知识","推断主题","ZYTSKC","专业提升课程","专业提升课程","1"
"page:54103919","page:56232896","包含目录","ZYTSKC","专业提升课程","专业提升课程 / 1 技术管理部","1"
"page:56232896","topic:培训与知识","推断主题","ZYTSKC","专业提升课程","1 技术管理部","1"
"page:54103919","page:56232898","包含目录","ZYTSKC","专业提升课程","专业提升课程 / 2 软件研发部","1"
"page:56232898","topic:培训与知识","推断主题","ZYTSKC","专业提升课程","2 软件研发部","1"
"page:56232898","page:57442707","包含目录","ZYTSKC","专业提升课程","专业提升课程 / 2 软件研发部 / 1 驱动软件所","1"
"page:57442707","topic:培训与知识","推断主题","ZYTSKC","专业提升课程","1 驱动软件所","1"
"page:56232898","page:70157796","包含目录","ZYTSKC","专业提升课程","专业提升课程 / 2 软件研发部 / 2 手机整机软件所","1"
"page:70157796","topic:培训与知识","推断主题","ZYTSKC","专业提升课程","2 手机整机软件所","1"
"page:56232898","page:70159206","包含目录","ZYTSKC","专业提升课程","专业提升课程 / 2 软件研发部 / 3 多媒体软件所","1"
"page:70159206","topic:培训与知识","推断主题","ZYTSKC","专业提升课程","3 多媒体软件所","1"
"page:56232898","page:105582122","包含目录","ZYTSKC","专业提升课程","专业提升课程 / 2 软件研发部 / 4 手机产品软件所","1"
"page:105582122","topic:培训与知识","推断主题","ZYTSKC","专业提升课程","4 手机产品软件所","1"
"page:54103919","page:56232900","包含目录","ZYTSKC","专业提升课程","专业提升课程 / 3 硬件研发部","1"
"page:56232900","topic:培训与知识","推断主题","ZYTSKC","专业提升课程","3 硬件研发部","1"
"page:56232900","page:71402663","包含目录","ZYTSKC","专业提升课程","专业提升课程 / 3 硬件研发部 / 基带","1"
"page:71402663","topic:培训与知识","推断主题","ZYTSKC","专业提升课程","基带","1"
"page:56232900","page:69506961","包含目录","ZYTSKC","专业提升课程","专业提升课程 / 3 硬件研发部 / 石墨及石墨烯高导膜特性及其应用简介","1"
"page:69506961","topic:培训与知识","推断主题","ZYTSKC","专业提升课程","石墨及石墨烯高导膜特性及其应用简介","1"
"page:54103919","page:56232902","包含目录","ZYTSKC","专业提升课程","专业提升课程 / 4 结构设计部","1"
"page:56232902","topic:设计与架构","推断主题","ZYTSKC","专业提升课程","4 结构设计部","1"
"page:54103919","page:56232905","包含目录","ZYTSKC","专业提升课程","专业提升课程 / 5 研发测试部","1"
"page:56232905","topic:测试与验证","推断主题","ZYTSKC","专业提升课程","5 研发测试部","1"
"page:56232905","page:61377532","包含目录","ZYTSKC","专业提升课程","专业提升课程 / 5 研发测试部 / 手机硬件测试室","1"
"page:61377532","topic:测试与验证","推断主题","ZYTSKC","专业提升课程","手机硬件测试室","1"
"page:54103919","page:56232907","包含目录","ZYTSKC","专业提升课程","专业提升课程 / 6 显示研发部","1"
"page:56232907","topic:培训与知识","推断主题","ZYTSKC","专业提升课程","6 显示研发部","1"
"page:56232907","page:84645787","包含目录","ZYTSKC","专业提升课程","专业提升课程 / 6 显示研发部 / 如何使用胶水和胶带-王灿","1"
"page:84645787","topic:培训与知识","推断主题","ZYTSKC","专业提升课程","如何使用胶水和胶带-王灿","1"
"page:56232907","page:84645776","包含目录","ZYTSKC","专业提升课程","专业提升课程 / 6 显示研发部 / 如何选择常见粘接产品-王灿","1"
"page:84645776","topic:培训与知识","推断主题","ZYTSKC","专业提升课程","如何选择常见粘接产品-王灿","1"
"page:56232907","page:82581295","包含目录","ZYTSKC","专业提升课程","专业提升课程 / 6 显示研发部 / 模组光学设计开发指导_张钦泉","1"
"page:82581295","topic:设计与架构","推断主题","ZYTSKC","专业提升课程","模组光学设计开发指导_张钦泉","1"
"page:56232907","page:84645791","包含目录","ZYTSKC","专业提升课程","专业提升课程 / 6 显示研发部 / 胶黏原理及失效分析-王灿","1"
"page:84645791","topic:问题与复盘","推断主题","ZYTSKC","专业提升课程","胶黏原理及失效分析-王灿","1"
"page:56232907","page:89002576","包含目录","ZYTSKC","专业提升课程","专业提升课程 / 6 显示研发部 / 质量问题解决思路指导-张钦泉","1"
"page:89002576","topic:问题与复盘","推断主题","ZYTSKC","专业提升课程","质量问题解决思路指导-张钦泉","1"
"page:54103919","page:56232909","包含目录","ZYTSKC","专业提升课程","专业提升课程 / 7 工艺设计部","1"
"page:56232909","topic:设计与架构","推断主题","ZYTSKC","专业提升课程","7 工艺设计部","1"
"page:54103919","page:56232914","包含目录","ZYTSKC","专业提升课程","专业提升课程 / 8 深圳研发中心","1"
"page:56232914","topic:培训与知识","推断主题","ZYTSKC","专业提升课程","8 深圳研发中心","1"
"page:54103919","page:56232916","包含目录","ZYTSKC","专业提升课程","专业提升课程 / 9 武汉研发中心","1"
"page:56232916","topic:培训与知识","推断主题","ZYTSKC","专业提升课程","9 武汉研发中心","1"
"page:54103919","page:73897921","包含目录","ZYTSKC","专业提升课程","专业提升课程 / 文件列表","1"
"page:73897921","topic:培训与知识","推断主题","ZYTSKC","专业提升课程","文件列表","1"
"page:73897921","page:73897922","包含目录","ZYTSKC","专业提升课程","专业提升课程 / 文件列表 / 培训","1"
"page:73897922","topic:培训与知识","推断主题","ZYTSKC","专业提升课程","培训","1"
"page:54103919","page:142584363","包含目录","ZYTSKC","专业提升课程","专业提升课程 / 焊接培训","1"
"page:142584363","topic:培训与知识","推断主题","ZYTSKC","专业提升课程","焊接培训","1"
"page:54103919","page:54103920","包含目录","ZYTSKC","专业提升课程","专业提升课程 / 立刻开始","1"
"page:54103920","topic:培训与知识","推断主题","ZYTSKC","专业提升课程","立刻开始","1"
"page:54103920","page:54103921","包含目录","ZYTSKC","专业提升课程","专业提升课程 / 立刻开始 / 制作一个模板","1"
"page:54103921","topic:规范与流程","推断主题","ZYTSKC","专业提升课程","制作一个模板","1"
"space:YYZX","page:82583404","空间首页","YYZX","产品线运营中心学习资料共享","电视产品线运营中心学习共享","1"
"page:82583404","topic:培训与知识","推断主题","YYZX","产品线运营中心学习资料共享","电视产品线运营中心学习共享","1"
"page:82583404","page:83992363","包含目录","YYZX","产品线运营中心学习资料共享","电视产品线运营中心学习共享 / 02-日常关键规范总结整理","1"
"page:83992363","topic:规范与流程","推断主题","YYZX","产品线运营中心学习资料共享","02-日常关键规范总结整理","1"
"page:82583404","page:84646997","包含目录","YYZX","产品线运营中心学习资料共享","电视产品线运营中心学习共享 / 03-日常通知的规范要求汇总","1"
"page:84646997","topic:规范与流程","推断主题","YYZX","产品线运营中心学习资料共享","03-日常通知的规范要求汇总","1"
"page:82583404","page:85368198","包含目录","YYZX","产品线运营中心学习资料共享","电视产品线运营中心学习共享 / 04-新品首单排查表","1"
"page:85368198","topic:培训与知识","推断主题","YYZX","产品线运营中心学习资料共享","04-新品首单排查表","1"
"page:85368198","page:86547401","包含目录","YYZX","产品线运营中心学习资料共享","电视产品线运营中心学习共享 / 04-新品首单排查表 / 第18周首单新品项目排查结果","1"
"page:86547401","topic:培训与知识","推断主题","YYZX","产品线运营中心学习资料共享","第18周首单新品项目排查结果","1"
"page:85368198","page:86547421","包含目录","YYZX","产品线运营中心学习资料共享","电视产品线运营中心学习共享 / 04-新品首单排查表 / 第19周首单新品项目排查结果","1"
"page:86547421","topic:培训与知识","推断主题","YYZX","产品线运营中心学习资料共享","第19周首单新品项目排查结果","1"
"page:82583404","page:107057651","包含目录","YYZX","产品线运营中心学习资料共享","电视产品线运营中心学习共享 / 产品线任职资格评定材料公示2020","1"
"page:107057651","topic:培训与知识","推断主题","YYZX","产品线运营中心学习资料共享","产品线任职资格评定材料公示2020","1"
"page:82583404","page:169713515","包含目录","YYZX","产品线运营中心学习资料共享","电视产品线运营中心学习共享 / 05-各专业应知应会清单及岗位操作手册","1"
"page:169713515","topic:规范与流程","推断主题","YYZX","产品线运营中心学习资料共享","05-各专业应知应会清单及岗位操作手册","1"
"page:169713515","page:169713519","包含目录","YYZX","产品线运营中心学习资料共享","电视产品线运营中心学习共享 / 05-各专业应知应会清单及岗位操作手册 / 00-通用知识","1"
"page:169713519","topic:规范与流程","推断主题","YYZX","产品线运营中心学习资料共享","00-通用知识","1"
"page:169713515","page:169713539","包含目录","YYZX","产品线运营中心学习资料共享","电视产品线运营中心学习共享 / 05-各专业应知应会清单及岗位操作手册 / 01-电路","1"
"page:169713539","topic:规范与流程","推断主题","YYZX","产品线运营中心学习资料共享","01-电路","1"
"page:169713515","page:169713542","包含目录","YYZX","产品线运营中心学习资料共享","电视产品线运营中心学习共享 / 05-各专业应知应会清单及岗位操作手册 / 02-结构","1"
"page:169713542","topic:规范与流程","推断主题","YYZX","产品线运营中心学习资料共享","02-结构","1"
"page:169713515","page:169713550","包含目录","YYZX","产品线运营中心学习资料共享","电视产品线运营中心学习共享 / 05-各专业应知应会清单及岗位操作手册 / 03-模组光学","1"
"page:169713550","topic:规范与流程","推断主题","YYZX","产品线运营中心学习资料共享","03-模组光学","1"
"page:169713515","page:169713551","包含目录","YYZX","产品线运营中心学习资料共享","电视产品线运营中心学习共享 / 05-各专业应知应会清单及岗位操作手册 / 04-模组结构","1"
"page:169713551","topic:规范与流程","推断主题","YYZX","产品线运营中心学习资料共享","04-模组结构","1"
"page:169713515","page:169713553","包含目录","YYZX","产品线运营中心学习资料共享","电视产品线运营中心学习共享 / 05-各专业应知应会清单及岗位操作手册 / 05-产品经理","1"
"page:169713553","topic:规范与流程","推断主题","YYZX","产品线运营中心学习资料共享","05-产品经理","1"
"page:169713515","page:169713555","包含目录","YYZX","产品线运营中心学习资料共享","电视产品线运营中心学习共享 / 05-各专业应知应会清单及岗位操作手册 / 06-项目推进经理","1"
"page:169713555","topic:规范与流程","推断主题","YYZX","产品线运营中心学习资料共享","06-项目推进经理","1"
"page:169713515","page:169713558","包含目录","YYZX","产品线运营中心学习资料共享","电视产品线运营中心学习共享 / 05-各专业应知应会清单及岗位操作手册 / 07-用户文档","1"
"page:169713558","topic:规范与流程","推断主题","YYZX","产品线运营中心学习资料共享","07-用户文档","1"
"page:169713515","page:169713560","包含目录","YYZX","产品线运营中心学习资料共享","电视产品线运营中心学习共享 / 05-各专业应知应会清单及岗位操作手册 / 08-平面设计","1"
"page:169713560","topic:设计与架构","推断主题","YYZX","产品线运营中心学习资料共享","08-平面设计","1"
"page:169713515","page:169713561","包含目录","YYZX","产品线运营中心学习资料共享","电视产品线运营中心学习共享 / 05-各专业应知应会清单及岗位操作手册 / 09-订单推进经理","1"
"page:169713561","topic:规范与流程","推断主题","YYZX","产品线运营中心学习资料共享","09-订单推进经理","1"
"page:169713515","page:174731200","包含目录","YYZX","产品线运营中心学习资料共享","电视产品线运营中心学习共享 / 05-各专业应知应会清单及岗位操作手册 / 10-工艺","1"
"page:174731200","topic:规范与流程","推断主题","YYZX","产品线运营中心学习资料共享","10-工艺","1"
"page:82583404","page:170542369","包含目录","YYZX","产品线运营中心学习资料共享","电视产品线运营中心学习共享 / 06-日常培训课件和技术分享","1"
"page:170542369","topic:培训与知识","推断主题","YYZX","产品线运营中心学习资料共享","06-日常培训课件和技术分享","1"
"page:170542369","page:170542375","包含目录","YYZX","产品线运营中心学习资料共享","电视产品线运营中心学习共享 / 06-日常培训课件和技术分享 / 01-技术分享","1"
"page:170542375","topic:培训与知识","推断主题","YYZX","产品线运营中心学习资料共享","01-技术分享","1"
"page:170542369","page:170542383","包含目录","YYZX","产品线运营中心学习资料共享","电视产品线运营中心学习共享 / 06-日常培训课件和技术分享 / 02-日常培训","1"
"page:170542383","topic:培训与知识","推断主题","YYZX","产品线运营中心学习资料共享","02-日常培训","1"
"page:170542369","page:170542406","包含目录","YYZX","产品线运营中心学习资料共享","电视产品线运营中心学习共享 / 06-日常培训课件和技术分享 / 03-优秀课件","1"
"page:170542406","topic:培训与知识","推断主题","YYZX","产品线运营中心学习资料共享","03-优秀课件","1"
"page:82583404","page:199889928","包含目录","YYZX","产品线运营中心学习资料共享","电视产品线运营中心学习共享 / 01-产品线运营中心质量知识资产库","1"
"page:199889928","topic:培训与知识","推断主题","YYZX","产品线运营中心学习资料共享","01-产品线运营中心质量知识资产库","1"
"page:82583404","page:213427283","包含目录","YYZX","产品线运营中心学习资料共享","电视产品线运营中心学习共享 / 07-项目经验总结","1"
"page:213427283","topic:培训与知识","推断主题","YYZX","产品线运营中心学习资料共享","07-项目经验总结","1"
"page:213427283","page:213427310","包含目录","YYZX","产品线运营中心学习资料共享","电视产品线运营中心学习共享 / 07-项目经验总结 / 65寸灯影问题复盘","1"
"page:213427310","topic:问题与复盘","推断主题","YYZX","产品线运营中心学习资料共享","65寸灯影问题复盘","1"
"page:213427283","page:213427314","包含目录","YYZX","产品线运营中心学习资料共享","电视产品线运营中心学习共享 / 07-项目经验总结 / 反射片按压工装问题复盘","1"
"page:213427314","topic:问题与复盘","推断主题","YYZX","产品线运营中心学习资料共享","反射片按压工装问题复盘","1"
"page:213427283","page:215826839","包含目录","YYZX","产品线运营中心学习资料共享","电视产品线运营中心学习共享 / 07-项目经验总结 / 量子点扩散板问题复盘","1"
"page:215826839","topic:问题与复盘","推断主题","YYZX","产品线运营中心学习资料共享","量子点扩散板问题复盘","1"
"page:82583404","page:213427309","包含目录","YYZX","产品线运营中心学习资料共享","电视产品线运营中心学习共享 / 指导文章","1"
"page:213427309","topic:培训与知识","推断主题","YYZX","产品线运营中心学习资料共享","指导文章","1"
"space:DZKJDSHWKF","page:13716871","空间首页","DZKJDSHWKF","产品线运营中心深圳研发部","产品线深圳研发中心电视开发所 主页","1"
"page:13716871","topic:其他","推断主题","DZKJDSHWKF","产品线运营中心深圳研发部","产品线深圳研发中心电视开发所 主页","1"
"page:13716871","page:13716874","包含目录","DZKJDSHWKF","产品线运营中心深圳研发部","产品线深圳研发中心电视开发所 主页 / 深圳研发部运作支持 主页","1"
"page:13716874","topic:其他","推断主题","DZKJDSHWKF","产品线运营中心深圳研发部","深圳研发部运作支持 主页","1"
"page:13716874","page:13718317","包含目录","DZKJDSHWKF","产品线运营中心深圳研发部","产品线深圳研发中心电视开发所 主页 / 深圳研发部运作支持 主页 / 01-周报管理","1"
"page:13718317","topic:项目管理","推断主题","DZKJDSHWKF","产品线运营中心深圳研发部","01-周报管理","1"
"page:13716874","page:14534163","包含目录","DZKJDSHWKF","产品线运营中心深圳研发部","产品线深圳研发中心电视开发所 主页 / 深圳研发部运作支持 主页 / 02-月报管理","1"
"page:14534163","topic:项目管理","推断主题","DZKJDSHWKF","产品线运营中心深圳研发部","02-月报管理","1"
"page:13716874","page:16865966","包含目录","DZKJDSHWKF","产品线运营中心深圳研发部","产品线深圳研发中心电视开发所 主页 / 深圳研发部运作支持 主页 / 03-指标管理","1"
"page:16865966","topic:项目管理","推断主题","DZKJDSHWKF","产品线运营中心深圳研发部","03-指标管理","1"
"page:13716874","page:68848287","包含目录","DZKJDSHWKF","产品线运营中心深圳研发部","产品线深圳研发中心电视开发所 主页 / 深圳研发部运作支持 主页 / 04-项目过程管理","1"
"page:68848287","topic:项目管理","推断主题","DZKJDSHWKF","产品线运营中心深圳研发部","04-项目过程管理","1"
"page:13716874","page:13718297","包含目录","DZKJDSHWKF","产品线运营中心深圳研发部","产品线深圳研发中心电视开发所 主页 / 深圳研发部运作支持 主页 / 05-订单推进管理","1"
"page:13718297","topic:项目管理","推断主题","DZKJDSHWKF","产品线运营中心深圳研发部","05-订单推进管理","1"
"page:13716874","page:14537293","包含目录","DZKJDSHWKF","产品线运营中心深圳研发部","产品线深圳研发中心电视开发所 主页 / 深圳研发部运作支持 主页 / 06-质量管理","1"
"page:14537293","topic:项目管理","推断主题","DZKJDSHWKF","产品线运营中心深圳研发部","06-质量管理","1"
"page:13716874","page:29853258","包含目录","DZKJDSHWKF","产品线运营中心深圳研发部","产品线深圳研发中心电视开发所 主页 / 深圳研发部运作支持 主页 / 07-成本管理","1"
"page:29853258","topic:项目管理","推断主题","DZKJDSHWKF","产品线运营中心深圳研发部","07-成本管理","1"
"page:13716874","page:139073763","包含目录","DZKJDSHWKF","产品线运营中心深圳研发部","产品线深圳研发中心电视开发所 主页 / 深圳研发部运作支持 主页 / 08-流程管理","1"
"page:139073763","topic:规范与流程","推断主题","DZKJDSHWKF","产品线运营中心深圳研发部","08-流程管理","1"
"page:13716874","page:13718287","包含目录","DZKJDSHWKF","产品线运营中心深圳研发部","产品线深圳研发中心电视开发所 主页 / 深圳研发部运作支持 主页 / 09-通用化管理","1"
"page:13718287","topic:项目管理","推断主题","DZKJDSHWKF","产品线运营中心深圳研发部","09-通用化管理","1"
"page:13716874","page:68848132","包含目录","DZKJDSHWKF","产品线运营中心深圳研发部","产品线深圳研发中心电视开发所 主页 / 深圳研发部运作支持 主页 / 10-内部表扬","1"
"page:68848132","topic:其他","推断主题","DZKJDSHWKF","产品线运营中心深圳研发部","10-内部表扬","1"
"page:13716874","page:13718314","包含目录","DZKJDSHWKF","产品线运营中心深圳研发部","产品线深圳研发中心电视开发所 主页 / 深圳研发部运作支持 主页 / 11-培训提升","1"
"page:13718314","topic:培训与知识","推断主题","DZKJDSHWKF","产品线运营中心深圳研发部","11-培训提升","1"
"page:13716874","page:139074227","包含目录","DZKJDSHWKF","产品线运营中心深圳研发部","产品线深圳研发中心电视开发所 主页 / 深圳研发部运作支持 主页 / 12-综合管理","1"
"page:139074227","topic:项目管理","推断主题","DZKJDSHWKF","产品线运营中心深圳研发部","12-综合管理","1"
"page:13716871","page:14533685","包含目录","DZKJDSHWKF","产品线运营中心深圳研发部","产品线深圳研发中心电视开发所 主页 / 1、通用事项","1"
"page:14533685","topic:其他","推断主题","DZKJDSHWKF","产品线运营中心深圳研发部","1、通用事项","1"
"page:14533685","page:17175162","包含目录","DZKJDSHWKF","产品线运营中心深圳研发部","产品线深圳研发中心电视开发所 主页 / 1、通用事项 / 10、常用工具软件","1"
"page:17175162","topic:其他","推断主题","DZKJDSHWKF","产品线运营中心深圳研发部","10、常用工具软件","1"
"page:14533685","page:29230422","包含目录","DZKJDSHWKF","产品线运营中心深圳研发部","产品线深圳研发中心电视开发所 主页 / 1、通用事项 / 11、江门采购分工及联系方式","1"
"page:29230422","topic:其他","推断主题","DZKJDSHWKF","产品线运营中心深圳研发部","11、江门采购分工及联系方式","1"
"page:14533685","page:30507456","包含目录","DZKJDSHWKF","产品线运营中心深圳研发部","产品线深圳研发中心电视开发所 主页 / 1、通用事项 / 12、消防安全","1"
"page:30507456","topic:其他","推断主题","DZKJDSHWKF","产品线运营中心深圳研发部","12、消防安全","1"
"page:14533685","page:33064675","包含目录","DZKJDSHWKF","产品线运营中心深圳研发部","产品线深圳研发中心电视开发所 主页 / 1、通用事项 / 14、物料解禁流程","1"
"page:33064675","topic:规范与流程","推断主题","DZKJDSHWKF","产品线运营中心深圳研发部","14、物料解禁流程","1"
"page:14533685","page:44041935","包含目录","DZKJDSHWKF","产品线运营中心深圳研发部","产品线深圳研发中心电视开发所 主页 / 1、通用事项 / 15、设计变更流程","1"
"page:44041935","topic:设计与架构","推断主题","DZKJDSHWKF","产品线运营中心深圳研发部","15、设计变更流程","1"
"page:14533685","page:154211220","包含目录","DZKJDSHWKF","产品线运营中心深圳研发部","产品线深圳研发中心电视开发所 主页 / 1、通用事项 / 16-1、2022深研工艺联系书编号","1"
"page:154211220","topic:其他","推断主题","DZKJDSHWKF","产品线运营中心深圳研发部","16-1、2022深研工艺联系书编号","1"
"page:14533685","page:50140298","包含目录","DZKJDSHWKF","产品线运营中心深圳研发部","产品线深圳研发中心电视开发所 主页 / 1、通用事项 / 16、深研工艺联系书编号","1"
"page:50140298","topic:其他","推断主题","DZKJDSHWKF","产品线运营中心深圳研发部","16、深研工艺联系书编号","1"
"page:14533685","page:72090190","包含目录","DZKJDSHWKF","产品线运营中心深圳研发部","产品线深圳研发中心电视开发所 主页 / 1、通用事项 / 18、费用预测","1"
"page:72090190","topic:其他","推断主题","DZKJDSHWKF","产品线运营中心深圳研发部","18、费用预测","1"
"page:14533685","page:15888165","包含目录","DZKJDSHWKF","产品线运营中心深圳研发部","产品线深圳研发中心电视开发所 主页 / 1、通用事项 / 19、文件列表","1"
"page:15888165","topic:其他","推断主题","DZKJDSHWKF","产品线运营中心深圳研发部","19、文件列表","1"
"page:14533685","page:14728165","包含目录","DZKJDSHWKF","产品线运营中心深圳研发部","产品线深圳研发中心电视开发所 主页 / 1、通用事项 / 1、新员工入职培训","1"
"page:14728165","topic:培训与知识","推断主题","DZKJDSHWKF","产品线运营中心深圳研发部","1、新员工入职培训","1"
"page:14533685","page:14533651","包含目录","DZKJDSHWKF","产品线运营中心深圳研发部","产品线深圳研发中心电视开发所 主页 / 1、通用事项 / 20、工作常用流程（通用类，各专业的放在专业下面）","1"
"page:14533651","topic:规范与流程","推断主题","DZKJDSHWKF","产品线运营中心深圳研发部","20、工作常用流程（通用类，各专业的放在专业下面）","1"
"page:14533685","page:14728178","包含目录","DZKJDSHWKF","产品线运营中心深圳研发部","产品线深圳研发中心电视开发所 主页 / 1、通用事项 / 2、工作兼职情况","1"
"page:14728178","topic:其他","推断主题","DZKJDSHWKF","产品线运营中心深圳研发部","2、工作兼职情况","1"
"page:14533685","page:14816796","包含目录","DZKJDSHWKF","产品线运营中心深圳研发部","产品线深圳研发中心电视开发所 主页 / 1、通用事项 / 3、固定资产","1"
"page:14816796","topic:其他","推断主题","DZKJDSHWKF","产品线运营中心深圳研发部","3、固定资产","1"
"page:14533685","page:14828135","包含目录","DZKJDSHWKF","产品线运营中心深圳研发部","产品线深圳研发中心电视开发所 主页 / 1、通用事项 / 4、易耗品情况","1"
"page:14828135","topic:其他","推断主题","DZKJDSHWKF","产品线运营中心深圳研发部","4、易耗品情况","1"
"page:14533685","page:14828617","包含目录","DZKJDSHWKF","产品线运营中心深圳研发部","产品线深圳研发中心电视开发所 主页 / 1、通用事项 / 5、电视整机经费","1"
"page:14828617","topic:其他","推断主题","DZKJDSHWKF","产品线运营中心深圳研发部","5、电视整机经费","1"
"page:14533685","page:14842942","包含目录","DZKJDSHWKF","产品线运营中心深圳研发部","产品线深圳研发中心电视开发所 主页 / 1、通用事项 / 6、Confluence使用","1"
"page:14842942","topic:其他","推断主题","DZKJDSHWKF","产品线运营中心深圳研发部","6、Confluence使用","1"
"page:14533685","page:15571505","包含目录","DZKJDSHWKF","产品线运营中心深圳研发部","产品线深圳研发中心电视开发所 主页 / 1、通用事项 / 7、值日安排表","1"
"page:15571505","topic:其他","推断主题","DZKJDSHWKF","产品线运营中心深圳研发部","7、值日安排表","1"
"page:14533685","page:16844909","包含目录","DZKJDSHWKF","产品线运营中心深圳研发部","产品线深圳研发中心电视开发所 主页 / 1、通用事项 / 8、日常表单","1"
"page:16844909","topic:其他","推断主题","DZKJDSHWKF","产品线运营中心深圳研发部","8、日常表单","1"
"page:13716871","page:14533631","包含目录","DZKJDSHWKF","产品线运营中心深圳研发部","产品线深圳研发中心电视开发所 主页 / 2、例会纪要","1"
"page:14533631","topic:会议与协同","推断主题","DZKJDSHWKF","产品线运营中心深圳研发部","2、例会纪要","1"
"page:14533631","page:139069500","包含目录","DZKJDSHWKF","产品线运营中心深圳研发部","产品线深圳研发中心电视开发所 主页 / 2、例会纪要 / 例会纪要（old）","1"
"page:139069500","topic:会议与协同","推断主题","DZKJDSHWKF","产品线运营中心深圳研发部","例会纪要（old）","1"
"page:14533631","page:151625345","包含目录","DZKJDSHWKF","产品线运营中心深圳研发部","产品线深圳研发中心电视开发所 主页 / 2、例会纪要 / 2022年例会","1"
"page:151625345","topic:会议与协同","推断主题","DZKJDSHWKF","产品线运营中心深圳研发部","2022年例会","1"
"page:13716871","page:14533659","包含目录","DZKJDSHWKF","产品线运营中心深圳研发部","产品线深圳研发中心电视开发所 主页 / 3、电路开发室(杨东)","1"
"page:14533659","topic:其他","推断主题","DZKJDSHWKF","产品线运营中心深圳研发部","3、电路开发室(杨东)","1"
"page:14533659","page:24676548","包含目录","DZKJDSHWKF","产品线运营中心深圳研发部","产品线深圳研发中心电视开发所 主页 / 3、电路开发室(杨东) / 10、硬件开发室周例会","1"
"page:24676548","topic:会议与协同","推断主题","DZKJDSHWKF","产品线运营中心深圳研发部","10、硬件开发室周例会","1"
"page:14533659","page:69506864","包含目录","DZKJDSHWKF","产品线运营中心深圳研发部","产品线深圳研发中心电视开发所 主页 / 3、电路开发室(杨东) / 11、能力提升","1"
"page:69506864","topic:其他","推断主题","DZKJDSHWKF","产品线运营中心深圳研发部","11、能力提升","1"
"page:14533659","page:68849421","包含目录","DZKJDSHWKF","产品线运营中心深圳研发部","产品线深圳研发中心电视开发所 主页 / 3、电路开发室(杨东) / 13、新员工入职","1"
"page:68849421","topic:其他","推断主题","DZKJDSHWKF","产品线运营中心深圳研发部","13、新员工入职","1"
"page:14533659","page:70781419","包含目录","DZKJDSHWKF","产品线运营中心深圳研发部","产品线深圳研发中心电视开发所 主页 / 3、电路开发室(杨东) / 14、深研模组电路","1"
"page:70781419","topic:其他","推断主题","DZKJDSHWKF","产品线运营中心深圳研发部","14、深研模组电路","1"
"page:14533659","page:75172977","包含目录","DZKJDSHWKF","产品线运营中心深圳研发部","产品线深圳研发中心电视开发所 主页 / 3、电路开发室(杨东) / 15、硬件开发室经费","1"
"page:75172977","topic:其他","推断主题","DZKJDSHWKF","产品线运营中心深圳研发部","15、硬件开发室经费","1"
"page:14533659","page:87167429","包含目录","DZKJDSHWKF","产品线运营中心深圳研发部","产品线深圳研发中心电视开发所 主页 / 3、电路开发室(杨东) / 16、901实验室/借领机","1"
"page:87167429","topic:测试与验证","推断主题","DZKJDSHWKF","产品线运营中心深圳研发部","16、901实验室/借领机","1"
"page:14533659","page:92941623","包含目录","DZKJDSHWKF","产品线运营中心深圳研发部","产品线深圳研发中心电视开发所 主页 / 3、电路开发室(杨东) / 17、SE策划论证","1"
"page:92941623","topic:其他","推断主题","DZKJDSHWKF","产品线运营中心深圳研发部","17、SE策划论证","1"
"page:14533659","page:116821342","包含目录","DZKJDSHWKF","产品线运营中心深圳研发部","产品线深圳研发中心电视开发所 主页 / 3、电路开发室(杨东) / 18、降本措施导入","1"
"page:116821342","topic:问题与复盘","推断主题","DZKJDSHWKF","产品线运营中心深圳研发部","18、降本措施导入","1"
"page:14533659","page:54855487","包含目录","DZKJDSHWKF","产品线运营中心深圳研发部","产品线深圳研发中心电视开发所 主页 / 3、电路开发室(杨东) / 19、研发认证","1"
"page:54855487","topic:培训与知识","推断主题","DZKJDSHWKF","产品线运营中心深圳研发部","19、研发认证","1"
"page:14533659","page:15566003","包含目录","DZKJDSHWKF","产品线运营中心深圳研发部","产品线深圳研发中心电视开发所 主页 / 3、电路开发室(杨东) / 1、电路经验共享","1"
"page:15566003","topic:其他","推断主题","DZKJDSHWKF","产品线运营中心深圳研发部","1、电路经验共享","1"
"page:14533659","page:154939002","包含目录","DZKJDSHWKF","产品线运营中心深圳研发部","产品线深圳研发中心电视开发所 主页 / 3、电路开发室(杨东) / 20、板卡设计","1"
"page:154939002","topic:设计与架构","推断主题","DZKJDSHWKF","产品线运营中心深圳研发部","20、板卡设计","1"
"page:14533659","page:175512733","包含目录","DZKJDSHWKF","产品线运营中心深圳研发部","产品线深圳研发中心电视开发所 主页 / 3、电路开发室(杨东) / 21、创新提案/专利","1"
"page:175512733","topic:其他","推断主题","DZKJDSHWKF","产品线运营中心深圳研发部","21、创新提案/专利","1"
"page:14533659","page:180264712","包含目录","DZKJDSHWKF","产品线运营中心深圳研发部","产品线深圳研发中心电视开发所 主页 / 3、电路开发室(杨东) / 22、采购、订单分工","1"
"page:180264712","topic:其他","推断主题","DZKJDSHWKF","产品线运营中心深圳研发部","22、采购、订单分工","1"
"page:14533659","page:186977681","包含目录","DZKJDSHWKF","产品线运营中心深圳研发部","产品线深圳研发中心电视开发所 主页 / 3、电路开发室(杨东) / 23、质量事件","1"
"page:186977681","topic:数据与质量","推断主题","DZKJDSHWKF","产品线运营中心深圳研发部","23、质量事件","1"
"page:14533659","page:215819780","包含目录","DZKJDSHWKF","产品线运营中心深圳研发部","产品线深圳研发中心电视开发所 主页 / 3、电路开发室(杨东) / 24、物料厂家/联系人","1"
"page:215819780","topic:其他","推断主题","DZKJDSHWKF","产品线运营中心深圳研发部","24、物料厂家/联系人","1"
"page:14533659","page:32477376","包含目录","DZKJDSHWKF","产品线运营中心深圳研发部","产品线深圳研发中心电视开发所 主页 / 3、电路开发室(杨东) / 2、电路工作规定/雷区","1"
"page:32477376","topic:其他","推断主题","DZKJDSHWKF","产品线运营中心深圳研发部","2、电路工作规定/雷区","1"
"page:14533659","page:33065150","包含目录","DZKJDSHWKF","产品线运营中心深圳研发部","产品线深圳研发中心电视开发所 主页 / 3、电路开发室(杨东) / 3、电路常用表格/流程","1"
"page:33065150","topic:规范与流程","推断主题","DZKJDSHWKF","产品线运营中心深圳研发部","3、电路常用表格/流程","1"
"page:14533659","page:17045732","包含目录","DZKJDSHWKF","产品线运营中心深圳研发部","产品线深圳研发中心电视开发所 主页 / 3、电路开发室(杨东) / 4、画质相关","1"
"page:17045732","topic:其他","推断主题","DZKJDSHWKF","产品线运营中心深圳研发部","4、画质相关","1"
"page:14533659","page:65175951","包含目录","DZKJDSHWKF","产品线运营中心深圳研发部","产品线深圳研发中心电视开发所 主页 / 3、电路开发室(杨东) / 5、各市场开发规范和要求","1"
"page:65175951","topic:规范与流程","推断主题","DZKJDSHWKF","产品线运营中心深圳研发部","5、各市场开发规范和要求","1"
"page:14533659","page:40044525","包含目录","DZKJDSHWKF","产品线运营中心深圳研发部","产品线深圳研发中心电视开发所 主页 / 3、电路开发室(杨东) / 6、大客户/ODM项目要求","1"
"page:40044525","topic:项目管理","推断主题","DZKJDSHWKF","产品线运营中心深圳研发部","6、大客户/ODM项目要求","1"
"page:14533659","page:46796968","包含目录","DZKJDSHWKF","产品线运营中心深圳研发部","产品线深圳研发中心电视开发所 主页 / 3、电路开发室(杨东) / 7、板卡/线材/扬声器/组件等物料明细","1"
"page:46796968","topic:其他","推断主题","DZKJDSHWKF","产品线运营中心深圳研发部","7、板卡/线材/扬声器/组件等物料明细","1"
"page:14533659","page:51482197","包含目录","DZKJDSHWKF","产品线运营中心深圳研发部","产品线深圳研发中心电视开发所 主页 / 3、电路开发室(杨东) / 8、订单互检轮值表","1"
"page:51482197","topic:其他","推断主题","DZKJDSHWKF","产品线运营中心深圳研发部","8、订单互检轮值表","1"
"page:14533659","page:98601185","包含目录","DZKJDSHWKF","产品线运营中心深圳研发部","产品线深圳研发中心电视开发所 主页 / 3、电路开发室(杨东) / 9、软件相关注意事项","1"
"page:98601185","topic:其他","推断主题","DZKJDSHWKF","产品线运营中心深圳研发部","9、软件相关注意事项","1"
"page:13716871","page:14726741","包含目录","DZKJDSHWKF","产品线运营中心深圳研发部","产品线深圳研发中心电视开发所 主页 / 4、电视结构开发室","1"
"page:14726741","topic:其他","推断主题","DZKJDSHWKF","产品线运营中心深圳研发部","4、电视结构开发室","1"
"page:14726741","page:221861189","包含目录","DZKJDSHWKF","产品线运营中心深圳研发部","产品线深圳研发中心电视开发所 主页 / 4、电视结构开发室 / 10、任职资格实操考试","1"
"page:221861189","topic:其他","推断主题","DZKJDSHWKF","产品线运营中心深圳研发部","10、任职资格实操考试","1"
"page:14726741","page:25986490","包含目录","DZKJDSHWKF","产品线运营中心深圳研发部","产品线深圳研发中心电视开发所 主页 / 4、电视结构开发室 / 1、部门周报","1"
"page:25986490","topic:其他","推断主题","DZKJDSHWKF","产品线运营中心深圳研发部","1、部门周报","1"
"page:14726741","page:14722042","包含目录","DZKJDSHWKF","产品线运营中心深圳研发部","产品线深圳研发中心电视开发所 主页 / 4、电视结构开发室 / 1、项目/任务","1"
"page:14722042","topic:项目管理","推断主题","DZKJDSHWKF","产品线运营中心深圳研发部","1、项目/任务","1"
"page:14726741","page:15565968","包含目录","DZKJDSHWKF","产品线运营中心深圳研发部","产品线深圳研发中心电视开发所 主页 / 4、电视结构开发室 / 2、工作思路","1"
"page:15565968","topic:其他","推断主题","DZKJDSHWKF","产品线运营中心深圳研发部","2、工作思路","1"
"page:14726741","page:15567171","包含目录","DZKJDSHWKF","产品线运营中心深圳研发部","产品线深圳研发中心电视开发所 主页 / 4、电视结构开发室 / 2、知识库","1"
"page:15567171","topic:其他","推断主题","DZKJDSHWKF","产品线运营中心深圳研发部","2、知识库","1"
"page:14726741","page:20188628","包含目录","DZKJDSHWKF","产品线运营中心深圳研发部","产品线深圳研发中心电视开发所 主页 / 4、电视结构开发室 / 3、基础工作","1"
"page:20188628","topic:其他","推断主题","DZKJDSHWKF","产品线运营中心深圳研发部","3、基础工作","1"
"page:14726741","page:19106335","包含目录","DZKJDSHWKF","产品线运营中心深圳研发部","产品线深圳研发中心电视开发所 主页 / 4、电视结构开发室 / 4、经验共享及内部培训","1"
"page:19106335","topic:培训与知识","推断主题","DZKJDSHWKF","产品线运营中心深圳研发部","4、经验共享及内部培训","1"
"page:14726741","page:17796788","包含目录","DZKJDSHWKF","产品线运营中心深圳研发部","产品线深圳研发中心电视开发所 主页 / 4、电视结构开发室 / 5、ODM/OEM委外结构注意事项","1"
"page:17796788","topic:其他","推断主题","DZKJDSHWKF","产品线运营中心深圳研发部","5、ODM/OEM委外结构注意事项","1"
"page:14726741","page:23430844","包含目录","DZKJDSHWKF","产品线运营中心深圳研发部","产品线深圳研发中心电视开发所 主页 / 4、电视结构开发室 / 5、ODM、OEM标准","1"
"page:23430844","topic:规范与流程","推断主题","DZKJDSHWKF","产品线运营中心深圳研发部","5、ODM、OEM标准","1"
"page:14726741","page:120527544","包含目录","DZKJDSHWKF","产品线运营中心深圳研发部","产品线深圳研发中心电视开发所 主页 / 4、电视结构开发室 / 6、流程文件","1"
"page:120527544","topic:规范与流程","推断主题","DZKJDSHWKF","产品线运营中心深圳研发部","6、流程文件","1"
"page:14726741","page:203823281","包含目录","DZKJDSHWKF","产品线运营中心深圳研发部","产品线深圳研发中心电视开发所 主页 / 4、电视结构开发室 / 7、出差报告","1"
"page:203823281","topic:其他","推断主题","DZKJDSHWKF","产品线运营中心深圳研发部","7、出差报告","1"
"page:14726741","page:204755332","包含目录","DZKJDSHWKF","产品线运营中心深圳研发部","产品线深圳研发中心电视开发所 主页 / 4、电视结构开发室 / 8、培训资料","1"
"page:204755332","topic:培训与知识","推断主题","DZKJDSHWKF","产品线运营中心深圳研发部","8、培训资料","1"
"page:14726741","page:94474814","包含目录","DZKJDSHWKF","产品线运营中心深圳研发部","产品线深圳研发中心电视开发所 主页 / 4、电视结构开发室 / 9、手板编号","1"
"page:94474814","topic:其他","推断主题","DZKJDSHWKF","产品线运营中心深圳研发部","9、手板编号","1"
"page:13716871","page:14726776","包含目录","DZKJDSHWKF","产品线运营中心深圳研发部","产品线深圳研发中心电视开发所 主页 / 5、显示开发室（刘良云）","1"
"page:14726776","topic:其他","推断主题","DZKJDSHWKF","产品线运营中心深圳研发部","5、显示开发室（刘良云）","1"
"page:14726776","page:48828704","包含目录","DZKJDSHWKF","产品线运营中心深圳研发部","产品线深圳研发中心电视开发所 主页 / 5、显示开发室（刘良云） / 1、常用模板","1"
"page:48828704","topic:规范与流程","推断主题","DZKJDSHWKF","产品线运营中心深圳研发部","1、常用模板","1"
"page:14726776","page:15567175","包含目录","DZKJDSHWKF","产品线运营中心深圳研发部","产品线深圳研发中心电视开发所 主页 / 5、显示开发室（刘良云） / 2、显示调研报告","1"
"page:15567175","topic:其他","推断主题","DZKJDSHWKF","产品线运营中心深圳研发部","2、显示调研报告","1"
"page:14726776","page:15567178","包含目录","DZKJDSHWKF","产品线运营中心深圳研发部","产品线深圳研发中心电视开发所 主页 / 5、显示开发室（刘良云） / 3、模组雷区总结","1"
"page:15567178","topic:其他","推断主题","DZKJDSHWKF","产品线运营中心深圳研发部","3、模组雷区总结","1"
"page:14726776","page:14819101","包含目录","DZKJDSHWKF","产品线运营中心深圳研发部","产品线深圳研发中心电视开发所 主页 / 5、显示开发室（刘良云） / 4、模组培训内容","1"
"page:14819101","topic:培训与知识","推断主题","DZKJDSHWKF","产品线运营中心深圳研发部","4、模组培训内容","1"
"page:13716871","page:29852134","包含目录","DZKJDSHWKF","产品线运营中心深圳研发部","产品线深圳研发中心电视开发所 主页 / 6、质量改善","1"
"page:29852134","topic:数据与质量","推断主题","DZKJDSHWKF","产品线运营中心深圳研发部","6、质量改善","1"
"page:29852134","page:29852139","包含目录","DZKJDSHWKF","产品线运营中心深圳研发部","产品线深圳研发中心电视开发所 主页 / 6、质量改善 / 1、质量改善措施跟进","1"
"page:29852139","topic:问题与复盘","推断主题","DZKJDSHWKF","产品线运营中心深圳研发部","1、质量改善措施跟进","1"
"page:29852134","page:154928103","包含目录","DZKJDSHWKF","产品线运营中心深圳研发部","产品线深圳研发中心电视开发所 主页 / 6、质量改善 / 2、质量事件“四不放过”汇总","1"
"page:154928103","topic:数据与质量","推断主题","DZKJDSHWKF","产品线运营中心深圳研发部","2、质量事件“四不放过”汇总","1"
"page:29852134","page:168922461","包含目录","DZKJDSHWKF","产品线运营中心深圳研发部","产品线深圳研发中心电视开发所 主页 / 6、质量改善 / 3、江门试制问题跟进及反馈","1"
"page:168922461","topic:问题与复盘","推断主题","DZKJDSHWKF","产品线运营中心深圳研发部","3、江门试制问题跟进及反馈","1"
"page:29852134","page:14836446","包含目录","DZKJDSHWKF","产品线运营中心深圳研发部","产品线深圳研发中心电视开发所 主页 / 6、质量改善 / 4、质量案例宣贯","1"
"page:14836446","topic:数据与质量","推断主题","DZKJDSHWKF","产品线运营中心深圳研发部","4、质量案例宣贯","1"
"page:13716871","page:14533662","包含目录","DZKJDSHWKF","产品线运营中心深圳研发部","产品线深圳研发中心电视开发所 主页 / 7、培训提升","1"
"page:14533662","topic:培训与知识","推断主题","DZKJDSHWKF","产品线运营中心深圳研发部","7、培训提升","1"
"page:14533662","page:217349100","包含目录","DZKJDSHWKF","产品线运营中心深圳研发部","产品线深圳研发中心电视开发所 主页 / 7、培训提升 / 培训记录--小礼品发放人员","1"
"page:217349100","topic:培训与知识","推断主题","DZKJDSHWKF","产品线运营中心深圳研发部","培训记录--小礼品发放人员","1"
"page:14533662","page:14538907","包含目录","DZKJDSHWKF","产品线运营中心深圳研发部","产品线深圳研发中心电视开发所 主页 / 7、培训提升 / 培训资料","1"
"page:14538907","topic:培训与知识","推断主题","DZKJDSHWKF","产品线运营中心深圳研发部","培训资料","1"
"page:13716871","page:15571723","包含目录","DZKJDSHWKF","产品线运营中心深圳研发部","产品线深圳研发中心电视开发所 主页 / 8、创新提案","1"
"page:15571723","topic:其他","推断主题","DZKJDSHWKF","产品线运营中心深圳研发部","8、创新提案","1"
"page:15571723","page:15573046","包含目录","DZKJDSHWKF","产品线运营中心深圳研发部","产品线深圳研发中心电视开发所 主页 / 8、创新提案 / 16年创新提案","1"
"page:15573046","topic:其他","推断主题","DZKJDSHWKF","产品线运营中心深圳研发部","16年创新提案","1"
"page:15571723","page:15573058","包含目录","DZKJDSHWKF","产品线运营中心深圳研发部","产品线深圳研发中心电视开发所 主页 / 8、创新提案 / 17年创新提案","1"
"page:15573058","topic:其他","推断主题","DZKJDSHWKF","产品线运营中心深圳研发部","17年创新提案","1"
"page:15571723","page:38176741","包含目录","DZKJDSHWKF","产品线运营中心深圳研发部","产品线深圳研发中心电视开发所 主页 / 8、创新提案 / 18年创新提案","1"
"page:38176741","topic:其他","推断主题","DZKJDSHWKF","产品线运营中心深圳研发部","18年创新提案","1"
"page:15571723","page:15574348","包含目录","DZKJDSHWKF","产品线运营中心深圳研发部","产品线深圳研发中心电视开发所 主页 / 8、创新提案 / 以往获奖创新提案","1"
"page:15574348","topic:其他","推断主题","DZKJDSHWKF","产品线运营中心深圳研发部","以往获奖创新提案","1"
"page:13716871","page:15571725","包含目录","DZKJDSHWKF","产品线运营中心深圳研发部","产品线深圳研发中心电视开发所 主页 / 9、发明专利","1"
"page:15571725","topic:其他","推断主题","DZKJDSHWKF","产品线运营中心深圳研发部","9、发明专利","1"
"page:15571725","page:15591407","包含目录","DZKJDSHWKF","产品线运营中心深圳研发部","产品线深圳研发中心电视开发所 主页 / 9、发明专利 / 16年专利提交","1"
"page:15591407","topic:其他","推断主题","DZKJDSHWKF","产品线运营中心深圳研发部","16年专利提交","1"
"page:15571725","page:15591410","包含目录","DZKJDSHWKF","产品线运营中心深圳研发部","产品线深圳研发中心电视开发所 主页 / 9、发明专利 / 17年专利提交","1"
"page:15591410","topic:其他","推断主题","DZKJDSHWKF","产品线运营中心深圳研发部","17年专利提交","1"
"page:15571725","page:15591415","包含目录","DZKJDSHWKF","产品线运营中心深圳研发部","产品线深圳研发中心电视开发所 主页 / 9、发明专利 / 17年专利申请任务分配表","1"
"page:15591415","topic:项目管理","推断主题","DZKJDSHWKF","产品线运营中心深圳研发部","17年专利申请任务分配表","1"
"page:15571725","page:15591404","包含目录","DZKJDSHWKF","产品线运营中心深圳研发部","产品线深圳研发中心电视开发所 主页 / 9、发明专利 / 专利模板","1"
"page:15591404","topic:规范与流程","推断主题","DZKJDSHWKF","产品线运营中心深圳研发部","专利模板","1"
"page:13716871","page:139069849","包含目录","DZKJDSHWKF","产品线运营中心深圳研发部","产品线深圳研发中心电视开发所 主页 / 10、样机管理（项目+市场）","1"
"page:139069849","topic:项目管理","推断主题","DZKJDSHWKF","产品线运营中心深圳研发部","10、样机管理（项目+市场）","1"
"page:139069849","page:15761902","包含目录","DZKJDSHWKF","产品线运营中心深圳研发部","产品线深圳研发中心电视开发所 主页 / 10、样机管理（项目+市场） / 1、样机管理（市场）","1"
"page:15761902","topic:项目管理","推断主题","DZKJDSHWKF","产品线运营中心深圳研发部","1、样机管理（市场）","1"
"page:139069849","page:139069869","包含目录","DZKJDSHWKF","产品线运营中心深圳研发部","产品线深圳研发中心电视开发所 主页 / 10、样机管理（项目+市场） / 2、项目样机管理","1"
"page:139069869","topic:项目管理","推断主题","DZKJDSHWKF","产品线运营中心深圳研发部","2、项目样机管理","1"
"page:13716871","page:139069917","包含目录","DZKJDSHWKF","产品线运营中心深圳研发部","产品线深圳研发中心电视开发所 主页 / 11、5S管理","1"
"page:139069917","topic:项目管理","推断主题","DZKJDSHWKF","产品线运营中心深圳研发部","11、5S管理","1"
"page:13716871","page:13721220","包含目录","DZKJDSHWKF","产品线运营中心深圳研发部","产品线深圳研发中心电视开发所 主页 / 12、团队建设(彭芬)","1"
"page:13721220","topic:其他","推断主题","DZKJDSHWKF","产品线运营中心深圳研发部","12、团队建设(彭芬)","1"
"page:13721220","page:13721259","包含目录","DZKJDSHWKF","产品线运营中心深圳研发部","产品线深圳研发中心电视开发所 主页 / 12、团队建设(彭芬) / 2017踏春活动方案","1"
"page:13721259","topic:设计与架构","推断主题","DZKJDSHWKF","产品线运营中心深圳研发部","2017踏春活动方案","1"
"page:13721220","page:14825325","包含目录","DZKJDSHWKF","产品线运营中心深圳研发部","产品线深圳研发中心电视开发所 主页 / 12、团队建设(彭芬) / 2017年7月1日 香港烟花汇演攻略","1"
"page:14825325","topic:其他","推断主题","DZKJDSHWKF","产品线运营中心深圳研发部","2017年7月1日 香港烟花汇演攻略","1"
"page:13721220","page:15576265","包含目录","DZKJDSHWKF","产品线运营中心深圳研发部","产品线深圳研发中心电视开发所 主页 / 12、团队建设(彭芬) / 2017 电视开发所第三季度活动","1"
"page:15576265","topic:其他","推断主题","DZKJDSHWKF","产品线运营中心深圳研发部","2017 电视开发所第三季度活动","1"
"page:13721220","page:15589163","包含目录","DZKJDSHWKF","产品线运营中心深圳研发部","产品线深圳研发中心电视开发所 主页 / 12、团队建设(彭芬) / 电视开发所员工生日会礼品券领取登记表","1"
"page:15589163","topic:其他","推断主题","DZKJDSHWKF","产品线运营中心深圳研发部","电视开发所员工生日会礼品券领取登记表","1"
"page:13721220","page:31131034","包含目录","DZKJDSHWKF","产品线运营中心深圳研发部","产品线深圳研发中心电视开发所 主页 / 12、团队建设(彭芬) / 2018  9月 部门活动计划","1"
"page:31131034","topic:版本与计划","推断主题","DZKJDSHWKF","产品线运营中心深圳研发部","2018  9月 部门活动计划","1"
"page:13721220","page:46795668","包含目录","DZKJDSHWKF","产品线运营中心深圳研发部","产品线深圳研发中心电视开发所 主页 / 12、团队建设(彭芬) / 茶歇购买记录","1"
"page:46795668","topic:其他","推断主题","DZKJDSHWKF","产品线运营中心深圳研发部","茶歇购买记录","1"
"page:13721220","page:70783231","包含目录","DZKJDSHWKF","产品线运营中心深圳研发部","产品线深圳研发中心电视开发所 主页 / 12、团队建设(彭芬) / 凤凰山一日游","1"
"page:70783231","topic:其他","推断主题","DZKJDSHWKF","产品线运营中心深圳研发部","凤凰山一日游","1"
"page:13721220","page:19108606","包含目录","DZKJDSHWKF","产品线运营中心深圳研发部","产品线深圳研发中心电视开发所 主页 / 12、团队建设(彭芬) / 阳朔春之行-照片","1"
"page:19108606","topic:其他","推断主题","DZKJDSHWKF","产品线运营中心深圳研发部","阳朔春之行-照片","1"
"page:13721220","page:14519483","包含目录","DZKJDSHWKF","产品线运营中心深圳研发部","产品线深圳研发中心电视开发所 主页 / 12、团队建设(彭芬) / 活动内容","1"
"page:14519483","topic:其他","推断主题","DZKJDSHWKF","产品线运营中心深圳研发部","活动内容","1"
"page:13721220","page:139072503","包含目录","DZKJDSHWKF","产品线运营中心深圳研发部","产品线深圳研发中心电视开发所 主页 / 12、团队建设(彭芬) / 2021惠州富力南昆山温泉养生谷","1"
"page:139072503","topic:其他","推断主题","DZKJDSHWKF","产品线运营中心深圳研发部","2021惠州富力南昆山温泉养生谷","1"
"page:13721220","page:139072517","包含目录","DZKJDSHWKF","产品线运营中心深圳研发部","产品线深圳研发中心电视开发所 主页 / 12、团队建设(彭芬) / 2020年终自选小礼物","1"
"page:139072517","topic:其他","推断主题","DZKJDSHWKF","产品线运营中心深圳研发部","2020年终自选小礼物","1"
"page:13721220","page:139072546","包含目录","DZKJDSHWKF","产品线运营中心深圳研发部","产品线深圳研发中心电视开发所 主页 / 12、团队建设(彭芬) / 视像科技2021年“慈善一日捐”","1"
"page:139072546","topic:其他","推断主题","DZKJDSHWKF","产品线运营中心深圳研发部","视像科技2021年“慈善一日捐”","1"
"page:13716871","page:19661241","包含目录","DZKJDSHWKF","产品线运营中心深圳研发部","产品线深圳研发中心电视开发所 主页 / 13、青岛、深圳、江门三地管理","1"
"page:19661241","topic:项目管理","推断主题","DZKJDSHWKF","产品线运营中心深圳研发部","13、青岛、深圳、江门三地管理","1"
"page:19661241","page:19661243","包含目录","DZKJDSHWKF","产品线运营中心深圳研发部","产品线深圳研发中心电视开发所 主页 / 13、青岛、深圳、江门三地管理 / Confluence两地同步","1"
"page:19661243","topic:项目管理","推断主题","DZKJDSHWKF","产品线运营中心深圳研发部","Confluence两地同步","1"
"page:13716871","page:15576372","包含目录","DZKJDSHWKF","产品线运营中心深圳研发部","产品线深圳研发中心电视开发所 主页 / 14、信息收集及相关报告（包括出差报告）","1"
"page:15576372","topic:其他","推断主题","DZKJDSHWKF","产品线运营中心深圳研发部","14、信息收集及相关报告（包括出差报告）","1"
"page:15576372","page:46106488","包含目录","DZKJDSHWKF","产品线运营中心深圳研发部","产品线深圳研发中心电视开发所 主页 / 14、信息收集及相关报告（包括出差报告） / 1、广州、深圳相关展会信息","1"
"page:46106488","topic:其他","推断主题","DZKJDSHWKF","产品线运营中心深圳研发部","1、广州、深圳相关展会信息","1"
"page:15576372","page:46106499","包含目录","DZKJDSHWKF","产品线运营中心深圳研发部","产品线深圳研发中心电视开发所 主页 / 14、信息收集及相关报告（包括出差报告） / 2、相关报告（包括出差报告）","1"
"page:46106499","topic:其他","推断主题","DZKJDSHWKF","产品线运营中心深圳研发部","2、相关报告（包括出差报告）","1"
"page:13716871","page:29229388","包含目录","DZKJDSHWKF","产品线运营中心深圳研发部","产品线深圳研发中心电视开发所 主页 / 15、深研项目预研","1"
"page:29229388","topic:项目管理","推断主题","DZKJDSHWKF","产品线运营中心深圳研发部","15、深研项目预研","1"
"page:29229388","page:59443831","包含目录","DZKJDSHWKF","产品线运营中心深圳研发部","产品线深圳研发中心电视开发所 主页 / 15、深研项目预研 / 1、调研计划","1"
"page:59443831","topic:版本与计划","推断主题","DZKJDSHWKF","产品线运营中心深圳研发部","1、调研计划","1"
"page:29229388","page:186138292","包含目录","DZKJDSHWKF","产品线运营中心深圳研发部","产品线深圳研发中心电视开发所 主页 / 15、深研项目预研 / 2、调研总结","1"
"page:186138292","topic:项目管理","推断主题","DZKJDSHWKF","产品线运营中心深圳研发部","2、调研总结","1"
"page:13716871","page:216387041","包含目录","DZKJDSHWKF","产品线运营中心深圳研发部","产品线深圳研发中心电视开发所 主页 / 16、休假登记（用于人工时统计）","1"
"page:216387041","topic:数据与质量","推断主题","DZKJDSHWKF","产品线运营中心深圳研发部","16、休假登记（用于人工时统计）","1"
"page:13716871","page:229108137","包含目录","DZKJDSHWKF","产品线运营中心深圳研发部","产品线深圳研发中心电视开发所 主页 / 17、面板损坏记录","1"
"page:229108137","topic:其他","推断主题","DZKJDSHWKF","产品线运营中心深圳研发部","17、面板损坏记录","1"
"page:13716871","page:328522831","包含目录","DZKJDSHWKF","产品线运营中心深圳研发部","产品线深圳研发中心电视开发所 主页 / 18、周末加班登记说明","1"
"page:328522831","topic:其他","推断主题","DZKJDSHWKF","产品线运营中心深圳研发部","18、周末加班登记说明","1"
"page:13716871","page:14722031","包含目录","DZKJDSHWKF","产品线运营中心深圳研发部","产品线深圳研发中心电视开发所 主页 / 10、平面设计（杨芳）","1"
"page:14722031","topic:设计与架构","推断主题","DZKJDSHWKF","产品线运营中心深圳研发部","10、平面设计（杨芳）","1"
"page:14722031","page:27918922","包含目录","DZKJDSHWKF","产品线运营中心深圳研发部","产品线深圳研发中心电视开发所 主页 / 10、平面设计（杨芳） / 01. 变更过程管理(2024~)","1"
"page:27918922","topic:设计与架构","推断主题","DZKJDSHWKF","产品线运营中心深圳研发部","01. 变更过程管理(2024~)","1"
"page:14722031","page:20808379","包含目录","DZKJDSHWKF","产品线运营中心深圳研发部","产品线深圳研发中心电视开发所 主页 / 10、平面设计（杨芳） / 02. 任务单(2025)","1"
"page:20808379","topic:设计与架构","推断主题","DZKJDSHWKF","产品线运营中心深圳研发部","02. 任务单(2025)","1"
"page:14722031","page:15569150","包含目录","DZKJDSHWKF","产品线运营中心深圳研发部","产品线深圳研发中心电视开发所 主页 / 10、平面设计（杨芳） / 03. 产品线用户文档项目(2026~)","1"
"page:15569150","topic:设计与架构","推断主题","DZKJDSHWKF","产品线运营中心深圳研发部","03. 产品线用户文档项目(2026~)","1"
"page:14722031","page:15569219","包含目录","DZKJDSHWKF","产品线运营中心深圳研发部","产品线深圳研发中心电视开发所 主页 / 10、平面设计（杨芳） / 04. 产品线存放箱项目(2025)","1"
"page:15569219","topic:设计与架构","推断主题","DZKJDSHWKF","产品线运营中心深圳研发部","04. 产品线存放箱项目(2025)","1"
"page:14722031","page:77138519","包含目录","DZKJDSHWKF","产品线运营中心深圳研发部","产品线深圳研发中心电视开发所 主页 / 10、平面设计（杨芳） / 05. Roku 印刷品明细(2024)","1"
"page:77138519","topic:设计与架构","推断主题","DZKJDSHWKF","产品线运营中心深圳研发部","05. Roku 印刷品明细(2024)","1"
"page:14722031","page:145721662","包含目录","DZKJDSHWKF","产品线运营中心深圳研发部","产品线深圳研发中心电视开发所 主页 / 10、平面设计（杨芳） / 06. 平面常用规范","1"
"page:145721662","topic:设计与架构","推断主题","DZKJDSHWKF","产品线运营中心深圳研发部","06. 平面常用规范","1"
"page:14722031","page:222310730","包含目录","DZKJDSHWKF","产品线运营中心深圳研发部","产品线深圳研发中心电视开发所 主页 / 10、平面设计（杨芳） / 07. 产品线分工","1"
"page:222310730","topic:设计与架构","推断主题","DZKJDSHWKF","产品线运营中心深圳研发部","07. 产品线分工","1"
"page:14722031","page:224680150","包含目录","DZKJDSHWKF","产品线运营中心深圳研发部","产品线深圳研发中心电视开发所 主页 / 10、平面设计（杨芳） / 08. 2024年培训点检","1"
"page:224680150","topic:设计与架构","推断主题","DZKJDSHWKF","产品线运营中心深圳研发部","08. 2024年培训点检","1"
"page:14722031","page:224680328","包含目录","DZKJDSHWKF","产品线运营中心深圳研发部","产品线深圳研发中心电视开发所 主页 / 10、平面设计（杨芳） / 09. 印刷品模板更新维护记录","1"
"page:224680328","topic:设计与架构","推断主题","DZKJDSHWKF","产品线运营中心深圳研发部","09. 印刷品模板更新维护记录","1"
"page:14722031","page:226952426","包含目录","DZKJDSHWKF","产品线运营中心深圳研发部","产品线深圳研发中心电视开发所 主页 / 10、平面设计（杨芳） / 10. 提效降本通用化","1"
"page:226952426","topic:设计与架构","推断主题","DZKJDSHWKF","产品线运营中心深圳研发部","10. 提效降本通用化","1"
"page:13716871","page:243904068","包含目录","DZKJDSHWKF","产品线运营中心深圳研发部","产品线深圳研发中心电视开发所 主页 / 5、各专业雷区","1"
"page:243904068","topic:其他","推断主题","DZKJDSHWKF","产品线运营中心深圳研发部","5、各专业雷区","1"
"page:13716871","page:139069731","包含目录","DZKJDSHWKF","产品线运营中心深圳研发部","产品线深圳研发中心电视开发所 主页 / 深圳研发中心 电视交付测试室（吴国柱）","1"
"page:139069731","topic:测试与验证","推断主题","DZKJDSHWKF","产品线运营中心深圳研发部","深圳研发中心 电视交付测试室（吴国柱）","1"
"page:139069731","page:176305659","包含目录","DZKJDSHWKF","产品线运营中心深圳研发部","产品线深圳研发中心电视开发所 主页 / 深圳研发中心 电视交付测试室（吴国柱） / 00_科室简介","1"
"page:176305659","topic:测试与验证","推断主题","DZKJDSHWKF","产品线运营中心深圳研发部","00_科室简介","1"
"page:139069731","page:176312423","包含目录","DZKJDSHWKF","产品线运营中心深圳研发部","产品线深圳研发中心电视开发所 主页 / 深圳研发中心 电视交付测试室（吴国柱） / 01_新员工入职指引","1"
"page:176312423","topic:测试与验证","推断主题","DZKJDSHWKF","产品线运营中心深圳研发部","01_新员工入职指引","1"
"page:139069731","page:176306588","包含目录","DZKJDSHWKF","产品线运营中心深圳研发部","产品线深圳研发中心电视开发所 主页 / 深圳研发中心 电视交付测试室（吴国柱） / 02_基础管理工作要求","1"
"page:176306588","topic:测试与验证","推断主题","DZKJDSHWKF","产品线运营中心深圳研发部","02_基础管理工作要求","1"
"page:139069731","page:141074010","包含目录","DZKJDSHWKF","产品线运营中心深圳研发部","产品线深圳研发中心电视开发所 主页 / 深圳研发中心 电视交付测试室（吴国柱） / 03_任职资格及职衔晋升","1"
"page:141074010","topic:测试与验证","推断主题","DZKJDSHWKF","产品线运营中心深圳研发部","03_任职资格及职衔晋升","1"
"page:139069731","page:136914359","包含目录","DZKJDSHWKF","产品线运营中心深圳研发部","产品线深圳研发中心电视开发所 主页 / 深圳研发中心 电视交付测试室（吴国柱） / 04_周会纪要及重点任务完成情况","1"
"page:136914359","topic:测试与验证","推断主题","DZKJDSHWKF","产品线运营中心深圳研发部","04_周会纪要及重点任务完成情况","1"
"page:139069731","page:159616993","包含目录","DZKJDSHWKF","产品线运营中心深圳研发部","产品线深圳研发中心电视开发所 主页 / 深圳研发中心 电视交付测试室（吴国柱） / 05_LIT业务","1"
"page:159616993","topic:测试与验证","推断主题","DZKJDSHWKF","产品线运营中心深圳研发部","05_LIT业务","1"
"page:139069731","page:160370469","包含目录","DZKJDSHWKF","产品线运营中心深圳研发部","产品线深圳研发中心电视开发所 主页 / 深圳研发中心 电视交付测试室（吴国柱） / 06_SIT业务","1"
"page:160370469","topic:测试与验证","推断主题","DZKJDSHWKF","产品线运营中心深圳研发部","06_SIT业务","1"
"page:139069731","page:160370456","包含目录","DZKJDSHWKF","产品线运营中心深圳研发部","产品线深圳研发中心电视开发所 主页 / 深圳研发中心 电视交付测试室（吴国柱） / 08_硬件测试业务","1"
"page:160370456","topic:测试与验证","推断主题","DZKJDSHWKF","产品线运营中心深圳研发部","08_硬件测试业务","1"
"page:139069731","page:164083586","包含目录","DZKJDSHWKF","产品线运营中心深圳研发部","产品线深圳研发中心电视开发所 主页 / 深圳研发中心 电视交付测试室（吴国柱） / 09_知识分享&培训","1"
"page:164083586","topic:测试与验证","推断主题","DZKJDSHWKF","产品线运营中心深圳研发部","09_知识分享&培训","1"
"page:139069731","page:164083579","包含目录","DZKJDSHWKF","产品线运营中心深圳研发部","产品线深圳研发中心电视开发所 主页 / 深圳研发中心 电视交付测试室（吴国柱） / 10_预研创新","1"
"page:164083579","topic:测试与验证","推断主题","DZKJDSHWKF","产品线运营中心深圳研发部","10_预研创新","1"
"page:139069731","page:149990098","包含目录","DZKJDSHWKF","产品线运营中心深圳研发部","产品线深圳研发中心电视开发所 主页 / 深圳研发中心 电视交付测试室（吴国柱） / 11_科室信息统计","1"
"page:149990098","topic:测试与验证","推断主题","DZKJDSHWKF","产品线运营中心深圳研发部","11_科室信息统计","1"
"page:139069731","page:140354449","包含目录","DZKJDSHWKF","产品线运营中心深圳研发部","产品线深圳研发中心电视开发所 主页 / 深圳研发中心 电视交付测试室（吴国柱） / 待整理","1"
"page:140354449","topic:测试与验证","推断主题","DZKJDSHWKF","产品线运营中心深圳研发部","待整理","1"
"page:139069731","page:178587689","包含目录","DZKJDSHWKF","产品线运营中心深圳研发部","产品线深圳研发中心电视开发所 主页 / 深圳研发中心 电视交付测试室（吴国柱） / 13_新员工培养","1"
"page:178587689","topic:测试与验证","推断主题","DZKJDSHWKF","产品线运营中心深圳研发部","13_新员工培养","1"
"page:139069731","page:196567399","包含目录","DZKJDSHWKF","产品线运营中心深圳研发部","产品线深圳研发中心电视开发所 主页 / 深圳研发中心 电视交付测试室（吴国柱） / 12_过程管理","1"
"page:196567399","topic:测试与验证","推断主题","DZKJDSHWKF","产品线运营中心深圳研发部","12_过程管理","1"
"page:139069731","page:216384588","包含目录","DZKJDSHWKF","产品线运营中心深圳研发部","产品线深圳研发中心电视开发所 主页 / 深圳研发中心 电视交付测试室（吴国柱） / 新PLM使用操作指导共享","1"
"page:216384588","topic:测试与验证","推断主题","DZKJDSHWKF","产品线运营中心深圳研发部","新PLM使用操作指导共享","1"
"page:139069731","page:297496003","包含目录","DZKJDSHWKF","产品线运营中心深圳研发部","产品线深圳研发中心电视开发所 主页 / 深圳研发中心 电视交付测试室（吴国柱） / 015—提效收集","1"
"page:297496003","topic:测试与验证","推断主题","DZKJDSHWKF","产品线运营中心深圳研发部","015—提效收集","1"
"space:~fengmeimei","page:119708399","空间首页","~fengmeimei","冯美美","冯美美的主页","1"
"page:119708399","topic:其他","推断主题","~fengmeimei","冯美美","冯美美的主页","1"
"page:119708399","page:134684631","包含目录","~fengmeimei","冯美美","冯美美的主页 / 刘洪刚权限申请","1"
"page:134684631","topic:其他","推断主题","~fengmeimei","冯美美","刘洪刚权限申请","1"
"page:119708399","page:256861356","包含目录","~fengmeimei","冯美美","冯美美的主页 / 复制从 202407月度过程指标会议 20240729","1"
"page:256861356","topic:会议与协同","推断主题","~fengmeimei","冯美美","复制从 202407月度过程指标会议 20240729","1"
"page:119708399","page:187814693","包含目录","~fengmeimei","冯美美","冯美美的主页 / 文件列表","1"
"page:187814693","topic:其他","推断主题","~fengmeimei","冯美美","文件列表","1"
"page:187814693","page:234518997","包含目录","~fengmeimei","冯美美","冯美美的主页 / 文件列表 / 测试文件上传下载","1"
"page:234518997","topic:测试与验证","推断主题","~fengmeimei","冯美美","测试文件上传下载","1"
"page:119708399","page:234502175","包含目录","~fengmeimei","冯美美","冯美美的主页 / 测试","1"
"page:234502175","topic:测试与验证","推断主题","~fengmeimei","冯美美","测试","1"
"space:RZZGXM","page:81139783","空间首页","RZZGXM","员工管理","员工管理","1"
"page:81139783","topic:项目管理","推断主题","RZZGXM","员工管理","员工管理","1"
"page:81139783","page:104106136","包含目录","RZZGXM","员工管理","员工管理 / 研发专业任职资格标准","1"
"page:104106136","topic:规范与流程","推断主题","RZZGXM","员工管理","研发专业任职资格标准","1"
"page:104106136","page:207403830","包含目录","RZZGXM","员工管理","员工管理 / 研发专业任职资格标准 / 软件开发子类细分方向说明","1"
"page:207403830","topic:规范与流程","推断主题","RZZGXM","员工管理","软件开发子类细分方向说明","1"
"space:PXZL","page:15587085","空间首页","PXZL","培训资料","培训资料","1"
"page:15587085","topic:培训与知识","推断主题","PXZL","培训资料","培训资料","1"
"page:15587085","page:15588591","包含目录","PXZL","培训资料","培训资料 / 文件列表","1"
"page:15588591","topic:培训与知识","推断主题","PXZL","培训资料","文件列表","1"
"page:15588591","page:50140357","包含目录","PXZL","培训资料","培训资料 / 文件列表 / WiFi网络模块介绍","1"
"page:50140357","topic:培训与知识","推断主题","PXZL","培训资料","WiFi网络模块介绍","1"
"page:15588591","page:76448709","包含目录","PXZL","培训资料","培训资料 / 文件列表 / 4K内置TCON自动测工装培训资料","1"
"page:76448709","topic:培训与知识","推断主题","PXZL","培训资料","4K内置TCON自动测工装培训资料","1"
"page:15588591","page:16847751","包含目录","PXZL","培训资料","培训资料 / 文件列表 / 2018年第一季度培训资料","1"
"page:16847751","topic:培训与知识","推断主题","PXZL","培训资料","2018年第一季度培训资料","1"
"page:15588591","page:20188071","包含目录","PXZL","培训资料","培训资料 / 文件列表 / 2018显示技术及产业链论坛","1"
"page:20188071","topic:培训与知识","推断主题","PXZL","培训资料","2018显示技术及产业链论坛","1"
"page:15588591","page:26677690","包含目录","PXZL","培训资料","培训资料 / 文件列表 / fdv","1"
"page:26677690","topic:培训与知识","推断主题","PXZL","培训资料","fdv","1"
"page:15588591","page:73897937","包含目录","PXZL","培训资料","培训资料 / 文件列表 / Local Dimming 基本原理及驱动应用","1"
"page:73897937","topic:培训与知识","推断主题","PXZL","培训资料","Local Dimming 基本原理及驱动应用","1"
"page:15588591","page:92276587","包含目录","PXZL","培训资料","培训资料 / 文件列表 / Nova 98525 guide","1"
"page:92276587","topic:规范与流程","推断主题","PXZL","培训资料","Nova 98525 guide","1"
"page:15588591","page:30508567","包含目录","PXZL","培训资料","培训资料 / 文件列表 / TCP-IP基础","1"
"page:30508567","topic:培训与知识","推断主题","PXZL","培训资料","TCP-IP基础","1"
"page:15588591","page:85367059","包含目录","PXZL","培训资料","培训资料 / 文件列表 / 各产品线新品首单点检资料汇总","1"
"page:85367059","topic:培训与知识","推断主题","PXZL","培训资料","各产品线新品首单点检资料汇总","1"
"page:15588591","page:85950583","包含目录","PXZL","培训资料","培训资料 / 文件列表 / 平面文档室 2020培训资料","1"
"page:85950583","topic:规范与流程","推断主题","PXZL","培训资料","平面文档室 2020培训资料","1"
"page:15588591","page:27330876","包含目录","PXZL","培训资料","培训资料 / 文件列表 / 微结构加工工艺","1"
"page:27330876","topic:培训与知识","推断主题","PXZL","培训资料","微结构加工工艺","1"
"page:15588591","page:40701328","包含目录","PXZL","培训资料","培训资料 / 文件列表 / 显示驱动基本原理","1"
"page:40701328","topic:培训与知识","推断主题","PXZL","培训资料","显示驱动基本原理","1"
"page:15588591","page:89003300","包含目录","PXZL","培训资料","培训资料 / 文件列表 / 疫情下的流行趋势","1"
"page:89003300","topic:培训与知识","推断主题","PXZL","培训资料","疫情下的流行趋势","1"
"page:15588591","page:23431059","包含目录","PXZL","培训资料","培训资料 / 文件列表 / 结构组（工艺部）","1"
"page:23431059","topic:培训与知识","推断主题","PXZL","培训资料","结构组（工艺部）","1"
"page:15588591","page:38830569","包含目录","PXZL","培训资料","培训资料 / 文件列表 / 结构BOM设计及使用说明","1"
"page:38830569","topic:设计与架构","推断主题","PXZL","培训资料","结构BOM设计及使用说明","1"
"page:15588591","page:21432013","包含目录","PXZL","培训资料","培训资料 / 文件列表 / 结构设计","1"
"page:21432013","topic:设计与架构","推断主题","PXZL","培训资料","结构设计","1"
"page:15588591","page:57445223","包含目录","PXZL","培训资料","培训资料 / 文件列表 / 请删除","1"
"page:57445223","topic:培训与知识","推断主题","PXZL","培训资料","请删除","1"
"page:15588591","page:126919687","包含目录","PXZL","培训资料","培训资料 / 文件列表 / 面板自带保护膜贴护屏胶带","1"
"page:126919687","topic:培训与知识","推断主题","PXZL","培训资料","面板自带保护膜贴护屏胶带","1"
"page:15588591","page:128361988","包含目录","PXZL","培训资料","培训资料 / 文件列表 / 白平衡Gamma调整基础培训-上（白平衡Gamma原理）","1"
"page:128361988","topic:培训与知识","推断主题","PXZL","培训资料","白平衡Gamma调整基础培训-上（白平衡Gamma原理）","1"
"page:15588591","page:129800783","包含目录","PXZL","培训资料","培训资料 / 文件列表 / 显示结构技术室","1"
"page:129800783","topic:培训与知识","推断主题","PXZL","培训资料","显示结构技术室","1"
"page:15588591","page:145070023","包含目录","PXZL","培训资料","培训资料 / 文件列表 / Gamma新老算法软件使用及常见问题分析方法","1"
"page:145070023","topic:问题与复盘","推断主题","PXZL","培训资料","Gamma新老算法软件使用及常见问题分析方法","1"
"page:15588591","page:154216370","包含目录","PXZL","培训资料","培训资料 / 文件列表 / 基于仿真结果的神经元数学模型风险预测","1"
"page:154216370","topic:二维三维与图形模型","推断主题","PXZL","培训资料","基于仿真结果的神经元数学模型风险预测","1"
"page:15588591","page:155688110","包含目录","PXZL","培训资料","培训资料 / 文件列表 / AutoGamma在线调整流程及内容","1"
"page:155688110","topic:规范与流程","推断主题","PXZL","培训资料","AutoGamma在线调整流程及内容","1"
"page:15588591","page:171424433","包含目录","PXZL","培训资料","培训资料 / 文件列表 / CBB开发流程介绍","1"
"page:171424433","topic:规范与流程","推断主题","PXZL","培训资料","CBB开发流程介绍","1"
"page:15588591","page:173908799","包含目录","PXZL","培训资料","培训资料 / 文件列表 / 消费者产品测试室","1"
"page:173908799","topic:测试与验证","推断主题","PXZL","培训资料","消费者产品测试室","1"
"page:15588591","page:204741870","包含目录","PXZL","培训资料","培训资料 / 文件列表 / 内部培训","1"
"page:204741870","topic:培训与知识","推断主题","PXZL","培训资料","内部培训","1"
"page:15588591","page:209108916","包含目录","PXZL","培训资料","培训资料 / 文件列表 / 包装箱规划大表","1"
"page:209108916","topic:培训与知识","推断主题","PXZL","培训资料","包装箱规划大表","1"
"page:15588591","page:218154899","包含目录","PXZL","培训资料","培训资料 / 文件列表 / 无","1"
"page:218154899","topic:培训与知识","推断主题","PXZL","培训资料","无","1"
"page:15587085","page:15587099","包含目录","PXZL","培训资料","培训资料 / 人力资源部","1"
"page:15587099","topic:培训与知识","推断主题","PXZL","培训资料","人力资源部","1"
"page:15587099","page:15588569","包含目录","PXZL","培训资料","培训资料 / 人力资源部 / 02、研发项目经理系列培训","1"
"page:15588569","topic:培训与知识","推断主题","PXZL","培训资料","02、研发项目经理系列培训","1"
"page:15587099","page:15861883","包含目录","PXZL","培训资料","培训资料 / 人力资源部 / 03、公司级内训师 “TTT”培训","1"
"page:15861883","topic:培训与知识","推断主题","PXZL","培训资料","03、公司级内训师 “TTT”培训","1"
"page:15587099","page:15876408","包含目录","PXZL","培训资料","培训资料 / 人力资源部 / 04、公司级培训和部门级培训师名单","1"
"page:15876408","topic:培训与知识","推断主题","PXZL","培训资料","04、公司级培训和部门级培训师名单","1"
"page:15587099","page:15587112","包含目录","PXZL","培训资料","培训资料 / 人力资源部 / 05、2017年公司级内训师课件资料","1"
"page:15587112","topic:培训与知识","推断主题","PXZL","培训资料","05、2017年公司级内训师课件资料","1"
"page:15587099","page:15891077","包含目录","PXZL","培训资料","培训资料 / 人力资源部 / 06、2017年外送培训资料分享","1"
"page:15891077","topic:培训与知识","推断主题","PXZL","培训资料","06、2017年外送培训资料分享","1"
"page:15587099","page:17040341","包含目录","PXZL","培训资料","培训资料 / 人力资源部 / 07、员工能力发展信息系统","1"
"page:17040341","topic:培训与知识","推断主题","PXZL","培训资料","07、员工能力发展信息系统","1"
"page:15587099","page:17043771","包含目录","PXZL","培训资料","培训资料 / 人力资源部 / 08、人资相关培训资料","1"
"page:17043771","topic:培训与知识","推断主题","PXZL","培训资料","08、人资相关培训资料","1"
"page:15587099","page:17043783","包含目录","PXZL","培训资料","培训资料 / 人力资源部 / 09、2018年公司级培训资料","1"
"page:17043783","topic:培训与知识","推断主题","PXZL","培训资料","09、2018年公司级培训资料","1"
"page:15587099","page:22813133","包含目录","PXZL","培训资料","培训资料 / 人力资源部 / 10、2018年“质量专题”微课大赛作品展示","1"
"page:22813133","topic:培训与知识","推断主题","PXZL","培训资料","10、2018年“质量专题”微课大赛作品展示","1"
"page:15587099","page:27921093","包含目录","PXZL","培训资料","培训资料 / 人力资源部 / 11、2018年外送培训资料分享","1"
"page:27921093","topic:培训与知识","推断主题","PXZL","培训资料","11、2018年外送培训资料分享","1"
"page:15587085","page:16677859","包含目录","PXZL","培训资料","培训资料 / 工艺设计部","1"
"page:16677859","topic:设计与架构","推断主题","PXZL","培训资料","工艺设计部","1"
"page:16677859","page:52724423","包含目录","PXZL","培训资料","培训资料 / 工艺设计部 / 工艺设计部U盾使用注意事项  附件：供应商使用说明&供应商常见问题处理方法","1"
"page:52724423","topic:设计与架构","推断主题","PXZL","培训资料","工艺设计部U盾使用注意事项  附件：供应商使用说明&供应商常见问题处理方法","1"
"page:16677859","page:37522375","包含目录","PXZL","培训资料","培训资料 / 工艺设计部 / 新门类产品工艺室","1"
"page:37522375","topic:设计与架构","推断主题","PXZL","培训资料","新门类产品工艺室","1"
"page:16677859","page:37522364","包含目录","PXZL","培训资料","培训资料 / 工艺设计部 / 电视电路工艺室","1"
"page:37522364","topic:设计与架构","推断主题","PXZL","培训资料","电视电路工艺室","1"
"page:16677859","page:37522371","包含目录","PXZL","培训资料","培训资料 / 工艺设计部 / 电视结构工艺室","1"
"page:37522371","topic:设计与架构","推断主题","PXZL","培训资料","电视结构工艺室","1"
"page:16677859","page:37522362","包含目录","PXZL","培训资料","培训资料 / 工艺设计部 / 电视软件工艺室","1"
"page:37522362","topic:设计与架构","推断主题","PXZL","培训资料","电视软件工艺室","1"
"page:15587085","page:16677850","包含目录","PXZL","培训资料","培训资料 / 显示研发部","1"
"page:16677850","topic:培训与知识","推断主题","PXZL","培训资料","显示研发部","1"
"page:16677850","page:27330878","包含目录","PXZL","培训资料","培训资料 / 显示研发部 / 新型微结构加工工艺","1"
"page:27330878","topic:培训与知识","推断主题","PXZL","培训资料","新型微结构加工工艺","1"
"page:16677850","page:73891860","包含目录","PXZL","培训资料","培训资料 / 显示研发部 / 模组产品开发管理程序","1"
"page:73891860","topic:培训与知识","推断主题","PXZL","培训资料","模组产品开发管理程序","1"
"page:16677850","page:73891854","包含目录","PXZL","培训资料","培训资料 / 显示研发部 / 模组设计变更规范","1"
"page:73891854","topic:设计与架构","推断主题","PXZL","培训资料","模组设计变更规范","1"
"page:16677850","page:73891865","包含目录","PXZL","培训资料","培训资料 / 显示研发部 / 研发项目经理会议资料-DFMEA含义、填写指导","1"
"page:73891865","topic:会议与协同","推断主题","PXZL","培训资料","研发项目经理会议资料-DFMEA含义、填写指导","1"
"page:16677850","page:73891869","包含目录","PXZL","培训资料","培训资料 / 显示研发部 / 质量知识及APQP和NUDD培训","1"
"page:73891869","topic:培训与知识","推断主题","PXZL","培训资料","质量知识及APQP和NUDD培训","1"
"page:15587085","page:16677866","包含目录","PXZL","培训资料","培训资料 / 深圳研发","1"
"page:16677866","topic:培训与知识","推断主题","PXZL","培训资料","深圳研发","1"
"page:15587085","page:16677863","包含目录","PXZL","培训资料","培训资料 / 用户体验设计部","1"
"page:16677863","topic:设计与架构","推断主题","PXZL","培训资料","用户体验设计部","1"
"page:15587085","page:17041041","包含目录","PXZL","培训资料","培训资料 / 知识产权部培训资料","1"
"page:17041041","topic:培训与知识","推断主题","PXZL","培训资料","知识产权部培训资料","1"
"page:17041041","page:17041356","包含目录","PXZL","培训资料","培训资料 / 知识产权部培训资料 / 中国专利无效、诉讼","1"
"page:17041356","topic:培训与知识","推断主题","PXZL","培训资料","中国专利无效、诉讼","1"
"page:17041041","page:17041353","包含目录","PXZL","培训资料","培训资料 / 知识产权部培训资料 / 中国专利申请","1"
"page:17041353","topic:培训与知识","推断主题","PXZL","培训资料","中国专利申请","1"
"page:17041041","page:17041363","包含目录","PXZL","培训资料","培训资料 / 知识产权部培训资料 / 涉外专利申请","1"
"page:17041363","topic:培训与知识","推断主题","PXZL","培训资料","涉外专利申请","1"
"page:15587085","page:16677854","包含目录","PXZL","培训资料","培训资料 / 研发测试部","1"
"page:16677854","topic:测试与验证","推断主题","PXZL","培训资料","研发测试部","1"
"page:16677854","page:28542552","包含目录","PXZL","培训资料","培训资料 / 研发测试部 /  仪器仪表培训","1"
"page:28542552","topic:测试与验证","推断主题","PXZL","培训资料"," 仪器仪表培训","1"
"page:16677854","page:17045359","包含目录","PXZL","培训资料","培训资料 / 研发测试部 / 测试二所","1"
"page:17045359","topic:测试与验证","推断主题","PXZL","培训资料","测试二所","1"
"page:16677854","page:70782861","包含目录","PXZL","培训资料","培训资料 / 研发测试部 / 研发测试部（手机线）","1"
"page:70782861","topic:测试与验证","推断主题","PXZL","培训资料","研发测试部（手机线）","1"
"page:16677854","page:17046812","包含目录","PXZL","培训资料","培训资料 / 研发测试部 / 研发测试部（电视线）","1"
"page:17046812","topic:测试与验证","推断主题","PXZL","培训资料","研发测试部（电视线）","1"
"page:15587085","page:16677843","包含目录","PXZL","培训资料","培训资料 / 硬件研发部","1"
"page:16677843","topic:培训与知识","推断主题","PXZL","培训资料","硬件研发部","1"
"page:16677843","page:17040502","包含目录","PXZL","培训资料","培训资料 / 硬件研发部 / 外销整机硬件所","1"
"page:17040502","topic:培训与知识","推断主题","PXZL","培训资料","外销整机硬件所","1"
"page:16677843","page:41357121","包含目录","PXZL","培训资料","培训资料 / 硬件研发部 / 安全设计","1"
"page:41357121","topic:设计与架构","推断主题","PXZL","培训资料","安全设计","1"
"page:16677843","page:24674458","包含目录","PXZL","培训资料","培训资料 / 硬件研发部 / 类载板技术介绍","1"
"page:24674458","topic:培训与知识","推断主题","PXZL","培训资料","类载板技术介绍","1"
"page:16677843","page:97912739","包含目录","PXZL","培训资料","培训资料 / 硬件研发部 / 部门知识库","1"
"page:97912739","topic:培训与知识","推断主题","PXZL","培训资料","部门知识库","1"
"page:15587085","page:16677856","包含目录","PXZL","培训资料","培训资料 / 结构设计部","1"
"page:16677856","topic:设计与架构","推断主题","PXZL","培训资料","结构设计部","1"
"page:16677856","page:72091148","包含目录","PXZL","培训资料","培训资料 / 结构设计部 / 2019","1"
"page:72091148","topic:设计与架构","推断主题","PXZL","培训资料","2019","1"
"page:16677856","page:209953259","包含目录","PXZL","培训资料","培训资料 / 结构设计部 / 2023","1"
"page:209953259","topic:设计与架构","推断主题","PXZL","培训资料","2023","1"
"page:16677856","page:171412371","包含目录","PXZL","培训资料","培训资料 / 结构设计部 / 平面文档培训资料","1"
"page:171412371","topic:设计与架构","推断主题","PXZL","培训资料","平面文档培训资料","1"
"page:15587085","page:16677861","包含目录","PXZL","培训资料","培训资料 / 质量管理部","1"
"page:16677861","topic:培训与知识","推断主题","PXZL","培训资料","质量管理部","1"
"page:16677861","page:24675158","包含目录","PXZL","培训资料","培训资料 / 质量管理部 / QC小组活动开展方法培训----2018.6","1"
"page:24675158","topic:培训与知识","推断主题","PXZL","培训资料","QC小组活动开展方法培训----2018.6","1"
"page:16677861","page:19107901","包含目录","PXZL","培训资料","培训资料 / 质量管理部 / QC新7工具培训资料","1"
"page:19107901","topic:培训与知识","推断主题","PXZL","培训资料","QC新7工具培训资料","1"
"page:16677861","page:24675151","包含目录","PXZL","培训资料","培训资料 / 质量管理部 / QC活动管理和点评方法分享","1"
"page:24675151","topic:培训与知识","推断主题","PXZL","培训资料","QC活动管理和点评方法分享","1"
"page:16677861","page:24053193","包含目录","PXZL","培训资料","培训资料 / 质量管理部 / 六顶思考帽","1"
"page:24053193","topic:培训与知识","推断主题","PXZL","培训资料","六顶思考帽","1"
"page:16677861","page:24051952","包含目录","PXZL","培训资料","培训资料 / 质量管理部 / 内销产品测试管理关键流程解析-王玉新","1"
"page:24051952","topic:测试与验证","推断主题","PXZL","培训资料","内销产品测试管理关键流程解析-王玉新","1"
"page:16677861","page:39393590","包含目录","PXZL","培训资料","培训资料 / 质量管理部 / 手机产品软件开发流程培训","1"
"page:39393590","topic:规范与流程","推断主题","PXZL","培训资料","手机产品软件开发流程培训","1"
"page:16677861","page:39393593","包含目录","PXZL","培训资料","培训资料 / 质量管理部 / 软件需求与变更管理培训","1"
"page:39393593","topic:需求与功能","推断主题","PXZL","培训资料","软件需求与变更管理培训","1"
"page:15587085","page:15589398","包含目录","PXZL","培训资料","培训资料 / 软件研发部","1"
"page:15589398","topic:培训与知识","推断主题","PXZL","培训资料","软件研发部","1"
"page:15589398","page:17041861","包含目录","PXZL","培训资料","培训资料 / 软件研发部 / 外销电视整机软件所","1"
"page:17041861","topic:培训与知识","推断主题","PXZL","培训资料","外销电视整机软件所","1"
"page:15589398","page:17040956","包含目录","PXZL","培训资料","培训资料 / 软件研发部 / 手机整机软件所","1"
"page:17040956","topic:培训与知识","推断主题","PXZL","培训资料","手机整机软件所","1"
"page:15589398","page:15589410","包含目录","PXZL","培训资料","培训资料 / 软件研发部 / 电视驱动软件所","1"
"page:15589410","topic:培训与知识","推断主题","PXZL","培训资料","电视驱动软件所","1"
"space:TOOLS","page:97195588","空间首页","TOOLS","工具池","工具池","1"
"page:97195588","topic:其他","推断主题","TOOLS","工具池","工具池","1"
"page:97195588","page:97195716","包含目录","TOOLS","工具池","工具池 / ASAN","1"
"page:97195716","topic:其他","推断主题","TOOLS","工具池","ASAN","1"
"page:97195588","page:97915103","包含目录","TOOLS","工具池","工具池 / 临时- 代码及设计质量工具-试用软件进度跟踪","1"
"page:97915103","topic:设计与架构","推断主题","TOOLS","工具池","临时- 代码及设计质量工具-试用软件进度跟踪","1"
"page:97195588","page:97190863","包含目录","TOOLS","工具池","工具池 / 代码及设计质量工具-试用软件进度跟踪","1"
"page:97190863","topic:设计与架构","推断主题","TOOLS","工具池","代码及设计质量工具-试用软件进度跟踪","1"
"space:PTRJKFS","page:317692191","空间首页","PTRJKFS","平台软件开发所","平台软件开发所 主页","1"
"page:317692191","topic:其他","推断主题","PTRJKFS","平台软件开发所","平台软件开发所 主页","1"
"page:317692191","page:317692878","包含目录","PTRJKFS","平台软件开发所","平台软件开发所 主页 / 1、模块空间","1"
"page:317692878","topic:其他","推断主题","PTRJKFS","平台软件开发所","1、模块空间","1"
"page:317692878","page:80451159","包含目录","PTRJKFS","平台软件开发所","平台软件开发所 主页 / 1、模块空间 / 图像与HDMI","1"
"page:80451159","topic:其他","推断主题","PTRJKFS","平台软件开发所","图像与HDMI","1"
"page:317692878","page:4490031","包含目录","PTRJKFS","平台软件开发所","平台软件开发所 主页 / 1、模块空间 / 系统驱动","1"
"page:4490031","topic:其他","推断主题","PTRJKFS","平台软件开发所","系统驱动","1"
"page:317692191","page:317692882","包含目录","PTRJKFS","平台软件开发所","平台软件开发所 主页 / 2、NPI 导入","1"
"page:317692882","topic:其他","推断主题","PTRJKFS","平台软件开发所","2、NPI 导入","1"
"page:317692882","page:320162140","包含目录","PTRJKFS","平台软件开发所","平台软件开发所 主页 / 2、NPI 导入 / 1、MTK 9616","1"
"page:320162140","topic:其他","推断主题","PTRJKFS","平台软件开发所","1、MTK 9616","1"
"page:317692882","page:326685506","包含目录","PTRJKFS","平台软件开发所","平台软件开发所 主页 / 2、NPI 导入 / 2、AML 966D5","1"
"page:326685506","topic:其他","推断主题","PTRJKFS","平台软件开发所","2、AML 966D5","1"
"page:317692882","page:335549593","包含目录","PTRJKFS","平台软件开发所","平台软件开发所 主页 / 2、NPI 导入 / 3、UNI 6780","1"
"page:335549593","topic:其他","推断主题","PTRJKFS","平台软件开发所","3、UNI 6780","1"
"page:317692191","page:317692886","包含目录","PTRJKFS","平台软件开发所","平台软件开发所 主页 / 3、创新预研","1"
"page:317692886","topic:其他","推断主题","PTRJKFS","平台软件开发所","3、创新预研","1"
"page:317692191","page:317692894","包含目录","PTRJKFS","平台软件开发所","平台软件开发所 主页 / 4、技术规划与调研","1"
"page:317692894","topic:其他","推断主题","PTRJKFS","平台软件开发所","4、技术规划与调研","1"
"page:317692894","page:227447264","包含目录","PTRJKFS","平台软件开发所","平台软件开发所 主页 / 4、技术规划与调研 / 01 - eBPF技术及应用","1"
"page:227447264","topic:其他","推断主题","PTRJKFS","平台软件开发所","01 - eBPF技术及应用","1"
"page:317692894","page:226958148","包含目录","PTRJKFS","平台软件开发所","平台软件开发所 主页 / 4、技术规划与调研 / 02 - 内存管理","1"
"page:226958148","topic:项目管理","推断主题","PTRJKFS","平台软件开发所","02 - 内存管理","1"
"page:317692894","page:226980965","包含目录","PTRJKFS","平台软件开发所","平台软件开发所 主页 / 4、技术规划与调研 / 03 - 功耗控制","1"
"page:226980965","topic:其他","推断主题","PTRJKFS","平台软件开发所","03 - 功耗控制","1"
"page:317692894","page:226958161","包含目录","PTRJKFS","平台软件开发所","平台软件开发所 主页 / 4、技术规划与调研 / 04 - 文件系统","1"
"page:226958161","topic:其他","推断主题","PTRJKFS","平台软件开发所","04 - 文件系统","1"
"page:317692894","page:226958170","包含目录","PTRJKFS","平台软件开发所","平台软件开发所 主页 / 4、技术规划与调研 / 05 - 进程调度","1"
"page:226958170","topic:其他","推断主题","PTRJKFS","平台软件开发所","05 - 进程调度","1"
"page:317692894","page:226965375","包含目录","PTRJKFS","平台软件开发所","平台软件开发所 主页 / 4、技术规划与调研 / 06 - 底层软件开发提效","1"
"page:226965375","topic:其他","推断主题","PTRJKFS","平台软件开发所","06 - 底层软件开发提效","1"
"page:317692894","page:227856310","包含目录","PTRJKFS","平台软件开发所","平台软件开发所 主页 / 4、技术规划与调研 / 07 - 内核版本更新","1"
"page:227856310","topic:版本与计划","推断主题","PTRJKFS","平台软件开发所","07 - 内核版本更新","1"
"page:317692894","page:228344480","包含目录","PTRJKFS","平台软件开发所","平台软件开发所 主页 / 4、技术规划与调研 / 08 - 内核rust开发技术","1"
"page:228344480","topic:其他","推断主题","PTRJKFS","平台软件开发所","08 - 内核rust开发技术","1"
"page:317692894","page:231378593","包含目录","PTRJKFS","平台软件开发所","平台软件开发所 主页 / 4、技术规划与调研 / 09 - 稳定性及性能","1"
"page:231378593","topic:其他","推断主题","PTRJKFS","平台软件开发所","09 - 稳定性及性能","1"
"page:317692894","page:231400550","包含目录","PTRJKFS","平台软件开发所","平台软件开发所 主页 / 4、技术规划与调研 / 10 - 日常记录","1"
"page:231400550","topic:其他","推断主题","PTRJKFS","平台软件开发所","10 - 日常记录","1"
"page:317692894","page:233001592","包含目录","PTRJKFS","平台软件开发所","平台软件开发所 主页 / 4、技术规划与调研 / 11 - GKI整改","1"
"page:233001592","topic:其他","推断主题","PTRJKFS","平台软件开发所","11 - GKI整改","1"
"page:317692894","page:243908461","包含目录","PTRJKFS","平台软件开发所","平台软件开发所 主页 / 4、技术规划与调研 / 12 - TMG工作","1"
"page:243908461","topic:其他","推断主题","PTRJKFS","平台软件开发所","12 - TMG工作","1"
"page:317692894","page:245790217","包含目录","PTRJKFS","平台软件开发所","平台软件开发所 主页 / 4、技术规划与调研 / 13 - Bazel技术","1"
"page:245790217","topic:其他","推断主题","PTRJKFS","平台软件开发所","13 - Bazel技术","1"
"page:317692894","page:273939605","包含目录","PTRJKFS","平台软件开发所","平台软件开发所 主页 / 4、技术规划与调研 / 14 - CLK-中国Linux开发者大会","1"
"page:273939605","topic:其他","推断主题","PTRJKFS","平台软件开发所","14 - CLK-中国Linux开发者大会","1"
"page:317692894","page:231387178","包含目录","PTRJKFS","平台软件开发所","平台软件开发所 主页 / 4、技术规划与调研 / 15 - RK-开发者大会","1"
"page:231387178","topic:其他","推断主题","PTRJKFS","平台软件开发所","15 - RK-开发者大会","1"
"page:317692894","page:338857116","包含目录","PTRJKFS","平台软件开发所","平台软件开发所 主页 / 4、技术规划与调研 / 16 - 方案设计","1"
"page:338857116","topic:设计与架构","推断主题","PTRJKFS","平台软件开发所","16 - 方案设计","1"
"page:317692894","page:355568173","包含目录","PTRJKFS","平台软件开发所","平台软件开发所 主页 / 4、技术规划与调研 / 17 - 开关机","1"
"page:355568173","topic:其他","推断主题","PTRJKFS","平台软件开发所","17 - 开关机","1"
"page:317692894","page:363105989","包含目录","PTRJKFS","平台软件开发所","平台软件开发所 主页 / 4、技术规划与调研 / 18 - Linux Kernel and AI Tec","1"
"page:363105989","topic:其他","推断主题","PTRJKFS","平台软件开发所","18 - Linux Kernel and AI Tec","1"
"page:317692894","page:229098660","包含目录","PTRJKFS","平台软件开发所","平台软件开发所 主页 / 4、技术规划与调研 / 技术成长","1"
"page:229098660","topic:其他","推断主题","PTRJKFS","平台软件开发所","技术成长","1"
"page:317692894","page:136152771","包含目录","PTRJKFS","平台软件开发所","平台软件开发所 主页 / 4、技术规划与调研 / 技术调研","1"
"page:136152771","topic:其他","推断主题","PTRJKFS","平台软件开发所","技术调研","1"
"page:317692191","page:317692900","包含目录","PTRJKFS","平台软件开发所","平台软件开发所 主页 / 5、技术资料","1"
"page:317692900","topic:其他","推断主题","PTRJKFS","平台软件开发所","5、技术资料","1"
"page:317692191","page:317692909","包含目录","PTRJKFS","平台软件开发所","平台软件开发所 主页 / 6、流程与标准","1"
"page:317692909","topic:规范与流程","推断主题","PTRJKFS","平台软件开发所","6、流程与标准","1"
"page:317692191","page:317692918","包含目录","PTRJKFS","平台软件开发所","平台软件开发所 主页 / 7、典型问题","1"
"page:317692918","topic:问题与复盘","推断主题","PTRJKFS","平台软件开发所","7、典型问题","1"
"page:317692191","page:317694450","包含目录","PTRJKFS","平台软件开发所","平台软件开发所 主页 / 8、能力提升","1"
"page:317694450","topic:其他","推断主题","PTRJKFS","平台软件开发所","8、能力提升","1"
"page:317694450","page:349812053","包含目录","PTRJKFS","平台软件开发所","平台软件开发所 主页 / 8、能力提升 / 中断子系统","1"
"page:349812053","topic:其他","推断主题","PTRJKFS","平台软件开发所","中断子系统","1"
"page:317692191","page:317692897","包含目录","PTRJKFS","平台软件开发所","平台软件开发所 主页 / 9、信息统计","1"
"page:317692897","topic:数据与质量","推断主题","PTRJKFS","平台软件开发所","9、信息统计","1"
"page:317692897","page:326686152","包含目录","PTRJKFS","平台软件开发所","平台软件开发所 主页 / 9、信息统计 / 25年第三季度发票收集","1"
"page:326686152","topic:数据与质量","推断主题","PTRJKFS","平台软件开发所","25年第三季度发票收集","1"
"page:317692897","page:341991973","包含目录","PTRJKFS","平台软件开发所","平台软件开发所 主页 / 9、信息统计 / 25年第四季度发票收集","1"
"page:341991973","topic:数据与质量","推断主题","PTRJKFS","平台软件开发所","25年第四季度发票收集","1"
"page:317692897","page:357857554","包含目录","PTRJKFS","平台软件开发所","平台软件开发所 主页 / 9、信息统计 / 26年第一季度发票收集","1"
"page:357857554","topic:数据与质量","推断主题","PTRJKFS","平台软件开发所","26年第一季度发票收集","1"
"page:317692897","page:363132924","包含目录","PTRJKFS","平台软件开发所","平台软件开发所 主页 / 9、信息统计 / 26年第二季度发票收集","1"
"page:363132924","topic:数据与质量","推断主题","PTRJKFS","平台软件开发所","26年第二季度发票收集","1"
"page:317692191","page:321275982","包含目录","PTRJKFS","平台软件开发所","平台软件开发所 主页 / 10、例会信息","1"
"page:321275982","topic:会议与协同","推断主题","PTRJKFS","平台软件开发所","10、例会信息","1"
"page:321275982","page:321275985","包含目录","PTRJKFS","平台软件开发所","平台软件开发所 主页 / 10、例会信息 / 2025/08/13","1"
"page:321275985","topic:会议与协同","推断主题","PTRJKFS","平台软件开发所","2025/08/13","1"
"page:321275982","page:324859260","包含目录","PTRJKFS","平台软件开发所","平台软件开发所 主页 / 10、例会信息 / 2025/09/06","1"
"page:324859260","topic:会议与协同","推断主题","PTRJKFS","平台软件开发所","2025/09/06","1"
"page:321275982","page:341991698","包含目录","PTRJKFS","平台软件开发所","平台软件开发所 主页 / 10、例会信息 / 2025/12/11","1"
"page:341991698","topic:会议与协同","推断主题","PTRJKFS","平台软件开发所","2025/12/11","1"
"space:RBRJJSS","page:164839871","空间首页","RBRJJSS","日本产品软件所","日本产品软件所 主页","1"
"page:164839871","topic:其他","推断主题","RBRJJSS","日本产品软件所","日本产品软件所 主页","1"
"page:164839871","page:167324865","包含目录","RBRJJSS","日本产品软件所","日本产品软件所 主页 / 001 日常工作","1"
"page:167324865","topic:其他","推断主题","RBRJJSS","日本产品软件所","001 日常工作","1"
"page:167324865","page:167324854","包含目录","RBRJJSS","日本产品软件所","日本产品软件所 主页 / 001 日常工作 / 1. 工作情况跟踪","1"
"page:167324854","topic:其他","推断主题","RBRJJSS","日本产品软件所","1. 工作情况跟踪","1"
"page:167324865","page:167324877","包含目录","RBRJJSS","日本产品软件所","日本产品软件所 主页 / 001 日常工作 / 2. 科室例会","1"
"page:167324877","topic:会议与协同","推断主题","RBRJJSS","日本产品软件所","2. 科室例会","1"
"page:167324865","page:167324901","包含目录","RBRJJSS","日本产品软件所","日本产品软件所 主页 / 001 日常工作 / 3. 专利与创新","1"
"page:167324901","topic:其他","推断主题","RBRJJSS","日本产品软件所","3. 专利与创新","1"
"page:167324865","page:198348687","包含目录","RBRJJSS","日本产品软件所","日本产品软件所 主页 / 001 日常工作 / 4. 过程数据","1"
"page:198348687","topic:数据与质量","推断主题","RBRJJSS","日本产品软件所","4. 过程数据","1"
"page:167324865","page:221859772","包含目录","RBRJJSS","日本产品软件所","日本产品软件所 主页 / 001 日常工作 / 5. 固定资产及仪表类低值易耗","1"
"page:221859772","topic:其他","推断主题","RBRJJSS","日本产品软件所","5. 固定资产及仪表类低值易耗","1"
"page:167324865","page:236716693","包含目录","RBRJJSS","日本产品软件所","日本产品软件所 主页 / 001 日常工作 / 6. 信息收集","1"
"page:236716693","topic:其他","推断主题","RBRJJSS","日本产品软件所","6. 信息收集","1"
"page:164839871","page:167324894","包含目录","RBRJJSS","日本产品软件所","日本产品软件所 主页 / 002 培训与分享","1"
"page:167324894","topic:培训与知识","推断主题","RBRJJSS","日本产品软件所","002 培训与分享","1"
"page:167324894","page:230133848","包含目录","RBRJJSS","日本产品软件所","日本产品软件所 主页 / 002 培训与分享 / CPP References Html book","1"
"page:230133848","topic:培训与知识","推断主题","RBRJJSS","日本产品软件所","CPP References Html book","1"
"page:167324894","page:222303736","包含目录","RBRJJSS","日本产品软件所","日本产品软件所 主页 / 002 培训与分享 / Gator  DS-5","1"
"page:222303736","topic:培训与知识","推断主题","RBRJJSS","日本产品软件所","Gator  DS-5","1"
"page:167324894","page:220345923","包含目录","RBRJJSS","日本产品软件所","日本产品软件所 主页 / 002 培训与分享 / GDB 使用手册","1"
"page:220345923","topic:规范与流程","推断主题","RBRJJSS","日本产品软件所","GDB 使用手册","1"
"page:167324894","page:227839374","包含目录","RBRJJSS","日本产品软件所","日本产品软件所 主页 / 002 培训与分享 / Hopper","1"
"page:227839374","topic:培训与知识","推断主题","RBRJJSS","日本产品软件所","Hopper","1"
"page:167324894","page:167324917","包含目录","RBRJJSS","日本产品软件所","日本产品软件所 主页 / 002 培训与分享 / MT9980JP 设计资料","1"
"page:167324917","topic:设计与架构","推断主题","RBRJJSS","日本产品软件所","MT9980JP 设计资料","1"
"page:167324894","page:261721677","包含目录","RBRJJSS","日本产品软件所","日本产品软件所 主页 / 002 培训与分享 / TVExporter 服务器搭建","1"
"page:261721677","topic:培训与知识","推断主题","RBRJJSS","日本产品软件所","TVExporter 服务器搭建","1"
"page:167324894","page:259441127","包含目录","RBRJJSS","日本产品软件所","日本产品软件所 主页 / 002 培训与分享 / TVS 业务能力盘点","1"
"page:259441127","topic:培训与知识","推断主题","RBRJJSS","日本产品软件所","TVS 业务能力盘点","1"
"page:167324894","page:216383136","包含目录","RBRJJSS","日本产品软件所","日本产品软件所 主页 / 002 培训与分享 / 任职资格认证 - 实操考试名单","1"
"page:216383136","topic:培训与知识","推断主题","RBRJJSS","日本产品软件所","任职资格认证 - 实操考试名单","1"
"page:167324894","page:171414020","包含目录","RBRJJSS","日本产品软件所","日本产品软件所 主页 / 002 培训与分享 / 培训","1"
"page:171414020","topic:培训与知识","推断主题","RBRJJSS","日本产品软件所","培训","1"
"page:167324894","page:219117420","包含目录","RBRJJSS","日本产品软件所","日本产品软件所 主页 / 002 培训与分享 / 常用工具总结","1"
"page:219117420","topic:培训与知识","推断主题","RBRJJSS","日本产品软件所","常用工具总结","1"
"page:167324894","page:229968454","包含目录","RBRJJSS","日本产品软件所","日本产品软件所 主页 / 002 培训与分享 / 开发提效课题","1"
"page:229968454","topic:培训与知识","推断主题","RBRJJSS","日本产品软件所","开发提效课题","1"
"page:167324894","page:219558617","包含目录","RBRJJSS","日本产品软件所","日本产品软件所 主页 / 002 培训与分享 / 流程培训","1"
"page:219558617","topic:规范与流程","推断主题","RBRJJSS","日本产品软件所","流程培训","1"
"page:167324894","page:178591194","包含目录","RBRJJSS","日本产品软件所","日本产品软件所 主页 / 002 培训与分享 / 海外VIDAA基础培训资料","1"
"page:178591194","topic:培训与知识","推断主题","RBRJJSS","日本产品软件所","海外VIDAA基础培训资料","1"
"page:167324894","page:177152518","包含目录","RBRJJSS","日本产品软件所","日本产品软件所 主页 / 002 培训与分享 / 海外日本业务知识总结","1"
"page:177152518","topic:培训与知识","推断主题","RBRJJSS","日本产品软件所","海外日本业务知识总结","1"
"page:167324894","page:219118581","包含目录","RBRJJSS","日本产品软件所","日本产品软件所 主页 / 002 培训与分享 / 读书会","1"
"page:219118581","topic:培训与知识","推断主题","RBRJJSS","日本产品软件所","读书会","1"
"page:167324894","page:192813604","包含目录","RBRJJSS","日本产品软件所","日本产品软件所 主页 / 002 培训与分享 / 软件主设计工作规范","1"
"page:192813604","topic:设计与架构","推断主题","RBRJJSS","日本产品软件所","软件主设计工作规范","1"
"page:164839871","page:167324896","包含目录","RBRJJSS","日本产品软件所","日本产品软件所 主页 / 003 项目信息","1"
"page:167324896","topic:项目管理","推断主题","RBRJJSS","日本产品软件所","003 项目信息","1"
"page:167324896","page:180261200","包含目录","RBRJJSS","日本产品软件所","日本产品软件所 主页 / 003 项目信息 / 00. SRSガイド  SRS guide","1"
"page:180261200","topic:规范与流程","推断主题","RBRJJSS","日本产品软件所","00. SRSガイド  SRS guide","1"
"page:167324896","page:168929865","包含目录","RBRJJSS","日本产品软件所","日本产品软件所 主页 / 003 项目信息 / 2022 VIDAA-REGZA MT9900","1"
"page:168929865","topic:项目管理","推断主题","RBRJJSS","日本产品软件所","2022 VIDAA-REGZA MT9900","1"
"page:167324896","page:176298828","包含目录","RBRJJSS","日本产品软件所","日本产品软件所 主页 / 003 项目信息 / 2023 VIDAA-REGZA MT9618","1"
"page:176298828","topic:项目管理","推断主题","RBRJJSS","日本产品软件所","2023 VIDAA-REGZA MT9618","1"
"page:167324896","page:269495132","包含目录","RBRJJSS","日本产品软件所","日本产品软件所 主页 / 003 项目信息 / 2024年重点项目跟踪","1"
"page:269495132","topic:项目管理","推断主题","RBRJJSS","日本产品软件所","2024年重点项目跟踪","1"
"page:167324896","page:281019937","包含目录","RBRJJSS","日本产品软件所","日本产品软件所 主页 / 003 项目信息 / 2025 9618 项目里程碑计划","1"
"page:281019937","topic:版本与计划","推断主题","RBRJJSS","日本产品软件所","2025 9618 项目里程碑计划","1"
"page:167324896","page:295890080","包含目录","RBRJJSS","日本产品软件所","日本产品软件所 主页 / 003 项目信息 / 2025年 过程数据确认","1"
"page:295890080","topic:项目管理","推断主题","RBRJJSS","日本产品软件所","2025年 过程数据确认","1"
"page:167324896","page:291484048","包含目录","RBRJJSS","日本产品软件所","日本产品软件所 主页 / 003 项目信息 / HUI自动化测试改善项目","1"
"page:291484048","topic:测试与验证","推断主题","RBRJJSS","日本产品软件所","HUI自动化测试改善项目","1"
"page:167324896","page:313796280","包含目录","RBRJJSS","日本产品软件所","日本产品软件所 主页 / 003 项目信息 / JP-硬件实验自动化测试需求","1"
"page:313796280","topic:需求与功能","推断主题","RBRJJSS","日本产品软件所","JP-硬件实验自动化测试需求","1"
"page:167324896","page:301255280","包含目录","RBRJJSS","日本产品软件所","日本产品软件所 主页 / 003 项目信息 / MT9655预研项目进度汇总","1"
"page:301255280","topic:项目管理","推断主题","RBRJJSS","日本产品软件所","MT9655预研项目进度汇总","1"
"page:167324896","page:224685386","包含目录","RBRJJSS","日本产品软件所","日本产品软件所 主页 / 003 项目信息 / MTK资料共享","1"
"page:224685386","topic:项目管理","推断主题","RBRJJSS","日本产品软件所","MTK资料共享","1"
"page:167324896","page:216368427","包含目录","RBRJJSS","日本产品软件所","日本产品软件所 主页 / 003 项目信息 / TVS 模块开发-自测列表","1"
"page:216368427","topic:项目管理","推断主题","RBRJJSS","日本产品软件所","TVS 模块开发-自测列表","1"
"page:167324896","page:238863532","包含目录","RBRJJSS","日本产品软件所","日本产品软件所 主页 / 003 项目信息 / TVS出差话题收集","1"
"page:238863532","topic:项目管理","推断主题","RBRJJSS","日本产品软件所","TVS出差话题收集","1"
"page:167324896","page:168929854","包含目录","RBRJJSS","日本产品软件所","日本产品软件所 主页 / 003 项目信息 / TVS技术融合项目","1"
"page:168929854","topic:项目管理","推断主题","RBRJJSS","日本产品软件所","TVS技术融合项目","1"
"page:167324896","page:221283435","包含目录","RBRJJSS","日本产品软件所","日本产品软件所 主页 / 003 项目信息 / TVS技术融合项目二期","1"
"page:221283435","topic:项目管理","推断主题","RBRJJSS","日本产品软件所","TVS技术融合项目二期","1"
"page:167324896","page:173916775","包含目录","RBRJJSS","日本产品软件所","日本产品软件所 主页 / 003 项目信息 / TVS资料共享","1"
"page:173916775","topic:项目管理","推断主题","RBRJJSS","日本产品软件所","TVS资料共享","1"
"page:167324896","page:199894867","包含目录","RBRJJSS","日本产品软件所","日本产品软件所 主页 / 003 项目信息 / 代码评审","1"
"page:199894867","topic:项目管理","推断主题","RBRJJSS","日本产品软件所","代码评审","1"
"page:167324896","page:264603009","包含目录","RBRJJSS","日本产品软件所","日本产品软件所 主页 / 003 项目信息 / 典型问题总结","1"
"page:264603009","topic:问题与复盘","推断主题","RBRJJSS","日本产品软件所","典型问题总结","1"
"page:167324896","page:228759106","包含目录","RBRJJSS","日本产品软件所","日本产品软件所 主页 / 003 项目信息 / 新PLM操作及问题","1"
"page:228759106","topic:问题与复盘","推断主题","RBRJJSS","日本产品软件所","新PLM操作及问题","1"
"page:167324896","page:286357303","包含目录","RBRJJSS","日本产品软件所","日本产品软件所 主页 / 003 项目信息 / 日志（log和EMMC中保存的数据）管理和清理","1"
"page:286357303","topic:项目管理","推断主题","RBRJJSS","日本产品软件所","日志（log和EMMC中保存的数据）管理和清理","1"
"page:167324896","page:223312060","包含目录","RBRJJSS","日本产品软件所","日本产品软件所 主页 / 003 项目信息 / 日本软件系统技术室SPRINT看板","1"
"page:223312060","topic:项目管理","推断主题","RBRJJSS","日本产品软件所","日本软件系统技术室SPRINT看板","1"
"page:167324896","page:228762051","包含目录","RBRJJSS","日本产品软件所","日本产品软件所 主页 / 003 项目信息 / 日本项目开发指南","1"
"page:228762051","topic:规范与流程","推断主题","RBRJJSS","日本产品软件所","日本项目开发指南","1"
"page:167324896","page:227472217","包含目录","RBRJJSS","日本产品软件所","日本产品软件所 主页 / 003 项目信息 / 测试用相关仪表","1"
"page:227472217","topic:测试与验证","推断主题","RBRJJSS","日本产品软件所","测试用相关仪表","1"
"page:167324896","page:231838756","包含目录","RBRJJSS","日本产品软件所","日本产品软件所 主页 / 003 项目信息 / 面向下一代TVS显示产品技术平台演进项目(一期)","1"
"page:231838756","topic:项目管理","推断主题","RBRJJSS","日本产品软件所","面向下一代TVS显示产品技术平台演进项目(一期)","1"
"page:167324896","page:231034251","包含目录","RBRJJSS","日本产品软件所","日本产品软件所 主页 / 003 项目信息 / 项目信息共享","1"
"page:231034251","topic:项目管理","推断主题","RBRJJSS","日本产品软件所","项目信息共享","1"
"page:167324896","page:238861470","包含目录","RBRJJSS","日本产品软件所","日本产品软件所 主页 / 003 项目信息 / 项目启动任务更新-日本项目","1"
"page:238861470","topic:项目管理","推断主题","RBRJJSS","日本产品软件所","项目启动任务更新-日本项目","1"
"page:167324896","page:184457663","包含目录","RBRJJSS","日本产品软件所","日本产品软件所 主页 / 003 项目信息 / 项目回顾复盘","1"
"page:184457663","topic:问题与复盘","推断主题","RBRJJSS","日本产品软件所","项目回顾复盘","1"
"page:164839871","page:167324908","包含目录","RBRJJSS","日本产品软件所","日本产品软件所 主页 / 004 个人空间","1"
"page:167324908","topic:其他","推断主题","RBRJJSS","日本产品软件所","004 个人空间","1"
"page:167324908","page:167326236","包含目录","RBRJJSS","日本产品软件所","日本产品软件所 主页 / 004 个人空间 / 个人空间 - 何宏磊","1"
"page:167326236","topic:其他","推断主题","RBRJJSS","日本产品软件所","个人空间 - 何宏磊","1"
"page:167324908","page:261718617","包含目录","RBRJJSS","日本产品软件所","日本产品软件所 主页 / 004 个人空间 / 个人空间 - 安光峰","1"
"page:261718617","topic:其他","推断主题","RBRJJSS","日本产品软件所","个人空间 - 安光峰","1"
"page:167324908","page:224680006","包含目录","RBRJJSS","日本产品软件所","日本产品软件所 主页 / 004 个人空间 / 个人空间 - 张朱磊","1"
"page:224680006","topic:其他","推断主题","RBRJJSS","日本产品软件所","个人空间 - 张朱磊","1"
"page:167324908","page:177876470","包含目录","RBRJJSS","日本产品软件所","日本产品软件所 主页 / 004 个人空间 / 个人空间 - 张磊","1"
"page:177876470","topic:其他","推断主题","RBRJJSS","日本产品软件所","个人空间 - 张磊","1"
"page:167324908","page:243903824","包含目录","RBRJJSS","日本产品软件所","日本产品软件所 主页 / 004 个人空间 / 个人空间 - 张辉娟","1"
"page:243903824","topic:其他","推断主题","RBRJJSS","日本产品软件所","个人空间 - 张辉娟","1"
"page:167324908","page:173900717","包含目录","RBRJJSS","日本产品软件所","日本产品软件所 主页 / 004 个人空间 / 个人空间 - 徐磊","1"
"page:173900717","topic:其他","推断主题","RBRJJSS","日本产品软件所","个人空间 - 徐磊","1"
"page:167324908","page:232599620","包含目录","RBRJJSS","日本产品软件所","日本产品软件所 主页 / 004 个人空间 / 个人空间 - 李伟","1"
"page:232599620","topic:其他","推断主题","RBRJJSS","日本产品软件所","个人空间 - 李伟","1"
"page:167324908","page:168146864","包含目录","RBRJJSS","日本产品软件所","日本产品软件所 主页 / 004 个人空间 / 个人空间 - 李文龙","1"
"page:168146864","topic:其他","推断主题","RBRJJSS","日本产品软件所","个人空间 - 李文龙","1"
"page:167324908","page:232241976","包含目录","RBRJJSS","日本产品软件所","日本产品软件所 主页 / 004 个人空间 / 个人空间 - 李晓斌","1"
"page:232241976","topic:其他","推断主题","RBRJJSS","日本产品软件所","个人空间 - 李晓斌","1"
"page:167324908","page:173905940","包含目录","RBRJJSS","日本产品软件所","日本产品软件所 主页 / 004 个人空间 / 个人空间 - 杨晓涛","1"
"page:173905940","topic:其他","推断主题","RBRJJSS","日本产品软件所","个人空间 - 杨晓涛","1"
"page:167324908","page:221307281","包含目录","RBRJJSS","日本产品软件所","日本产品软件所 主页 / 004 个人空间 / 个人空间 - 王新宇","1"
"page:221307281","topic:其他","推断主题","RBRJJSS","日本产品软件所","个人空间 - 王新宇","1"
"page:167324908","page:188660738","包含目录","RBRJJSS","日本产品软件所","日本产品软件所 主页 / 004 个人空间 / 个人空间 - 王济洋","1"
"page:188660738","topic:其他","推断主题","RBRJJSS","日本产品软件所","个人空间 - 王济洋","1"
"page:167324908","page:261723367","包含目录","RBRJJSS","日本产品软件所","日本产品软件所 主页 / 004 个人空间 / 个人空间 - 王绍鹏","1"
"page:261723367","topic:其他","推断主题","RBRJJSS","日本产品软件所","个人空间 - 王绍鹏","1"
"page:167324908","page:167330902","包含目录","RBRJJSS","日本产品软件所","日本产品软件所 主页 / 004 个人空间 / 个人空间 - 王衍平","1"
"page:167330902","topic:其他","推断主题","RBRJJSS","日本产品软件所","个人空间 - 王衍平","1"
"page:167324908","page:221309245","包含目录","RBRJJSS","日本产品软件所","日本产品软件所 主页 / 004 个人空间 / 个人空间 - 王超","1"
"page:221309245","topic:其他","推断主题","RBRJJSS","日本产品软件所","个人空间 - 王超","1"
"page:167324908","page:154215661","包含目录","RBRJJSS","日本产品软件所","日本产品软件所 主页 / 004 个人空间 / 个人空间 - 罗宝翔","1"
"page:154215661","topic:其他","推断主题","RBRJJSS","日本产品软件所","个人空间 - 罗宝翔","1"
"page:167324908","page:171416930","包含目录","RBRJJSS","日本产品软件所","日本产品软件所 主页 / 004 个人空间 / 个人空间 - 苏正涛","1"
"page:171416930","topic:其他","推断主题","RBRJJSS","日本产品软件所","个人空间 - 苏正涛","1"
"page:167324908","page:154216008","包含目录","RBRJJSS","日本产品软件所","日本产品软件所 主页 / 004 个人空间 / 个人空间 - 许小雪","1"
"page:154216008","topic:其他","推断主题","RBRJJSS","日本产品软件所","个人空间 - 许小雪","1"
"page:167324908","page:279531009","包含目录","RBRJJSS","日本产品软件所","日本产品软件所 主页 / 004 个人空间 / 个人空间 - 韩啸","1"
"page:279531009","topic:其他","推断主题","RBRJJSS","日本产品软件所","个人空间 - 韩啸","1"
"page:167324908","page:321261546","包含目录","RBRJJSS","日本产品软件所","日本产品软件所 主页 / 004 个人空间 / 个人空间 - 顾祥娣","1"
"page:321261546","topic:其他","推断主题","RBRJJSS","日本产品软件所","个人空间 - 顾祥娣","1"
"page:167324908","page:172265150","包含目录","RBRJJSS","日本产品软件所","日本产品软件所 主页 / 004 个人空间 / 个人空间-刘东东","1"
"page:172265150","topic:其他","推断主题","RBRJJSS","日本产品软件所","个人空间-刘东东","1"
"page:167324908","page:261719285","包含目录","RBRJJSS","日本产品软件所","日本产品软件所 主页 / 004 个人空间 / 个人空间-单晓雯","1"
"page:261719285","topic:其他","推断主题","RBRJJSS","日本产品软件所","个人空间-单晓雯","1"
"page:167324908","page:177150787","包含目录","RBRJJSS","日本产品软件所","日本产品软件所 主页 / 004 个人空间 / 个人空间-孙彦梅","1"
"page:177150787","topic:其他","推断主题","RBRJJSS","日本产品软件所","个人空间-孙彦梅","1"
"page:167324908","page:261719197","包含目录","RBRJJSS","日本产品软件所","日本产品软件所 主页 / 004 个人空间 / 个人空间-李雨熹","1"
"page:261719197","topic:其他","推断主题","RBRJJSS","日本产品软件所","个人空间-李雨熹","1"
"page:164839871","page:295889983","包含目录","RBRJJSS","日本产品软件所","日本产品软件所 主页 / 005 团队管理","1"
"page:295889983","topic:项目管理","推断主题","RBRJJSS","日本产品软件所","005 团队管理","1"
"page:164839871","page:302730438","包含目录","RBRJJSS","日本产品软件所","日本产品软件所 主页 / 006 AI专区","1"
"page:302730438","topic:其他","推断主题","RBRJJSS","日本产品软件所","006 AI专区","1"
"page:302730438","page:302730450","包含目录","RBRJJSS","日本产品软件所","日本产品软件所 主页 / 006 AI专区 / AI可以完成的任务收集-2025.4","1"
"page:302730450","topic:项目管理","推断主题","RBRJJSS","日本产品软件所","AI可以完成的任务收集-2025.4","1"
"page:302730438","page:303917826","包含目录","RBRJJSS","日本产品软件所","日本产品软件所 主页 / 006 AI专区 / AI提效路径与目标","1"
"page:303917826","topic:其他","推断主题","RBRJJSS","日本产品软件所","AI提效路径与目标","1"
"page:164839871","page:167324911","包含目录","RBRJJSS","日本产品软件所","日本产品软件所 主页 / 999 其他","1"
"page:167324911","topic:其他","推断主题","RBRJJSS","日本产品软件所","999 其他","1"
"page:167324911","page:221306332","包含目录","RBRJJSS","日本产品软件所","日本产品软件所 主页 / 999 其他 / 2023年下半年任职资格公示","1"
"page:221306332","topic:其他","推断主题","RBRJJSS","日本产品软件所","2023年下半年任职资格公示","1"
"page:167324911","page:220354352","包含目录","RBRJJSS","日本产品软件所","日本产品软件所 主页 / 999 其他 / 2023年下半年招聘","1"
"page:220354352","topic:其他","推断主题","RBRJJSS","日本产品软件所","2023年下半年招聘","1"
"page:167324911","page:205689292","包含目录","RBRJJSS","日本产品软件所","日本产品软件所 主页 / 999 其他 / 2023年任职资格公示","1"
"page:205689292","topic:其他","推断主题","RBRJJSS","日本产品软件所","2023年任职资格公示","1"
"page:167324911","page:228332386","包含目录","RBRJJSS","日本产品软件所","日本产品软件所 主页 / 999 其他 / 2024年上半年招聘","1"
"page:228332386","topic:其他","推断主题","RBRJJSS","日本产品软件所","2024年上半年招聘","1"
"page:167324911","page:231047161","包含目录","RBRJJSS","日本产品软件所","日本产品软件所 主页 / 999 其他 / 2024年专利申请","1"
"page:231047161","topic:其他","推断主题","RBRJJSS","日本产品软件所","2024年专利申请","1"
"page:167324911","page:201042188","包含目录","RBRJJSS","日本产品软件所","日本产品软件所 主页 / 999 其他 / 人工时已填情况查询","1"
"page:201042188","topic:其他","推断主题","RBRJJSS","日本产品软件所","人工时已填情况查询","1"
"page:167324911","page:178596675","包含目录","RBRJJSS","日本产品软件所","日本产品软件所 主页 / 999 其他 / 信息排查","1"
"page:178596675","topic:其他","推断主题","RBRJJSS","日本产品软件所","信息排查","1"
"page:167324911","page:170527477","包含目录","RBRJJSS","日本产品软件所","日本产品软件所 主页 / 999 其他 / 值日安排","1"
"page:170527477","topic:其他","推断主题","RBRJJSS","日本产品软件所","值日安排","1"
"page:167324911","page:219568110","包含目录","RBRJJSS","日本产品软件所","日本产品软件所 主页 / 999 其他 / 日本专线路由器使用台账","1"
"page:219568110","topic:其他","推断主题","RBRJJSS","日本产品软件所","日本专线路由器使用台账","1"
"page:167324911","page:236730187","包含目录","RBRJJSS","日本产品软件所","日本产品软件所 主页 / 999 其他 / 日本软件系统技术室+职位说明书","1"
"page:236730187","topic:其他","推断主题","RBRJJSS","日本产品软件所","日本软件系统技术室+职位说明书","1"
"page:167324911","page:199900855","包含目录","RBRJJSS","日本产品软件所","日本产品软件所 主页 / 999 其他 / 月度工作任务书模板","1"
"page:199900855","topic:规范与流程","推断主题","RBRJJSS","日本产品软件所","月度工作任务书模板","1"
"page:167324911","page:167330138","包含目录","RBRJJSS","日本产品软件所","日本产品软件所 主页 / 999 其他 / 科室经费","1"
"page:167330138","topic:其他","推断主题","RBRJJSS","日本产品软件所","科室经费","1"
"page:164839871","page:178608056","包含目录","RBRJJSS","日本产品软件所","日本产品软件所 主页 / Develop Process","1"
"page:178608056","topic:其他","推断主题","RBRJJSS","日本产品软件所","Develop Process","1"
"page:178608056","page:177866379","包含目录","RBRJJSS","日本产品软件所","日本产品软件所 主页 / Develop Process / Coding Rule→日译汉","1"
"page:177866379","topic:其他","推断主题","RBRJJSS","日本产品软件所","Coding Rule→日译汉","1"
"page:178608056","page:171416596","包含目录","RBRJJSS","日本产品软件所","日本产品软件所 主页 / Develop Process / MT9900 Regza World数据部署","1"
"page:171416596","topic:数据与质量","推断主题","RBRJJSS","日本产品软件所","MT9900 Regza World数据部署","1"
"page:178608056","page:173052039","包含目录","RBRJJSS","日本产品软件所","日本产品软件所 主页 / Develop Process / MT9900 派生机最小系统配置","1"
"page:173052039","topic:其他","推断主题","RBRJJSS","日本产品软件所","MT9900 派生机最小系统配置","1"
"page:178608056","page:182663017","包含目录","RBRJJSS","日本产品软件所","日本产品软件所 主页 / Develop Process / Quick Checklist for self-check and code reivew","1"
"page:182663017","topic:其他","推断主题","RBRJJSS","日本产品软件所","Quick Checklist for self-check and code reivew","1"
"page:178608056","page:203823202","包含目录","RBRJJSS","日本产品软件所","日本产品软件所 主页 / Develop Process / UT覆盖率不达标或覆盖不到的代码","1"
"page:203823202","topic:其他","推断主题","RBRJJSS","日本产品软件所","UT覆盖率不达标或覆盖不到的代码","1"
"page:178608056","page:182663023","包含目录","RBRJJSS","日本产品软件所","日本产品软件所 主页 / Develop Process / 持续集成 - Continuous Intergration","1"
"page:182663023","topic:设计与架构","推断主题","RBRJJSS","日本产品软件所","持续集成 - Continuous Intergration","1"
"page:164839871","page:173910811","包含目录","RBRJJSS","日本产品软件所","日本产品软件所 主页 / 故障排除文章","1"
"page:173910811","topic:问题与复盘","推断主题","RBRJJSS","日本产品软件所","故障排除文章","1"
"page:164839871","page:232988998","包含目录","RBRJJSS","日本产品软件所","日本产品软件所 主页 / 文件列表","1"
"page:232988998","topic:其他","推断主题","RBRJJSS","日本产品软件所","文件列表","1"
"space:ALK","page:54103926","空间首页","ALK","案例库","案例库","1"
"page:54103926","topic:其他","推断主题","ALK","案例库","案例库","1"
"page:54103926","page:56232922","包含目录","ALK","案例库","案例库 / 1 技术管理部","1"
"page:56232922","topic:项目管理","推断主题","ALK","案例库","1 技术管理部","1"
"page:54103926","page:56232928","包含目录","ALK","案例库","案例库 / 2 软件研发部","1"
"page:56232928","topic:其他","推断主题","ALK","案例库","2 软件研发部","1"
"page:54103926","page:56232932","包含目录","ALK","案例库","案例库 / 3 硬件研发部","1"
"page:56232932","topic:其他","推断主题","ALK","案例库","3 硬件研发部","1"
"page:54103926","page:56232935","包含目录","ALK","案例库","案例库 / 4 结构设计部","1"
"page:56232935","topic:设计与架构","推断主题","ALK","案例库","4 结构设计部","1"
"page:54103926","page:56232939","包含目录","ALK","案例库","案例库 / 5 研发测试部","1"
"page:56232939","topic:测试与验证","推断主题","ALK","案例库","5 研发测试部","1"
"page:54103926","page:56232945","包含目录","ALK","案例库","案例库 / 6 显示研发部","1"
"page:56232945","topic:其他","推断主题","ALK","案例库","6 显示研发部","1"
"page:54103926","page:56232947","包含目录","ALK","案例库","案例库 / 7 显示研发部","1"
"page:56232947","topic:其他","推断主题","ALK","案例库","7 显示研发部","1"
"page:54103926","page:56232960","包含目录","ALK","案例库","案例库 / 8 深圳研发中心","1"
"page:56232960","topic:其他","推断主题","ALK","案例库","8 深圳研发中心","1"
"page:54103926","page:56232962","包含目录","ALK","案例库","案例库 / 9 武汉研发中心","1"
"page:56232962","topic:其他","推断主题","ALK","案例库","9 武汉研发中心","1"
"space:JUOS","page:187802516","空间首页","JUOS","海信JuOS操作系统知识库","海信JuOS操作系统知识库","1"
"page:187802516","topic:其他","推断主题","JUOS","海信JuOS操作系统知识库","海信JuOS操作系统知识库","1"
"page:187802516","page:201950109","包含目录","JUOS","海信JuOS操作系统知识库","海信JuOS操作系统知识库 / 01. JuOS平台项目信息","1"
"page:201950109","topic:项目管理","推断主题","JUOS","海信JuOS操作系统知识库","01. JuOS平台项目信息","1"
"page:201950109","page:303900604","包含目录","JUOS","海信JuOS操作系统知识库","海信JuOS操作系统知识库 / 01. JuOS平台项目信息 / 00.JuOS软件平台演进","1"
"page:303900604","topic:项目管理","推断主题","JUOS","海信JuOS操作系统知识库","00.JuOS软件平台演进","1"
"page:201950109","page:216892220","包含目录","JUOS","海信JuOS操作系统知识库","海信JuOS操作系统知识库 / 01. JuOS平台项目信息 / 01.JuOS版本规划及项目信息","1"
"page:216892220","topic:版本与计划","推断主题","JUOS","海信JuOS操作系统知识库","01.JuOS版本规划及项目信息","1"
"page:201950109","page:202778187","包含目录","JUOS","海信JuOS操作系统知识库","海信JuOS操作系统知识库 / 01. JuOS平台项目信息 / 02.JuOS平台周报","1"
"page:202778187","topic:项目管理","推断主题","JUOS","海信JuOS操作系统知识库","02.JuOS平台周报","1"
"page:201950109","page:213419721","包含目录","JUOS","海信JuOS操作系统知识库","海信JuOS操作系统知识库 / 01. JuOS平台项目信息 / 03.过程管理","1"
"page:213419721","topic:项目管理","推断主题","JUOS","海信JuOS操作系统知识库","03.过程管理","1"
"page:201950109","page:217778204","包含目录","JUOS","海信JuOS操作系统知识库","海信JuOS操作系统知识库 / 01. JuOS平台项目信息 / 04.项目基本信息管理","1"
"page:217778204","topic:项目管理","推断主题","JUOS","海信JuOS操作系统知识库","04.项目基本信息管理","1"
"page:201950109","page:222802361","包含目录","JUOS","海信JuOS操作系统知识库","海信JuOS操作系统知识库 / 01. JuOS平台项目信息 / 05.持续改进","1"
"page:222802361","topic:项目管理","推断主题","JUOS","海信JuOS操作系统知识库","05.持续改进","1"
"page:187802516","page:187817100","包含目录","JUOS","海信JuOS操作系统知识库","海信JuOS操作系统知识库 / 02. 知识库","1"
"page:187817100","topic:其他","推断主题","JUOS","海信JuOS操作系统知识库","02. 知识库","1"
"page:187817100","page:222813128","包含目录","JUOS","海信JuOS操作系统知识库","海信JuOS操作系统知识库 / 02. 知识库 / 00.JuOS知识库补充计划","1"
"page:222813128","topic:版本与计划","推断主题","JUOS","海信JuOS操作系统知识库","00.JuOS知识库补充计划","1"
"page:187817100","page:224235396","包含目录","JUOS","海信JuOS操作系统知识库","海信JuOS操作系统知识库 / 02. 知识库 / 01.系统框架","1"
"page:224235396","topic:其他","推断主题","JUOS","海信JuOS操作系统知识库","01.系统框架","1"
"page:187817100","page:224235403","包含目录","JUOS","海信JuOS操作系统知识库","海信JuOS操作系统知识库 / 02. 知识库 / 02.多媒体","1"
"page:224235403","topic:其他","推断主题","JUOS","海信JuOS操作系统知识库","02.多媒体","1"
"page:187817100","page:224235409","包含目录","JUOS","海信JuOS操作系统知识库","海信JuOS操作系统知识库 / 02. 知识库 / 03.终端互联","1"
"page:224235409","topic:其他","推断主题","JUOS","海信JuOS操作系统知识库","03.终端互联","1"
"page:187817100","page:224235406","包含目录","JUOS","海信JuOS操作系统知识库","海信JuOS操作系统知识库 / 02. 知识库 / 04.性能调优","1"
"page:224235406","topic:其他","推断主题","JUOS","海信JuOS操作系统知识库","04.性能调优","1"
"page:187817100","page:217348000","包含目录","JUOS","海信JuOS操作系统知识库","海信JuOS操作系统知识库 / 02. 知识库 / 05. 电视广播","1"
"page:217348000","topic:其他","推断主题","JUOS","海信JuOS操作系统知识库","05. 电视广播","1"
"page:187817100","page:224235414","包含目录","JUOS","海信JuOS操作系统知识库","海信JuOS操作系统知识库 / 02. 知识库 / 06.WEB技术","1"
"page:224235414","topic:其他","推断主题","JUOS","海信JuOS操作系统知识库","06.WEB技术","1"
"page:187817100","page:190362892","包含目录","JUOS","海信JuOS操作系统知识库","海信JuOS操作系统知识库 / 02. 知识库 / 07. 应用平台","1"
"page:190362892","topic:其他","推断主题","JUOS","海信JuOS操作系统知识库","07. 应用平台","1"
"page:187817100","page:187817133","包含目录","JUOS","海信JuOS操作系统知识库","海信JuOS操作系统知识库 / 02. 知识库 / 01. 技术文档","1"
"page:187817133","topic:规范与流程","推断主题","JUOS","海信JuOS操作系统知识库","01. 技术文档","1"
"page:187817100","page:187817183","包含目录","JUOS","海信JuOS操作系统知识库","海信JuOS操作系统知识库 / 02. 知识库 / 03. 工具与调试","1"
"page:187817183","topic:其他","推断主题","JUOS","海信JuOS操作系统知识库","03. 工具与调试","1"
"page:187817100","page:190362787","包含目录","JUOS","海信JuOS操作系统知识库","海信JuOS操作系统知识库 / 02. 知识库 / 04. 知识分享","1"
"page:190362787","topic:其他","推断主题","JUOS","海信JuOS操作系统知识库","04. 知识分享","1"
"page:187817100","page:218159203","包含目录","JUOS","海信JuOS操作系统知识库","海信JuOS操作系统知识库 / 02. 知识库 / 07.技术模块","1"
"page:218159203","topic:其他","推断主题","JUOS","海信JuOS操作系统知识库","07.技术模块","1"
"page:187817100","page:221307053","包含目录","JUOS","海信JuOS操作系统知识库","海信JuOS操作系统知识库 / 02. 知识库 / 08.JuOS能力提升的专项课题-内外部培训","1"
"page:221307053","topic:培训与知识","推断主题","JUOS","海信JuOS操作系统知识库","08.JuOS能力提升的专项课题-内外部培训","1"
"page:187817100","page:230147881","包含目录","JUOS","海信JuOS操作系统知识库","海信JuOS操作系统知识库 / 02. 知识库 / 09. 系统基础库","1"
"page:230147881","topic:其他","推断主题","JUOS","海信JuOS操作系统知识库","09. 系统基础库","1"
"page:187817100","page:238872717","包含目录","JUOS","海信JuOS操作系统知识库","海信JuOS操作系统知识库 / 02. 知识库 / 10.Android Bootcamp","1"
"page:238872717","topic:其他","推断主题","JUOS","海信JuOS操作系统知识库","10.Android Bootcamp","1"
"page:187817100","page:243899759","包含目录","JUOS","海信JuOS操作系统知识库","海信JuOS操作系统知识库 / 02. 知识库 / 08.项目管理","1"
"page:243899759","topic:项目管理","推断主题","JUOS","海信JuOS操作系统知识库","08.项目管理","1"
"page:187802516","page:190350836","包含目录","JUOS","海信JuOS操作系统知识库","海信JuOS操作系统知识库 / 03.需求规划","1"
"page:190350836","topic:需求与功能","推断主题","JUOS","海信JuOS操作系统知识库","03.需求规划","1"
"page:190350836","page:198350133","包含目录","JUOS","海信JuOS操作系统知识库","海信JuOS操作系统知识库 / 03.需求规划 / 00.[HPA]技术需求规划流程及文档","1"
"page:198350133","topic:需求与功能","推断主题","JUOS","海信JuOS操作系统知识库","00.[HPA]技术需求规划流程及文档","1"
"page:190350836","page:198347845","包含目录","JUOS","海信JuOS操作系统知识库","海信JuOS操作系统知识库 / 03.需求规划 / 00.需求收集TODOList","1"
"page:198347845","topic:需求与功能","推断主题","JUOS","海信JuOS操作系统知识库","00.需求收集TODOList","1"
"page:190350836","page:190350857","包含目录","JUOS","海信JuOS操作系统知识库","海信JuOS操作系统知识库 / 03.需求规划 / 01. 竞品分析","1"
"page:190350857","topic:需求与功能","推断主题","JUOS","海信JuOS操作系统知识库","01. 竞品分析","1"
"page:190350836","page:190359257","包含目录","JUOS","海信JuOS操作系统知识库","海信JuOS操作系统知识库 / 03.需求规划 / 02. 项目遗留","1"
"page:190359257","topic:需求与功能","推断主题","JUOS","海信JuOS操作系统知识库","02. 项目遗留","1"
"page:190350836","page:190359289","包含目录","JUOS","海信JuOS操作系统知识库","海信JuOS操作系统知识库 / 03.需求规划 / 03. 年度规划","1"
"page:190359289","topic:需求与功能","推断主题","JUOS","海信JuOS操作系统知识库","03. 年度规划","1"
"page:190350836","page:201039174","包含目录","JUOS","海信JuOS操作系统知识库","海信JuOS操作系统知识库 / 03.需求规划 / 04. 需求论证","1"
"page:201039174","topic:需求与功能","推断主题","JUOS","海信JuOS操作系统知识库","04. 需求论证","1"
"page:190350836","page:201950107","包含目录","JUOS","海信JuOS操作系统知识库","海信JuOS操作系统知识库 / 03.需求规划 / 05. 版本规划","1"
"page:201950107","topic:需求与功能","推断主题","JUOS","海信JuOS操作系统知识库","05. 版本规划","1"
"page:190350836","page:259455598","包含目录","JUOS","海信JuOS操作系统知识库","海信JuOS操作系统知识库 / 03.需求规划 / 06.需求设计(SRS)","1"
"page:259455598","topic:需求与功能","推断主题","JUOS","海信JuOS操作系统知识库","06.需求设计(SRS)","1"
"page:190350836","page:303902430","包含目录","JUOS","海信JuOS操作系统知识库","海信JuOS操作系统知识库 / 03.需求规划 / 07. 方案商沟通","1"
"page:303902430","topic:需求与功能","推断主题","JUOS","海信JuOS操作系统知识库","07. 方案商沟通","1"
"page:187802516","page:197527615","包含目录","JUOS","海信JuOS操作系统知识库","海信JuOS操作系统知识库 / 04. 信息与资源","1"
"page:197527615","topic:其他","推断主题","JUOS","海信JuOS操作系统知识库","04. 信息与资源","1"
"page:197527615","page:197527617","包含目录","JUOS","海信JuOS操作系统知识库","海信JuOS操作系统知识库 / 04. 信息与资源 / 01. 竞品","1"
"page:197527617","topic:其他","推断主题","JUOS","海信JuOS操作系统知识库","01. 竞品","1"
"page:197527615","page:204747718","包含目录","JUOS","海信JuOS操作系统知识库","海信JuOS操作系统知识库 / 04. 信息与资源 / 02. 发布会","1"
"page:204747718","topic:其他","推断主题","JUOS","海信JuOS操作系统知识库","02. 发布会","1"
"page:197527615","page:218143193","包含目录","JUOS","海信JuOS操作系统知识库","海信JuOS操作系统知识库 / 04. 信息与资源 / 03.临时-市奖指标测试统计","1"
"page:218143193","topic:测试与验证","推断主题","JUOS","海信JuOS操作系统知识库","03.临时-市奖指标测试统计","1"
"page:187802516","page:219566859","包含目录","JUOS","海信JuOS操作系统知识库","海信JuOS操作系统知识库 / 05.流程规范","1"
"page:219566859","topic:规范与流程","推断主题","JUOS","海信JuOS操作系统知识库","05.流程规范","1"
"page:219566859","page:204743037","包含目录","JUOS","海信JuOS操作系统知识库","海信JuOS操作系统知识库 / 05.流程规范 / 01. 代码分支管理","1"
"page:204743037","topic:规范与流程","推断主题","JUOS","海信JuOS操作系统知识库","01. 代码分支管理","1"
"page:219566859","page:207402513","包含目录","JUOS","海信JuOS操作系统知识库","海信JuOS操作系统知识库 / 05.流程规范 / 02. 需求规划","1"
"page:207402513","topic:需求与功能","推断主题","JUOS","海信JuOS操作系统知识库","02. 需求规划","1"
"page:219566859","page:207402517","包含目录","JUOS","海信JuOS操作系统知识库","海信JuOS操作系统知识库 / 05.流程规范 / 03. 版本开发","1"
"page:207402517","topic:版本与计划","推断主题","JUOS","海信JuOS操作系统知识库","03. 版本开发","1"
"page:219566859","page:207402525","包含目录","JUOS","海信JuOS操作系统知识库","海信JuOS操作系统知识库 / 05.流程规范 / 04. 版本测试","1"
"page:207402525","topic:测试与验证","推断主题","JUOS","海信JuOS操作系统知识库","04. 版本测试","1"
"page:219566859","page:204745636","包含目录","JUOS","海信JuOS操作系统知识库","海信JuOS操作系统知识库 / 05.流程规范 / 05. NPI导入","1"
"page:204745636","topic:规范与流程","推断主题","JUOS","海信JuOS操作系统知识库","05. NPI导入","1"
"page:219566859","page:207402503","包含目录","JUOS","海信JuOS操作系统知识库","海信JuOS操作系统知识库 / 05.流程规范 / 06. 应市导入","1"
"page:207402503","topic:规范与流程","推断主题","JUOS","海信JuOS操作系统知识库","06. 应市导入","1"
"page:219566859","page:207402533","包含目录","JUOS","海信JuOS操作系统知识库","海信JuOS操作系统知识库 / 05.流程规范 / 07. 功能规格检项","1"
"page:207402533","topic:规范与流程","推断主题","JUOS","海信JuOS操作系统知识库","07. 功能规格检项","1"
"page:219566859","page:221848467","包含目录","JUOS","海信JuOS操作系统知识库","海信JuOS操作系统知识库 / 05.流程规范 / 08. 版本发布","1"
"page:221848467","topic:版本与计划","推断主题","JUOS","海信JuOS操作系统知识库","08. 版本发布","1"
"page:219566859","page:203831949","包含目录","JUOS","海信JuOS操作系统知识库","海信JuOS操作系统知识库 / 05.流程规范 / 09. 安全","1"
"page:203831949","topic:规范与流程","推断主题","JUOS","海信JuOS操作系统知识库","09. 安全","1"
"page:219566859","page:204743025","包含目录","JUOS","海信JuOS操作系统知识库","海信JuOS操作系统知识库 / 05.流程规范 / 10. JTS","1"
"page:204743025","topic:规范与流程","推断主题","JUOS","海信JuOS操作系统知识库","10. JTS","1"
"page:219566859","page:220358377","包含目录","JUOS","海信JuOS操作系统知识库","海信JuOS操作系统知识库 / 05.流程规范 / 11.0 JuOS版本 性能要求","1"
"page:220358377","topic:版本与计划","推断主题","JUOS","海信JuOS操作系统知识库","11.0 JuOS版本 性能要求","1"
"page:219566859","page:228332843","包含目录","JUOS","海信JuOS操作系统知识库","海信JuOS操作系统知识库 / 05.流程规范 / 12.JUOS平台主干管理","1"
"page:228332843","topic:规范与流程","推断主题","JUOS","海信JuOS操作系统知识库","12.JUOS平台主干管理","1"
"page:219566859","page:229430372","包含目录","JUOS","海信JuOS操作系统知识库","海信JuOS操作系统知识库 / 05.流程规范 / 13. JuOS CI","1"
"page:229430372","topic:规范与流程","推断主题","JUOS","海信JuOS操作系统知识库","13. JuOS CI","1"
"page:219566859","page:236719596","包含目录","JUOS","海信JuOS操作系统知识库","海信JuOS操作系统知识库 / 05.流程规范 / 14. 月度点检（质量部）","1"
"page:236719596","topic:规范与流程","推断主题","JUOS","海信JuOS操作系统知识库","14. 月度点检（质量部）","1"
"page:219566859","page:291488917","包含目录","JUOS","海信JuOS操作系统知识库","海信JuOS操作系统知识库 / 05.流程规范 / 15. SBOM指标制定","1"
"page:291488917","topic:规范与流程","推断主题","JUOS","海信JuOS操作系统知识库","15. SBOM指标制定","1"
"page:219566859","page:291489968","包含目录","JUOS","海信JuOS操作系统知识库","海信JuOS操作系统知识库 / 05.流程规范 / 16.产品机型及CI流水线命名规则","1"
"page:291489968","topic:规范与流程","推断主题","JUOS","海信JuOS操作系统知识库","16.产品机型及CI流水线命名规则","1"
"page:219566859","page:187808141","包含目录","JUOS","海信JuOS操作系统知识库","海信JuOS操作系统知识库 / 05.流程规范 / 17. 版本管理","1"
"page:187808141","topic:版本与计划","推断主题","JUOS","海信JuOS操作系统知识库","17. 版本管理","1"
"page:219566859","page:234519670","包含目录","JUOS","海信JuOS操作系统知识库","海信JuOS操作系统知识库 / 05.流程规范 / 18.Release Note模版","1"
"page:234519670","topic:版本与计划","推断主题","JUOS","海信JuOS操作系统知识库","18.Release Note模版","1"
"page:219566859","page:313794005","包含目录","JUOS","海信JuOS操作系统知识库","海信JuOS操作系统知识库 / 05.流程规范 / 20. JIRA任务创建与关闭规范","1"
"page:313794005","topic:规范与流程","推断主题","JUOS","海信JuOS操作系统知识库","20. JIRA任务创建与关闭规范","1"
"page:219566859","page:313815839","包含目录","JUOS","海信JuOS操作系统知识库","海信JuOS操作系统知识库 / 05.流程规范 / 21. 软件开发规范指导","1"
"page:313815839","topic:规范与流程","推断主题","JUOS","海信JuOS操作系统知识库","21. 软件开发规范指导","1"
"page:187802516","page:216895581","包含目录","JUOS","海信JuOS操作系统知识库","海信JuOS操作系统知识库 / 06.竞品分析","1"
"page:216895581","topic:问题与复盘","推断主题","JUOS","海信JuOS操作系统知识库","06.竞品分析","1"
"page:216895581","page:220344252","包含目录","JUOS","海信JuOS操作系统知识库","海信JuOS操作系统知识库 / 06.竞品分析 / 竞品对标及性能测试数据","1"
"page:220344252","topic:测试与验证","推断主题","JUOS","海信JuOS操作系统知识库","竞品对标及性能测试数据","1"
"page:216895581","page:216895598","包含目录","JUOS","海信JuOS操作系统知识库","海信JuOS操作系统知识库 / 06.竞品分析 / 01.竞品测试方法","1"
"page:216895598","topic:测试与验证","推断主题","JUOS","海信JuOS操作系统知识库","01.竞品测试方法","1"
"page:216895581","page:222306404","包含目录","JUOS","海信JuOS操作系统知识库","海信JuOS操作系统知识库 / 06.竞品分析 / 竞品分析系统需求收集","1"
"page:222306404","topic:需求与功能","推断主题","JUOS","海信JuOS操作系统知识库","竞品分析系统需求收集","1"
"page:187802516","page:228331959","包含目录","JUOS","海信JuOS操作系统知识库","海信JuOS操作系统知识库 / 07.NPS","1"
"page:228331959","topic:问题与复盘","推断主题","JUOS","海信JuOS操作系统知识库","07.NPS","1"
"page:228331959","page:228333359","包含目录","JUOS","海信JuOS操作系统知识库","海信JuOS操作系统知识库 / 07.NPS / 内销NPS","1"
"page:228333359","topic:问题与复盘","推断主题","JUOS","海信JuOS操作系统知识库","内销NPS","1"
"page:228331959","page:228333366","包含目录","JUOS","海信JuOS操作系统知识库","海信JuOS操作系统知识库 / 07.NPS / 美国NPS","1"
"page:228333366","topic:问题与复盘","推断主题","JUOS","海信JuOS操作系统知识库","美国NPS","1"
"page:187802516","page:259428111","包含目录","JUOS","海信JuOS操作系统知识库","海信JuOS操作系统知识库 / 08. AI Macey效率提升","1"
"page:259428111","topic:其他","推断主题","JUOS","海信JuOS操作系统知识库","08. AI Macey效率提升","1"
"page:259428111","page:289955045","包含目录","JUOS","海信JuOS操作系统知识库","海信JuOS操作系统知识库 / 08. AI Macey效率提升 / 2024","1"
"page:289955045","topic:其他","推断主题","JUOS","海信JuOS操作系统知识库","2024","1"
"page:259428111","page:289955048","包含目录","JUOS","海信JuOS操作系统知识库","海信JuOS操作系统知识库 / 08. AI Macey效率提升 / 2025","1"
"page:289955048","topic:其他","推断主题","JUOS","海信JuOS操作系统知识库","2025","1"
"page:259428111","page:299028777","包含目录","JUOS","海信JuOS操作系统知识库","海信JuOS操作系统知识库 / 08. AI Macey效率提升 / handouts","1"
"page:299028777","topic:其他","推断主题","JUOS","海信JuOS操作系统知识库","handouts","1"
"page:259428111","page:326695492","包含目录","JUOS","海信JuOS操作系统知识库","海信JuOS操作系统知识库 / 08. AI Macey效率提升 / Macey3.0","1"
"page:326695492","topic:其他","推断主题","JUOS","海信JuOS操作系统知识库","Macey3.0","1"
"page:187802516","page:269486194","包含目录","JUOS","海信JuOS操作系统知识库","海信JuOS操作系统知识库 / 09. JuOS Architecture Team","1"
"page:269486194","topic:设计与架构","推断主题","JUOS","海信JuOS操作系统知识库","09. JuOS Architecture Team","1"
"page:269486194","page:269486243","包含目录","JUOS","海信JuOS操作系统知识库","海信JuOS操作系统知识库 / 09. JuOS Architecture Team / JuOS Architecture","1"
"page:269486243","topic:设计与架构","推断主题","JUOS","海信JuOS操作系统知识库","JuOS Architecture","1"
"page:269486194","page:312513137","包含目录","JUOS","海信JuOS操作系统知识库","海信JuOS操作系统知识库 / 09. JuOS Architecture Team / JuOS Workflow","1"
"page:312513137","topic:设计与架构","推断主题","JUOS","海信JuOS操作系统知识库","JuOS Workflow","1"
"page:269486194","page:269486245","包含目录","JUOS","海信JuOS操作系统知识库","海信JuOS操作系统知识库 / 09. JuOS Architecture Team / JuOS Development Guidelin","1"
"page:269486245","topic:设计与架构","推断主题","JUOS","海信JuOS操作系统知识库","JuOS Development Guidelin","1"
"page:269486194","page:269486247","包含目录","JUOS","海信JuOS操作系统知识库","海信JuOS操作系统知识库 / 09. JuOS Architecture Team / JuOS Mainline Design","1"
"page:269486247","topic:设计与架构","推断主题","JUOS","海信JuOS操作系统知识库","JuOS Mainline Design","1"
"page:269486194","page:282678450","包含目录","JUOS","海信JuOS操作系统知识库","海信JuOS操作系统知识库 / 09. JuOS Architecture Team / JuOS SBOM Design","1"
"page:282678450","topic:设计与架构","推断主题","JUOS","海信JuOS操作系统知识库","JuOS SBOM Design","1"
"page:269486194","page:269486202","包含目录","JUOS","海信JuOS操作系统知识库","海信JuOS操作系统知识库 / 09. JuOS Architecture Team / JuOS Feature Design Process","1"
"page:269486202","topic:需求与功能","推断主题","JUOS","海信JuOS操作系统知识库","JuOS Feature Design Process","1"
"page:269486194","page:276379808","包含目录","JUOS","海信JuOS操作系统知识库","海信JuOS操作系统知识库 / 09. JuOS Architecture Team / JuOS Product配置规则","1"
"page:276379808","topic:设计与架构","推断主题","JUOS","海信JuOS操作系统知识库","JuOS Product配置规则","1"
"page:269486194","page:291500835","包含目录","JUOS","海信JuOS操作系统知识库","海信JuOS操作系统知识库 / 09. JuOS Architecture Team / JUOS版本(SBOM)定点发车","1"
"page:291500835","topic:设计与架构","推断主题","JUOS","海信JuOS操作系统知识库","JUOS版本(SBOM)定点发车","1"
"page:269486194","page:294913504","包含目录","JUOS","海信JuOS操作系统知识库","海信JuOS操作系统知识库 / 09. JuOS Architecture Team / SBOM KPI指标制定","1"
"page:294913504","topic:设计与架构","推断主题","JUOS","海信JuOS操作系统知识库","SBOM KPI指标制定","1"
"page:269486194","page:295887162","包含目录","JUOS","海信JuOS操作系统知识库","海信JuOS操作系统知识库 / 09. JuOS Architecture Team / SBOM数字化平台","1"
"page:295887162","topic:设计与架构","推断主题","JUOS","海信JuOS操作系统知识库","SBOM数字化平台","1"
"page:269486194","page:302736502","包含目录","JUOS","海信JuOS操作系统知识库","海信JuOS操作系统知识库 / 09. JuOS Architecture Team / JuOS Autotest","1"
"page:302736502","topic:设计与架构","推断主题","JUOS","海信JuOS操作系统知识库","JuOS Autotest","1"
"page:269486194","page:312513276","包含目录","JUOS","海信JuOS操作系统知识库","海信JuOS操作系统知识库 / 09. JuOS Architecture Team / JuOS Proof of Concept","1"
"page:312513276","topic:设计与架构","推断主题","JUOS","海信JuOS操作系统知识库","JuOS Proof of Concept","1"
"page:187802516","page:234499661","包含目录","JUOS","海信JuOS操作系统知识库","海信JuOS操作系统知识库 / 10.OSS","1"
"page:234499661","topic:其他","推断主题","JUOS","海信JuOS操作系统知识库","10.OSS","1"
"page:234499661","page:316542960","包含目录","JUOS","海信JuOS操作系统知识库","海信JuOS操作系统知识库 / 10.OSS / Hisense OSS Rigister","1"
"page:316542960","topic:其他","推断主题","JUOS","海信JuOS操作系统知识库","Hisense OSS Rigister","1"
"page:234499661","page:232611153","包含目录","JUOS","海信JuOS操作系统知识库","海信JuOS操作系统知识库 / 10.OSS / Hisense OSS/CVE Rigister","1"
"page:232611153","topic:其他","推断主题","JUOS","海信JuOS操作系统知识库","Hisense OSS/CVE Rigister","1"
"page:234499661","page:232611232","包含目录","JUOS","海信JuOS操作系统知识库","海信JuOS操作系统知识库 / 10.OSS / SDK OSS/CVE Rigister","1"
"page:232611232","topic:设计与架构","推断主题","JUOS","海信JuOS操作系统知识库","SDK OSS/CVE Rigister","1"
"page:187802516","page:199900822","包含目录","JUOS","海信JuOS操作系统知识库","海信JuOS操作系统知识库 / RVR","1"
"page:199900822","topic:其他","推断主题","JUOS","海信JuOS操作系统知识库","RVR","1"
"page:199900822","page:164827583","包含目录","JUOS","海信JuOS操作系统知识库","海信JuOS操作系统知识库 / RVR / 2.SteamVR USB串流技术研究与应用","1"
"page:164827583","topic:其他","推断主题","JUOS","海信JuOS操作系统知识库","2.SteamVR USB串流技术研究与应用","1"
"page:187802516","page:190361479","包含目录","JUOS","海信JuOS操作系统知识库","海信JuOS操作系统知识库 / 指导文章","1"
"page:190361479","topic:其他","推断主题","JUOS","海信JuOS操作系统知识库","指导文章","1"
"page:187802516","page:194354136","包含目录","JUOS","海信JuOS操作系统知识库","海信JuOS操作系统知识库 / 故障排除文章","1"
"page:194354136","topic:问题与复盘","推断主题","JUOS","海信JuOS操作系统知识库","故障排除文章","1"
"space:DZKJSZDSPT","page:13716865","空间首页","DZKJSZDSPT","海外数字电视与浏览器开发所","海外数字电视与浏览器开发所 主页","1"
"page:13716865","topic:其他","推断主题","DZKJSZDSPT","海外数字电视与浏览器开发所","海外数字电视与浏览器开发所 主页","1"
"page:13716865","page:122494329","包含目录","DZKJSZDSPT","海外数字电视与浏览器开发所","海外数字电视与浏览器开发所 主页 / 会议纪要 (2)","1"
"page:122494329","topic:会议与协同","推断主题","DZKJSZDSPT","海外数字电视与浏览器开发所","会议纪要 (2)","1"
"page:13716865","page:146965716","包含目录","DZKJSZDSPT","海外数字电视与浏览器开发所","海外数字电视与浏览器开发所 主页 / 已分享的链接","1"
"page:146965716","topic:其他","推断主题","DZKJSZDSPT","海外数字电视与浏览器开发所","已分享的链接","1"
"page:146965716","page:146965717","包含目录","DZKJSZDSPT","海外数字电视与浏览器开发所","海外数字电视与浏览器开发所 主页 / 已分享的链接 / teletext Level2.5新增功能简介","1"
"page:146965717","topic:其他","推断主题","DZKJSZDSPT","海外数字电视与浏览器开发所","teletext Level2.5新增功能简介","1"
"page:13716865","page:63900816","包含目录","DZKJSZDSPT","海外数字电视与浏览器开发所","海外数字电视与浏览器开发所 主页 / 指导文章","1"
"page:63900816","topic:其他","推断主题","DZKJSZDSPT","海外数字电视与浏览器开发所","指导文章","1"
"page:13716865","page:14811687","包含目录","DZKJSZDSPT","海外数字电视与浏览器开发所","海外数字电视与浏览器开发所 主页 / 文件列表","1"
"page:14811687","topic:其他","推断主题","DZKJSZDSPT","海外数字电视与浏览器开发所","文件列表","1"
"page:13716865","page:3670162","包含目录","DZKJSZDSPT","海外数字电视与浏览器开发所","海外数字电视与浏览器开发所 主页 / 海外数字电视与浏览器开发所","1"
"page:3670162","topic:其他","推断主题","DZKJSZDSPT","海外数字电视与浏览器开发所","海外数字电视与浏览器开发所","1"
"page:3670162","page:16874004","包含目录","DZKJSZDSPT","海外数字电视与浏览器开发所","海外数字电视与浏览器开发所 主页 / 海外数字电视与浏览器开发所 / Project Status","1"
"page:16874004","topic:项目管理","推断主题","DZKJSZDSPT","海外数字电视与浏览器开发所","Project Status","1"
"page:3670162","page:3670045","包含目录","DZKJSZDSPT","海外数字电视与浏览器开发所","海外数字电视与浏览器开发所 主页 / 海外数字电视与浏览器开发所 / Project Materials","1"
"page:3670045","topic:项目管理","推断主题","DZKJSZDSPT","海外数字电视与浏览器开发所","Project Materials","1"
"page:3670162","page:16671188","包含目录","DZKJSZDSPT","海外数字电视与浏览器开发所","海外数字电视与浏览器开发所 主页 / 海外数字电视与浏览器开发所 / Weekly Summary","1"
"page:16671188","topic:其他","推断主题","DZKJSZDSPT","海外数字电视与浏览器开发所","Weekly Summary","1"
"page:3670162","page:3670145","包含目录","DZKJSZDSPT","海外数字电视与浏览器开发所","海外数字电视与浏览器开发所 主页 / 海外数字电视与浏览器开发所 / Testing/Dev Environment","1"
"page:3670145","topic:测试与验证","推断主题","DZKJSZDSPT","海外数字电视与浏览器开发所","Testing/Dev Environment","1"
"page:3670162","page:13709530","包含目录","DZKJSZDSPT","海外数字电视与浏览器开发所","海外数字电视与浏览器开发所 主页 / 海外数字电视与浏览器开发所 / Team Building","1"
"page:13709530","topic:其他","推断主题","DZKJSZDSPT","海外数字电视与浏览器开发所","Team Building","1"
"page:3670162","page:16874602","包含目录","DZKJSZDSPT","海外数字电视与浏览器开发所","海外数字电视与浏览器开发所 主页 / 海外数字电视与浏览器开发所 / Meeting Minutes","1"
"page:16874602","topic:会议与协同","推断主题","DZKJSZDSPT","海外数字电视与浏览器开发所","Meeting Minutes","1"
"page:3670162","page:15591883","包含目录","DZKJSZDSPT","海外数字电视与浏览器开发所","海外数字电视与浏览器开发所 主页 / 海外数字电视与浏览器开发所 / E-BOOK","1"
"page:15591883","topic:其他","推断主题","DZKJSZDSPT","海外数字电视与浏览器开发所","E-BOOK","1"
"page:3670162","page:25329832","包含目录","DZKJSZDSPT","海外数字电视与浏览器开发所","海外数字电视与浏览器开发所 主页 / 海外数字电视与浏览器开发所 / Team Management","1"
"page:25329832","topic:其他","推断主题","DZKJSZDSPT","海外数字电视与浏览器开发所","Team Management","1"
"page:3670162","page:60066933","包含目录","DZKJSZDSPT","海外数字电视与浏览器开发所","海外数字电视与浏览器开发所 主页 / 海外数字电视与浏览器开发所 / Project Management","1"
"page:60066933","topic:项目管理","推断主题","DZKJSZDSPT","海外数字电视与浏览器开发所","Project Management","1"
"page:3670162","page:64557859","包含目录","DZKJSZDSPT","海外数字电视与浏览器开发所","海外数字电视与浏览器开发所 主页 / 海外数字电视与浏览器开发所 / After-sales Quality Problems","1"
"page:64557859","topic:数据与质量","推断主题","DZKJSZDSPT","海外数字电视与浏览器开发所","After-sales Quality Problems","1"
"page:3670162","page:137628066","包含目录","DZKJSZDSPT","海外数字电视与浏览器开发所","海外数字电视与浏览器开发所 主页 / 海外数字电视与浏览器开发所 / Interest Group","1"
"page:137628066","topic:其他","推断主题","DZKJSZDSPT","海外数字电视与浏览器开发所","Interest Group","1"
"page:13716865","page:162419295","包含目录","DZKJSZDSPT","海外数字电视与浏览器开发所","海外数字电视与浏览器开发所 主页 / VIDAA中国-深圳","1"
"page:162419295","topic:其他","推断主题","DZKJSZDSPT","海外数字电视与浏览器开发所","VIDAA中国-深圳","1"
"page:162419295","page:227836738","包含目录","DZKJSZDSPT","海外数字电视与浏览器开发所","海外数字电视与浏览器开发所 主页 / VIDAA中国-深圳 / 2022-工作汇总","1"
"page:227836738","topic:其他","推断主题","DZKJSZDSPT","海外数字电视与浏览器开发所","2022-工作汇总","1"
"page:162419295","page:227836749","包含目录","DZKJSZDSPT","海外数字电视与浏览器开发所","海外数字电视与浏览器开发所 主页 / VIDAA中国-深圳 / 2023-工作汇总","1"
"page:227836749","topic:其他","推断主题","DZKJSZDSPT","海外数字电视与浏览器开发所","2023-工作汇总","1"
"page:162419295","page:284096912","包含目录","DZKJSZDSPT","海外数字电视与浏览器开发所","海外数字电视与浏览器开发所 主页 / VIDAA中国-深圳 / 2024-工作汇总","1"
"page:284096912","topic:其他","推断主题","DZKJSZDSPT","海外数字电视与浏览器开发所","2024-工作汇总","1"
"page:162419295","page:284096931","包含目录","DZKJSZDSPT","海外数字电视与浏览器开发所","海外数字电视与浏览器开发所 主页 / VIDAA中国-深圳 / 2025-深圳开发部周报","1"
"page:284096931","topic:其他","推断主题","DZKJSZDSPT","海外数字电视与浏览器开发所","2025-深圳开发部周报","1"
"page:162419295","page:284096935","包含目录","DZKJSZDSPT","海外数字电视与浏览器开发所","海外数字电视与浏览器开发所 主页 / VIDAA中国-深圳 / 2025-深圳开发部月度重点工作","1"
"page:284096935","topic:其他","推断主题","DZKJSZDSPT","海外数字电视与浏览器开发所","2025-深圳开发部月度重点工作","1"
"page:162419295","page:164071785","包含目录","DZKJSZDSPT","海外数字电视与浏览器开发所","海外数字电视与浏览器开发所 主页 / VIDAA中国-深圳 / 团队能力建设","1"
"page:164071785","topic:其他","推断主题","DZKJSZDSPT","海外数字电视与浏览器开发所","团队能力建设","1"
"page:162419295","page:166499144","包含目录","DZKJSZDSPT","海外数字电视与浏览器开发所","海外数字电视与浏览器开发所 主页 / VIDAA中国-深圳 / 浏览器应用/HbbTV模块建设","1"
"page:166499144","topic:其他","推断主题","DZKJSZDSPT","海外数字电视与浏览器开发所","浏览器应用/HbbTV模块建设","1"
"page:162419295","page:171414825","包含目录","DZKJSZDSPT","海外数字电视与浏览器开发所","海外数字电视与浏览器开发所 主页 / VIDAA中国-深圳 / 深研预研&应市项目管理","1"
"page:171414825","topic:项目管理","推断主题","DZKJSZDSPT","海外数字电视与浏览器开发所","深研预研&应市项目管理","1"
"page:162419295","page:256848044","包含目录","DZKJSZDSPT","海外数字电视与浏览器开发所","海外数字电视与浏览器开发所 主页 / VIDAA中国-深圳 / 综合管理","1"
"page:256848044","topic:项目管理","推断主题","DZKJSZDSPT","海外数字电视与浏览器开发所","综合管理","1"
"page:162419295","page:165747039","包含目录","DZKJSZDSPT","海外数字电视与浏览器开发所","海外数字电视与浏览器开发所 主页 / VIDAA中国-深圳 / 调研/调查/资料共享","1"
"page:165747039","topic:其他","推断主题","DZKJSZDSPT","海外数字电视与浏览器开发所","调研/调查/资料共享","1"
"page:162419295","page:220346698","包含目录","DZKJSZDSPT","海外数字电视与浏览器开发所","海外数字电视与浏览器开发所 主页 / VIDAA中国-深圳 / 部门资产清单","1"
"page:220346698","topic:其他","推断主题","DZKJSZDSPT","海外数字电视与浏览器开发所","部门资产清单","1"
"page:162419295","page:191273306","包含目录","DZKJSZDSPT","海外数字电视与浏览器开发所","海外数字电视与浏览器开发所 主页 / VIDAA中国-深圳 / 防疫相关","1"
"page:191273306","topic:其他","推断主题","DZKJSZDSPT","海外数字电视与浏览器开发所","防疫相关","1"
"page:162419295","page:195987938","包含目录","DZKJSZDSPT","海外数字电视与浏览器开发所","海外数字电视与浏览器开发所 主页 / VIDAA中国-深圳 / 项目专题专项","1"
"page:195987938","topic:项目管理","推断主题","DZKJSZDSPT","海外数字电视与浏览器开发所","项目专题专项","1"
"page:13716865","page:13717194","包含目录","DZKJSZDSPT","海外数字电视与浏览器开发所","海外数字电视与浏览器开发所 主页 / 深圳研发通用","1"
"page:13717194","topic:其他","推断主题","DZKJSZDSPT","海外数字电视与浏览器开发所","深圳研发通用","1"
"page:13717194","page:52105839","包含目录","DZKJSZDSPT","海外数字电视与浏览器开发所","海外数字电视与浏览器开发所 主页 / 深圳研发通用 / 外来人员来访预约流程","1"
"page:52105839","topic:规范与流程","推断主题","DZKJSZDSPT","海外数字电视与浏览器开发所","外来人员来访预约流程","1"
"page:13717194","page:126230254","包含目录","DZKJSZDSPT","海外数字电视与浏览器开发所","海外数字电视与浏览器开发所 主页 / 深圳研发通用 / 新员工开发环境配置指南","1"
"page:126230254","topic:规范与流程","推断主题","DZKJSZDSPT","海外数字电视与浏览器开发所","新员工开发环境配置指南","1"
"page:13716865","page:154933887","包含目录","DZKJSZDSPT","海外数字电视与浏览器开发所","海外数字电视与浏览器开发所 主页 / 项目信息记录：","1"
"page:154933887","topic:项目管理","推断主题","DZKJSZDSPT","海外数字电视与浏览器开发所","项目信息记录：","1"
"page:13716865","page:162421773","包含目录","DZKJSZDSPT","海外数字电视与浏览器开发所","海外数字电视与浏览器开发所 主页 / 电视软件技术所","1"
"page:162421773","topic:其他","推断主题","DZKJSZDSPT","海外数字电视与浏览器开发所","电视软件技术所","1"
"page:162421773","page:163253550","包含目录","DZKJSZDSPT","海外数字电视与浏览器开发所","海外数字电视与浏览器开发所 主页 / 电视软件技术所 / 1. Project Materials","1"
"page:163253550","topic:项目管理","推断主题","DZKJSZDSPT","海外数字电视与浏览器开发所","1. Project Materials","1"
"page:162421773","page:163253565","包含目录","DZKJSZDSPT","海外数字电视与浏览器开发所","海外数字电视与浏览器开发所 主页 / 电视软件技术所 / 2.Team Building","1"
"page:163253565","topic:其他","推断主题","DZKJSZDSPT","海外数字电视与浏览器开发所","2.Team Building","1"
"page:162421773","page:163253570","包含目录","DZKJSZDSPT","海外数字电视与浏览器开发所","海外数字电视与浏览器开发所 主页 / 电视软件技术所 / 3.Team Management","1"
"page:163253570","topic:其他","推断主题","DZKJSZDSPT","海外数字电视与浏览器开发所","3.Team Management","1"
"page:162421773","page:163253599","包含目录","DZKJSZDSPT","海外数字电视与浏览器开发所","海外数字电视与浏览器开发所 主页 / 电视软件技术所 / 4.Project Management","1"
"page:163253599","topic:项目管理","推断主题","DZKJSZDSPT","海外数字电视与浏览器开发所","4.Project Management","1"
"page:162421773","page:164071383","包含目录","DZKJSZDSPT","海外数字电视与浏览器开发所","海外数字电视与浏览器开发所 主页 / 电视软件技术所 / 5.Meeting Minutes","1"
"page:164071383","topic:会议与协同","推断主题","DZKJSZDSPT","海外数字电视与浏览器开发所","5.Meeting Minutes","1"
"page:162421773","page:168138548","包含目录","DZKJSZDSPT","海外数字电视与浏览器开发所","海外数字电视与浏览器开发所 主页 / 电视软件技术所 / 6. Process Specification","1"
"page:168138548","topic:设计与架构","推断主题","DZKJSZDSPT","海外数字电视与浏览器开发所","6. Process Specification","1"
"page:162421773","page:178603177","包含目录","DZKJSZDSPT","海外数字电视与浏览器开发所","海外数字电视与浏览器开发所 主页 / 电视软件技术所 / 7. Development Assets/Environment","1"
"page:178603177","topic:其他","推断主题","DZKJSZDSPT","海外数字电视与浏览器开发所","7. Development Assets/Environment","1"
"page:162421773","page:310918813","包含目录","DZKJSZDSPT","海外数字电视与浏览器开发所","海外数字电视与浏览器开发所 主页 / 电视软件技术所 / 8. 工作报告","1"
"page:310918813","topic:其他","推断主题","DZKJSZDSPT","海外数字电视与浏览器开发所","8. 工作报告","1"
"space:dshwrj","page:5832933","空间首页","dshwrj","海外软件开发所","海外软件开发所 Home","1"
"page:5832933","topic:其他","推断主题","dshwrj","海外软件开发所","海外软件开发所 Home","1"
"page:5832933","page:100763768","包含目录","dshwrj","海外软件开发所","海外软件开发所 Home / 00.部门知识库","1"
"page:100763768","topic:其他","推断主题","dshwrj","海外软件开发所","00.部门知识库","1"
"page:100763768","page:100763784","包含目录","dshwrj","海外软件开发所","海外软件开发所 Home / 00.部门知识库 / 0.海外软件开发所通用","1"
"page:100763784","topic:其他","推断主题","dshwrj","海外软件开发所","0.海外软件开发所通用","1"
"page:100763768","page:100763798","包含目录","dshwrj","海外软件开发所","海外软件开发所 Home / 00.部门知识库 / 1.海外平台技术室","1"
"page:100763798","topic:其他","推断主题","dshwrj","海外软件开发所","1.海外平台技术室","1"
"page:100763768","page:100763804","包含目录","dshwrj","海外软件开发所","海外软件开发所 Home / 00.部门知识库 / 2.海外音视频驱动室","1"
"page:100763804","topic:其他","推断主题","dshwrj","海外软件开发所","2.海外音视频驱动室","1"
"page:100763768","page:100763808","包含目录","dshwrj","海外软件开发所","海外软件开发所 Home / 00.部门知识库 / 3.海外电视业务室","1"
"page:100763808","topic:其他","推断主题","dshwrj","海外软件开发所","3.海外电视业务室","1"
"page:5832933","page:5832928","包含目录","dshwrj","海外软件开发所","海外软件开发所 Home / 1、会议记录","1"
"page:5832928","topic:会议与协同","推断主题","dshwrj","海外软件开发所","1、会议记录","1"
"page:5832928","page:5832878","包含目录","dshwrj","海外软件开发所","海外软件开发所 Home / 1、会议记录 / MTK问题交流周例会","1"
"page:5832878","topic:问题与复盘","推断主题","dshwrj","海外软件开发所","MTK问题交流周例会","1"
"page:5832928","page:36866156","包含目录","dshwrj","海外软件开发所","海外软件开发所 Home / 1、会议记录 / 外销电视整机软件所周例会","1"
"page:36866156","topic:会议与协同","推断主题","dshwrj","海外软件开发所","外销电视整机软件所周例会","1"
"page:5832928","page:15877766","包含目录","dshwrj","海外软件开发所","海外软件开发所 Home / 1、会议记录 / 工作任务看板","1"
"page:15877766","topic:会议与协同","推断主题","dshwrj","海外软件开发所","工作任务看板","1"
"page:5832933","page:5832925","包含目录","dshwrj","海外软件开发所","海外软件开发所 Home / 2、工具使用文档","1"
"page:5832925","topic:规范与流程","推断主题","dshwrj","海外软件开发所","2、工具使用文档","1"
"page:5832925","page:28542254","包含目录","dshwrj","海外软件开发所","海外软件开发所 Home / 2、工具使用文档 / Astah Community","1"
"page:28542254","topic:规范与流程","推断主题","dshwrj","海外软件开发所","Astah Community","1"
"page:5832925","page:5832720","包含目录","dshwrj","海外软件开发所","海外软件开发所 Home / 2、工具使用文档 / File Lists","1"
"page:5832720","topic:规范与流程","推断主题","dshwrj","海外软件开发所","File Lists","1"
"page:5832925","page:5832836","包含目录","dshwrj","海外软件开发所","海外软件开发所 Home / 2、工具使用文档 / Git培训文档","1"
"page:5832836","topic:规范与流程","推断主题","dshwrj","海外软件开发所","Git培训文档","1"
"page:5832925","page:42667014","包含目录","dshwrj","海外软件开发所","海外软件开发所 Home / 2、工具使用文档 / MultiLanguageTransTool","1"
"page:42667014","topic:规范与流程","推断主题","dshwrj","海外软件开发所","MultiLanguageTransTool","1"
"page:5832925","page:14838892","包含目录","dshwrj","海外软件开发所","海外软件开发所 Home / 2、工具使用文档 / 串口驱动","1"
"page:14838892","topic:规范与流程","推断主题","dshwrj","海外软件开发所","串口驱动","1"
"page:5832933","page:5832924","包含目录","dshwrj","海外软件开发所","海外软件开发所 Home / 3、流程管理类","1"
"page:5832924","topic:规范与流程","推断主题","dshwrj","海外软件开发所","3、流程管理类","1"
"page:5832924","page:28544543","包含目录","dshwrj","海外软件开发所","海外软件开发所 Home / 3、流程管理类 / 2018年度电子信息集团各公司公司级培训师评选","1"
"page:28544543","topic:规范与流程","推断主题","dshwrj","海外软件开发所","2018年度电子信息集团各公司公司级培训师评选","1"
"page:5832924","page:5832904","包含目录","dshwrj","海外软件开发所","海外软件开发所 Home / 3、流程管理类 / GFN0428内部借机及领用管理办法","1"
"page:5832904","topic:规范与流程","推断主题","dshwrj","海外软件开发所","GFN0428内部借机及领用管理办法","1"
"page:5832924","page:15876964","包含目录","dshwrj","海外软件开发所","海外软件开发所 Home / 3、流程管理类 / JIRA处理原则","1"
"page:15876964","topic:规范与流程","推断主题","dshwrj","海外软件开发所","JIRA处理原则","1"
"page:5832924","page:15866838","包含目录","dshwrj","海外软件开发所","海外软件开发所 Home / 3、流程管理类 / U盘权限申请流程","1"
"page:15866838","topic:规范与流程","推断主题","dshwrj","海外软件开发所","U盘权限申请流程","1"
"page:5832924","page:25333668","包含目录","dshwrj","海外软件开发所","海外软件开发所 Home / 3、流程管理类 / WMS领料系统操作流程","1"
"page:25333668","topic:规范与流程","推断主题","dshwrj","海外软件开发所","WMS领料系统操作流程","1"
"page:5832924","page:16860402","包含目录","dshwrj","海外软件开发所","海外软件开发所 Home / 3、流程管理类 / 出国材料准备明细","1"
"page:16860402","topic:规范与流程","推断主题","dshwrj","海外软件开发所","出国材料准备明细","1"
"page:5832924","page:5832827","包含目录","dshwrj","海外软件开发所","海外软件开发所 Home / 3、流程管理类 / 出差及报销流程","1"
"page:5832827","topic:规范与流程","推断主题","dshwrj","海外软件开发所","出差及报销流程","1"
"page:5832924","page:5832755","包含目录","dshwrj","海外软件开发所","海外软件开发所 Home / 3、流程管理类 / 办公环境整理----5S","1"
"page:5832755","topic:规范与流程","推断主题","dshwrj","海外软件开发所","办公环境整理----5S","1"
"page:5832924","page:5832754","包含目录","dshwrj","海外软件开发所","海外软件开发所 Home / 3、流程管理类 / 员工仪容仪表、着装要求","1"
"page:5832754","topic:规范与流程","推断主题","dshwrj","海外软件开发所","员工仪容仪表、着装要求","1"
"page:5832924","page:17046751","包含目录","dshwrj","海外软件开发所","海外软件开发所 Home / 3、流程管理类 / 员工福利及报销流程","1"
"page:17046751","topic:规范与流程","推断主题","dshwrj","海外软件开发所","员工福利及报销流程","1"
"page:5832924","page:17040507","包含目录","dshwrj","海外软件开发所","海外软件开发所 Home / 3、流程管理类 / 员工能力培训系统2.0使用手册","1"
"page:17040507","topic:规范与流程","推断主题","dshwrj","海外软件开发所","员工能力培训系统2.0使用手册","1"
"page:5832924","page:157188500","包含目录","dshwrj","海外软件开发所","海外软件开发所 Home / 3、流程管理类 / 定制公交需求统计","1"
"page:157188500","topic:需求与功能","推断主题","dshwrj","海外软件开发所","定制公交需求统计","1"
"page:5832924","page:16860505","包含目录","dshwrj","海外软件开发所","海外软件开发所 Home / 3、流程管理类 / 工作常用的一些权限申请","1"
"page:16860505","topic:规范与流程","推断主题","dshwrj","海外软件开发所","工作常用的一些权限申请","1"
"page:5832924","page:19662189","包含目录","dshwrj","海外软件开发所","海外软件开发所 Home / 3、流程管理类 / 开发自测","1"
"page:19662189","topic:规范与流程","推断主题","dshwrj","海外软件开发所","开发自测","1"
"page:5832924","page:15568180","包含目录","dshwrj","海外软件开发所","海外软件开发所 Home / 3、流程管理类 / 开源License管理","1"
"page:15568180","topic:规范与流程","推断主题","dshwrj","海外软件开发所","开源License管理","1"
"page:5832924","page:5832753","包含目录","dshwrj","海外软件开发所","海外软件开发所 Home / 3、流程管理类 / 新员工入职须知","1"
"page:5832753","topic:规范与流程","推断主题","dshwrj","海外软件开发所","新员工入职须知","1"
"page:5832924","page:16860615","包含目录","dshwrj","海外软件开发所","海外软件开发所 Home / 3、流程管理类 / 新研发员工加域手册","1"
"page:16860615","topic:规范与流程","推断主题","dshwrj","海外软件开发所","新研发员工加域手册","1"
"page:5832924","page:5832757","包含目录","dshwrj","海外软件开发所","海外软件开发所 Home / 3、流程管理类 / 日常工作须知","1"
"page:5832757","topic:规范与流程","推断主题","dshwrj","海外软件开发所","日常工作须知","1"
"page:5832924","page:148574188","包含目录","dshwrj","海外软件开发所","海外软件开发所 Home / 3、流程管理类 / 海外软件开发所年度表彰项","1"
"page:148574188","topic:规范与流程","推断主题","dshwrj","海外软件开发所","海外软件开发所年度表彰项","1"
"page:5832924","page:23429551","包含目录","dshwrj","海外软件开发所","海外软件开发所 Home / 3、流程管理类 / 用户体验设计能力培训-线上学习平台使用及考试指南","1"
"page:23429551","topic:设计与架构","推断主题","dshwrj","海外软件开发所","用户体验设计能力培训-线上学习平台使用及考试指南","1"
"page:5832924","page:5832823","包含目录","dshwrj","海外软件开发所","海外软件开发所 Home / 3、流程管理类 / 电视海外研发部办公、实验环境及安全节能改善措施","1"
"page:5832823","topic:测试与验证","推断主题","dshwrj","海外软件开发所","电视海外研发部办公、实验环境及安全节能改善措施","1"
"page:5832924","page:159617822","包含目录","dshwrj","海外软件开发所","海外软件开发所 Home / 3、流程管理类 / 疫苗接种统计","1"
"page:159617822","topic:规范与流程","推断主题","dshwrj","海外软件开发所","疫苗接种统计","1"
"page:5832924","page:16663883","包含目录","dshwrj","海外软件开发所","海外软件开发所 Home / 3、流程管理类 / 研发认证样机领用报告","1"
"page:16663883","topic:规范与流程","推断主题","dshwrj","海外软件开发所","研发认证样机领用报告","1"
"page:5832924","page:15877015","包含目录","dshwrj","海外软件开发所","海外软件开发所 Home / 3、流程管理类 / 绩效评价及能力评价","1"
"page:15877015","topic:规范与流程","推断主题","dshwrj","海外软件开发所","绩效评价及能力评价","1"
"page:5832924","page:14832886","包含目录","dshwrj","海外软件开发所","海外软件开发所 Home / 3、流程管理类 / 编码规范","1"
"page:14832886","topic:规范与流程","推断主题","dshwrj","海外软件开发所","编码规范","1"
"page:5832924","page:5832820","包含目录","dshwrj","海外软件开发所","海外软件开发所 Home / 3、流程管理类 / 请假流程","1"
"page:5832820","topic:规范与流程","推断主题","dshwrj","海外软件开发所","请假流程","1"
"page:5832924","page:16673620","包含目录","dshwrj","海外软件开发所","海外软件开发所 Home / 3、流程管理类 / 调休流程","1"
"page:16673620","topic:规范与流程","推断主题","dshwrj","海外软件开发所","调休流程","1"
"page:5832924","page:157196511","包含目录","dshwrj","海外软件开发所","海外软件开发所 Home / 3、流程管理类 / 财务中台报销出租车票示例","1"
"page:157196511","topic:规范与流程","推断主题","dshwrj","海外软件开发所","财务中台报销出租车票示例","1"
"page:5832924","page:16663812","包含目录","dshwrj","海外软件开发所","海外软件开发所 Home / 3、流程管理类 / 软件下发流程","1"
"page:16663812","topic:规范与流程","推断主题","dshwrj","海外软件开发所","软件下发流程","1"
"page:5832924","page:16664960","包含目录","dshwrj","海外软件开发所","海外软件开发所 Home / 3、流程管理类 / 软件物料号申请流程","1"
"page:16664960","topic:规范与流程","推断主题","dshwrj","海外软件开发所","软件物料号申请流程","1"
"page:5832924","page:14832900","包含目录","dshwrj","海外软件开发所","海外软件开发所 Home / 3、流程管理类 / 软件研发部度量指标","1"
"page:14832900","topic:规范与流程","推断主题","dshwrj","海外软件开发所","软件研发部度量指标","1"
"page:5832924","page:22059162","包含目录","dshwrj","海外软件开发所","海外软件开发所 Home / 3、流程管理类 / 软件研发部相关流程","1"
"page:22059162","topic:规范与流程","推断主题","dshwrj","海外软件开发所","软件研发部相关流程","1"
"page:5832924","page:14818144","包含目录","dshwrj","海外软件开发所","海外软件开发所 Home / 3、流程管理类 / 软件编码及单元测试操作规程","1"
"page:14818144","topic:测试与验证","推断主题","dshwrj","海外软件开发所","软件编码及单元测试操作规程","1"
"page:5832933","page:5832927","包含目录","dshwrj","海外软件开发所","海外软件开发所 Home / 4、共享","1"
"page:5832927","topic:其他","推断主题","dshwrj","海外软件开发所","4、共享","1"
"page:5832927","page:5832745","包含目录","dshwrj","海外软件开发所","海外软件开发所 Home / 4、共享 / 1-软件工具","1"
"page:5832745","topic:其他","推断主题","dshwrj","海外软件开发所","1-软件工具","1"
"page:5832927","page:16857998","包含目录","dshwrj","海外软件开发所","海外软件开发所 Home / 4、共享 / 2-MTK 相关资料","1"
"page:16857998","topic:其他","推断主题","dshwrj","海外软件开发所","2-MTK 相关资料","1"
"page:5832927","page:16858003","包含目录","dshwrj","海外软件开发所","海外软件开发所 Home / 4、共享 / 3-DB相关资料","1"
"page:16858003","topic:其他","推断主题","dshwrj","海外软件开发所","3-DB相关资料","1"
"page:5832927","page:16858005","包含目录","dshwrj","海外软件开发所","海外软件开发所 Home / 4、共享 / 4-Mstar 相关资料","1"
"page:16858005","topic:其他","推断主题","dshwrj","海外软件开发所","4-Mstar 相关资料","1"
"page:5832927","page:16858008","包含目录","dshwrj","海外软件开发所","海外软件开发所 Home / 4、共享 / 5-学习资料，技能树","1"
"page:16858008","topic:培训与知识","推断主题","dshwrj","海外软件开发所","5-学习资料，技能树","1"
"page:5832927","page:17171447","包含目录","dshwrj","海外软件开发所","海外软件开发所 Home / 4、共享 / 6 开源软件","1"
"page:17171447","topic:其他","推断主题","dshwrj","海外软件开发所","6 开源软件","1"
"page:5832927","page:19663208","包含目录","dshwrj","海外软件开发所","海外软件开发所 Home / 4、共享 / 7 文摘","1"
"page:19663208","topic:其他","推断主题","dshwrj","海外软件开发所","7 文摘","1"
"page:5832927","page:24677951","包含目录","dshwrj","海外软件开发所","海外软件开发所 Home / 4、共享 / 8.Pixi 条件编译和优化","1"
"page:24677951","topic:其他","推断主题","dshwrj","海外软件开发所","8.Pixi 条件编译和优化","1"
"page:5832927","page:14838898","包含目录","dshwrj","海外软件开发所","海外软件开发所 Home / 4、共享 / MTK debug cmds manual","1"
"page:14838898","topic:问题与复盘","推断主题","dshwrj","海外软件开发所","MTK debug cmds manual","1"
"page:5832927","page:227847351","包含目录","dshwrj","海外软件开发所","海外软件开发所 Home / 4、共享 / 复制从 Hopper","1"
"page:227847351","topic:其他","推断主题","dshwrj","海外软件开发所","复制从 Hopper","1"
"page:5832927","page:77138350","包含目录","dshwrj","海外软件开发所","海外软件开发所 Home / 4、共享 / 自由分享讨论区","1"
"page:77138350","topic:其他","推断主题","dshwrj","海外软件开发所","自由分享讨论区","1"
"page:5832933","page:5832727","包含目录","dshwrj","海外软件开发所","海外软件开发所 Home / 5、雷区总结","1"
"page:5832727","topic:其他","推断主题","dshwrj","海外软件开发所","5、雷区总结","1"
"page:5832727","page:71402705","包含目录","dshwrj","海外软件开发所","海外软件开发所 Home / 5、雷区总结 / Android 3PL Smoke test","1"
"page:71402705","topic:测试与验证","推断主题","dshwrj","海外软件开发所","Android 3PL Smoke test","1"
"page:5832727","page:100762311","包含目录","dshwrj","海外软件开发所","海外软件开发所 Home / 5、雷区总结 / DRM、KEY","1"
"page:100762311","topic:其他","推断主题","dshwrj","海外软件开发所","DRM、KEY","1"
"page:5832727","page:71402695","包含目录","dshwrj","海外软件开发所","海外软件开发所 Home / 5、雷区总结 / 雷区点检表","1"
"page:71402695","topic:其他","推断主题","dshwrj","海外软件开发所","雷区点检表","1"
"page:5832933","page:5832722","包含目录","dshwrj","海外软件开发所","海外软件开发所 Home / 6、专利与创新","1"
"page:5832722","topic:其他","推断主题","dshwrj","海外软件开发所","6、专利与创新","1"
"page:5832722","page:66389432","包含目录","dshwrj","海外软件开发所","海外软件开发所 Home / 6、专利与创新 / 专利提案","1"
"page:66389432","topic:其他","推断主题","dshwrj","海外软件开发所","专利提案","1"
"page:5832722","page:66389429","包含目录","dshwrj","海外软件开发所","海外软件开发所 Home / 6、专利与创新 / 创新成果/提案","1"
"page:66389429","topic:其他","推断主题","dshwrj","海外软件开发所","创新成果/提案","1"
"page:5832933","page:14824781","包含目录","dshwrj","海外软件开发所","海外软件开发所 Home / 8、NPS与竞品分析","1"
"page:14824781","topic:问题与复盘","推断主题","dshwrj","海外软件开发所","8、NPS与竞品分析","1"
"page:14824781","page:110006804","包含目录","dshwrj","海外软件开发所","海外软件开发所 Home / 8、NPS与竞品分析 / 海外Android NPS","1"
"page:110006804","topic:问题与复盘","推断主题","dshwrj","海外软件开发所","海外Android NPS","1"
"page:14824781","page:110006807","包含目录","dshwrj","海外软件开发所","海外软件开发所 Home / 8、NPS与竞品分析 / 海外Android竞品分析","1"
"page:110006807","topic:问题与复盘","推断主题","dshwrj","海外软件开发所","海外Android竞品分析","1"
"page:5832933","page:15769982","包含目录","dshwrj","海外软件开发所","海外软件开发所 Home / 9、所内培训","1"
"page:15769982","topic:培训与知识","推断主题","dshwrj","海外软件开发所","9、所内培训","1"
"page:15769982","page:15772480","包含目录","dshwrj","海外软件开发所","海外软件开发所 Home / 9、所内培训 / 2017年宣贯与材料","1"
"page:15772480","topic:培训与知识","推断主题","dshwrj","海外软件开发所","2017年宣贯与材料","1"
"page:15769982","page:36868209","包含目录","dshwrj","海外软件开发所","海外软件开发所 Home / 9、所内培训 / 培训二维码生成方法","1"
"page:36868209","topic:二维三维与图形模型","推断主题","dshwrj","海外软件开发所","培训二维码生成方法","1"
"page:15769982","page:104106762","包含目录","dshwrj","海外软件开发所","海外软件开发所 Home / 9、所内培训 / 培训需求收集","1"
"page:104106762","topic:需求与功能","推断主题","dshwrj","海外软件开发所","培训需求收集","1"
"page:15769982","page:38178292","包含目录","dshwrj","海外软件开发所","海外软件开发所 Home / 9、所内培训 / 所内书籍","1"
"page:38178292","topic:培训与知识","推断主题","dshwrj","海外软件开发所","所内书籍","1"
"page:15769982","page:15772947","包含目录","dshwrj","海外软件开发所","海外软件开发所 Home / 9、所内培训 / 所内培训-2017","1"
"page:15772947","topic:培训与知识","推断主题","dshwrj","海外软件开发所","所内培训-2017","1"
"page:15769982","page:15884255","包含目录","dshwrj","海外软件开发所","海外软件开发所 Home / 9、所内培训 / 所内培训-2018","1"
"page:15884255","topic:培训与知识","推断主题","dshwrj","海外软件开发所","所内培训-2018","1"
"page:15769982","page:36244424","包含目录","dshwrj","海外软件开发所","海外软件开发所 Home / 9、所内培训 / 所内培训-2019","1"
"page:36244424","topic:培训与知识","推断主题","dshwrj","海外软件开发所","所内培训-2019","1"
"page:15769982","page:82576134","包含目录","dshwrj","海外软件开发所","海外软件开发所 Home / 9、所内培训 / 所内培训-2020","1"
"page:82576134","topic:培训与知识","推断主题","dshwrj","海外软件开发所","所内培训-2020","1"
"page:15769982","page:111452340","包含目录","dshwrj","海外软件开发所","海外软件开发所 Home / 9、所内培训 / 所内培训-2021","1"
"page:111452340","topic:培训与知识","推断主题","dshwrj","海外软件开发所","所内培训-2021","1"
"page:15769982","page:149981039","包含目录","dshwrj","海外软件开发所","海外软件开发所 Home / 9、所内培训 / 所内培训-2022","1"
"page:149981039","topic:培训与知识","推断主题","dshwrj","海外软件开发所","所内培训-2022","1"
"page:5832933","page:15862368","包含目录","dshwrj","海外软件开发所","海外软件开发所 Home / 10、认证知识库","1"
"page:15862368","topic:培训与知识","推断主题","dshwrj","海外软件开发所","10、认证知识库","1"
"page:15862368","page:15862373","包含目录","dshwrj","海外软件开发所","海外软件开发所 Home / 10、认证知识库 / 技术规范","1"
"page:15862373","topic:设计与架构","推断主题","dshwrj","海外软件开发所","技术规范","1"
"page:15862368","page:15862381","包含目录","dshwrj","海外软件开发所","海外软件开发所 Home / 10、认证知识库 / 认证总结","1"
"page:15862381","topic:培训与知识","推断主题","dshwrj","海外软件开发所","认证总结","1"
"page:15862368","page:15874586","包含目录","dshwrj","海外软件开发所","海外软件开发所 Home / 10、认证知识库 / 认证费用","1"
"page:15874586","topic:培训与知识","推断主题","dshwrj","海外软件开发所","认证费用","1"
"page:15862368","page:15862376","包含目录","dshwrj","海外软件开发所","海外软件开发所 Home / 10、认证知识库 / 证书总结","1"
"page:15862376","topic:培训与知识","推断主题","dshwrj","海外软件开发所","证书总结","1"
"page:15862368","page:15862384","包含目录","dshwrj","海外软件开发所","海外软件开发所 Home / 10、认证知识库 / 项目状态","1"
"page:15862384","topic:培训与知识","推断主题","dshwrj","海外软件开发所","项目状态","1"
"page:5832933","page:17046865","包含目录","dshwrj","海外软件开发所","海外软件开发所 Home / 11、标准与规范","1"
"page:17046865","topic:规范与流程","推断主题","dshwrj","海外软件开发所","11、标准与规范","1"
"page:17046865","page:17046867","包含目录","dshwrj","海外软件开发所","海外软件开发所 Home / 11、标准与规范 / 1. 工作指南","1"
"page:17046867","topic:规范与流程","推断主题","dshwrj","海外软件开发所","1. 工作指南","1"
"page:17046865","page:15873360","包含目录","dshwrj","海外软件开发所","海外软件开发所 Home / 11、标准与规范 / 2. 海外电视开发规范","1"
"page:15873360","topic:规范与流程","推断主题","dshwrj","海外软件开发所","2. 海外电视开发规范","1"
"page:17046865","page:16675045","包含目录","dshwrj","海外软件开发所","海外软件开发所 Home / 11、标准与规范 / 3. JIRA分析规范","1"
"page:16675045","topic:问题与复盘","推断主题","dshwrj","海外软件开发所","3. JIRA分析规范","1"
"page:17046865","page:72092458","包含目录","dshwrj","海外软件开发所","海外软件开发所 Home / 11、标准与规范 / 4. 模块开发规范汇总","1"
"page:72092458","topic:规范与流程","推断主题","dshwrj","海外软件开发所","4. 模块开发规范汇总","1"
"page:17046865","page:72092473","包含目录","dshwrj","海外软件开发所","海外软件开发所 Home / 11、标准与规范 / 5. 模块总结/模块设计/设计评审记录/自测用例","1"
"page:72092473","topic:设计与架构","推断主题","dshwrj","海外软件开发所","5. 模块总结/模块设计/设计评审记录/自测用例","1"
"page:17046865","page:73338343","包含目录","dshwrj","海外软件开发所","海外软件开发所 Home / 11、标准与规范 / 6. Android平台Key/Id知识汇总","1"
"page:73338343","topic:规范与流程","推断主题","dshwrj","海外软件开发所","6. Android平台Key/Id知识汇总","1"
"page:17046865","page:5832871","包含目录","dshwrj","海外软件开发所","海外软件开发所 Home / 11、标准与规范 / 规范文档","1"
"page:5832871","topic:规范与流程","推断主题","dshwrj","海外软件开发所","规范文档","1"
"page:17046865","page:133991026","包含目录","dshwrj","海外软件开发所","海外软件开发所 Home / 11、标准与规范 / 诚信教育","1"
"page:133991026","topic:规范与流程","推断主题","dshwrj","海外软件开发所","诚信教育","1"
"page:5832933","page:17046919","包含目录","dshwrj","海外软件开发所","海外软件开发所 Home / 12、质量案例","1"
"page:17046919","topic:数据与质量","推断主题","dshwrj","海外软件开发所","12、质量案例","1"
"page:17046919","page:18483565","包含目录","dshwrj","海外软件开发所","海外软件开发所 Home / 12、质量案例 / 1.15-17年软件质量问题汇总","1"
"page:18483565","topic:问题与复盘","推断主题","dshwrj","海外软件开发所","1.15-17年软件质量问题汇总","1"
"page:17046919","page:17046921","包含目录","dshwrj","海外软件开发所","海外软件开发所 Home / 12、质量案例 / 2. 2018年质量案例","1"
"page:17046921","topic:数据与质量","推断主题","dshwrj","海外软件开发所","2. 2018年质量案例","1"
"page:17046919","page:52101213","包含目录","dshwrj","海外软件开发所","海外软件开发所 Home / 12、质量案例 / 3.2019质量案例","1"
"page:52101213","topic:数据与质量","推断主题","dshwrj","海外软件开发所","3.2019质量案例","1"
"page:17046919","page:92940476","包含目录","dshwrj","海外软件开发所","海外软件开发所 Home / 12、质量案例 / 4.2020质量案例","1"
"page:92940476","topic:数据与质量","推断主题","dshwrj","海外软件开发所","4.2020质量案例","1"
"page:5832933","page:67082825","包含目录","dshwrj","海外软件开发所","海外软件开发所 Home / 13、预研项目","1"
"page:67082825","topic:项目管理","推断主题","dshwrj","海外软件开发所","13、预研项目","1"
"page:67082825","page:67082842","包含目录","dshwrj","海外软件开发所","海外软件开发所 Home / 13、预研项目 / 2019预研项目","1"
"page:67082842","topic:项目管理","推断主题","dshwrj","海外软件开发所","2019预研项目","1"
"page:67082825","page:77138756","包含目录","dshwrj","海外软件开发所","海外软件开发所 Home / 13、预研项目 / 2020预研项目","1"
"page:77138756","topic:项目管理","推断主题","dshwrj","海外软件开发所","2020预研项目","1"
"page:67082825","page:104798237","包含目录","dshwrj","海外软件开发所","海外软件开发所 Home / 13、预研项目 / 2021预研项目","1"
"page:104798237","topic:项目管理","推断主题","dshwrj","海外软件开发所","2021预研项目","1"
"page:67082825","page:141853870","包含目录","dshwrj","海外软件开发所","海外软件开发所 Home / 13、预研项目 / 2022预研项目","1"
"page:141853870","topic:项目管理","推断主题","dshwrj","海外软件开发所","2022预研项目","1"
"page:5832933","page:83299518","包含目录","dshwrj","海外软件开发所","海外软件开发所 Home / 14、模块管理","1"
"page:83299518","topic:项目管理","推断主题","dshwrj","海外软件开发所","14、模块管理","1"
"page:83299518","page:83299523","包含目录","dshwrj","海外软件开发所","海外软件开发所 Home / 14、模块管理 / 1. 动态域名","1"
"page:83299523","topic:项目管理","推断主题","dshwrj","海外软件开发所","1. 动态域名","1"
"page:83299518","page:90935303","包含目录","dshwrj","海外软件开发所","海外软件开发所 Home / 14、模块管理 / 2. 包名管理","1"
"page:90935303","topic:项目管理","推断主题","dshwrj","海外软件开发所","2. 包名管理","1"
"page:83299518","page:100041062","包含目录","dshwrj","海外软件开发所","海外软件开发所 Home / 14、模块管理 / 3. 单元测试","1"
"page:100041062","topic:测试与验证","推断主题","dshwrj","海外软件开发所","3. 单元测试","1"
"page:5832933","page:112827001","包含目录","dshwrj","海外软件开发所","海外软件开发所 Home / 15、人员招聘","1"
"page:112827001","topic:其他","推断主题","dshwrj","海外软件开发所","15、人员招聘","1"
"page:5832933","page:144245195","包含目录","dshwrj","海外软件开发所","海外软件开发所 Home / 16、系统专家组","1"
"page:144245195","topic:其他","推断主题","dshwrj","海外软件开发所","16、系统专家组","1"
"page:144245195","page:144245341","包含目录","dshwrj","海外软件开发所","海外软件开发所 Home / 16、系统专家组 / [1] 专家组会议记录","1"
"page:144245341","topic:会议与协同","推断主题","dshwrj","海外软件开发所","[1] 专家组会议记录","1"
"page:144245195","page:144245344","包含目录","dshwrj","海外软件开发所","海外软件开发所 Home / 16、系统专家组 / [2] 选题&研究","1"
"page:144245344","topic:其他","推断主题","dshwrj","海外软件开发所","[2] 选题&研究","1"
"page:144245195","page:144245349","包含目录","dshwrj","海外软件开发所","海外软件开发所 Home / 16、系统专家组 / [3] 成果&推广","1"
"page:144245349","topic:其他","推断主题","dshwrj","海外软件开发所","[3] 成果&推广","1"
"page:5832933","page:152315467","包含目录","dshwrj","海外软件开发所","海外软件开发所 Home / 17. 任职资格","1"
"page:152315467","topic:其他","推断主题","dshwrj","海外软件开发所","17. 任职资格","1"
"page:152315467","page:104798194","包含目录","dshwrj","海外软件开发所","海外软件开发所 Home / 17. 任职资格 / 2021年度任职资格","1"
"page:104798194","topic:其他","推断主题","dshwrj","海外软件开发所","2021年度任职资格","1"
"page:152315467","page:152315460","包含目录","dshwrj","海外软件开发所","海外软件开发所 Home / 17. 任职资格 / 2022年度任职资格","1"
"page:152315460","topic:其他","推断主题","dshwrj","海外软件开发所","2022年度任职资格","1"
"page:5832933","page:5832909","包含目录","dshwrj","海外软件开发所","海外软件开发所 Home / 【浏览器和应用开发历史资料】","1"
"page:5832909","topic:其他","推断主题","dshwrj","海外软件开发所","【浏览器和应用开发历史资料】","1"
"page:5832909","page:16647858","包含目录","dshwrj","海外软件开发所","海外软件开发所 Home / 【浏览器和应用开发历史资料】 / 4K_HDR_UHD 认证 IP 部分当前问题","1"
"page:16647858","topic:问题与复盘","推断主题","dshwrj","海外软件开发所","4K_HDR_UHD 认证 IP 部分当前问题","1"
"page:5832909","page:31818538","包含目录","dshwrj","海外软件开发所","海外软件开发所 Home / 【浏览器和应用开发历史资料】 / 5658 and 5659 FVP Concession Issues","1"
"page:31818538","topic:问题与复盘","推断主题","dshwrj","海外软件开发所","5658 and 5659 FVP Concession Issues","1"
"page:5832909","page:15586794","包含目录","dshwrj","海外软件开发所","海外软件开发所 Home / 【浏览器和应用开发历史资料】 / 5658Fransat_HBBTV_TEST_20170815","1"
"page:15586794","topic:测试与验证","推断主题","dshwrj","海外软件开发所","5658Fransat_HBBTV_TEST_20170815","1"
"page:5832909","page:13708690","包含目录","dshwrj","海外软件开发所","海外软件开发所 Home / 【浏览器和应用开发历史资料】 / 5658FVP_HBBTV_TEST_20170209","1"
"page:13708690","topic:测试与验证","推断主题","dshwrj","海外软件开发所","5658FVP_HBBTV_TEST_20170209","1"
"page:5832909","page:13728391","包含目录","dshwrj","海外软件开发所","海外软件开发所 Home / 【浏览器和应用开发历史资料】 / 5658FVP_HBBTV_TEST_20170324","1"
"page:13728391","topic:测试与验证","推断主题","dshwrj","海外软件开发所","5658FVP_HBBTV_TEST_20170324","1"
"page:5832909","page:14536956","包含目录","dshwrj","海外软件开发所","海外软件开发所 Home / 【浏览器和应用开发历史资料】 / 5658FVP_HBBTV_TEST_H0415","1"
"page:14536956","topic:测试与验证","推断主题","dshwrj","海外软件开发所","5658FVP_HBBTV_TEST_H0415","1"
"page:5832909","page:15890104","包含目录","dshwrj","海外软件开发所","海外软件开发所 Home / 【浏览器和应用开发历史资料】 / Amazon 语音问题：","1"
"page:15890104","topic:问题与复盘","推断主题","dshwrj","海外软件开发所","Amazon 语音问题：","1"
"page:5832909","page:16852400","包含目录","dshwrj","海外软件开发所","海外软件开发所 Home / 【浏览器和应用开发历史资料】 / DFB 相关知识","1"
"page:16852400","topic:其他","推断主题","dshwrj","海外软件开发所","DFB 相关知识","1"
"page:5832909","page:25329816","包含目录","dshwrj","海外软件开发所","海外软件开发所 Home / 【浏览器和应用开发历史资料】 / Freeview Play Technical Specifications","1"
"page:25329816","topic:设计与架构","推断主题","dshwrj","海外软件开发所","Freeview Play Technical Specifications","1"
"page:5832909","page:15885696","包含目录","dshwrj","海外软件开发所","海外软件开发所 Home / 【浏览器和应用开发历史资料】 / HBBTV 2018 认证","1"
"page:15885696","topic:培训与知识","推断主题","dshwrj","海外软件开发所","HBBTV 2018 认证","1"
"page:5832909","page:12978661","包含目录","dshwrj","海外软件开发所","海外软件开发所 Home / 【浏览器和应用开发历史资料】 / MTK依赖问题跟踪","1"
"page:12978661","topic:问题与复盘","推断主题","dshwrj","海外软件开发所","MTK依赖问题跟踪","1"
"page:5832909","page:12978668","包含目录","dshwrj","海外软件开发所","海外软件开发所 Home / 【浏览器和应用开发历史资料】 / Opera依赖问题跟踪","1"
"page:12978668","topic:问题与复盘","推断主题","dshwrj","海外软件开发所","Opera依赖问题跟踪","1"
"page:5832909","page:16657048","包含目录","dshwrj","海外软件开发所","海外软件开发所 Home / 【浏览器和应用开发历史资料】 / The 29th HbbTV Interop Workshop and Germany In-Field Test Issues","1"
"page:16657048","topic:测试与验证","推断主题","dshwrj","海外软件开发所","The 29th HbbTV Interop Workshop and Germany In-Field Test Issues","1"
"page:5832909","page:24678713","包含目录","dshwrj","海外软件开发所","海外软件开发所 Home / 【浏览器和应用开发历史资料】 / The 31st HbbTV Interop Workshop and Testing Event in Munich (summary)","1"
"page:24678713","topic:测试与验证","推断主题","dshwrj","海外软件开发所","The 31st HbbTV Interop Workshop and Testing Event in Munich (summary)","1"
"page:5832909","page:44042320","包含目录","dshwrj","海外软件开发所","海外软件开发所 Home / 【浏览器和应用开发历史资料】 / 【MSD6886】内存优化","1"
"page:44042320","topic:其他","推断主题","dshwrj","海外软件开发所","【MSD6886】内存优化","1"
"page:5832909","page:16648700","包含目录","dshwrj","海外软件开发所","海外软件开发所 Home / 【浏览器和应用开发历史资料】 / 各个市场常用浏览器测试网址统计","1"
"page:16648700","topic:测试与验证","推断主题","dshwrj","海外软件开发所","各个市场常用浏览器测试网址统计","1"
"page:5832909","page:15771567","包含目录","dshwrj","海外软件开发所","海外软件开发所 Home / 【浏览器和应用开发历史资料】 / 小组周例会","1"
"page:15771567","topic:会议与协同","推断主题","dshwrj","海外软件开发所","小组周例会","1"
"page:5832909","page:16649138","包含目录","dshwrj","海外软件开发所","海外软件开发所 Home / 【浏览器和应用开发历史资料】 / 应用账号统计","1"
"page:16649138","topic:数据与质量","推断主题","dshwrj","海外软件开发所","应用账号统计","1"
"page:5832909","page:5832800","包含目录","dshwrj","海外软件开发所","海外软件开发所 Home / 【浏览器和应用开发历史资料】 / 技术分享","1"
"page:5832800","topic:其他","推断主题","dshwrj","海外软件开发所","技术分享","1"
"page:5832909","page:15774018","包含目录","dshwrj","海外软件开发所","海外软件开发所 Home / 【浏览器和应用开发历史资料】 / 技术路线演进汇总","1"
"page:15774018","topic:其他","推断主题","dshwrj","海外软件开发所","技术路线演进汇总","1"
"page:5832909","page:5832796","包含目录","dshwrj","海外软件开发所","海外软件开发所 Home / 【浏览器和应用开发历史资料】 / 文档","1"
"page:5832796","topic:规范与流程","推断主题","dshwrj","海外软件开发所","文档","1"
"page:5832909","page:15886275","包含目录","dshwrj","海外软件开发所","海外软件开发所 Home / 【浏览器和应用开发历史资料】 / 新员工培养","1"
"page:15886275","topic:其他","推断主题","dshwrj","海外软件开发所","新员工培养","1"
"page:5832909","page:16852177","包含目录","dshwrj","海外软件开发所","海外软件开发所 Home / 【浏览器和应用开发历史资料】 / 浏览器常用问题：","1"
"page:16852177","topic:问题与复盘","推断主题","dshwrj","海外软件开发所","浏览器常用问题：","1"
"page:5832909","page:16648849","包含目录","dshwrj","海外软件开发所","海外软件开发所 Home / 【浏览器和应用开发历史资料】 / 预置应用版本信息统计","1"
"page:16648849","topic:版本与计划","推断主题","dshwrj","海外软件开发所","预置应用版本信息统计","1"
"page:5832933","page:5832912","包含目录","dshwrj","海外软件开发所","海外软件开发所 Home / 【老方案平台历史资料】","1"
"page:5832912","topic:设计与架构","推断主题","dshwrj","海外软件开发所","【老方案平台历史资料】","1"
"page:5832912","page:13722048","包含目录","dshwrj","海外软件开发所","海外软件开发所 Home / 【老方案平台历史资料】 / 5658 STR关机，按键处理流程梳理","1"
"page:13722048","topic:设计与架构","推断主题","dshwrj","海外软件开发所","5658 STR关机，按键处理流程梳理","1"
"page:5832912","page:5832719","包含目录","dshwrj","海外软件开发所","海外软件开发所 Home / 【老方案平台历史资料】 / Bluetooth","1"
"page:5832719","topic:设计与架构","推断主题","dshwrj","海外软件开发所","Bluetooth","1"
"page:5832912","page:5832939","包含目录","dshwrj","海外软件开发所","海外软件开发所 Home / 【老方案平台历史资料】 / Miracast","1"
"page:5832939","topic:设计与架构","推断主题","dshwrj","海外软件开发所","Miracast","1"
"page:5832912","page:13722041","包含目录","dshwrj","海外软件开发所","海外软件开发所 Home / 【老方案平台历史资料】 / OTA","1"
"page:13722041","topic:设计与架构","推断主题","dshwrj","海外软件开发所","OTA","1"
"page:5832912","page:5832941","包含目录","dshwrj","海外软件开发所","海外软件开发所 Home / 【老方案平台历史资料】 / WIFI","1"
"page:5832941","topic:设计与架构","推断主题","dshwrj","海外软件开发所","WIFI","1"
"page:5832933","page:37519581","包含目录","dshwrj","海外软件开发所","海外软件开发所 Home / 海外下市场","1"
"page:37519581","topic:其他","推断主题","dshwrj","海外软件开发所","海外下市场","1"
"page:37519581","page:46106673","包含目录","dshwrj","海外软件开发所","海外软件开发所 Home / 海外下市场 / 美国、加拿大签证统计(2023年)","1"
"page:46106673","topic:数据与质量","推断主题","dshwrj","海外软件开发所","美国、加拿大签证统计(2023年)","1"
"page:37519581","page:37519584","包含目录","dshwrj","海外软件开发所","海外软件开发所 Home / 海外下市场 / 美国市场","1"
"page:37519584","topic:其他","推断主题","dshwrj","海外软件开发所","美国市场","1"
"page:5832933","page:5832877","包含目录","dshwrj","海外软件开发所","海外软件开发所 Home / 海外业务及应用组","1"
"page:5832877","topic:其他","推断主题","dshwrj","海外软件开发所","海外业务及应用组","1"
"page:5832877","page:16869541","包含目录","dshwrj","海外软件开发所","海外软件开发所 Home / 海外业务及应用组 / 10、休假安排","1"
"page:16869541","topic:其他","推断主题","dshwrj","海外软件开发所","10、休假安排","1"
"page:5832877","page:25331849","包含目录","dshwrj","海外软件开发所","海外软件开发所 Home / 海外业务及应用组 / 11.学习资料","1"
"page:25331849","topic:培训与知识","推断主题","dshwrj","海外软件开发所","11.学习资料","1"
"page:5832877","page:23434381","包含目录","dshwrj","海外软件开发所","海外软件开发所 Home / 海外业务及应用组 / 12、常见任务工作思路","1"
"page:23434381","topic:项目管理","推断主题","dshwrj","海外软件开发所","12、常见任务工作思路","1"
"page:5832877","page:45253750","包含目录","dshwrj","海外软件开发所","海外软件开发所 Home / 海外业务及应用组 / 13 问题总结","1"
"page:45253750","topic:问题与复盘","推断主题","dshwrj","海外软件开发所","13 问题总结","1"
"page:5832877","page:5832874","包含目录","dshwrj","海外软件开发所","海外软件开发所 Home / 海外业务及应用组 / 1、会议纪要","1"
"page:5832874","topic:会议与协同","推断主题","dshwrj","海外软件开发所","1、会议纪要","1"
"page:5832877","page:5832875","包含目录","dshwrj","海外软件开发所","海外软件开发所 Home / 海外业务及应用组 / 2、UI SDK","1"
"page:5832875","topic:设计与架构","推断主题","dshwrj","海外软件开发所","2、UI SDK","1"
"page:5832877","page:5832888","包含目录","dshwrj","海外软件开发所","海外软件开发所 Home / 海外业务及应用组 / 3、交流分享","1"
"page:5832888","topic:其他","推断主题","dshwrj","海外软件开发所","3、交流分享","1"
"page:5832877","page:5832885","包含目录","dshwrj","海外软件开发所","海外软件开发所 Home / 海外业务及应用组 / 4、技术参考","1"
"page:5832885","topic:其他","推断主题","dshwrj","海外软件开发所","4、技术参考","1"
"page:5832877","page:5832833","包含目录","dshwrj","海外软件开发所","海外软件开发所 Home / 海外业务及应用组 / 5、设计备忘","1"
"page:5832833","topic:设计与架构","推断主题","dshwrj","海外软件开发所","5、设计备忘","1"
"page:5832877","page:5832787","包含目录","dshwrj","海外软件开发所","海外软件开发所 Home / 海外业务及应用组 / 6、项目工作","1"
"page:5832787","topic:项目管理","推断主题","dshwrj","海外软件开发所","6、项目工作","1"
"page:5832877","page:5832768","包含目录","dshwrj","海外软件开发所","海外软件开发所 Home / 海外业务及应用组 / 7、综合","1"
"page:5832768","topic:其他","推断主题","dshwrj","海外软件开发所","7、综合","1"
"page:5832877","page:5832856","包含目录","dshwrj","海外软件开发所","海外软件开发所 Home / 海外业务及应用组 / 8、测试用例","1"
"page:5832856","topic:测试与验证","推断主题","dshwrj","海外软件开发所","8、测试用例","1"
"page:5832877","page:15865671","包含目录","dshwrj","海外软件开发所","海外软件开发所 Home / 海外业务及应用组 / 9.工作周报","1"
"page:15865671","topic:其他","推断主题","dshwrj","海外软件开发所","9.工作周报","1"
"page:5832877","page:46107441","包含目录","dshwrj","海外软件开发所","海外软件开发所 Home / 海外业务及应用组 / module building","1"
"page:46107441","topic:其他","推断主题","dshwrj","海外软件开发所","module building","1"
"page:5832877","page:15869540","包含目录","dshwrj","海外软件开发所","海外软件开发所 Home / 海外业务及应用组 / 海外UI组员工文档列表","1"
"page:15869540","topic:规范与流程","推断主题","dshwrj","海外软件开发所","海外UI组员工文档列表","1"
"page:5832933","page:46107367","包含目录","dshwrj","海外软件开发所","海外软件开发所 Home / 海外业务开发室（Android）","1"
"page:46107367","topic:其他","推断主题","dshwrj","海外软件开发所","海外业务开发室（Android）","1"
"page:46107367","page:168146180","包含目录","dshwrj","海外软件开发所","海外软件开发所 Home / 海外业务开发室（Android） / app版本演进建设","1"
"page:168146180","topic:版本与计划","推断主题","dshwrj","海外软件开发所","app版本演进建设","1"
"page:46107367","page:40046945","包含目录","dshwrj","海外软件开发所","海外软件开发所 Home / 海外业务开发室（Android） / Modules Building","1"
"page:40046945","topic:其他","推断主题","dshwrj","海外软件开发所","Modules Building","1"
"page:46107367","page:46107380","包含目录","dshwrj","海外软件开发所","海外软件开发所 Home / 海外业务开发室（Android） / 业务分享","1"
"page:46107380","topic:其他","推断主题","dshwrj","海外软件开发所","业务分享","1"
"page:46107367","page:55546962","包含目录","dshwrj","海外软件开发所","海外软件开发所 Home / 海外业务开发室（Android） / 创新成果和专利提案","1"
"page:55546962","topic:其他","推断主题","dshwrj","海外软件开发所","创新成果和专利提案","1"
"page:46107367","page:117510100","包含目录","dshwrj","海外软件开发所","海外软件开发所 Home / 海外业务开发室（Android） / 历史培训2019-2020","1"
"page:117510100","topic:培训与知识","推断主题","dshwrj","海外软件开发所","历史培训2019-2020","1"
"page:46107367","page:46107418","包含目录","dshwrj","海外软件开发所","海外软件开发所 Home / 海外业务开发室（Android） / 学习计划及个人空间","1"
"page:46107418","topic:版本与计划","推断主题","dshwrj","海外软件开发所","学习计划及个人空间","1"
"page:46107367","page:46107387","包含目录","dshwrj","海外软件开发所","海外软件开发所 Home / 海外业务开发室（Android） / 学习资料","1"
"page:46107387","topic:培训与知识","推断主题","dshwrj","海外软件开发所","学习资料","1"
"page:46107367","page:46793166","包含目录","dshwrj","海外软件开发所","海外软件开发所 Home / 海外业务开发室（Android） / 工作基本要求","1"
"page:46793166","topic:其他","推断主题","dshwrj","海外软件开发所","工作基本要求","1"
"page:46107367","page:85365769","包含目录","dshwrj","海外软件开发所","海外软件开发所 Home / 海外业务开发室（Android） / 技术探讨和研究","1"
"page:85365769","topic:其他","推断主题","dshwrj","海外软件开发所","技术探讨和研究","1"
"page:46107367","page:46107540","包含目录","dshwrj","海外软件开发所","海外软件开发所 Home / 海外业务开发室（Android） / 新员工管理","1"
"page:46107540","topic:项目管理","推断主题","dshwrj","海外软件开发所","新员工管理","1"
"page:46107367","page:171424626","包含目录","dshwrj","海外软件开发所","海外软件开发所 Home / 海外业务开发室（Android） / 竞品信息","1"
"page:171424626","topic:其他","推断主题","dshwrj","海外软件开发所","竞品信息","1"
"page:46107367","page:117510179","包含目录","dshwrj","海外软件开发所","海外软件开发所 Home / 海外业务开发室（Android） / 组内例会","1"
"page:117510179","topic:会议与协同","推断主题","dshwrj","海外软件开发所","组内例会","1"
"page:46107367","page:46107537","包含目录","dshwrj","海外软件开发所","海外软件开发所 Home / 海外业务开发室（Android） / 经验教训总结","1"
"page:46107537","topic:其他","推断主题","dshwrj","海外软件开发所","经验教训总结","1"
"page:46107367","page:107055489","包含目录","dshwrj","海外软件开发所","海外软件开发所 Home / 海外业务开发室（Android） / 设计和问题雷区","1"
"page:107055489","topic:设计与架构","推断主题","dshwrj","海外软件开发所","设计和问题雷区","1"
"page:5832933","page:48832191","包含目录","dshwrj","海外软件开发所","海外软件开发所 Home / 海外应用开发室","1"
"page:48832191","topic:其他","推断主题","dshwrj","海外软件开发所","海外应用开发室","1"
"page:48832191","page:50825183","包含目录","dshwrj","海外软件开发所","海外软件开发所 Home / 海外应用开发室 / 0. 科室模块","1"
"page:50825183","topic:其他","推断主题","dshwrj","海外软件开发所","0. 科室模块","1"
"page:48832191","page:48832199","包含目录","dshwrj","海外软件开发所","海外软件开发所 Home / 海外应用开发室 / 2. 培训与技术分享","1"
"page:48832199","topic:培训与知识","推断主题","dshwrj","海外软件开发所","2. 培训与技术分享","1"
"page:48832191","page:48832201","包含目录","dshwrj","海外软件开发所","海外软件开发所 Home / 海外应用开发室 / 3. 创新空间","1"
"page:48832201","topic:其他","推断主题","dshwrj","海外软件开发所","3. 创新空间","1"
"page:48832191","page:48832193","包含目录","dshwrj","海外软件开发所","海外软件开发所 Home / 海外应用开发室 / 4. 应用独立编译平台","1"
"page:48832193","topic:其他","推断主题","dshwrj","海外软件开发所","4. 应用独立编译平台","1"
"page:48832191","page:52727971","包含目录","dshwrj","海外软件开发所","海外软件开发所 Home / 海外应用开发室 / 5. 应试项目","1"
"page:52727971","topic:项目管理","推断主题","dshwrj","海外软件开发所","5. 应试项目","1"
"page:48832191","page:50827868","包含目录","dshwrj","海外软件开发所","海外软件开发所 Home / 海外应用开发室 / 6. 其它事宜","1"
"page:50827868","topic:其他","推断主题","dshwrj","海外软件开发所","6. 其它事宜","1"
"page:48832191","page:155690417","包含目录","dshwrj","海外软件开发所","海外软件开发所 Home / 海外应用开发室 / 科室规划","1"
"page:155690417","topic:其他","推断主题","dshwrj","海外软件开发所","科室规划","1"
"page:5832933","page:5832804","包含目录","dshwrj","海外软件开发所","海外软件开发所 Home / 海外电视业务室","1"
"page:5832804","topic:其他","推断主题","dshwrj","海外软件开发所","海外电视业务室","1"
"page:5832804","page:51478576","包含目录","dshwrj","海外软件开发所","海外软件开发所 Home / 海外电视业务室 / 0.重点工作&业务划分","1"
"page:51478576","topic:其他","推断主题","dshwrj","海外软件开发所","0.重点工作&业务划分","1"
"page:5832804","page:5832752","包含目录","dshwrj","海外软件开发所","海外软件开发所 Home / 海外电视业务室 / 3.培训&学习&总结资料","1"
"page:5832752","topic:培训与知识","推断主题","dshwrj","海外软件开发所","3.培训&学习&总结资料","1"
"page:5832933","page:5832910","包含目录","dshwrj","海外软件开发所","海外软件开发所 Home / 海外系统技术室","1"
"page:5832910","topic:其他","推断主题","dshwrj","海外软件开发所","海外系统技术室","1"
"page:5832910","page:14727134","包含目录","dshwrj","海外软件开发所","海外软件开发所 Home / 海外系统技术室 / 1.项目管理","1"
"page:14727134","topic:项目管理","推断主题","dshwrj","海外软件开发所","1.项目管理","1"
"page:5832910","page:89001796","包含目录","dshwrj","海外软件开发所","海外软件开发所 Home / 海外系统技术室 / 10.通过PLM上传知识库软件记录","1"
"page:89001796","topic:其他","推断主题","dshwrj","海外软件开发所","10.通过PLM上传知识库软件记录","1"
"page:5832910","page:14827426","包含目录","dshwrj","海外软件开发所","海外软件开发所 Home / 海外系统技术室 / 11.主设计工作规范","1"
"page:14827426","topic:设计与架构","推断主题","dshwrj","海外软件开发所","11.主设计工作规范","1"
"page:5832910","page:129076698","包含目录","dshwrj","海外软件开发所","海外软件开发所 Home / 海外系统技术室 / 12.外销项目输入汇总","1"
"page:129076698","topic:项目管理","推断主题","dshwrj","海外软件开发所","12.外销项目输入汇总","1"
"page:5832910","page:14727145","包含目录","dshwrj","海外软件开发所","海外软件开发所 Home / 海外系统技术室 / 2.会议纪要","1"
"page:14727145","topic:会议与协同","推断主题","dshwrj","海外软件开发所","2.会议纪要","1"
"page:5832910","page:14727153","包含目录","dshwrj","海外软件开发所","海外软件开发所 Home / 海外系统技术室 / 3.信息共享","1"
"page:14727153","topic:其他","推断主题","dshwrj","海外软件开发所","3.信息共享","1"
"page:5832910","page:14727161","包含目录","dshwrj","海外软件开发所","海外软件开发所 Home / 海外系统技术室 / 4.经验共享","1"
"page:14727161","topic:其他","推断主题","dshwrj","海外软件开发所","4.经验共享","1"
"page:5832910","page:14727171","包含目录","dshwrj","海外软件开发所","海外软件开发所 Home / 海外系统技术室 / 5.培训","1"
"page:14727171","topic:培训与知识","推断主题","dshwrj","海外软件开发所","5.培训","1"
"page:5832910","page:14727173","包含目录","dshwrj","海外软件开发所","海外软件开发所 Home / 海外系统技术室 / 6.新员工指南","1"
"page:14727173","topic:规范与流程","推断主题","dshwrj","海外软件开发所","6.新员工指南","1"
"page:5832910","page:17048592","包含目录","dshwrj","海外软件开发所","海外软件开发所 Home / 海外系统技术室 / 7.无软件预警","1"
"page:17048592","topic:其他","推断主题","dshwrj","海外软件开发所","7.无软件预警","1"
"page:5832910","page:51483798","包含目录","dshwrj","海外软件开发所","海外软件开发所 Home / 海外系统技术室 / 8.软件申请与下发","1"
"page:51483798","topic:其他","推断主题","dshwrj","海外软件开发所","8.软件申请与下发","1"
"page:5832910","page:79790784","包含目录","dshwrj","海外软件开发所","海外软件开发所 Home / 海外系统技术室 / 9.疫情防控期间供餐预定---软件研发部--海外系统设计室","1"
"page:79790784","topic:设计与架构","推断主题","dshwrj","海外软件开发所","9.疫情防控期间供餐预定---软件研发部--海外系统设计室","1"
"page:5832933","page:29854499","包含目录","dshwrj","海外软件开发所","海外软件开发所 Home / 海外软件支撑室","1"
"page:29854499","topic:其他","推断主题","dshwrj","海外软件开发所","海外软件支撑室","1"
"page:29854499","page:50826304","包含目录","dshwrj","海外软件开发所","海外软件开发所 Home / 海外软件支撑室 / 自动化压测场景及各项目压测结果","1"
"page:50826304","topic:项目管理","推断主题","dshwrj","海外软件开发所","自动化压测场景及各项目压测结果","1"
"space:SYSHARE","page:24052361","空间首页","SYSHARE","深研公共分享","深圳研发中心服务平台","1"
"page:24052361","topic:其他","推断主题","SYSHARE","深研公共分享","深圳研发中心服务平台","1"
"page:24052361","page:77140123","包含目录","SYSHARE","深研公共分享","深圳研发中心服务平台 / 1.综合管理室分享","1"
"page:77140123","topic:项目管理","推断主题","SYSHARE","深研公共分享","1.综合管理室分享","1"
"page:77140123","page:155692973","包含目录","SYSHARE","深研公共分享","深圳研发中心服务平台 / 1.综合管理室分享 / 1、深研下午茶","1"
"page:155692973","topic:项目管理","推断主题","SYSHARE","深研公共分享","1、深研下午茶","1"
"page:77140123","page:77140127","包含目录","SYSHARE","深研公共分享","深圳研发中心服务平台 / 1.综合管理室分享 / 2.深研供应商明细表","1"
"page:77140127","topic:项目管理","推断主题","SYSHARE","深研公共分享","2.深研供应商明细表","1"
"page:77140123","page:91625637","包含目录","SYSHARE","深研公共分享","深圳研发中心服务平台 / 1.综合管理室分享 / 3.信息安全专栏","1"
"page:91625637","topic:项目管理","推断主题","SYSHARE","深研公共分享","3.信息安全专栏","1"
"page:77140123","page:110005318","包含目录","SYSHARE","深研公共分享","深圳研发中心服务平台 / 1.综合管理室分享 / 4.深研周年庆","1"
"page:110005318","topic:项目管理","推断主题","SYSHARE","深研公共分享","4.深研周年庆","1"
"page:77140123","page:77728108","包含目录","SYSHARE","深研公共分享","深圳研发中心服务平台 / 1.综合管理室分享 / 深研五周年庆祝活动照片","1"
"page:77728108","topic:项目管理","推断主题","SYSHARE","深研公共分享","深研五周年庆祝活动照片","1"
"page:77140123","page:168926278","包含目录","SYSHARE","深研公共分享","深圳研发中心服务平台 / 1.综合管理室分享 / 第二届乒乓球比赛照片","1"
"page:168926278","topic:项目管理","推断主题","SYSHARE","深研公共分享","第二届乒乓球比赛照片","1"
"page:77140123","page:164839270","包含目录","SYSHARE","深研公共分享","深圳研发中心服务平台 / 1.综合管理室分享 / 顺丰快递明细","1"
"page:164839270","topic:项目管理","推断主题","SYSHARE","深研公共分享","顺丰快递明细","1"
"page:24052361","page:143426162","包含目录","SYSHARE","深研公共分享","深圳研发中心服务平台 / 10.深研综管相关制度流程","1"
"page:143426162","topic:规范与流程","推断主题","SYSHARE","深研公共分享","10.深研综管相关制度流程","1"
"page:143426162","page:231859089","包含目录","SYSHARE","深研公共分享","深圳研发中心服务平台 / 10.深研综管相关制度流程 / 社招新员工成长跟踪（含实习生）","1"
"page:231859089","topic:规范与流程","推断主题","SYSHARE","深研公共分享","社招新员工成长跟踪（含实习生）","1"
"page:143426162","page:162400818","包含目录","SYSHARE","深研公共分享","深圳研发中心服务平台 / 10.深研综管相关制度流程 / （1）员工服务手册及指引","1"
"page:162400818","topic:规范与流程","推断主题","SYSHARE","深研公共分享","（1）员工服务手册及指引","1"
"page:143426162","page:143426172","包含目录","SYSHARE","深研公共分享","深圳研发中心服务平台 / 10.深研综管相关制度流程 / （2）校招新员工导师沟通（2021年）","1"
"page:143426172","topic:规范与流程","推断主题","SYSHARE","深研公共分享","（2）校招新员工导师沟通（2021年）","1"
"page:143426162","page:164072117","包含目录","SYSHARE","深研公共分享","深圳研发中心服务平台 / 10.深研综管相关制度流程 / （3）校招新员工导师沟通（2022年）","1"
"page:164072117","topic:规范与流程","推断主题","SYSHARE","深研公共分享","（3）校招新员工导师沟通（2022年）","1"
"page:143426162","page:210731201","包含目录","SYSHARE","深研公共分享","深圳研发中心服务平台 / 10.深研综管相关制度流程 / （4）校招新员工导师沟通（2023年）","1"
"page:210731201","topic:规范与流程","推断主题","SYSHARE","深研公共分享","（4）校招新员工导师沟通（2023年）","1"
"page:24052361","page:167330482","包含目录","SYSHARE","深研公共分享","深圳研发中心服务平台 / 12.基层管理者培训","1"
"page:167330482","topic:培训与知识","推断主题","SYSHARE","深研公共分享","12.基层管理者培训","1"
"page:167330482","page:167330595","包含目录","SYSHARE","深研公共分享","深圳研发中心服务平台 / 12.基层管理者培训 / 2022年新晋升室主任90天转身计划","1"
"page:167330595","topic:版本与计划","推断主题","SYSHARE","深研公共分享","2022年新晋升室主任90天转身计划","1"
"page:167330482","page:167330597","包含目录","SYSHARE","深研公共分享","深圳研发中心服务平台 / 12.基层管理者培训 / 2022年深研学习行动小组计划","1"
"page:167330597","topic:版本与计划","推断主题","SYSHARE","深研公共分享","2022年深研学习行动小组计划","1"
"page:167330482","page:209094834","包含目录","SYSHARE","深研公共分享","深圳研发中心服务平台 / 12.基层管理者培训 / 2023年深研管理提升项目","1"
"page:209094834","topic:培训与知识","推断主题","SYSHARE","深研公共分享","2023年深研管理提升项目","1"
"page:24052361","page:204744107","包含目录","SYSHARE","深研公共分享","深圳研发中心服务平台 / 13.任职资格公示专区","1"
"page:204744107","topic:其他","推断主题","SYSHARE","深研公共分享","13.任职资格公示专区","1"
"page:204744107","page:204744134","包含目录","SYSHARE","深研公共分享","深圳研发中心服务平台 / 13.任职资格公示专区 / 2020年度任职资格公示区","1"
"page:204744134","topic:其他","推断主题","SYSHARE","深研公共分享","2020年度任职资格公示区","1"
"page:204744107","page:204744190","包含目录","SYSHARE","深研公共分享","深圳研发中心服务平台 / 13.任职资格公示专区 / 2021年度任职资格公示区","1"
"page:204744190","topic:其他","推断主题","SYSHARE","深研公共分享","2021年度任职资格公示区","1"
"page:204744107","page:204744201","包含目录","SYSHARE","深研公共分享","深圳研发中心服务平台 / 13.任职资格公示专区 / 2023上半年任职资格公示专区","1"
"page:204744201","topic:其他","推断主题","SYSHARE","深研公共分享","2023上半年任职资格公示专区","1"
"page:204744107","page:220341056","包含目录","SYSHARE","深研公共分享","深圳研发中心服务平台 / 13.任职资格公示专区 / 2023年下半年全员任职资格认证公示区","1"
"page:220341056","topic:培训与知识","推断主题","SYSHARE","深研公共分享","2023年下半年全员任职资格认证公示区","1"
"page:204744107","page:220343380","包含目录","SYSHARE","深研公共分享","深圳研发中心服务平台 / 13.任职资格公示专区 / 任职资格ppt范例","1"
"page:220343380","topic:其他","推断主题","SYSHARE","深研公共分享","任职资格ppt范例","1"
"page:24052361","page:231856872","包含目录","SYSHARE","深研公共分享","深圳研发中心服务平台 / 14.流程文化建设","1"
"page:231856872","topic:规范与流程","推断主题","SYSHARE","深研公共分享","14.流程文化建设","1"
"page:231856872","page:231856879","包含目录","SYSHARE","深研公共分享","深圳研发中心服务平台 / 14.流程文化建设 / 一、案例宣贯","1"
"page:231856879","topic:规范与流程","推断主题","SYSHARE","深研公共分享","一、案例宣贯","1"
"page:231856872","page:234518879","包含目录","SYSHARE","深研公共分享","深圳研发中心服务平台 / 14.流程文化建设 / 二、SQA","1"
"page:234518879","topic:测试与验证","推断主题","SYSHARE","深研公共分享","二、SQA","1"
"page:24052361","page:232603050","包含目录","SYSHARE","深研公共分享","深圳研发中心服务平台 / 15-深圳研发中心服务文档","1"
"page:232603050","topic:规范与流程","推断主题","SYSHARE","深研公共分享","15-深圳研发中心服务文档","1"
"page:232603050","page:232603059","包含目录","SYSHARE","深研公共分享","深圳研发中心服务平台 / 15-深圳研发中心服务文档 / A-综管服务内容和分工","1"
"page:232603059","topic:规范与流程","推断主题","SYSHARE","深研公共分享","A-综管服务内容和分工","1"
"page:232603050","page:233000817","包含目录","SYSHARE","深研公共分享","深圳研发中心服务平台 / 15-深圳研发中心服务文档 / B-人资板块","1"
"page:233000817","topic:规范与流程","推断主题","SYSHARE","深研公共分享","B-人资板块","1"
"page:232603050","page:233000831","包含目录","SYSHARE","深研公共分享","深圳研发中心服务平台 / 15-深圳研发中心服务文档 / C-人事共享","1"
"page:233000831","topic:规范与流程","推断主题","SYSHARE","深研公共分享","C-人事共享","1"
"page:232603050","page:233000838","包含目录","SYSHARE","深研公共分享","深圳研发中心服务平台 / 15-深圳研发中心服务文档 / D-财务板块","1"
"page:233000838","topic:规范与流程","推断主题","SYSHARE","深研公共分享","D-财务板块","1"
"page:232603050","page:233000680","包含目录","SYSHARE","深研公共分享","深圳研发中心服务平台 / 15-深圳研发中心服务文档 / E-行政板块","1"
"page:233000680","topic:规范与流程","推断主题","SYSHARE","深研公共分享","E-行政板块","1"
"page:24052361","page:224674882","包含目录","SYSHARE","深研公共分享","深圳研发中心服务平台 / 2.技术分享与创新活动","1"
"page:224674882","topic:其他","推断主题","SYSHARE","深研公共分享","2.技术分享与创新活动","1"
"page:224674882","page:231838447","包含目录","SYSHARE","深研公共分享","深圳研发中心服务平台 / 2.技术分享与创新活动 / “大模型、Agent技术”AI主题专项微提案征集 头脑风暴 20240320","1"
"page:231838447","topic:二维三维与图形模型","推断主题","SYSHARE","深研公共分享","“大模型、Agent技术”AI主题专项微提案征集 头脑风暴 20240320","1"
"page:224674882","page:355568868","包含目录","SYSHARE","深研公共分享","深圳研发中心服务平台 / 2.技术分享与创新活动 / 技术情报线索提供","1"
"page:355568868","topic:其他","推断主题","SYSHARE","深研公共分享","技术情报线索提供","1"
"page:224674882","page:109281723","包含目录","SYSHARE","深研公共分享","深圳研发中心服务平台 / 2.技术分享与创新活动 / 技术沙龙进行步骤","1"
"page:109281723","topic:其他","推断主题","SYSHARE","深研公共分享","技术沙龙进行步骤","1"
"page:224674882","page:326685651","包含目录","SYSHARE","深研公共分享","深圳研发中心服务平台 / 2.技术分享与创新活动 / 提案创新活动材料登记","1"
"page:326685651","topic:其他","推断主题","SYSHARE","深研公共分享","提案创新活动材料登记","1"
"page:24052361","page:289958248","包含目录","SYSHARE","深研公共分享","深圳研发中心服务平台 / 3. 数字化转型与AI智能化专题","1"
"page:289958248","topic:其他","推断主题","SYSHARE","深研公共分享","3. 数字化转型与AI智能化专题","1"
"page:289958248","page:289958256","包含目录","SYSHARE","深研公共分享","深圳研发中心服务平台 / 3. 数字化转型与AI智能化专题 / AI Macey业务工具专题","1"
"page:289958256","topic:其他","推断主题","SYSHARE","深研公共分享","AI Macey业务工具专题","1"
"page:289958248","page:317708792","包含目录","SYSHARE","深研公共分享","深圳研发中心服务平台 / 3. 数字化转型与AI智能化专题 / 工作流Demo","1"
"page:317708792","topic:其他","推断主题","SYSHARE","深研公共分享","工作流Demo","1"
"page:24052361","page:126229446","包含目录","SYSHARE","深研公共分享","深圳研发中心服务平台 / 5、深研样机数量统计","1"
"page:126229446","topic:数据与质量","推断主题","SYSHARE","深研公共分享","5、深研样机数量统计","1"
"page:24052361","page:118952534","包含目录","SYSHARE","深研公共分享","深圳研发中心服务平台 / 7、深圳研发中心周报","1"
"page:118952534","topic:其他","推断主题","SYSHARE","深研公共分享","7、深圳研发中心周报","1"
"page:118952534","page:111447897","包含目录","SYSHARE","深研公共分享","深圳研发中心服务平台 / 7、深圳研发中心周报 / 2021-深圳研发中心周报","1"
"page:111447897","topic:其他","推断主题","SYSHARE","深研公共分享","2021-深圳研发中心周报","1"
"page:118952534","page:149304462","包含目录","SYSHARE","深研公共分享","深圳研发中心服务平台 / 7、深圳研发中心周报 / 2022-深圳研发中心周报","1"
"page:149304462","topic:其他","推断主题","SYSHARE","深研公共分享","2022-深圳研发中心周报","1"
"page:118952534","page:193511249","包含目录","SYSHARE","深研公共分享","深圳研发中心服务平台 / 7、深圳研发中心周报 / 2023-深圳研发中心周报","1"
"page:193511249","topic:其他","推断主题","SYSHARE","深研公共分享","2023-深圳研发中心周报","1"
"page:118952534","page:225854188","包含目录","SYSHARE","深研公共分享","深圳研发中心服务平台 / 7、深圳研发中心周报 / 2024-深圳研发中心周报","1"
"page:225854188","topic:其他","推断主题","SYSHARE","深研公共分享","2024-深圳研发中心周报","1"
"page:118952534","page:285356040","包含目录","SYSHARE","深研公共分享","深圳研发中心服务平台 / 7、深圳研发中心周报 / 2025-深圳研发中心周报","1"
"page:285356040","topic:其他","推断主题","SYSHARE","深研公共分享","2025-深圳研发中心周报","1"
"page:118952534","page:345749746","包含目录","SYSHARE","深研公共分享","深圳研发中心服务平台 / 7、深圳研发中心周报 / 2026-深圳研发中心周报","1"
"page:345749746","topic:其他","推断主题","SYSHARE","深研公共分享","2026-深圳研发中心周报","1"
"page:24052361","page:149982884","包含目录","SYSHARE","深研公共分享","深圳研发中心服务平台 / 8、深研周例会会议纪要","1"
"page:149982884","topic:会议与协同","推断主题","SYSHARE","深研公共分享","8、深研周例会会议纪要","1"
"page:149982884","page:123995406","包含目录","SYSHARE","深研公共分享","深圳研发中心服务平台 / 8、深研周例会会议纪要 / 2021年周例会会议纪要","1"
"page:123995406","topic:会议与协同","推断主题","SYSHARE","深研公共分享","2021年周例会会议纪要","1"
"page:149982884","page:149982913","包含目录","SYSHARE","深研公共分享","深圳研发中心服务平台 / 8、深研周例会会议纪要 / 2022年周例会会议纪要","1"
"page:149982913","topic:会议与协同","推断主题","SYSHARE","深研公共分享","2022年周例会会议纪要","1"
"page:149982884","page:215836573","包含目录","SYSHARE","深研公共分享","深圳研发中心服务平台 / 8、深研周例会会议纪要 / 2023年周例会会议纪要","1"
"page:215836573","topic:会议与协同","推断主题","SYSHARE","深研公共分享","2023年周例会会议纪要","1"
"page:24052361","page:164072299","包含目录","SYSHARE","深研公共分享","深圳研发中心服务平台 / 文件列表","1"
"page:164072299","topic:其他","推断主题","SYSHARE","深研公共分享","文件列表","1"
"page:164072299","page:320145601","包含目录","SYSHARE","深研公共分享","深圳研发中心服务平台 / 文件列表 / AI Square","1"
"page:320145601","topic:其他","推断主题","SYSHARE","深研公共分享","AI Square","1"
"page:164072299","page:192809206","包含目录","SYSHARE","深研公共分享","深圳研发中心服务平台 / 文件列表 / 系统性能优化团队","1"
"page:192809206","topic:其他","推断主题","SYSHARE","深研公共分享","系统性能优化团队","1"
"space:SYKS","page:216896133","空间首页","SYKS","深研知识分享体系","深研知识分享体系 主页","1"
"page:216896133","topic:其他","推断主题","SYKS","深研知识分享体系","深研知识分享体系 主页","1"
"page:216896133","page:216896557","包含目录","SYKS","深研知识分享体系","深研知识分享体系 主页 / 0.空间说明","1"
"page:216896557","topic:其他","推断主题","SYKS","深研知识分享体系","0.空间说明","1"
"page:216896557","page:216918944","包含目录","SYKS","深研知识分享体系","深研知识分享体系 主页 / 0.空间说明 / 本空间目录系统的设计原则","1"
"page:216918944","topic:设计与架构","推断主题","SYKS","深研知识分享体系","本空间目录系统的设计原则","1"
"page:216896557","page:216918942","包含目录","SYKS","深研知识分享体系","深研知识分享体系 主页 / 0.空间说明 / 本空间文档页面命名和布局规则","1"
"page:216918942","topic:规范与流程","推断主题","SYKS","深研知识分享体系","本空间文档页面命名和布局规则","1"
"page:216896557","page:216920746","包含目录","SYKS","深研知识分享体系","深研知识分享体系 主页 / 0.空间说明 / 文档页面模板","1"
"page:216920746","topic:规范与流程","推断主题","SYKS","深研知识分享体系","文档页面模板","1"
"page:216896133","page:216896569","包含目录","SYKS","深研知识分享体系","深研知识分享体系 主页 / 1. 业务技术","1"
"page:216896569","topic:其他","推断主题","SYKS","深研知识分享体系","1. 业务技术","1"
"page:216896569","page:222317616","包含目录","SYKS","深研知识分享体系","深研知识分享体系 主页 / 1. 业务技术 / 0. 电视开发规范","1"
"page:222317616","topic:规范与流程","推断主题","SYKS","深研知识分享体系","0. 电视开发规范","1"
"page:216896569","page:216896582","包含目录","SYKS","深研知识分享体系","深研知识分享体系 主页 / 1. 业务技术 / 1. 电视广播（DTV）","1"
"page:216896582","topic:其他","推断主题","SYKS","深研知识分享体系","1. 电视广播（DTV）","1"
"page:216896569","page:216896613","包含目录","SYKS","深研知识分享体系","深研知识分享体系 主页 / 1. 业务技术 / 2. Web技术","1"
"page:216896613","topic:其他","推断主题","SYKS","深研知识分享体系","2. Web技术","1"
"page:216896569","page:216896619","包含目录","SYKS","深研知识分享体系","深研知识分享体系 主页 / 1. 业务技术 / 3. TVS相关技术","1"
"page:216896619","topic:其他","推断主题","SYKS","深研知识分享体系","3. TVS相关技术","1"
"page:216896569","page:217322636","包含目录","SYKS","深研知识分享体系","深研知识分享体系 主页 / 1. 业务技术 / 4. 系统性能","1"
"page:217322636","topic:其他","推断主题","SYKS","深研知识分享体系","4. 系统性能","1"
"page:216896569","page:217322638","包含目录","SYKS","深研知识分享体系","深研知识分享体系 主页 / 1. 业务技术 / 5. 语音算法","1"
"page:217322638","topic:其他","推断主题","SYKS","深研知识分享体系","5. 语音算法","1"
"page:216896569","page:219561798","包含目录","SYKS","深研知识分享体系","深研知识分享体系 主页 / 1. 业务技术 / 6.其他业务技术","1"
"page:219561798","topic:其他","推断主题","SYKS","深研知识分享体系","6.其他业务技术","1"
"page:216896133","page:216903479","包含目录","SYKS","深研知识分享体系","深研知识分享体系 主页 / 10.培训管理","1"
"page:216903479","topic:培训与知识","推断主题","SYKS","深研知识分享体系","10.培训管理","1"
"page:216903479","page:217336884","包含目录","SYKS","深研知识分享体系","深研知识分享体系 主页 / 10.培训管理 / 培训文档模板和案例","1"
"page:217336884","topic:规范与流程","推断主题","SYKS","深研知识分享体系","培训文档模板和案例","1"
"page:216903479","page:216922663","包含目录","SYKS","深研知识分享体系","深研知识分享体系 主页 / 10.培训管理 / 技术管理类培训","1"
"page:216922663","topic:培训与知识","推断主题","SYKS","深研知识分享体系","技术管理类培训","1"
"page:216903479","page:216922665","包含目录","SYKS","深研知识分享体系","深研知识分享体系 主页 / 10.培训管理 / 测试技术类培训","1"
"page:216922665","topic:测试与验证","推断主题","SYKS","深研知识分享体系","测试技术类培训","1"
"page:216903479","page:216922660","包含目录","SYKS","深研知识分享体系","深研知识分享体系 主页 / 10.培训管理 / 软件开发-通用技术培训（操作系统、编程语言、软件设计等）","1"
"page:216922660","topic:设计与架构","推断主题","SYKS","深研知识分享体系","软件开发-通用技术培训（操作系统、编程语言、软件设计等）","1"
"page:216903479","page:226954779","包含目录","SYKS","深研知识分享体系","深研知识分享体系 主页 / 10.培训管理 / 历史培训文档存档","1"
"page:226954779","topic:规范与流程","推断主题","SYKS","深研知识分享体系","历史培训文档存档","1"
"page:216903479","page:231029791","包含目录","SYKS","深研知识分享体系","深研知识分享体系 主页 / 10.培训管理 / 其他类别培训（日语、）","1"
"page:231029791","topic:培训与知识","推断主题","SYKS","深研知识分享体系","其他类别培训（日语、）","1"
"page:216903479","page:231029805","包含目录","SYKS","深研知识分享体系","深研知识分享体系 主页 / 10.培训管理 / 业务技术培训","1"
"page:231029805","topic:培训与知识","推断主题","SYKS","深研知识分享体系","业务技术培训","1"
"page:216903479","page:232229939","包含目录","SYKS","深研知识分享体系","深研知识分享体系 主页 / 10.培训管理 / 2024培训计划","1"
"page:232229939","topic:版本与计划","推断主题","SYKS","深研知识分享体系","2024培训计划","1"
"page:216896133","page:216896571","包含目录","SYKS","深研知识分享体系","深研知识分享体系 主页 / 2. 软件开发","1"
"page:216896571","topic:其他","推断主题","SYKS","深研知识分享体系","2. 软件开发","1"
"page:216896571","page:216896779","包含目录","SYKS","深研知识分享体系","深研知识分享体系 主页 / 2. 软件开发 / 1. 操作系统","1"
"page:216896779","topic:其他","推断主题","SYKS","深研知识分享体系","1. 操作系统","1"
"page:216896571","page:216896809","包含目录","SYKS","深研知识分享体系","深研知识分享体系 主页 / 2. 软件开发 / 10. 其他","1"
"page:216896809","topic:其他","推断主题","SYKS","深研知识分享体系","10. 其他","1"
"page:216896571","page:216896784","包含目录","SYKS","深研知识分享体系","深研知识分享体系 主页 / 2. 软件开发 / 2. 软件设计","1"
"page:216896784","topic:设计与架构","推断主题","SYKS","深研知识分享体系","2. 软件设计","1"
"page:216896571","page:216896791","包含目录","SYKS","深研知识分享体系","深研知识分享体系 主页 / 2. 软件开发 / 3. C&C++","1"
"page:216896791","topic:其他","推断主题","SYKS","深研知识分享体系","3. C&C++","1"
"page:216896571","page:216896795","包含目录","SYKS","深研知识分享体系","深研知识分享体系 主页 / 2. 软件开发 / 4. Java","1"
"page:216896795","topic:其他","推断主题","SYKS","深研知识分享体系","4. Java","1"
"page:216896571","page:216896800","包含目录","SYKS","深研知识分享体系","深研知识分享体系 主页 / 2. 软件开发 / 5. JavaScript","1"
"page:216896800","topic:其他","推断主题","SYKS","深研知识分享体系","5. JavaScript","1"
"page:216896571","page:216896802","包含目录","SYKS","深研知识分享体系","深研知识分享体系 主页 / 2. 软件开发 / 6. 开源软件","1"
"page:216896802","topic:其他","推断主题","SYKS","深研知识分享体系","6. 开源软件","1"
"page:216896571","page:216905298","包含目录","SYKS","深研知识分享体系","深研知识分享体系 主页 / 2. 软件开发 / 7. 软件调试","1"
"page:216905298","topic:其他","推断主题","SYKS","深研知识分享体系","7. 软件调试","1"
"page:216896571","page:216896806","包含目录","SYKS","深研知识分享体系","深研知识分享体系 主页 / 2. 软件开发 / 8. 提效工具","1"
"page:216896806","topic:其他","推断主题","SYKS","深研知识分享体系","8. 提效工具","1"
"page:216896571","page:216905334","包含目录","SYKS","深研知识分享体系","深研知识分享体系 主页 / 2. 软件开发 / 9. 系统构建（编译与链接）","1"
"page:216905334","topic:其他","推断主题","SYKS","深研知识分享体系","9. 系统构建（编译与链接）","1"
"page:216896133","page:216905430","包含目录","SYKS","深研知识分享体系","深研知识分享体系 主页 / 3. 软件测试","1"
"page:216905430","topic:测试与验证","推断主题","SYKS","深研知识分享体系","3. 软件测试","1"
"page:216905430","page:217338077","包含目录","SYKS","深研知识分享体系","深研知识分享体系 主页 / 3. 软件测试 / 电视软件测试基础知识","1"
"page:217338077","topic:测试与验证","推断主题","SYKS","深研知识分享体系","电视软件测试基础知识","1"
"page:216905430","page:217338084","包含目录","SYKS","深研知识分享体系","深研知识分享体系 主页 / 3. 软件测试 / 电视软件测试进阶知识","1"
"page:217338084","topic:测试与验证","推断主题","SYKS","深研知识分享体系","电视软件测试进阶知识","1"
"page:216905430","page:217338088","包含目录","SYKS","深研知识分享体系","深研知识分享体系 主页 / 3. 软件测试 / TVS_JP 测试","1"
"page:217338088","topic:测试与验证","推断主题","SYKS","深研知识分享体系","TVS_JP 测试","1"
"page:216905430","page:217338092","包含目录","SYKS","深研知识分享体系","深研知识分享体系 主页 / 3. 软件测试 / 测试仪器&辅助工具","1"
"page:217338092","topic:测试与验证","推断主题","SYKS","深研知识分享体系","测试仪器&辅助工具","1"
"page:216905430","page:217338094","包含目录","SYKS","深研知识分享体系","深研知识分享体系 主页 / 3. 软件测试 / 自动化测试","1"
"page:217338094","topic:测试与验证","推断主题","SYKS","深研知识分享体系","自动化测试","1"
"page:216905430","page:217338098","包含目录","SYKS","深研知识分享体系","深研知识分享体系 主页 / 3. 软件测试 / 认证测试","1"
"page:217338098","topic:测试与验证","推断主题","SYKS","深研知识分享体系","认证测试","1"
"page:216905430","page:217338101","包含目录","SYKS","深研知识分享体系","深研知识分享体系 主页 / 3. 软件测试 / 电视软件开发及测试参考信息","1"
"page:217338101","topic:测试与验证","推断主题","SYKS","深研知识分享体系","电视软件开发及测试参考信息","1"
"page:216905430","page:218150453","包含目录","SYKS","深研知识分享体系","深研知识分享体系 主页 / 3. 软件测试 / 开发测试","1"
"page:218150453","topic:测试与验证","推断主题","SYKS","深研知识分享体系","开发测试","1"
"page:216896133","page:216896576","包含目录","SYKS","深研知识分享体系","深研知识分享体系 主页 / 4. 技术管理","1"
"page:216896576","topic:项目管理","推断主题","SYKS","深研知识分享体系","4. 技术管理","1"
"page:216896576","page:216896812","包含目录","SYKS","深研知识分享体系","深研知识分享体系 主页 / 4. 技术管理 / 1. 标准与规范","1"
"page:216896812","topic:规范与流程","推断主题","SYKS","深研知识分享体系","1. 标准与规范","1"
"page:216896576","page:216896815","包含目录","SYKS","深研知识分享体系","深研知识分享体系 主页 / 4. 技术管理 / 2. 技术调研","1"
"page:216896815","topic:项目管理","推断主题","SYKS","深研知识分享体系","2. 技术调研","1"
"page:216896576","page:216896817","包含目录","SYKS","深研知识分享体系","深研知识分享体系 主页 / 4. 技术管理 / 3. 开发流程","1"
"page:216896817","topic:规范与流程","推断主题","SYKS","深研知识分享体系","3. 开发流程","1"
"page:216896576","page:223799025","包含目录","SYKS","深研知识分享体系","深研知识分享体系 主页 / 4. 技术管理 / 4. 政府项目归档","1"
"page:223799025","topic:项目管理","推断主题","SYKS","深研知识分享体系","4. 政府项目归档","1"
"page:216896576","page:227846510","包含目录","SYKS","深研知识分享体系","深研知识分享体系 主页 / 4. 技术管理 / 预研项目管理","1"
"page:227846510","topic:项目管理","推断主题","SYKS","深研知识分享体系","预研项目管理","1"
"space:DZKJZLCS","page:13716878","空间首页","DZKJZLCS","深研质量改善小组","深研质量改善小组 主页","1"
"page:13716878","topic:数据与质量","推断主题","DZKJZLCS","深研质量改善小组","深研质量改善小组 主页","1"
"page:13716878","page:77136246","包含目录","DZKJZLCS","深研质量改善小组","深研质量改善小组 主页 / 深研质量流程体系","1"
"page:77136246","topic:规范与流程","推断主题","DZKJZLCS","深研质量改善小组","深研质量流程体系","1"
"page:77136246","page:77137954","包含目录","DZKJZLCS","深研质量改善小组","深研质量改善小组 主页 / 深研质量流程体系 / 深研质量关系架构图","1"
"page:77137954","topic:设计与架构","推断主题","DZKJZLCS","深研质量改善小组","深研质量关系架构图","1"
"page:77136246","page:77138241","包含目录","DZKJZLCS","深研质量改善小组","深研质量改善小组 主页 / 深研质量流程体系 / 研发流程文件地图","1"
"page:77138241","topic:规范与流程","推断主题","DZKJZLCS","深研质量改善小组","研发流程文件地图","1"
"page:13716878","page:77136252","包含目录","DZKJZLCS","深研质量改善小组","深研质量改善小组 主页 / 深研质量策划与控制","1"
"page:77136252","topic:数据与质量","推断主题","DZKJZLCS","深研质量改善小组","深研质量策划与控制","1"
"page:77136252","page:77138179","包含目录","DZKJZLCS","深研质量改善小组","深研质量改善小组 主页 / 深研质量策划与控制 / 深研质量指标年度计划","1"
"page:77138179","topic:版本与计划","推断主题","DZKJZLCS","深研质量改善小组","深研质量指标年度计划","1"
"page:77136252","page:77136460","包含目录","DZKJZLCS","深研质量改善小组","深研质量改善小组 主页 / 深研质量策划与控制 / 深研质量指标数据","1"
"page:77136460","topic:数据与质量","推断主题","DZKJZLCS","深研质量改善小组","深研质量指标数据","1"
"page:77136252","page:77136462","包含目录","DZKJZLCS","深研质量改善小组","深研质量改善小组 主页 / 深研质量策划与控制 / 深研质量指标分析","1"
"page:77136462","topic:问题与复盘","推断主题","DZKJZLCS","深研质量改善小组","深研质量指标分析","1"
"page:13716878","page:77136249","包含目录","DZKJZLCS","深研质量改善小组","深研质量改善小组 主页 / 深研质量改进工作","1"
"page:77136249","topic:数据与质量","推断主题","DZKJZLCS","深研质量改善小组","深研质量改进工作","1"
"page:77136249","page:77138243","包含目录","DZKJZLCS","深研质量改善小组","深研质量改善小组 主页 / 深研质量改进工作 / 深研质量改进年度计划","1"
"page:77138243","topic:版本与计划","推断主题","DZKJZLCS","深研质量改善小组","深研质量改进年度计划","1"
"page:77136249","page:77136279","包含目录","DZKJZLCS","深研质量改善小组","深研质量改善小组 主页 / 深研质量改进工作 / 深研质量月报","1"
"page:77136279","topic:数据与质量","推断主题","DZKJZLCS","深研质量改善小组","深研质量月报","1"
"page:77136249","page:77136268","包含目录","DZKJZLCS","深研质量改善小组","深研质量改善小组 主页 / 深研质量改进工作 / 深研质量课题推进状态","1"
"page:77136268","topic:数据与质量","推断主题","DZKJZLCS","深研质量改善小组","深研质量课题推进状态","1"
"page:77136249","page:77136275","包含目录","DZKJZLCS","深研质量改善小组","深研质量改善小组 主页 / 深研质量改进工作 / 深研QCC推进状态","1"
"page:77136275","topic:数据与质量","推断主题","DZKJZLCS","深研质量改善小组","深研QCC推进状态","1"
"page:77136249","page:77136473","包含目录","DZKJZLCS","深研质量改善小组","深研质量改善小组 主页 / 深研质量改进工作 / 深研质量激励报告台帐","1"
"page:77136473","topic:数据与质量","推断主题","DZKJZLCS","深研质量改善小组","深研质量激励报告台帐","1"
"page:77136249","page:77136475","包含目录","DZKJZLCS","深研质量改善小组","深研质量改善小组 主页 / 深研质量改进工作 / 深研质量教育培训","1"
"page:77136475","topic:培训与知识","推断主题","DZKJZLCS","深研质量改善小组","深研质量教育培训","1"
"page:13716878","page:77136257","包含目录","DZKJZLCS","深研质量改善小组","深研质量改善小组 主页 / 深研质量保证","1"
"page:77136257","topic:数据与质量","推断主题","DZKJZLCS","深研质量改善小组","深研质量保证","1"
"page:77136257","page:77136289","包含目录","DZKJZLCS","深研质量改善小组","深研质量改善小组 主页 / 深研质量保证 / 深研交付界面管理","1"
"page:77136289","topic:项目管理","推断主题","DZKJZLCS","深研质量改善小组","深研交付界面管理","1"
"page:77136257","page:77136291","包含目录","DZKJZLCS","深研质量改善小组","深研质量改善小组 主页 / 深研质量保证 / 质量事件闭环管理","1"
"page:77136291","topic:项目管理","推断主题","DZKJZLCS","深研质量改善小组","质量事件闭环管理","1"
"page:77136257","page:77138248","包含目录","DZKJZLCS","深研质量改善小组","深研质量改善小组 主页 / 深研质量保证 / 江门工厂新品问题定责台帐","1"
"page:77138248","topic:问题与复盘","推断主题","DZKJZLCS","深研质量改善小组","江门工厂新品问题定责台帐","1"
"page:77136257","page:77136284","包含目录","DZKJZLCS","深研质量改善小组","深研质量改善小组 主页 / 深研质量保证 / 深研内审","1"
"page:77136284","topic:数据与质量","推断主题","DZKJZLCS","深研质量改善小组","深研内审","1"
"page:77136257","page:77136480","包含目录","DZKJZLCS","深研质量改善小组","深研质量改善小组 主页 / 深研质量保证 / 深研外审","1"
"page:77136480","topic:数据与质量","推断主题","DZKJZLCS","深研质量改善小组","深研外审","1"
"page:13716878","page:77138256","包含目录","DZKJZLCS","深研质量改善小组","深研质量改善小组 主页 / 其他","1"
"page:77138256","topic:数据与质量","推断主题","DZKJZLCS","深研质量改善小组","其他","1"
"space:ZJJSWYH","page:25985462","空间首页","ZJJSWYH","电子信息集团研发中心专业技术委员会","电子信息集团研发中心专业技术委员会","1"
"page:25985462","topic:其他","推断主题","ZJJSWYH","电子信息集团研发中心专业技术委员会","电子信息集团研发中心专业技术委员会","1"
"page:25985462","page:25985474","包含目录","ZJJSWYH","电子信息集团研发中心专业技术委员会","电子信息集团研发中心专业技术委员会 / 手机产品线","1"
"page:25985474","topic:其他","推断主题","ZJJSWYH","电子信息集团研发中心专业技术委员会","手机产品线","1"
"page:25985474","page:87174345","包含目录","ZJJSWYH","电子信息集团研发中心专业技术委员会","电子信息集团研发中心专业技术委员会 / 手机产品线 / 推荐文章及解读","1"
"page:87174345","topic:其他","推断主题","ZJJSWYH","电子信息集团研发中心专业技术委员会","推荐文章及解读","1"
"page:25985474","page:87174420","包含目录","ZJJSWYH","电子信息集团研发中心专业技术委员会","电子信息集团研发中心专业技术委员会 / 手机产品线 / 重要技术提案","1"
"page:87174420","topic:其他","推断主题","ZJJSWYH","电子信息集团研发中心专业技术委员会","重要技术提案","1"
"page:25985462","page:25985472","包含目录","ZJJSWYH","电子信息集团研发中心专业技术委员会","电子信息集团研发中心专业技术委员会 / 电视产品线（TV）","1"
"page:25985472","topic:其他","推断主题","ZJJSWYH","电子信息集团研发中心专业技术委员会","电视产品线（TV）","1"
"page:25985472","page:70785100","包含目录","ZJJSWYH","电子信息集团研发中心专业技术委员会","电子信息集团研发中心专业技术委员会 / 电视产品线（TV） / 【1】文章推荐及详细解读 Recommendation and interpretation of technical documents","1"
"page:70785100","topic:其他","推断主题","ZJJSWYH","电子信息集团研发中心专业技术委员会","【1】文章推荐及详细解读 Recommendation and interpretation of technical documents","1"
"page:25985472","page:70785133","包含目录","ZJJSWYH","电子信息集团研发中心专业技术委员会","电子信息集团研发中心专业技术委员会 / 电视产品线（TV） / 【2】重要技术提案 Proposals of Technical Project by committee","1"
"page:70785133","topic:项目管理","推断主题","ZJJSWYH","电子信息集团研发中心专业技术委员会","【2】重要技术提案 Proposals of Technical Project by committee","1"
"page:25985462","page:28541464","包含目录","ZJJSWYH","电子信息集团研发中心专业技术委员会","电子信息集团研发中心专业技术委员会 / 文件列表","1"
"page:28541464","topic:其他","推断主题","ZJJSWYH","电子信息集团研发中心专业技术委员会","文件列表","1"
"space:DMTYFCXLT","page:14838943","空间首页","DMTYFCXLT","电子信息集团研发中心创新论坛","视像科技研发中心创新论坛 主页","1"
"page:14838943","topic:其他","推断主题","DMTYFCXLT","电子信息集团研发中心创新论坛","视像科技研发中心创新论坛 主页","1"
"page:14838943","page:15576936","包含目录","DMTYFCXLT","电子信息集团研发中心创新论坛","视像科技研发中心创新论坛 主页 / 文件列表","1"
"page:15576936","topic:其他","推断主题","DMTYFCXLT","电子信息集团研发中心创新论坛","文件列表","1"
"page:15576936","page:250626235","包含目录","DMTYFCXLT","电子信息集团研发中心创新论坛","视像科技研发中心创新论坛 主页 / 文件列表 / 202406技术类","1"
"page:250626235","topic:其他","推断主题","DMTYFCXLT","电子信息集团研发中心创新论坛","202406技术类","1"
"page:14838943","page:14838956","包含目录","DMTYFCXLT","电子信息集团研发中心创新论坛","视像科技研发中心创新论坛 主页 / 论坛数据","1"
"page:14838956","topic:数据与质量","推断主题","DMTYFCXLT","电子信息集团研发中心创新论坛","论坛数据","1"
"page:14838943","page:54100266","包含目录","DMTYFCXLT","电子信息集团研发中心创新论坛","视像科技研发中心创新论坛 主页 / 创新成果","1"
"page:54100266","topic:其他","推断主题","DMTYFCXLT","电子信息集团研发中心创新论坛","创新成果","1"
"page:54100266","page:54100268","包含目录","DMTYFCXLT","电子信息集团研发中心创新论坛","视像科技研发中心创新论坛 主页 / 创新成果 / 2019年Q1","1"
"page:54100268","topic:其他","推断主题","DMTYFCXLT","电子信息集团研发中心创新论坛","2019年Q1","1"
"page:54100266","page:62034020","包含目录","DMTYFCXLT","电子信息集团研发中心创新论坛","视像科技研发中心创新论坛 主页 / 创新成果 / 2019年Q2","1"
"page:62034020","topic:其他","推断主题","DMTYFCXLT","电子信息集团研发中心创新论坛","2019年Q2","1"
"page:54100266","page:70779355","包含目录","DMTYFCXLT","电子信息集团研发中心创新论坛","视像科技研发中心创新论坛 主页 / 创新成果 / 2019年Q3","1"
"page:70779355","topic:其他","推断主题","DMTYFCXLT","电子信息集团研发中心创新论坛","2019年Q3","1"
"page:54100266","page:78318207","包含目录","DMTYFCXLT","电子信息集团研发中心创新论坛","视像科技研发中心创新论坛 主页 / 创新成果 / 2019年Q4","1"
"page:78318207","topic:其他","推断主题","DMTYFCXLT","电子信息集团研发中心创新论坛","2019年Q4","1"
"page:54100266","page:89000724","包含目录","DMTYFCXLT","电子信息集团研发中心创新论坛","视像科技研发中心创新论坛 主页 / 创新成果 / 2020年Q1","1"
"page:89000724","topic:其他","推断主题","DMTYFCXLT","电子信息集团研发中心创新论坛","2020年Q1","1"
"page:54100266","page:98606222","包含目录","DMTYFCXLT","电子信息集团研发中心创新论坛","视像科技研发中心创新论坛 主页 / 创新成果 / 2020年Q2","1"
"page:98606222","topic:其他","推断主题","DMTYFCXLT","电子信息集团研发中心创新论坛","2020年Q2","1"
"page:54100266","page:105583366","包含目录","DMTYFCXLT","电子信息集团研发中心创新论坛","视像科技研发中心创新论坛 主页 / 创新成果 / 2020年Q3","1"
"page:105583366","topic:其他","推断主题","DMTYFCXLT","电子信息集团研发中心创新论坛","2020年Q3","1"
"page:54100266","page:112821127","包含目录","DMTYFCXLT","电子信息集团研发中心创新论坛","视像科技研发中心创新论坛 主页 / 创新成果 / 2020年Q4","1"
"page:112821127","topic:其他","推断主题","DMTYFCXLT","电子信息集团研发中心创新论坛","2020年Q4","1"
"page:54100266","page:124716253","包含目录","DMTYFCXLT","电子信息集团研发中心创新论坛","视像科技研发中心创新论坛 主页 / 创新成果 / 2021年Q1","1"
"page:124716253","topic:其他","推断主题","DMTYFCXLT","电子信息集团研发中心创新论坛","2021年Q1","1"
"page:54100266","page:129081323","包含目录","DMTYFCXLT","电子信息集团研发中心创新论坛","视像科技研发中心创新论坛 主页 / 创新成果 / 2021年Q2","1"
"page:129081323","topic:其他","推断主题","DMTYFCXLT","电子信息集团研发中心创新论坛","2021年Q2","1"
"page:54100266","page:139073921","包含目录","DMTYFCXLT","电子信息集团研发中心创新论坛","视像科技研发中心创新论坛 主页 / 创新成果 / 2021年Q3","1"
"page:139073921","topic:其他","推断主题","DMTYFCXLT","电子信息集团研发中心创新论坛","2021年Q3","1"
"page:54100266","page:146976244","包含目录","DMTYFCXLT","电子信息集团研发中心创新论坛","视像科技研发中心创新论坛 主页 / 创新成果 / 2021年Q4","1"
"page:146976244","topic:其他","推断主题","DMTYFCXLT","电子信息集团研发中心创新论坛","2021年Q4","1"
"page:54100266","page:157987245","包含目录","DMTYFCXLT","电子信息集团研发中心创新论坛","视像科技研发中心创新论坛 主页 / 创新成果 / 2022年Q1","1"
"page:157987245","topic:其他","推断主题","DMTYFCXLT","电子信息集团研发中心创新论坛","2022年Q1","1"
"page:54100266","page:172273606","包含目录","DMTYFCXLT","电子信息集团研发中心创新论坛","视像科技研发中心创新论坛 主页 / 创新成果 / 2022年Q2","1"
"page:172273606","topic:其他","推断主题","DMTYFCXLT","电子信息集团研发中心创新论坛","2022年Q2","1"
"page:54100266","page:181156787","包含目录","DMTYFCXLT","电子信息集团研发中心创新论坛","视像科技研发中心创新论坛 主页 / 创新成果 / 2022年Q3","1"
"page:181156787","topic:其他","推断主题","DMTYFCXLT","电子信息集团研发中心创新论坛","2022年Q3","1"
"page:54100266","page:193508739","包含目录","DMTYFCXLT","电子信息集团研发中心创新论坛","视像科技研发中心创新论坛 主页 / 创新成果 / 2022年Q4","1"
"page:193508739","topic:其他","推断主题","DMTYFCXLT","电子信息集团研发中心创新论坛","2022年Q4","1"
"page:14838943","page:126227125","包含目录","DMTYFCXLT","电子信息集团研发中心创新论坛","视像科技研发中心创新论坛 主页 / 微提案和创新提案","1"
"page:126227125","topic:其他","推断主题","DMTYFCXLT","电子信息集团研发中心创新论坛","微提案和创新提案","1"
"page:126227125","page:152319393","包含目录","DMTYFCXLT","电子信息集团研发中心创新论坛","视像科技研发中心创新论坛 主页 / 微提案和创新提案 / 2021全年创新提案申报和奖励情况","1"
"page:152319393","topic:其他","推断主题","DMTYFCXLT","电子信息集团研发中心创新论坛","2021全年创新提案申报和奖励情况","1"
"page:126227125","page:145065574","包含目录","DMTYFCXLT","电子信息集团研发中心创新论坛","视像科技研发中心创新论坛 主页 / 微提案和创新提案 / 2021年11月","1"
"page:145065574","topic:其他","推断主题","DMTYFCXLT","电子信息集团研发中心创新论坛","2021年11月","1"
"page:126227125","page:150741495","包含目录","DMTYFCXLT","电子信息集团研发中心创新论坛","视像科技研发中心创新论坛 主页 / 微提案和创新提案 / 2021年12月","1"
"page:150741495","topic:其他","推断主题","DMTYFCXLT","电子信息集团研发中心创新论坛","2021年12月","1"
"page:126227125","page:126227128","包含目录","DMTYFCXLT","电子信息集团研发中心创新论坛","视像科技研发中心创新论坛 主页 / 微提案和创新提案 / 2021年5月","1"
"page:126227128","topic:其他","推断主题","DMTYFCXLT","电子信息集团研发中心创新论坛","2021年5月","1"
"page:126227125","page:129084565","包含目录","DMTYFCXLT","电子信息集团研发中心创新论坛","视像科技研发中心创新论坛 主页 / 微提案和创新提案 / 2021年6月","1"
"page:129084565","topic:其他","推断主题","DMTYFCXLT","电子信息集团研发中心创新论坛","2021年6月","1"
"page:126227125","page:134687966","包含目录","DMTYFCXLT","电子信息集团研发中心创新论坛","视像科技研发中心创新论坛 主页 / 微提案和创新提案 / 2021年7月","1"
"page:134687966","topic:其他","推断主题","DMTYFCXLT","电子信息集团研发中心创新论坛","2021年7月","1"
"page:126227125","page:139728694","包含目录","DMTYFCXLT","电子信息集团研发中心创新论坛","视像科技研发中心创新论坛 主页 / 微提案和创新提案 / 2021年9月","1"
"page:139728694","topic:其他","推断主题","DMTYFCXLT","电子信息集团研发中心创新论坛","2021年9月","1"
"page:126227125","page:187803433","包含目录","DMTYFCXLT","电子信息集团研发中心创新论坛","视像科技研发中心创新论坛 主页 / 微提案和创新提案 / 2022年11月","1"
"page:187803433","topic:其他","推断主题","DMTYFCXLT","电子信息集团研发中心创新论坛","2022年11月","1"
"page:126227125","page:194361891","包含目录","DMTYFCXLT","电子信息集团研发中心创新论坛","视像科技研发中心创新论坛 主页 / 微提案和创新提案 / 2022年12月","1"
"page:194361891","topic:其他","推断主题","DMTYFCXLT","电子信息集团研发中心创新论坛","2022年12月","1"
"page:126227125","page:156469436","包含目录","DMTYFCXLT","电子信息集团研发中心创新论坛","视像科技研发中心创新论坛 主页 / 微提案和创新提案 / 2022年2月","1"
"page:156469436","topic:其他","推断主题","DMTYFCXLT","电子信息集团研发中心创新论坛","2022年2月","1"
"page:126227125","page:159618959","包含目录","DMTYFCXLT","电子信息集团研发中心创新论坛","视像科技研发中心创新论坛 主页 / 微提案和创新提案 / 2022年3月","1"
"page:159618959","topic:其他","推断主题","DMTYFCXLT","电子信息集团研发中心创新论坛","2022年3月","1"
"page:126227125","page:162417998","包含目录","DMTYFCXLT","电子信息集团研发中心创新论坛","视像科技研发中心创新论坛 主页 / 微提案和创新提案 / 2022年5月","1"
"page:162417998","topic:其他","推断主题","DMTYFCXLT","电子信息集团研发中心创新论坛","2022年5月","1"
"page:126227125","page:172273572","包含目录","DMTYFCXLT","电子信息集团研发中心创新论坛","视像科技研发中心创新论坛 主页 / 微提案和创新提案 / 2022年6月","1"
"page:172273572","topic:其他","推断主题","DMTYFCXLT","电子信息集团研发中心创新论坛","2022年6月","1"
"page:126227125","page:176304513","包含目录","DMTYFCXLT","电子信息集团研发中心创新论坛","视像科技研发中心创新论坛 主页 / 微提案和创新提案 / 2022年8月","1"
"page:176304513","topic:其他","推断主题","DMTYFCXLT","电子信息集团研发中心创新论坛","2022年8月","1"
"page:126227125","page:181152867","包含目录","DMTYFCXLT","电子信息集团研发中心创新论坛","视像科技研发中心创新论坛 主页 / 微提案和创新提案 / 2022年9月","1"
"page:181152867","topic:其他","推断主题","DMTYFCXLT","电子信息集团研发中心创新论坛","2022年9月","1"
"page:126227125","page:197527457","包含目录","DMTYFCXLT","电子信息集团研发中心创新论坛","视像科技研发中心创新论坛 主页 / 微提案和创新提案 / 2022年微提案汇总数据","1"
"page:197527457","topic:数据与质量","推断主题","DMTYFCXLT","电子信息集团研发中心创新论坛","2022年微提案汇总数据","1"
"page:126227125","page:224666401","包含目录","DMTYFCXLT","电子信息集团研发中心创新论坛","视像科技研发中心创新论坛 主页 / 微提案和创新提案 / 2023年11月","1"
"page:224666401","topic:其他","推断主题","DMTYFCXLT","电子信息集团研发中心创新论坛","2023年11月","1"
"page:126227125","page:227455035","包含目录","DMTYFCXLT","电子信息集团研发中心创新论坛","视像科技研发中心创新论坛 主页 / 微提案和创新提案 / 2023年12月","1"
"page:227455035","topic:其他","推断主题","DMTYFCXLT","电子信息集团研发中心创新论坛","2023年12月","1"
"page:126227125","page:195234555","包含目录","DMTYFCXLT","电子信息集团研发中心创新论坛","视像科技研发中心创新论坛 主页 / 微提案和创新提案 / 2023年2月","1"
"page:195234555","topic:其他","推断主题","DMTYFCXLT","电子信息集团研发中心创新论坛","2023年2月","1"
"page:126227125","page:209110793","包含目录","DMTYFCXLT","电子信息集团研发中心创新论坛","视像科技研发中心创新论坛 主页 / 微提案和创新提案 / 2023年3月","1"
"page:209110793","topic:其他","推断主题","DMTYFCXLT","电子信息集团研发中心创新论坛","2023年3月","1"
"page:126227125","page:214282578","包含目录","DMTYFCXLT","电子信息集团研发中心创新论坛","视像科技研发中心创新论坛 主页 / 微提案和创新提案 / 2023年5月","1"
"page:214282578","topic:其他","推断主题","DMTYFCXLT","电子信息集团研发中心创新论坛","2023年5月","1"
"page:126227125","page:217336596","包含目录","DMTYFCXLT","电子信息集团研发中心创新论坛","视像科技研发中心创新论坛 主页 / 微提案和创新提案 / 2023年6月","1"
"page:217336596","topic:其他","推断主题","DMTYFCXLT","电子信息集团研发中心创新论坛","2023年6月","1"
"page:126227125","page:219974428","包含目录","DMTYFCXLT","电子信息集团研发中心创新论坛","视像科技研发中心创新论坛 主页 / 微提案和创新提案 / 2023年8月","1"
"page:219974428","topic:其他","推断主题","DMTYFCXLT","电子信息集团研发中心创新论坛","2023年8月","1"
"page:126227125","page:222799805","包含目录","DMTYFCXLT","电子信息集团研发中心创新论坛","视像科技研发中心创新论坛 主页 / 微提案和创新提案 / 2023年9月","1"
"page:222799805","topic:其他","推断主题","DMTYFCXLT","电子信息集团研发中心创新论坛","2023年9月","1"
"page:126227125","page:231014465","包含目录","DMTYFCXLT","电子信息集团研发中心创新论坛","视像科技研发中心创新论坛 主页 / 微提案和创新提案 / 2024年2月","1"
"page:231014465","topic:其他","推断主题","DMTYFCXLT","电子信息集团研发中心创新论坛","2024年2月","1"
"page:126227125","page:232238962","包含目录","DMTYFCXLT","电子信息集团研发中心创新论坛","视像科技研发中心创新论坛 主页 / 微提案和创新提案 / 2024年3月","1"
"page:232238962","topic:其他","推断主题","DMTYFCXLT","电子信息集团研发中心创新论坛","2024年3月","1"
"page:126227125","page:238873995","包含目录","DMTYFCXLT","电子信息集团研发中心创新论坛","视像科技研发中心创新论坛 主页 / 微提案和创新提案 / 2024年5月","1"
"page:238873995","topic:其他","推断主题","DMTYFCXLT","电子信息集团研发中心创新论坛","2024年5月","1"
"page:126227125","page:250626217","包含目录","DMTYFCXLT","电子信息集团研发中心创新论坛","视像科技研发中心创新论坛 主页 / 微提案和创新提案 / 2024年6月","1"
"page:250626217","topic:其他","推断主题","DMTYFCXLT","电子信息集团研发中心创新论坛","2024年6月","1"
"page:126227125","page:264612523","包含目录","DMTYFCXLT","电子信息集团研发中心创新论坛","视像科技研发中心创新论坛 主页 / 微提案和创新提案 / 2024年8月","1"
"page:264612523","topic:其他","推断主题","DMTYFCXLT","电子信息集团研发中心创新论坛","2024年8月","1"
"page:126227125","page:195233885","包含目录","DMTYFCXLT","电子信息集团研发中心创新论坛","视像科技研发中心创新论坛 主页 / 微提案和创新提案 / 截至22年底提供人资晋级名单","1"
"page:195233885","topic:其他","推断主题","DMTYFCXLT","电子信息集团研发中心创新论坛","截至22年底提供人资晋级名单","1"
"page:14838943","page:145065607","包含目录","DMTYFCXLT","电子信息集团研发中心创新论坛","视像科技研发中心创新论坛 主页 / DITAA Diagrams","1"
"page:145065607","topic:其他","推断主题","DMTYFCXLT","电子信息集团研发中心创新论坛","DITAA Diagrams","1"
"space:DSODMCPKFZL","page:33067160","空间首页","DSODMCPKFZL","电视ODM产品开发资料","电视ODM产品开发资料 主页","1"
"page:33067160","topic:其他","推断主题","DSODMCPKFZL","电视ODM产品开发资料","电视ODM产品开发资料 主页","1"
"page:33067160","page:30507921","包含目录","DSODMCPKFZL","电视ODM产品开发资料","电视ODM产品开发资料 主页 / BBY产品开发","1"
"page:30507921","topic:其他","推断主题","DSODMCPKFZL","电视ODM产品开发资料","BBY产品开发","1"
"page:30507921","page:30508646","包含目录","DSODMCPKFZL","电视ODM产品开发资料","电视ODM产品开发资料 主页 / BBY产品开发 / BBY交付物模板","1"
"page:30508646","topic:规范与流程","推断主题","DSODMCPKFZL","电视ODM产品开发资料","BBY交付物模板","1"
"page:30507921","page:30508555","包含目录","DSODMCPKFZL","电视ODM产品开发资料","电视ODM产品开发资料 主页 / BBY产品开发 / BBY开发流程和工具","1"
"page:30508555","topic:规范与流程","推断主题","DSODMCPKFZL","电视ODM产品开发资料","BBY开发流程和工具","1"
"page:30507921","page:30508151","包含目录","DSODMCPKFZL","电视ODM产品开发资料","电视ODM产品开发资料 主页 / BBY产品开发 / BBY开发规范","1"
"page:30508151","topic:规范与流程","推断主题","DSODMCPKFZL","电视ODM产品开发资料","BBY开发规范","1"
"page:30507921","page:30508232","包含目录","DSODMCPKFZL","电视ODM产品开发资料","电视ODM产品开发资料 主页 / BBY产品开发 / BBY项目开发","1"
"page:30508232","topic:项目管理","推断主题","DSODMCPKFZL","电视ODM产品开发资料","BBY项目开发","1"
"page:33067160","page:36867192","包含目录","DSODMCPKFZL","电视ODM产品开发资料","电视ODM产品开发资料 主页 / Roku产品开发资料","1"
"page:36867192","topic:其他","推断主题","DSODMCPKFZL","电视ODM产品开发资料","Roku产品开发资料","1"
"page:36867192","page:36867195","包含目录","DSODMCPKFZL","电视ODM产品开发资料","电视ODM产品开发资料 主页 / Roku产品开发资料 / Project ID信息","1"
"page:36867195","topic:项目管理","推断主题","DSODMCPKFZL","电视ODM产品开发资料","Project ID信息","1"
"page:36867192","page:37524000","包含目录","DSODMCPKFZL","电视ODM产品开发资料","电视ODM产品开发资料 主页 / Roku产品开发资料 / ROKU项目各种系统账号以及密码","1"
"page:37524000","topic:项目管理","推断主题","DSODMCPKFZL","电视ODM产品开发资料","ROKU项目各种系统账号以及密码","1"
"page:36867192","page:37523548","包含目录","DSODMCPKFZL","电视ODM产品开发资料","电视ODM产品开发资料 主页 / Roku产品开发资料 / ROKU项目软件信息整理","1"
"page:37523548","topic:项目管理","推断主题","DSODMCPKFZL","电视ODM产品开发资料","ROKU项目软件信息整理","1"
"page:33067160","page:73335142","包含目录","DSODMCPKFZL","电视ODM产品开发资料","电视ODM产品开发资料 主页 / 文件列表","1"
"page:73335142","topic:其他","推断主题","DSODMCPKFZL","电视ODM产品开发资料","文件列表","1"
"page:73335142","page:73335143","包含目录","DSODMCPKFZL","电视ODM产品开发资料","电视ODM产品开发资料 主页 / 文件列表 / 海信音响产品介绍","1"
"page:73335143","topic:其他","推断主题","DSODMCPKFZL","电视ODM产品开发资料","海信音响产品介绍","1"
"space:RUANJIANYANFA","page:4489435","空间首页","RUANJIANYANFA","电视产品软件所","电视产品软件所 Home","1"
"page:4489435","topic:其他","推断主题","RUANJIANYANFA","电视产品软件所","电视产品软件所 Home","1"
"page:4489435","page:14535109","包含目录","RUANJIANYANFA","电视产品软件所","电视产品软件所 Home / 0、常用页面工具和URL","1"
"page:14535109","topic:其他","推断主题","RUANJIANYANFA","电视产品软件所","0、常用页面工具和URL","1"
"page:14535109","page:79792683","包含目录","RUANJIANYANFA","电视产品软件所","电视产品软件所 Home / 0、常用页面工具和URL / 内销电视整机软件所用餐统计","1"
"page:79792683","topic:数据与质量","推断主题","RUANJIANYANFA","电视产品软件所","内销电视整机软件所用餐统计","1"
"page:4489435","page:81887475","包含目录","RUANJIANYANFA","电视产品软件所","电视产品软件所 Home / 1、产品线管理","1"
"page:81887475","topic:项目管理","推断主题","RUANJIANYANFA","电视产品软件所","1、产品线管理","1"
"page:81887475","page:14839548","包含目录","RUANJIANYANFA","电视产品软件所","电视产品软件所 Home / 1、产品线管理 / 10、芯片论证及新品策划","1"
"page:14839548","topic:项目管理","推断主题","RUANJIANYANFA","电视产品软件所","10、芯片论证及新品策划","1"
"page:81887475","page:16654659","包含目录","RUANJIANYANFA","电视产品软件所","电视产品软件所 Home / 1、产品线管理 / 12、竞品分析","1"
"page:16654659","topic:问题与复盘","推断主题","RUANJIANYANFA","电视产品软件所","12、竞品分析","1"
"page:81887475","page:35619386","包含目录","RUANJIANYANFA","电视产品软件所","电视产品软件所 Home / 1、产品线管理 / 13、芯片商培训资料","1"
"page:35619386","topic:培训与知识","推断主题","RUANJIANYANFA","电视产品软件所","13、芯片商培训资料","1"
"page:81887475","page:70779000","包含目录","RUANJIANYANFA","电视产品软件所","电视产品软件所 Home / 1、产品线管理 / 15、产品线工作","1"
"page:70779000","topic:项目管理","推断主题","RUANJIANYANFA","电视产品软件所","15、产品线工作","1"
"page:81887475","page:121832568","包含目录","RUANJIANYANFA","电视产品软件所","电视产品软件所 Home / 1、产品线管理 / 1、内销软件例会","1"
"page:121832568","topic:会议与协同","推断主题","RUANJIANYANFA","电视产品软件所","1、内销软件例会","1"
"page:81887475","page:116828158","包含目录","RUANJIANYANFA","电视产品软件所","电视产品软件所 Home / 1、产品线管理 / 2021新品跟踪","1"
"page:116828158","topic:项目管理","推断主题","RUANJIANYANFA","电视产品软件所","2021新品跟踪","1"
"page:81887475","page:126920921","包含目录","RUANJIANYANFA","电视产品软件所","电视产品软件所 Home / 1、产品线管理 / 2、内销软件周报","1"
"page:126920921","topic:项目管理","推断主题","RUANJIANYANFA","电视产品软件所","2、内销软件周报","1"
"page:81887475","page:4489467","包含目录","RUANJIANYANFA","电视产品软件所","电视产品软件所 Home / 1、产品线管理 / 3、管理过程改善","1"
"page:4489467","topic:项目管理","推断主题","RUANJIANYANFA","电视产品软件所","3、管理过程改善","1"
"page:81887475","page:136151654","包含目录","RUANJIANYANFA","电视产品软件所","电视产品软件所 Home / 1、产品线管理 / 4、新型项目周报","1"
"page:136151654","topic:项目管理","推断主题","RUANJIANYANFA","电视产品软件所","4、新型项目周报","1"
"page:81887475","page:14839409","包含目录","RUANJIANYANFA","电视产品软件所","电视产品软件所 Home / 1、产品线管理 / AndroidO 沟通会待确认问题","1"
"page:14839409","topic:问题与复盘","推断主题","RUANJIANYANFA","电视产品软件所","AndroidO 沟通会待确认问题","1"
"page:81887475","page:95821641","包含目录","RUANJIANYANFA","电视产品软件所","电视产品软件所 Home / 1、产品线管理 / IPD组织架构调整后主要问题收集","1"
"page:95821641","topic:设计与架构","推断主题","RUANJIANYANFA","电视产品软件所","IPD组织架构调整后主要问题收集","1"
"page:81887475","page:14830035","包含目录","RUANJIANYANFA","电视产品软件所","电视产品软件所 Home / 1、产品线管理 / LT88K7900UA 项目总结","1"
"page:14830035","topic:项目管理","推断主题","RUANJIANYANFA","电视产品软件所","LT88K7900UA 项目总结","1"
"page:81887475","page:87169277","包含目录","RUANJIANYANFA","电视产品软件所","电视产品软件所 Home / 1、产品线管理 / VOC(voice of customer)调研及分析","1"
"page:87169277","topic:问题与复盘","推断主题","RUANJIANYANFA","电视产品软件所","VOC(voice of customer)调研及分析","1"
"page:81887475","page:4489458","包含目录","RUANJIANYANFA","电视产品软件所","电视产品软件所 Home / 1、产品线管理 / 产品线会议记录","1"
"page:4489458","topic:会议与协同","推断主题","RUANJIANYANFA","电视产品软件所","产品线会议记录","1"
"page:81887475","page:15761653","包含目录","RUANJIANYANFA","电视产品软件所","电视产品软件所 Home / 1、产品线管理 / 产品需求","1"
"page:15761653","topic:需求与功能","推断主题","RUANJIANYANFA","电视产品软件所","产品需求","1"
"page:81887475","page:15862624","包含目录","RUANJIANYANFA","电视产品软件所","电视产品软件所 Home / 1、产品线管理 / 公共技术","1"
"page:15862624","topic:项目管理","推断主题","RUANJIANYANFA","电视产品软件所","公共技术","1"
"page:81887475","page:4489376","包含目录","RUANJIANYANFA","电视产品软件所","电视产品软件所 Home / 1、产品线管理 / 内销智能电视通用技术平台版本演进","1"
"page:4489376","topic:版本与计划","推断主题","RUANJIANYANFA","电视产品软件所","内销智能电视通用技术平台版本演进","1"
"page:81887475","page:93784378","包含目录","RUANJIANYANFA","电视产品软件所","电视产品软件所 Home / 1、产品线管理 / 样机管理排查","1"
"page:93784378","topic:项目管理","推断主题","RUANJIANYANFA","电视产品软件所","样机管理排查","1"
"page:81887475","page:139729408","包含目录","RUANJIANYANFA","电视产品软件所","电视产品软件所 Home / 1、产品线管理 / 直播健映射为LiveTV，删除直播tab 统计","1"
"page:139729408","topic:项目管理","推断主题","RUANJIANYANFA","电视产品软件所","直播健映射为LiveTV，删除直播tab 统计","1"
"page:4489435","page:81887456","包含目录","RUANJIANYANFA","电视产品软件所","电视产品软件所 Home / 2、部门管理","1"
"page:81887456","topic:项目管理","推断主题","RUANJIANYANFA","电视产品软件所","2、部门管理","1"
"page:81887456","page:114198263","包含目录","RUANJIANYANFA","电视产品软件所","电视产品软件所 Home / 2、部门管理 / 10、春节去向统计","1"
"page:114198263","topic:项目管理","推断主题","RUANJIANYANFA","电视产品软件所","10、春节去向统计","1"
"page:81887456","page:118954653","包含目录","RUANJIANYANFA","电视产品软件所","电视产品软件所 Home / 2、部门管理 / 11、电脑使用情况管理","1"
"page:118954653","topic:项目管理","推断主题","RUANJIANYANFA","电视产品软件所","11、电脑使用情况管理","1"
"page:81887456","page:120525979","包含目录","RUANJIANYANFA","电视产品软件所","电视产品软件所 Home / 2、部门管理 / 12 、费用预算","1"
"page:120525979","topic:项目管理","推断主题","RUANJIANYANFA","电视产品软件所","12 、费用预算","1"
"page:81887456","page:81887488","包含目录","RUANJIANYANFA","电视产品软件所","电视产品软件所 Home / 2、部门管理 / 1、基础管理","1"
"page:81887488","topic:项目管理","推断主题","RUANJIANYANFA","电视产品软件所","1、基础管理","1"
"page:81887456","page:151627256","包含目录","RUANJIANYANFA","电视产品软件所","电视产品软件所 Home / 2、部门管理 / 2022年春节放假去向统计","1"
"page:151627256","topic:项目管理","推断主题","RUANJIANYANFA","电视产品软件所","2022年春节放假去向统计","1"
"page:81887456","page:81895533","包含目录","RUANJIANYANFA","电视产品软件所","电视产品软件所 Home / 2、部门管理 / 2、招聘管理","1"
"page:81895533","topic:项目管理","推断主题","RUANJIANYANFA","电视产品软件所","2、招聘管理","1"
"page:81887456","page:82576278","包含目录","RUANJIANYANFA","电视产品软件所","电视产品软件所 Home / 2、部门管理 / 3、重点课题","1"
"page:82576278","topic:项目管理","推断主题","RUANJIANYANFA","电视产品软件所","3、重点课题","1"
"page:81887456","page:84651712","包含目录","RUANJIANYANFA","电视产品软件所","电视产品软件所 Home / 2、部门管理 / 4、指标数据","1"
"page:84651712","topic:项目管理","推断主题","RUANJIANYANFA","电视产品软件所","4、指标数据","1"
"page:81887456","page:87168485","包含目录","RUANJIANYANFA","电视产品软件所","电视产品软件所 Home / 2、部门管理 / 5、工作交接","1"
"page:87168485","topic:项目管理","推断主题","RUANJIANYANFA","电视产品软件所","5、工作交接","1"
"page:81887456","page:92280006","包含目录","RUANJIANYANFA","电视产品软件所","电视产品软件所 Home / 2、部门管理 / 6、职位晋升","1"
"page:92280006","topic:项目管理","推断主题","RUANJIANYANFA","电视产品软件所","6、职位晋升","1"
"page:81887456","page:95160214","包含目录","RUANJIANYANFA","电视产品软件所","电视产品软件所 Home / 2、部门管理 / 7、应知应会","1"
"page:95160214","topic:项目管理","推断主题","RUANJIANYANFA","电视产品软件所","7、应知应会","1"
"page:81887456","page:100043706","包含目录","RUANJIANYANFA","电视产品软件所","电视产品软件所 Home / 2、部门管理 / 8、会议纪要","1"
"page:100043706","topic:会议与协同","推断主题","RUANJIANYANFA","电视产品软件所","8、会议纪要","1"
"page:81887456","page:102110794","包含目录","RUANJIANYANFA","电视产品软件所","电视产品软件所 Home / 2、部门管理 / 9、防疫工作管理","1"
"page:102110794","topic:项目管理","推断主题","RUANJIANYANFA","电视产品软件所","9、防疫工作管理","1"
"page:4489435","page:81887460","包含目录","RUANJIANYANFA","电视产品软件所","电视产品软件所 Home / 3、科室管理","1"
"page:81887460","topic:项目管理","推断主题","RUANJIANYANFA","电视产品软件所","3、科室管理","1"
"page:81887460","page:122494971","包含目录","RUANJIANYANFA","电视产品软件所","电视产品软件所 Home / 3、科室管理 / 人力资源分配","1"
"page:122494971","topic:项目管理","推断主题","RUANJIANYANFA","电视产品软件所","人力资源分配","1"
"page:81887460","page:4489409","包含目录","RUANJIANYANFA","电视产品软件所","电视产品软件所 Home / 3、科室管理 / 内销B2B业务室","1"
"page:4489409","topic:项目管理","推断主题","RUANJIANYANFA","电视产品软件所","内销B2B业务室","1"
"page:81887460","page:4489517","包含目录","RUANJIANYANFA","电视产品软件所","电视产品软件所 Home / 3、科室管理 / 内销电视系统室","1"
"page:4489517","topic:项目管理","推断主题","RUANJIANYANFA","电视产品软件所","内销电视系统室","1"
"page:81887460","page:80453272","包含目录","RUANJIANYANFA","电视产品软件所","电视产品软件所 Home / 3、科室管理 / 内销软件支撑室","1"
"page:80453272","topic:项目管理","推断主题","RUANJIANYANFA","电视产品软件所","内销软件支撑室","1"
"page:81887460","page:80451875","包含目录","RUANJIANYANFA","电视产品软件所","电视产品软件所 Home / 3、科室管理 / 新型显示业务室","1"
"page:80451875","topic:项目管理","推断主题","RUANJIANYANFA","电视产品软件所","新型显示业务室","1"
"page:81887460","page:173056391","包含目录","RUANJIANYANFA","电视产品软件所","电视产品软件所 Home / 3、科室管理 / 海外电视业务室","1"
"page:173056391","topic:项目管理","推断主题","RUANJIANYANFA","电视产品软件所","海外电视业务室","1"
"page:81887460","page:5832716","包含目录","RUANJIANYANFA","电视产品软件所","电视产品软件所 Home / 3、科室管理 / 海外电视系统室","1"
"page:5832716","topic:项目管理","推断主题","RUANJIANYANFA","电视产品软件所","海外电视系统室","1"
"page:81887460","page:81892555","包含目录","RUANJIANYANFA","电视产品软件所","电视产品软件所 Home / 3、科室管理 / 渠道工程业务室","1"
"page:81892555","topic:项目管理","推断主题","RUANJIANYANFA","电视产品软件所","渠道工程业务室","1"
"page:81887460","page:137633733","包含目录","RUANJIANYANFA","电视产品软件所","电视产品软件所 Home / 3、科室管理 / 激光显示业务室","1"
"page:137633733","topic:项目管理","推断主题","RUANJIANYANFA","电视产品软件所","激光显示业务室","1"
"page:4489435","page:81887495","包含目录","RUANJIANYANFA","电视产品软件所","电视产品软件所 Home / 4、创新预研","1"
"page:81887495","topic:其他","推断主题","RUANJIANYANFA","电视产品软件所","4、创新预研","1"
"page:81887495","page:87860352","包含目录","RUANJIANYANFA","电视产品软件所","电视产品软件所 Home / 4、创新预研 / 01-创新论坛及创新提案","1"
"page:87860352","topic:其他","推断主题","RUANJIANYANFA","电视产品软件所","01-创新论坛及创新提案","1"
"page:81887495","page:63309394","包含目录","RUANJIANYANFA","电视产品软件所","电视产品软件所 Home / 4、创新预研 / 02-预研管理","1"
"page:63309394","topic:项目管理","推断主题","RUANJIANYANFA","电视产品软件所","02-预研管理","1"
"page:81887495","page:91627674","包含目录","RUANJIANYANFA","电视产品软件所","电视产品软件所 Home / 4、创新预研 / 03-专利","1"
"page:91627674","topic:其他","推断主题","RUANJIANYANFA","电视产品软件所","03-专利","1"
"page:81887495","page:104793589","包含目录","RUANJIANYANFA","电视产品软件所","电视产品软件所 Home / 4、创新预研 / 04-头脑风暴","1"
"page:104793589","topic:其他","推断主题","RUANJIANYANFA","电视产品软件所","04-头脑风暴","1"
"page:81887495","page:129796236","包含目录","RUANJIANYANFA","电视产品软件所","电视产品软件所 Home / 4、创新预研 / 05-创新预研管理","1"
"page:129796236","topic:项目管理","推断主题","RUANJIANYANFA","电视产品软件所","05-创新预研管理","1"
"page:81887495","page:14840361","包含目录","RUANJIANYANFA","电视产品软件所","电视产品软件所 Home / 4、创新预研 / 11、创新成果","1"
"page:14840361","topic:其他","推断主题","RUANJIANYANFA","电视产品软件所","11、创新成果","1"
"page:81887495","page:56820079","包含目录","RUANJIANYANFA","电视产品软件所","电视产品软件所 Home / 4、创新预研 / 14、创新小组","1"
"page:56820079","topic:其他","推断主题","RUANJIANYANFA","电视产品软件所","14、创新小组","1"
"page:81887495","page:184461555","包含目录","RUANJIANYANFA","电视产品软件所","电视产品软件所 Home / 4、创新预研 / 2022创新展项目日报","1"
"page:184461555","topic:项目管理","推断主题","RUANJIANYANFA","电视产品软件所","2022创新展项目日报","1"
"page:81887495","page:4489366","包含目录","RUANJIANYANFA","电视产品软件所","电视产品软件所 Home / 4、创新预研 / 软件优化项目--LiveTV","1"
"page:4489366","topic:项目管理","推断主题","RUANJIANYANFA","电视产品软件所","软件优化项目--LiveTV","1"
"page:81887495","page:22053009","包含目录","RUANJIANYANFA","电视产品软件所","电视产品软件所 Home / 4、创新预研 / 预研项目： 基于智能场景的软件框架技术研究二期","1"
"page:22053009","topic:项目管理","推断主题","RUANJIANYANFA","电视产品软件所","预研项目： 基于智能场景的软件框架技术研究二期","1"
"page:81887495","page:14543766","包含目录","RUANJIANYANFA","电视产品软件所","电视产品软件所 Home / 4、创新预研 / 预研项目： 电视端虚拟智能助理技术的应用  开发计划","1"
"page:14543766","topic:版本与计划","推断主题","RUANJIANYANFA","电视产品软件所","预研项目： 电视端虚拟智能助理技术的应用  开发计划","1"
"page:4489435","page:81887497","包含目录","RUANJIANYANFA","电视产品软件所","电视产品软件所 Home / 5、流程规范","1"
"page:81887497","topic:规范与流程","推断主题","RUANJIANYANFA","电视产品软件所","5、流程规范","1"
"page:81887497","page:14830849","包含目录","RUANJIANYANFA","电视产品软件所","电视产品软件所 Home / 5、流程规范 / 软件开发规范管理","1"
"page:14830849","topic:规范与流程","推断主题","RUANJIANYANFA","电视产品软件所","软件开发规范管理","1"
"page:81887497","page:130454068","包含目录","RUANJIANYANFA","电视产品软件所","电视产品软件所 Home / 5、流程规范 / 软件流程体系建设-研发中心文件一点通V20240221","1"
"page:130454068","topic:规范与流程","推断主题","RUANJIANYANFA","电视产品软件所","软件流程体系建设-研发中心文件一点通V20240221","1"
"page:4489435","page:73894898","包含目录","RUANJIANYANFA","电视产品软件所","电视产品软件所 Home / 6、质量管理","1"
"page:73894898","topic:项目管理","推断主题","RUANJIANYANFA","电视产品软件所","6、质量管理","1"
"page:73894898","page:73896000","包含目录","RUANJIANYANFA","电视产品软件所","电视产品软件所 Home / 6、质量管理 / 1、市场问题","1"
"page:73896000","topic:问题与复盘","推断主题","RUANJIANYANFA","电视产品软件所","1、市场问题","1"
"page:73894898","page:73896011","包含目录","RUANJIANYANFA","电视产品软件所","电视产品软件所 Home / 6、质量管理 / 2、NPS","1"
"page:73896011","topic:问题与复盘","推断主题","RUANJIANYANFA","电视产品软件所","2、NPS","1"
"page:73894898","page:89002544","包含目录","RUANJIANYANFA","电视产品软件所","电视产品软件所 Home / 6、质量管理 / 3、生产/市场（含NPS）/集团抽检质量问题","1"
"page:89002544","topic:问题与复盘","推断主题","RUANJIANYANFA","电视产品软件所","3、生产/市场（含NPS）/集团抽检质量问题","1"
"page:73894898","page:97193345","包含目录","RUANJIANYANFA","电视产品软件所","电视产品软件所 Home / 6、质量管理 / 4、质量改善(QC活动)","1"
"page:97193345","topic:项目管理","推断主题","RUANJIANYANFA","电视产品软件所","4、质量改善(QC活动)","1"
"page:73894898","page:103421988","包含目录","RUANJIANYANFA","电视产品软件所","电视产品软件所 Home / 6、质量管理 / 5、超期问题","1"
"page:103421988","topic:问题与复盘","推断主题","RUANJIANYANFA","电视产品软件所","5、超期问题","1"
"page:73894898","page:114201166","包含目录","RUANJIANYANFA","电视产品软件所","电视产品软件所 Home / 6、质量管理 / 6、版本管理","1"
"page:114201166","topic:版本与计划","推断主题","RUANJIANYANFA","电视产品软件所","6、版本管理","1"
"page:73894898","page:195235214","包含目录","RUANJIANYANFA","电视产品软件所","电视产品软件所 Home / 6、质量管理 / 7、OTA数据分析","1"
"page:195235214","topic:问题与复盘","推断主题","RUANJIANYANFA","电视产品软件所","7、OTA数据分析","1"
"page:4489435","page:4489639","包含目录","RUANJIANYANFA","电视产品软件所","电视产品软件所 Home / 7、经验交流","1"
"page:4489639","topic:其他","推断主题","RUANJIANYANFA","电视产品软件所","7、经验交流","1"
"page:4489639","page:4489770","包含目录","RUANJIANYANFA","电视产品软件所","电视产品软件所 Home / 7、经验交流 / 2、工具使用文档","1"
"page:4489770","topic:规范与流程","推断主题","RUANJIANYANFA","电视产品软件所","2、工具使用文档","1"
"page:4489639","page:4489635","包含目录","RUANJIANYANFA","电视产品软件所","电视产品软件所 Home / 7、经验交流 / 4、经验分享","1"
"page:4489635","topic:其他","推断主题","RUANJIANYANFA","电视产品软件所","4、经验分享","1"
"page:4489639","page:4489756","包含目录","RUANJIANYANFA","电视产品软件所","电视产品软件所 Home / 7、经验交流 / 6、FAQ","1"
"page:4489756","topic:其他","推断主题","RUANJIANYANFA","电视产品软件所","6、FAQ","1"
"page:4489639","page:12978548","包含目录","RUANJIANYANFA","电视产品软件所","电视产品软件所 Home / 7、经验交流 / 关于mac os serria   无法使用Citrix问题的解决方案","1"
"page:12978548","topic:设计与架构","推断主题","RUANJIANYANFA","电视产品软件所","关于mac os serria   无法使用Citrix问题的解决方案","1"
"page:4489639","page:95817182","包含目录","RUANJIANYANFA","电视产品软件所","电视产品软件所 Home / 7、经验交流 / 内销产品软件所VPN账号名单","1"
"page:95817182","topic:其他","推断主题","RUANJIANYANFA","电视产品软件所","内销产品软件所VPN账号名单","1"
"page:4489639","page:65177480","包含目录","RUANJIANYANFA","电视产品软件所","电视产品软件所 Home / 7、经验交流 / 定制开机图片需求汇总20190903","1"
"page:65177480","topic:需求与功能","推断主题","RUANJIANYANFA","电视产品软件所","定制开机图片需求汇总20190903","1"
"page:4489639","page:4489290","包含目录","RUANJIANYANFA","电视产品软件所","电视产品软件所 Home / 7、经验交流 / 对HAL编译时的头文件查找的一些疑惑","1"
"page:4489290","topic:其他","推断主题","RUANJIANYANFA","电视产品软件所","对HAL编译时的头文件查找的一些疑惑","1"
"page:4489639","page:4489598","包含目录","RUANJIANYANFA","电视产品软件所","电视产品软件所 Home / 7、经验交流 / 指南文章","1"
"page:4489598","topic:规范与流程","推断主题","RUANJIANYANFA","电视产品软件所","指南文章","1"
"page:4489639","page:92930471","包含目录","RUANJIANYANFA","电视产品软件所","电视产品软件所 Home / 7、经验交流 / 方案商交流","1"
"page:92930471","topic:设计与架构","推断主题","RUANJIANYANFA","电视产品软件所","方案商交流","1"
"page:4489639","page:89003102","包含目录","RUANJIANYANFA","电视产品软件所","电视产品软件所 Home / 7、经验交流 / 海思交流","1"
"page:89003102","topic:其他","推断主题","RUANJIANYANFA","电视产品软件所","海思交流","1"
"page:4489435","page:4489796","包含目录","RUANJIANYANFA","电视产品软件所","电视产品软件所 Home / 8、培训管理","1"
"page:4489796","topic:培训与知识","推断主题","RUANJIANYANFA","电视产品软件所","8、培训管理","1"
"page:4489796","page:14544289","包含目录","RUANJIANYANFA","电视产品软件所","电视产品软件所 Home / 8、培训管理 / 培训课时汇总","1"
"page:14544289","topic:培训与知识","推断主题","RUANJIANYANFA","电视产品软件所","培训课时汇总","1"
"page:4489796","page:4489872","包含目录","RUANJIANYANFA","电视产品软件所","电视产品软件所 Home / 8、培训管理 / 培训资料","1"
"page:4489872","topic:培训与知识","推断主题","RUANJIANYANFA","电视产品软件所","培训资料","1"
"page:4489796","page:129797328","包含目录","RUANJIANYANFA","电视产品软件所","电视产品软件所 Home / 8、培训管理 / 外训流程","1"
"page:129797328","topic:规范与流程","推断主题","RUANJIANYANFA","电视产品软件所","外训流程","1"
"page:4489796","page:4489787","包含目录","RUANJIANYANFA","电视产品软件所","电视产品软件所 Home / 8、培训管理 / 流程培训","1"
"page:4489787","topic:规范与流程","推断主题","RUANJIANYANFA","电视产品软件所","流程培训","1"
"page:4489796","page:94473523","包含目录","RUANJIANYANFA","电视产品软件所","电视产品软件所 Home / 8、培训管理 / 软件新流程主规程培训计划","1"
"page:94473523","topic:版本与计划","推断主题","RUANJIANYANFA","电视产品软件所","软件新流程主规程培训计划","1"
"page:4489796","page:4489360","包含目录","RUANJIANYANFA","电视产品软件所","电视产品软件所 Home / 8、培训管理 / 部门培训计划","1"
"page:4489360","topic:版本与计划","推断主题","RUANJIANYANFA","电视产品软件所","部门培训计划","1"
"page:4489435","page:4489568","包含目录","RUANJIANYANFA","电视产品软件所","电视产品软件所 Home / 8、关键技术方向","1"
"page:4489568","topic:其他","推断主题","RUANJIANYANFA","电视产品软件所","8、关键技术方向","1"
"page:4489568","page:62619683","包含目录","RUANJIANYANFA","电视产品软件所","电视产品软件所 Home / 8、关键技术方向 / 2019年NPS改善措施跟踪表","1"
"page:62619683","topic:问题与复盘","推断主题","RUANJIANYANFA","电视产品软件所","2019年NPS改善措施跟踪表","1"
"page:4489568","page:4489590","包含目录","RUANJIANYANFA","电视产品软件所","电视产品软件所 Home / 8、关键技术方向 / B2B（教育，酒店）","1"
"page:4489590","topic:其他","推断主题","RUANJIANYANFA","电视产品软件所","B2B（教育，酒店）","1"
"page:4489568","page:4489592","包含目录","RUANJIANYANFA","电视产品软件所","电视产品软件所 Home / 8、关键技术方向 / 信芯（画质，物联网）","1"
"page:4489592","topic:其他","推断主题","RUANJIANYANFA","电视产品软件所","信芯（画质，物联网）","1"
"page:4489568","page:4489919","包含目录","RUANJIANYANFA","电视产品软件所","电视产品软件所 Home / 8、关键技术方向 / 前沿公司信息","1"
"page:4489919","topic:其他","推断主题","RUANJIANYANFA","电视产品软件所","前沿公司信息","1"
"page:4489568","page:4489569","包含目录","RUANJIANYANFA","电视产品软件所","电视产品软件所 Home / 8、关键技术方向 / 新型交互技术(AI...)","1"
"page:4489569","topic:其他","推断主题","RUANJIANYANFA","电视产品软件所","新型交互技术(AI...)","1"
"page:4489568","page:4489586","包含目录","RUANJIANYANFA","电视产品软件所","电视产品软件所 Home / 8、关键技术方向 / 新型显示技术(VR/AR...)","1"
"page:4489586","topic:其他","推断主题","RUANJIANYANFA","电视产品软件所","新型显示技术(VR/AR...)","1"
"page:4489568","page:4489585","包含目录","RUANJIANYANFA","电视产品软件所","电视产品软件所 Home / 8、关键技术方向 / 显示技术","1"
"page:4489585","topic:其他","推断主题","RUANJIANYANFA","电视产品软件所","显示技术","1"
"page:4489568","page:4489580","包含目录","RUANJIANYANFA","电视产品软件所","电视产品软件所 Home / 8、关键技术方向 / 智能制造","1"
"page:4489580","topic:其他","推断主题","RUANJIANYANFA","电视产品软件所","智能制造","1"
"page:4489568","page:4489571","包含目录","RUANJIANYANFA","电视产品软件所","电视产品软件所 Home / 8、关键技术方向 / 智能家居","1"
"page:4489571","topic:其他","推断主题","RUANJIANYANFA","电视产品软件所","智能家居","1"
"page:4489568","page:4489582","包含目录","RUANJIANYANFA","电视产品软件所","电视产品软件所 Home / 8、关键技术方向 / 激光影院","1"
"page:4489582","topic:其他","推断主题","RUANJIANYANFA","电视产品软件所","激光影院","1"
"page:4489568","page:4489605","包含目录","RUANJIANYANFA","电视产品软件所","电视产品软件所 Home / 8、关键技术方向 / 行业技术动态","1"
"page:4489605","topic:其他","推断主题","RUANJIANYANFA","电视产品软件所","行业技术动态","1"
"page:4489568","page:4489572","包含目录","RUANJIANYANFA","电视产品软件所","电视产品软件所 Home / 8、关键技术方向 / 质量/性能/进度/可制造型/基础运营/","1"
"page:4489572","topic:项目管理","推断主题","RUANJIANYANFA","电视产品软件所","质量/性能/进度/可制造型/基础运营/","1"
"page:4489568","page:4489587","包含目录","RUANJIANYANFA","电视产品软件所","电视产品软件所 Home / 8、关键技术方向 / 运营","1"
"page:4489587","topic:其他","推断主题","RUANJIANYANFA","电视产品软件所","运营","1"
"page:4489435","page:12978322","包含目录","RUANJIANYANFA","电视产品软件所","电视产品软件所 Home / 9、新员工入职","1"
"page:12978322","topic:其他","推断主题","RUANJIANYANFA","电视产品软件所","9、新员工入职","1"
"page:12978322","page:4489923","包含目录","RUANJIANYANFA","电视产品软件所","电视产品软件所 Home / 9、新员工入职 / 16届新员工培养计划","1"
"page:4489923","topic:版本与计划","推断主题","RUANJIANYANFA","电视产品软件所","16届新员工培养计划","1"
"page:12978322","page:14548564","包含目录","RUANJIANYANFA","电视产品软件所","电视产品软件所 Home / 9、新员工入职 / 17届新员工培养计划","1"
"page:14548564","topic:版本与计划","推断主题","RUANJIANYANFA","电视产品软件所","17届新员工培养计划","1"
"page:12978322","page:107780015","包含目录","RUANJIANYANFA","电视产品软件所","电视产品软件所 Home / 9、新员工入职 / 2020新员工雄鹰计划","1"
"page:107780015","topic:版本与计划","推断主题","RUANJIANYANFA","电视产品软件所","2020新员工雄鹰计划","1"
"page:12978322","page:87851731","包含目录","RUANJIANYANFA","电视产品软件所","电视产品软件所 Home / 9、新员工入职 / 信息安全培训","1"
"page:87851731","topic:培训与知识","推断主题","RUANJIANYANFA","电视产品软件所","信息安全培训","1"
"page:12978322","page:114198431","包含目录","RUANJIANYANFA","电视产品软件所","电视产品软件所 Home / 9、新员工入职 / 分支管理规则","1"
"page:114198431","topic:项目管理","推断主题","RUANJIANYANFA","电视产品软件所","分支管理规则","1"
"page:12978322","page:16845305","包含目录","RUANJIANYANFA","电视产品软件所","电视产品软件所 Home / 9、新员工入职 / 启动任务-电视平台组","1"
"page:16845305","topic:项目管理","推断主题","RUANJIANYANFA","电视产品软件所","启动任务-电视平台组","1"
"page:12978322","page:29229853","包含目录","RUANJIANYANFA","电视产品软件所","电视产品软件所 Home / 9、新员工入职 / 外包人员入职手册","1"
"page:29229853","topic:规范与流程","推断主题","RUANJIANYANFA","电视产品软件所","外包人员入职手册","1"
"page:12978322","page:107778277","包含目录","RUANJIANYANFA","电视产品软件所","电视产品软件所 Home / 9、新员工入职 / 新员工入职","1"
"page:107778277","topic:其他","推断主题","RUANJIANYANFA","电视产品软件所","新员工入职","1"
"page:12978322","page:4489240","包含目录","RUANJIANYANFA","电视产品软件所","电视产品软件所 Home / 9、新员工入职 / 新员工每日分享会文件共享","1"
"page:4489240","topic:其他","推断主题","RUANJIANYANFA","电视产品软件所","新员工每日分享会文件共享","1"
"page:12978322","page:4489309","包含目录","RUANJIANYANFA","电视产品软件所","电视产品软件所 Home / 9、新员工入职 / 电视平台软件所新员工培养指南 -2018","1"
"page:4489309","topic:规范与流程","推断主题","RUANJIANYANFA","电视产品软件所","电视平台软件所新员工培养指南 -2018","1"
"page:12978322","page:17174454","包含目录","RUANJIANYANFA","电视产品软件所","电视产品软件所 Home / 9、新员工入职 / 电视平台软件所新员工培养指南-","1"
"page:17174454","topic:规范与流程","推断主题","RUANJIANYANFA","电视产品软件所","电视平台软件所新员工培养指南-","1"
"page:12978322","page:110690893","包含目录","RUANJIANYANFA","电视产品软件所","电视产品软件所 Home / 9、新员工入职 / 软件测试培训","1"
"page:110690893","topic:测试与验证","推断主题","RUANJIANYANFA","电视产品软件所","软件测试培训","1"
"page:4489435","page:101422664","包含目录","RUANJIANYANFA","电视产品软件所","电视产品软件所 Home / 10、竞品分析","1"
"page:101422664","topic:问题与复盘","推断主题","RUANJIANYANFA","电视产品软件所","10、竞品分析","1"
"page:101422664","page:122491307","包含目录","RUANJIANYANFA","电视产品软件所","电视产品软件所 Home / 10、竞品分析 / 2021年竞品分析","1"
"page:122491307","topic:问题与复盘","推断主题","RUANJIANYANFA","电视产品软件所","2021年竞品分析","1"
"page:101422664","page:123997125","包含目录","RUANJIANYANFA","电视产品软件所","电视产品软件所 Home / 10、竞品分析 / 前期竞品分析","1"
"page:123997125","topic:问题与复盘","推断主题","RUANJIANYANFA","电视产品软件所","前期竞品分析","1"
"page:101422664","page:165751417","包含目录","RUANJIANYANFA","电视产品软件所","电视产品软件所 Home / 10、竞品分析 / 2022年TCP分析","1"
"page:165751417","topic:问题与复盘","推断主题","RUANJIANYANFA","电视产品软件所","2022年TCP分析","1"
"page:101422664","page:195240675","包含目录","RUANJIANYANFA","电视产品软件所","电视产品软件所 Home / 10、竞品分析 / 2023年TCP分析","1"
"page:195240675","topic:问题与复盘","推断主题","RUANJIANYANFA","电视产品软件所","2023年TCP分析","1"
"page:101422664","page:285345175","包含目录","RUANJIANYANFA","电视产品软件所","电视产品软件所 Home / 10、竞品分析 / 2025年TCP分析","1"
"page:285345175","topic:问题与复盘","推断主题","RUANJIANYANFA","电视产品软件所","2025年TCP分析","1"
"page:4489435","page:130454773","包含目录","RUANJIANYANFA","电视产品软件所","电视产品软件所 Home / 11、政府项目及对外合作","1"
"page:130454773","topic:项目管理","推断主题","RUANJIANYANFA","电视产品软件所","11、政府项目及对外合作","1"
"page:130454773","page:130454776","包含目录","RUANJIANYANFA","电视产品软件所","电视产品软件所 Home / 11、政府项目及对外合作 / 2021年度","1"
"page:130454776","topic:项目管理","推断主题","RUANJIANYANFA","电视产品软件所","2021年度","1"
"page:130454773","page:190363646","包含目录","RUANJIANYANFA","电视产品软件所","电视产品软件所 Home / 11、政府项目及对外合作 / 2022政府项目及标准","1"
"page:190363646","topic:规范与流程","推断主题","RUANJIANYANFA","电视产品软件所","2022政府项目及标准","1"
"page:4489435","page:4489518","包含目录","RUANJIANYANFA","电视产品软件所","电视产品软件所 Home / 内销电视业务室","1"
"page:4489518","topic:其他","推断主题","RUANJIANYANFA","电视产品软件所","内销电视业务室","1"
"page:4489518","page:73335198","包含目录","RUANJIANYANFA","电视产品软件所","电视产品软件所 Home / 内销电视业务室 / Log日志输出规范","1"
"page:73335198","topic:规范与流程","推断主题","RUANJIANYANFA","电视产品软件所","Log日志输出规范","1"
"page:4489518","page:4489622","包含目录","RUANJIANYANFA","电视产品软件所","电视产品软件所 Home / 内销电视业务室 / VIDAALiveTV","1"
"page:4489622","topic:其他","推断主题","RUANJIANYANFA","电视产品软件所","VIDAALiveTV","1"
"page:4489518","page:4489436","包含目录","RUANJIANYANFA","电视产品软件所","电视产品软件所 Home / 内销电视业务室 / VIDAA系列","1"
"page:4489436","topic:其他","推断主题","RUANJIANYANFA","电视产品软件所","VIDAA系列","1"
"page:4489518","page:4489242","包含目录","RUANJIANYANFA","电视产品软件所","电视产品软件所 Home / 内销电视业务室 / VIDAA设置","1"
"page:4489242","topic:其他","推断主题","RUANJIANYANFA","电视产品软件所","VIDAA设置","1"
"page:4489518","page:4489312","包含目录","RUANJIANYANFA","电视产品软件所","电视产品软件所 Home / 内销电视业务室 / 其他资料共享","1"
"page:4489312","topic:其他","推断主题","RUANJIANYANFA","电视产品软件所","其他资料共享","1"
"page:4489518","page:75177613","包含目录","RUANJIANYANFA","电视产品软件所","电视产品软件所 Home / 内销电视业务室 / 异常上报数据","1"
"page:75177613","topic:数据与质量","推断主题","RUANJIANYANFA","电视产品软件所","异常上报数据","1"
"page:4489518","page:53415535","包含目录","RUANJIANYANFA","电视产品软件所","电视产品软件所 Home / 内销电视业务室 / 技术分享","1"
"page:53415535","topic:其他","推断主题","RUANJIANYANFA","电视产品软件所","技术分享","1"
"page:4489518","page:14545167","包含目录","RUANJIANYANFA","电视产品软件所","电视产品软件所 Home / 内销电视业务室 / 海外项目","1"
"page:14545167","topic:项目管理","推断主题","RUANJIANYANFA","电视产品软件所","海外项目","1"
"page:4489518","page:4489853","包含目录","RUANJIANYANFA","电视产品软件所","电视产品软件所 Home / 内销电视业务室 / 激光电视","1"
"page:4489853","topic:其他","推断主题","RUANJIANYANFA","电视产品软件所","激光电视","1"
"page:4489518","page:4489846","包含目录","RUANJIANYANFA","电视产品软件所","电视产品软件所 Home / 内销电视业务室 / 独立应用App集锦","1"
"page:4489846","topic:其他","推断主题","RUANJIANYANFA","电视产品软件所","独立应用App集锦","1"
"page:4489518","page:79790762","包含目录","RUANJIANYANFA","电视产品软件所","电视产品软件所 Home / 内销电视业务室 / 电视业务室订餐信息统计","1"
"page:79790762","topic:数据与质量","推断主题","RUANJIANYANFA","电视产品软件所","电视业务室订餐信息统计","1"
"page:4489518","page:4489732","包含目录","RUANJIANYANFA","电视产品软件所","电视产品软件所 Home / 内销电视业务室 / 电视业务组属性汇总","1"
"page:4489732","topic:其他","推断主题","RUANJIANYANFA","电视产品软件所","电视业务组属性汇总","1"
"page:4489518","page:68849579","包含目录","RUANJIANYANFA","电视产品软件所","电视产品软件所 Home / 内销电视业务室 / 蒋淼淼工作交接","1"
"page:68849579","topic:其他","推断主题","RUANJIANYANFA","电视产品软件所","蒋淼淼工作交接","1"
"page:4489518","page:63898124","包含目录","RUANJIANYANFA","电视产品软件所","电视产品软件所 Home / 内销电视业务室 / 语音模块","1"
"page:63898124","topic:其他","推断主题","RUANJIANYANFA","电视产品软件所","语音模块","1"
"page:4489435","page:4489405","包含目录","RUANJIANYANFA","电视产品软件所","电视产品软件所 Home / 软件配置技术组","1"
"page:4489405","topic:其他","推断主题","RUANJIANYANFA","电视产品软件所","软件配置技术组","1"
"page:4489405","page:4489403","包含目录","RUANJIANYANFA","电视产品软件所","电视产品软件所 Home / 软件配置技术组 / 2015-09-01 - 会议记录","1"
"page:4489403","topic:会议与协同","推断主题","RUANJIANYANFA","电视产品软件所","2015-09-01 - 会议记录","1"
"page:4489405","page:4489969","包含目录","RUANJIANYANFA","电视产品软件所","电视产品软件所 Home / 软件配置技术组 / 2015-09-22 - 会议记录","1"
"page:4489969","topic:会议与协同","推断主题","RUANJIANYANFA","电视产品软件所","2015-09-22 - 会议记录","1"
"page:4489405","page:13714390","包含目录","RUANJIANYANFA","电视产品软件所","电视产品软件所 Home / 软件配置技术组 / 云内Ubuntu12.04下Sonatype Nexus 安装设置与jcenter镜像","1"
"page:13714390","topic:其他","推断主题","RUANJIANYANFA","电视产品软件所","云内Ubuntu12.04下Sonatype Nexus 安装设置与jcenter镜像","1"
"page:4489405","page:4489681","包含目录","RUANJIANYANFA","电视产品软件所","电视产品软件所 Home / 软件配置技术组 / 基于持续集成的电视软件自动化部署及测试应用贴","1"
"page:4489681","topic:设计与架构","推断主题","RUANJIANYANFA","电视产品软件所","基于持续集成的电视软件自动化部署及测试应用贴","1"
"page:4489405","page:4489355","包含目录","RUANJIANYANFA","电视产品软件所","电视产品软件所 Home / 软件配置技术组 / 朱兰质量手册培训","1"
"page:4489355","topic:规范与流程","推断主题","RUANJIANYANFA","电视产品软件所","朱兰质量手册培训","1"
"page:4489435","page:102107361","包含目录","RUANJIANYANFA","电视产品软件所","电视产品软件所 Home / 软件SE、子SE、一级业务模块梳理","1"
"page:102107361","topic:其他","推断主题","RUANJIANYANFA","电视产品软件所","软件SE、子SE、一级业务模块梳理","1"
"page:102107361","page:122494532","包含目录","RUANJIANYANFA","电视产品软件所","电视产品软件所 Home / 软件SE、子SE、一级业务模块梳理 / 原梳理","1"
"page:122494532","topic:其他","推断主题","RUANJIANYANFA","电视产品软件所","原梳理","1"
"page:4489435","page:98602877","包含目录","RUANJIANYANFA","电视产品软件所","电视产品软件所 Home / 部门知识库","1"
"page:98602877","topic:其他","推断主题","RUANJIANYANFA","电视产品软件所","部门知识库","1"
"page:98602877","page:222319004","包含目录","RUANJIANYANFA","电视产品软件所","电视产品软件所 Home / 部门知识库 / 主设计知识库","1"
"page:222319004","topic:设计与架构","推断主题","RUANJIANYANFA","电视产品软件所","主设计知识库","1"
"page:98602877","page:98602882","包含目录","RUANJIANYANFA","电视产品软件所","电视产品软件所 Home / 部门知识库 / 内销B2B业务室知识库","1"
"page:98602882","topic:其他","推断主题","RUANJIANYANFA","电视产品软件所","内销B2B业务室知识库","1"
"page:98602877","page:98602898","包含目录","RUANJIANYANFA","电视产品软件所","电视产品软件所 Home / 部门知识库 / 内销电视系统室知识库","1"
"page:98602898","topic:其他","推断主题","RUANJIANYANFA","电视产品软件所","内销电视系统室知识库","1"
"page:98602877","page:98602894","包含目录","RUANJIANYANFA","电视产品软件所","电视产品软件所 Home / 部门知识库 / 内销软件支撑室知识库","1"
"page:98602894","topic:其他","推断主题","RUANJIANYANFA","电视产品软件所","内销软件支撑室知识库","1"
"page:98602877","page:98602890","包含目录","RUANJIANYANFA","电视产品软件所","电视产品软件所 Home / 部门知识库 / 新型显示业务室知识库","1"
"page:98602890","topic:其他","推断主题","RUANJIANYANFA","电视产品软件所","新型显示业务室知识库","1"
"page:98602877","page:98602886","包含目录","RUANJIANYANFA","电视产品软件所","电视产品软件所 Home / 部门知识库 / 渠道工程业务室知识库","1"
"page:98602886","topic:其他","推断主题","RUANJIANYANFA","电视产品软件所","渠道工程业务室知识库","1"
"page:4489435","page:104799961","包含目录","RUANJIANYANFA","电视产品软件所","电视产品软件所 Home / 任职资格认证材料","1"
"page:104799961","topic:培训与知识","推断主题","RUANJIANYANFA","电视产品软件所","任职资格认证材料","1"
"page:4489435","page:118954267","包含目录","RUANJIANYANFA","电视产品软件所","电视产品软件所 Home / 内销重点工作","1"
"page:118954267","topic:其他","推断主题","RUANJIANYANFA","电视产品软件所","内销重点工作","1"
"page:4489435","page:119712018","包含目录","RUANJIANYANFA","电视产品软件所","电视产品软件所 Home / 内销软件研发部 外包人员招聘汇总","1"
"page:119712018","topic:其他","推断主题","RUANJIANYANFA","电视产品软件所","内销软件研发部 外包人员招聘汇总","1"
"page:119712018","page:119712023","包含目录","RUANJIANYANFA","电视产品软件所","电视产品软件所 Home / 内销软件研发部 外包人员招聘汇总 / 外包人员简历明细","1"
"page:119712023","topic:其他","推断主题","RUANJIANYANFA","电视产品软件所","外包人员简历明细","1"
"page:4489435","page:121832574","包含目录","RUANJIANYANFA","电视产品软件所","电视产品软件所 Home / 节假日统计","1"
"page:121832574","topic:数据与质量","推断主题","RUANJIANYANFA","电视产品软件所","节假日统计","1"
"page:121832574","page:181164950","包含目录","RUANJIANYANFA","电视产品软件所","电视产品软件所 Home / 节假日统计 / 2022年国庆节","1"
"page:181164950","topic:数据与质量","推断主题","RUANJIANYANFA","电视产品软件所","2022年国庆节","1"
"page:121832574","page:221857064","包含目录","RUANJIANYANFA","电视产品软件所","电视产品软件所 Home / 节假日统计 / 2023年国庆节需要加班的项目","1"
"page:221857064","topic:项目管理","推断主题","RUANJIANYANFA","电视产品软件所","2023年国庆节需要加班的项目","1"
"page:4489435","page:124716615","包含目录","RUANJIANYANFA","电视产品软件所","电视产品软件所 Home / EMMC标准及体系梳理小组","1"
"page:124716615","topic:规范与流程","推断主题","RUANJIANYANFA","电视产品软件所","EMMC标准及体系梳理小组","1"
"page:124716615","page:124716621","包含目录","RUANJIANYANFA","电视产品软件所","电视产品软件所 Home / EMMC标准及体系梳理小组 / 0511","1"
"page:124716621","topic:规范与流程","推断主题","RUANJIANYANFA","电视产品软件所","0511","1"
"page:124716615","page:129079892","包含目录","RUANJIANYANFA","电视产品软件所","电视产品软件所 Home / EMMC标准及体系梳理小组 / 0623复制从 目前 工作进展跟踪（6月3日-6月7日）","1"
"page:129079892","topic:规范与流程","推断主题","RUANJIANYANFA","电视产品软件所","0623复制从 目前 工作进展跟踪（6月3日-6月7日）","1"
"page:124716615","page:150734317","包含目录","RUANJIANYANFA","电视产品软件所","电视产品软件所 Home / EMMC标准及体系梳理小组 / 20220110 EMMC WAF测试","1"
"page:150734317","topic:测试与验证","推断主题","RUANJIANYANFA","电视产品软件所","20220110 EMMC WAF测试","1"
"page:124716615","page:124719777","包含目录","RUANJIANYANFA","电视产品软件所","电视产品软件所 Home / EMMC标准及体系梳理小组 / 5/12日","1"
"page:124719777","topic:规范与流程","推断主题","RUANJIANYANFA","电视产品软件所","5/12日","1"
"page:124716615","page:125468772","包含目录","RUANJIANYANFA","电视产品软件所","电视产品软件所 Home / EMMC标准及体系梳理小组 / 5/16-5/20日工作计划","1"
"page:125468772","topic:版本与计划","推断主题","RUANJIANYANFA","电视产品软件所","5/16-5/20日工作计划","1"
"page:124716615","page:130450442","包含目录","RUANJIANYANFA","电视产品软件所","电视产品软件所 Home / EMMC标准及体系梳理小组 / eMMC新旧平台导入专项测试","1"
"page:130450442","topic:测试与验证","推断主题","RUANJIANYANFA","电视产品软件所","eMMC新旧平台导入专项测试","1"
"page:124716615","page:131144914","包含目录","RUANJIANYANFA","电视产品软件所","电视产品软件所 Home / EMMC标准及体系梳理小组 / [置顶] eMMC规范内销落地实施细则","1"
"page:131144914","topic:规范与流程","推断主题","RUANJIANYANFA","电视产品软件所","[置顶] eMMC规范内销落地实施细则","1"
"page:124716615","page:131144908","包含目录","RUANJIANYANFA","电视产品软件所","电视产品软件所 Home / EMMC标准及体系梳理小组 / [置顶] eMMC规范落地闭环跟踪","1"
"page:131144908","topic:规范与流程","推断主题","RUANJIANYANFA","电视产品软件所","[置顶] eMMC规范落地闭环跟踪","1"
"page:124716615","page:129079161","包含目录","RUANJIANYANFA","电视产品软件所","电视产品软件所 Home / EMMC标准及体系梳理小组 / 目前 工作进展跟踪（6月23日-6月30日）","1"
"page:129079161","topic:规范与流程","推断主题","RUANJIANYANFA","电视产品软件所","目前 工作进展跟踪（6月23日-6月30日）","1"
"page:124716615","page:126919338","包含目录","RUANJIANYANFA","电视产品软件所","电视产品软件所 Home / EMMC标准及体系梳理小组 / 目前 工作进展跟踪（6月3日-6月7日）","1"
"page:126919338","topic:规范与流程","推断主题","RUANJIANYANFA","电视产品软件所","目前 工作进展跟踪（6月3日-6月7日）","1"
"page:124716615","page:126913984","包含目录","RUANJIANYANFA","电视产品软件所","电视产品软件所 Home / EMMC标准及体系梳理小组 / 第23周 5月31日-6/1日工作","1"
"page:126913984","topic:规范与流程","推断主题","RUANJIANYANFA","电视产品软件所","第23周 5月31日-6/1日工作","1"
"page:4489435","page:130458441","包含目录","RUANJIANYANFA","电视产品软件所","电视产品软件所 Home / 固定资产明细20210708-电脑和仪表","1"
"page:130458441","topic:其他","推断主题","RUANJIANYANFA","电视产品软件所","固定资产明细20210708-电脑和仪表","1"
"page:130458441","page:195239288","包含目录","RUANJIANYANFA","电视产品软件所","电视产品软件所 Home / 固定资产明细20210708-电脑和仪表 / 低耗领取记录","1"
"page:195239288","topic:其他","推断主题","RUANJIANYANFA","电视产品软件所","低耗领取记录","1"
"page:4489435","page:131925300","包含目录","RUANJIANYANFA","电视产品软件所","电视产品软件所 Home / 部门经费明细2026/4/29","1"
"page:131925300","topic:其他","推断主题","RUANJIANYANFA","电视产品软件所","部门经费明细2026/4/29","1"
"page:131925300","page:250640787","包含目录","RUANJIANYANFA","电视产品软件所","电视产品软件所 Home / 部门经费明细2026/4/29 / 支出明细截图","1"
"page:250640787","topic:其他","推断主题","RUANJIANYANFA","电视产品软件所","支出明细截图","1"
"page:4489435","page:131926961","包含目录","RUANJIANYANFA","电视产品软件所","电视产品软件所 Home / 出差报告和对外交流","1"
"page:131926961","topic:其他","推断主题","RUANJIANYANFA","电视产品软件所","出差报告和对外交流","1"
"page:4489435","page:134682774","包含目录","RUANJIANYANFA","电视产品软件所","电视产品软件所 Home / 方案商管理","1"
"page:134682774","topic:设计与架构","推断主题","RUANJIANYANFA","电视产品软件所","方案商管理","1"
"page:134682774","page:181147334","包含目录","RUANJIANYANFA","电视产品软件所","电视产品软件所 Home / 方案商管理 / 2020年十一假期需要支持方案商的模块","1"
"page:181147334","topic:设计与架构","推断主题","RUANJIANYANFA","电视产品软件所","2020年十一假期需要支持方案商的模块","1"
"page:134682774","page:168146717","包含目录","RUANJIANYANFA","电视产品软件所","电视产品软件所 Home / 方案商管理 / 方案商问题依赖","1"
"page:168146717","topic:设计与架构","推断主题","RUANJIANYANFA","电视产品软件所","方案商问题依赖","1"
"page:134682774","page:135431834","包含目录","RUANJIANYANFA","电视产品软件所","电视产品软件所 Home / 方案商管理 / 深圳方案商明细","1"
"page:135431834","topic:设计与架构","推断主题","RUANJIANYANFA","电视产品软件所","深圳方案商明细","1"
"page:4489435","page:134685671","包含目录","RUANJIANYANFA","电视产品软件所","电视产品软件所 Home / 无软件日报反馈","1"
"page:134685671","topic:其他","推断主题","RUANJIANYANFA","电视产品软件所","无软件日报反馈","1"
"page:134685671","page:139067617","包含目录","RUANJIANYANFA","电视产品软件所","电视产品软件所 Home / 无软件日报反馈 / 10月份无软件日报反馈","1"
"page:139067617","topic:其他","推断主题","RUANJIANYANFA","电视产品软件所","10月份无软件日报反馈","1"
"page:134685671","page:142575583","包含目录","RUANJIANYANFA","电视产品软件所","电视产品软件所 Home / 无软件日报反馈 / 11月份无软件日报反馈","1"
"page:142575583","topic:其他","推断主题","RUANJIANYANFA","电视产品软件所","11月份无软件日报反馈","1"
"page:134685671","page:145075167","包含目录","RUANJIANYANFA","电视产品软件所","电视产品软件所 Home / 无软件日报反馈 / 12月份无软件日报反馈","1"
"page:145075167","topic:其他","推断主题","RUANJIANYANFA","电视产品软件所","12月份无软件日报反馈","1"
"page:134685671","page:134685675","包含目录","RUANJIANYANFA","电视产品软件所","电视产品软件所 Home / 无软件日报反馈 / 2021/8/20 无软件日报反馈","1"
"page:134685675","topic:其他","推断主题","RUANJIANYANFA","电视产品软件所","2021/8/20 无软件日报反馈","1"
"page:134685671","page:135431099","包含目录","RUANJIANYANFA","电视产品软件所","电视产品软件所 Home / 无软件日报反馈 / 2021/8/23 无软件日报反馈","1"
"page:135431099","topic:其他","推断主题","RUANJIANYANFA","电视产品软件所","2021/8/23 无软件日报反馈","1"
"page:134685671","page:135432716","包含目录","RUANJIANYANFA","电视产品软件所","电视产品软件所 Home / 无软件日报反馈 / 2021/8/24 无软件日报反馈","1"
"page:135432716","topic:其他","推断主题","RUANJIANYANFA","电视产品软件所","2021/8/24 无软件日报反馈","1"
"page:134685671","page:135435297","包含目录","RUANJIANYANFA","电视产品软件所","电视产品软件所 Home / 无软件日报反馈 / 2021/8/25 无软件日报反馈","1"
"page:135435297","topic:其他","推断主题","RUANJIANYANFA","电视产品软件所","2021/8/25 无软件日报反馈","1"
"page:134685671","page:135435641","包含目录","RUANJIANYANFA","电视产品软件所","电视产品软件所 Home / 无软件日报反馈 / 2021/8/26 无软件日报反馈","1"
"page:135435641","topic:其他","推断主题","RUANJIANYANFA","电视产品软件所","2021/8/26 无软件日报反馈","1"
"page:134685671","page:135435643","包含目录","RUANJIANYANFA","电视产品软件所","电视产品软件所 Home / 无软件日报反馈 / 2021/8/27 无软件日报反馈","1"
"page:135435643","topic:其他","推断主题","RUANJIANYANFA","电视产品软件所","2021/8/27 无软件日报反馈","1"
"page:134685671","page:135435645","包含目录","RUANJIANYANFA","电视产品软件所","电视产品软件所 Home / 无软件日报反馈 / 2021/8/30 无软件日报反馈","1"
"page:135435645","topic:其他","推断主题","RUANJIANYANFA","电视产品软件所","2021/8/30 无软件日报反馈","1"
"page:134685671","page:135435647","包含目录","RUANJIANYANFA","电视产品软件所","电视产品软件所 Home / 无软件日报反馈 / 2021/8/31 无软件日报反馈","1"
"page:135435647","topic:其他","推断主题","RUANJIANYANFA","电视产品软件所","2021/8/31 无软件日报反馈","1"
"page:134685671","page:147820887","包含目录","RUANJIANYANFA","电视产品软件所","电视产品软件所 Home / 无软件日报反馈 / 2022年无软件日报反馈","1"
"page:147820887","topic:其他","推断主题","RUANJIANYANFA","电视产品软件所","2022年无软件日报反馈","1"
"page:134685671","page:184463858","包含目录","RUANJIANYANFA","电视产品软件所","电视产品软件所 Home / 无软件日报反馈 / 2023年无软件日报反馈","1"
"page:184463858","topic:其他","推断主题","RUANJIANYANFA","电视产品软件所","2023年无软件日报反馈","1"
"page:134685671","page:227458828","包含目录","RUANJIANYANFA","电视产品软件所","电视产品软件所 Home / 无软件日报反馈 / 2024年无软件日报反馈","1"
"page:227458828","topic:其他","推断主题","RUANJIANYANFA","电视产品软件所","2024年无软件日报反馈","1"
"page:134685671","page:285350812","包含目录","RUANJIANYANFA","电视产品软件所","电视产品软件所 Home / 无软件日报反馈 / 2025年无软件日报反馈","1"
"page:285350812","topic:其他","推断主题","RUANJIANYANFA","电视产品软件所","2025年无软件日报反馈","1"
"page:134685671","page:360809599","包含目录","RUANJIANYANFA","电视产品软件所","电视产品软件所 Home / 无软件日报反馈 / 2026年无软件日报反馈","1"
"page:360809599","topic:其他","推断主题","RUANJIANYANFA","电视产品软件所","2026年无软件日报反馈","1"
"page:134685671","page:136156760","包含目录","RUANJIANYANFA","电视产品软件所","电视产品软件所 Home / 无软件日报反馈 / 9月份无软件日报反馈","1"
"page:136156760","topic:其他","推断主题","RUANJIANYANFA","电视产品软件所","9月份无软件日报反馈","1"
"page:4489435","page:154942294","包含目录","RUANJIANYANFA","电视产品软件所","电视产品软件所 Home / 曹操出行用车手机号信息确认（手机号是判断是否统结的唯一依据）","1"
"page:154942294","topic:其他","推断主题","RUANJIANYANFA","电视产品软件所","曹操出行用车手机号信息确认（手机号是判断是否统结的唯一依据）","1"
"page:4489435","page:167325094","包含目录","RUANJIANYANFA","电视产品软件所","电视产品软件所 Home / 设备类低耗盘点信息统计","1"
"page:167325094","topic:数据与质量","推断主题","RUANJIANYANFA","电视产品软件所","设备类低耗盘点信息统计","1"
"page:4489435","page:172264082","包含目录","RUANJIANYANFA","电视产品软件所","电视产品软件所 Home / 防疫相关统计","1"
"page:172264082","topic:数据与质量","推断主题","RUANJIANYANFA","电视产品软件所","防疫相关统计","1"
"page:172264082","page:179408367","包含目录","RUANJIANYANFA","电视产品软件所","电视产品软件所 Home / 防疫相关统计 / 2022年中秋节假期去向统计","1"
"page:179408367","topic:数据与质量","推断主题","RUANJIANYANFA","电视产品软件所","2022年中秋节假期去向统计","1"
"page:172264082","page:188647327","包含目录","RUANJIANYANFA","电视产品软件所","电视产品软件所 Home / 防疫相关统计 / 入青返青报备","1"
"page:188647327","topic:数据与质量","推断主题","RUANJIANYANFA","电视产品软件所","入青返青报备","1"
"page:172264082","page:186135077","包含目录","RUANJIANYANFA","电视产品软件所","电视产品软件所 Home / 防疫相关统计 / 居家办公统计","1"
"page:186135077","topic:数据与质量","推断主题","RUANJIANYANFA","电视产品软件所","居家办公统计","1"
"page:172264082","page:174737294","包含目录","RUANJIANYANFA","电视产品软件所","电视产品软件所 Home / 防疫相关统计 / 核酸检测统计表","1"
"page:174737294","topic:数据与质量","推断主题","RUANJIANYANFA","电视产品软件所","核酸检测统计表","1"
"page:172264082","page:191282732","包含目录","RUANJIANYANFA","电视产品软件所","电视产品软件所 Home / 防疫相关统计 / 疫情日报-海信员工","1"
"page:191282732","topic:数据与质量","推断主题","RUANJIANYANFA","电视产品软件所","疫情日报-海信员工","1"
"page:172264082","page:191284714","包含目录","RUANJIANYANFA","电视产品软件所","电视产品软件所 Home / 防疫相关统计 / 疫情日报-非海信员工","1"
"page:191284714","topic:数据与质量","推断主题","RUANJIANYANFA","电视产品软件所","疫情日报-非海信员工","1"
"page:172264082","page:172264090","包含目录","RUANJIANYANFA","电视产品软件所","电视产品软件所 Home / 防疫相关统计 / 疫苗接种情况统计2022/7/18","1"
"page:172264090","topic:数据与质量","推断主题","RUANJIANYANFA","电视产品软件所","疫苗接种情况统计2022/7/18","1"
"page:4489435","page:174731329","包含目录","RUANJIANYANFA","电视产品软件所","电视产品软件所 Home / 综管部统计的相关信息","1"
"page:174731329","topic:数据与质量","推断主题","RUANJIANYANFA","电视产品软件所","综管部统计的相关信息","1"
"page:174731329","page:176295117","包含目录","RUANJIANYANFA","电视产品软件所","电视产品软件所 Home / 综管部统计的相关信息 / 2022中秋福利京东积分手机号码统计","1"
"page:176295117","topic:数据与质量","推断主题","RUANJIANYANFA","电视产品软件所","2022中秋福利京东积分手机号码统计","1"
"page:174731329","page:209956735","包含目录","RUANJIANYANFA","电视产品软件所","电视产品软件所 Home / 综管部统计的相关信息 / 2023.4.25晚上信鸿打卡失败统计","1"
"page:209956735","topic:数据与质量","推断主题","RUANJIANYANFA","电视产品软件所","2023.4.25晚上信鸿打卡失败统计","1"
"page:174731329","page:194349316","包含目录","RUANJIANYANFA","电视产品软件所","电视产品软件所 Home / 综管部统计的相关信息 / 2023年春节福利购物卡信息统计","1"
"page:194349316","topic:数据与质量","推断主题","RUANJIANYANFA","电视产品软件所","2023年春节福利购物卡信息统计","1"
"page:174731329","page:252860148","包含目录","RUANJIANYANFA","电视产品软件所","电视产品软件所 Home / 综管部统计的相关信息 / 2024年急救知识普及培训报名","1"
"page:252860148","topic:培训与知识","推断主题","RUANJIANYANFA","电视产品软件所","2024年急救知识普及培训报名","1"
"page:174731329","page:228356018","包含目录","RUANJIANYANFA","电视产品软件所","电视产品软件所 Home / 综管部统计的相关信息 / 2024年春节副食品发放数量及明细核对","1"
"page:228356018","topic:数据与质量","推断主题","RUANJIANYANFA","电视产品软件所","2024年春节副食品发放数量及明细核对","1"
"page:174731329","page:229102394","包含目录","RUANJIANYANFA","电视产品软件所","电视产品软件所 Home / 综管部统计的相关信息 / 24.1.31女员工查体","1"
"page:229102394","topic:数据与质量","推断主题","RUANJIANYANFA","电视产品软件所","24.1.31女员工查体","1"
"page:174731329","page:157188566","包含目录","RUANJIANYANFA","电视产品软件所","电视产品软件所 Home / 综管部统计的相关信息 / 乘坐定制公交信息统计","1"
"page:157188566","topic:数据与质量","推断主题","RUANJIANYANFA","电视产品软件所","乘坐定制公交信息统计","1"
"page:174731329","page:191269895","包含目录","RUANJIANYANFA","电视产品软件所","电视产品软件所 Home / 综管部统计的相关信息 / 关于崂山研发园区员工自驾车信息摸排的统计","1"
"page:191269895","topic:数据与质量","推断主题","RUANJIANYANFA","电视产品软件所","关于崂山研发园区员工自驾车信息摸排的统计","1"
"page:174731329","page:167329402","包含目录","RUANJIANYANFA","电视产品软件所","电视产品软件所 Home / 综管部统计的相关信息 / 员工子女信息核对","1"
"page:167329402","topic:数据与质量","推断主题","RUANJIANYANFA","电视产品软件所","员工子女信息核对","1"
"page:174731329","page:286344682","包含目录","RUANJIANYANFA","电视产品软件所","电视产品软件所 Home / 综管部统计的相关信息 / 提报差旅平台航司白名单","1"
"page:286344682","topic:数据与质量","推断主题","RUANJIANYANFA","电视产品软件所","提报差旅平台航司白名单","1"
"page:174731329","page:174731402","包含目录","RUANJIANYANFA","电视产品软件所","电视产品软件所 Home / 综管部统计的相关信息 / 海信专属虚拟网","1"
"page:174731402","topic:数据与质量","推断主题","RUANJIANYANFA","电视产品软件所","海信专属虚拟网","1"
"page:174731329","page:248731384","包含目录","RUANJIANYANFA","电视产品软件所","电视产品软件所 Home / 综管部统计的相关信息 / 研发中心在用座机号统计2024.6.27","1"
"page:248731384","topic:数据与质量","推断主题","RUANJIANYANFA","电视产品软件所","研发中心在用座机号统计2024.6.27","1"
"page:174731329","page:194349332","包含目录","RUANJIANYANFA","电视产品软件所","电视产品软件所 Home / 综管部统计的相关信息 / 考勤信息反馈","1"
"page:194349332","topic:数据与质量","推断主题","RUANJIANYANFA","电视产品软件所","考勤信息反馈","1"
"page:174731329","page:151635939","包含目录","RUANJIANYANFA","电视产品软件所","电视产品软件所 Home / 综管部统计的相关信息 / 车位信息统计","1"
"page:151635939","topic:数据与质量","推断主题","RUANJIANYANFA","电视产品软件所","车位信息统计","1"
"page:4489435","page:190359786","包含目录","RUANJIANYANFA","电视产品软件所","电视产品软件所 Home / 春节福利发卡人员","1"
"page:190359786","topic:其他","推断主题","RUANJIANYANFA","电视产品软件所","春节福利发卡人员","1"
"page:4489435","page:191276551","包含目录","RUANJIANYANFA","电视产品软件所","电视产品软件所 Home / 需要试剂抗原信息统计","1"
"page:191276551","topic:数据与质量","推断主题","RUANJIANYANFA","电视产品软件所","需要试剂抗原信息统计","1"
"page:4489435","page:192155759","包含目录","RUANJIANYANFA","电视产品软件所","电视产品软件所 Home / 安卓产品软件所-12.21-12.24","1"
"page:192155759","topic:其他","推断主题","RUANJIANYANFA","电视产品软件所","安卓产品软件所-12.21-12.24","1"
"page:4489435","page:192807859","包含目录","RUANJIANYANFA","电视产品软件所","电视产品软件所 Home / 安卓产品软件所-12.26-12.30","1"
"page:192807859","topic:其他","推断主题","RUANJIANYANFA","电视产品软件所","安卓产品软件所-12.26-12.30","1"
"page:4489435","page:193495625","包含目录","RUANJIANYANFA","电视产品软件所","电视产品软件所 Home / 安卓产品软件所-1.3-1.4","1"
"page:193495625","topic:其他","推断主题","RUANJIANYANFA","电视产品软件所","安卓产品软件所-1.3-1.4","1"
"page:4489435","page:201041824","包含目录","RUANJIANYANFA","电视产品软件所","电视产品软件所 Home / AirPlay市场发现不了设备计划升级列表","1"
"page:201041824","topic:版本与计划","推断主题","RUANJIANYANFA","电视产品软件所","AirPlay市场发现不了设备计划升级列表","1"
"page:4489435","page:214275781","包含目录","RUANJIANYANFA","电视产品软件所","电视产品软件所 Home / 12、信息统计类","1"
"page:214275781","topic:数据与质量","推断主题","RUANJIANYANFA","电视产品软件所","12、信息统计类","1"
"page:214275781","page:219972264","包含目录","RUANJIANYANFA","电视产品软件所","电视产品软件所 Home / 12、信息统计类 / 2023年C类查体信息确认","1"
"page:219972264","topic:数据与质量","推断主题","RUANJIANYANFA","电视产品软件所","2023年C类查体信息确认","1"
"page:214275781","page:219559374","包含目录","RUANJIANYANFA","电视产品软件所","电视产品软件所 Home / 12、信息统计类 / 2023年中秋节发卡人员信息核对","1"
"page:219559374","topic:数据与质量","推断主题","RUANJIANYANFA","电视产品软件所","2023年中秋节发卡人员信息核对","1"
"page:214275781","page:231848573","包含目录","RUANJIANYANFA","电视产品软件所","电视产品软件所 Home / 12、信息统计类 / 24.3.31健步行报名","1"
"page:231848573","topic:数据与质量","推断主题","RUANJIANYANFA","电视产品软件所","24.3.31健步行报名","1"
"page:214275781","page:223796143","包含目录","RUANJIANYANFA","电视产品软件所","电视产品软件所 Home / 12、信息统计类 / 24年欧洲杯市场物资需求统计","1"
"page:223796143","topic:需求与功能","推断主题","RUANJIANYANFA","电视产品软件所","24年欧洲杯市场物资需求统计","1"
"page:214275781","page:219974395","包含目录","RUANJIANYANFA","电视产品软件所","电视产品软件所 Home / 12、信息统计类 / 《迈瑞AED设备使用》培训时间确认","1"
"page:219974395","topic:培训与知识","推断主题","RUANJIANYANFA","电视产品软件所","《迈瑞AED设备使用》培训时间确认","1"
"page:214275781","page:220334295","包含目录","RUANJIANYANFA","电视产品软件所","电视产品软件所 Home / 12、信息统计类 / 关于掌握急救方法的名单盘点","1"
"page:220334295","topic:数据与质量","推断主题","RUANJIANYANFA","电视产品软件所","关于掌握急救方法的名单盘点","1"
"page:214275781","page:217338636","包含目录","RUANJIANYANFA","电视产品软件所","电视产品软件所 Home / 12、信息统计类 / 固定资产信息核对","1"
"page:217338636","topic:数据与质量","推断主题","RUANJIANYANFA","电视产品软件所","固定资产信息核对","1"
"page:214275781","page:231855681","包含目录","RUANJIANYANFA","电视产品软件所","电视产品软件所 Home / 12、信息统计类 / 工间操报名-安卓产品软件所","1"
"page:231855681","topic:数据与质量","推断主题","RUANJIANYANFA","电视产品软件所","工间操报名-安卓产品软件所","1"
"page:4489435","page:224248516","包含目录","RUANJIANYANFA","电视产品软件所","电视产品软件所 Home / 99-新PLM系统运行操作方法及问题收集","1"
"page:224248516","topic:问题与复盘","推断主题","RUANJIANYANFA","电视产品软件所","99-新PLM系统运行操作方法及问题收集","1"
"page:224248516","page:224248540","包含目录","RUANJIANYANFA","电视产品软件所","电视产品软件所 Home / 99-新PLM系统运行操作方法及问题收集 / 使用过程中问题收集","1"
"page:224248540","topic:问题与复盘","推断主题","RUANJIANYANFA","电视产品软件所","使用过程中问题收集","1"
"page:224248516","page:14813990","包含目录","RUANJIANYANFA","电视产品软件所","电视产品软件所 Home / 99-新PLM系统运行操作方法及问题收集 / 先进制造项目 新PLM使用培训文档","1"
"page:14813990","topic:问题与复盘","推断主题","RUANJIANYANFA","电视产品软件所","先进制造项目 新PLM使用培训文档","1"
"page:224248516","page:227864969","包含目录","RUANJIANYANFA","电视产品软件所","电视产品软件所 Home / 99-新PLM系统运行操作方法及问题收集 / 新PLM转测申请单ProjectId错误机型排查","1"
"page:227864969","topic:问题与复盘","推断主题","RUANJIANYANFA","电视产品软件所","新PLM转测申请单ProjectId错误机型排查","1"
"page:4489435","page:286330888","包含目录","RUANJIANYANFA","电视产品软件所","电视产品软件所 Home / 2025春节前需要软件下发的机型明细","1"
"page:286330888","topic:其他","推断主题","RUANJIANYANFA","电视产品软件所","2025春节前需要软件下发的机型明细","1"
"space:dsxmxx","page:4128807","空间首页","dsxmxx","电视产品项目信息","内销电视产品项目信息","1"
"page:4128807","topic:项目管理","推断主题","dsxmxx","电视产品项目信息","内销电视产品项目信息","1"
"page:4128807","page:97196385","包含目录","dsxmxx","电视产品项目信息","内销电视产品项目信息 / 0-供应商管理","1"
"page:97196385","topic:项目管理","推断主题","dsxmxx","电视产品项目信息","0-供应商管理","1"
"page:97196385","page:104104504","包含目录","dsxmxx","电视产品项目信息","内销电视产品项目信息 / 0-供应商管理 / 00-供应商管理规范","1"
"page:104104504","topic:规范与流程","推断主题","dsxmxx","电视产品项目信息","00-供应商管理规范","1"
"page:97196385","page:97196390","包含目录","dsxmxx","电视产品项目信息","内销电视产品项目信息 / 0-供应商管理 / 01-供应商管理约定","1"
"page:97196390","topic:项目管理","推断主题","dsxmxx","电视产品项目信息","01-供应商管理约定","1"
"page:97196385","page:97196381","包含目录","dsxmxx","电视产品项目信息","内销电视产品项目信息 / 0-供应商管理 / 02-供应商需求规格化","1"
"page:97196381","topic:需求与功能","推断主题","dsxmxx","电视产品项目信息","02-供应商需求规格化","1"
"page:97196385","page:110003036","包含目录","dsxmxx","电视产品项目信息","内销电视产品项目信息 / 0-供应商管理 / 03-供应商交流","1"
"page:110003036","topic:项目管理","推断主题","dsxmxx","电视产品项目信息","03-供应商交流","1"
"page:97196385","page:126917293","包含目录","dsxmxx","电视产品项目信息","内销电视产品项目信息 / 0-供应商管理 / Nova","1"
"page:126917293","topic:项目管理","推断主题","dsxmxx","电视产品项目信息","Nova","1"
"page:97196385","page:223297258","包含目录","dsxmxx","电视产品项目信息","内销电视产品项目信息 / 0-供应商管理 / 内销产品性能指标方案商需求标准化","1"
"page:223297258","topic:需求与功能","推断主题","dsxmxx","电视产品项目信息","内销产品性能指标方案商需求标准化","1"
"page:4128807","page:87169271","包含目录","dsxmxx","电视产品项目信息","内销电视产品项目信息 / 项目里程碑节点度量数据","1"
"page:87169271","topic:版本与计划","推断主题","dsxmxx","电视产品项目信息","项目里程碑节点度量数据","1"
"page:4128807","page:47487113","包含目录","dsxmxx","电视产品项目信息","内销电视产品项目信息 / Amlogic方案项目信息","1"
"page:47487113","topic:设计与架构","推断主题","dsxmxx","电视产品项目信息","Amlogic方案项目信息","1"
"page:47487113","page:326664982","包含目录","dsxmxx","电视产品项目信息","内销电视产品项目信息 / Amlogic方案项目信息 / A311D2-带屏音响","1"
"page:326664982","topic:设计与架构","推断主题","dsxmxx","电视产品项目信息","A311D2-带屏音响","1"
"page:47487113","page:216376843","包含目录","dsxmxx","电视产品项目信息","内销电视产品项目信息 / Amlogic方案项目信息 / A311D2-闺蜜机","1"
"page:216376843","topic:设计与架构","推断主题","dsxmxx","电视产品项目信息","A311D2-闺蜜机","1"
"page:47487113","page:47487119","包含目录","dsxmxx","电视产品项目信息","内销电视产品项目信息 / Amlogic方案项目信息 / Amlogic_E3D系列","1"
"page:47487119","topic:二维三维与图形模型","推断主题","dsxmxx","电视产品项目信息","Amlogic_E3D系列","1"
"page:47487113","page:106337867","包含目录","dsxmxx","电视产品项目信息","内销电视产品项目信息 / Amlogic方案项目信息 / D3G-PRO项目信息","1"
"page:106337867","topic:设计与架构","推断主题","dsxmxx","电视产品项目信息","D3G-PRO项目信息","1"
"page:47487113","page:284072567","包含目录","dsxmxx","电视产品项目信息","内销电视产品项目信息 / Amlogic方案项目信息 / T950S方案项目信息","1"
"page:284072567","topic:设计与架构","推断主题","dsxmxx","电视产品项目信息","T950S方案项目信息","1"
"page:47487113","page:277775808","包含目录","dsxmxx","电视产品项目信息","内销电视产品项目信息 / Amlogic方案项目信息 / T963-商显标牌","1"
"page:277775808","topic:设计与架构","推断主题","dsxmxx","电视产品项目信息","T963-商显标牌","1"
"page:47487113","page:222318990","包含目录","dsxmxx","电视产品项目信息","内销电视产品项目信息 / Amlogic方案项目信息 / T963D4方案项目信息","1"
"page:222318990","topic:二维三维与图形模型","推断主题","dsxmxx","电视产品项目信息","T963D4方案项目信息","1"
"page:47487113","page:155688115","包含目录","dsxmxx","电视产品项目信息","内销电视产品项目信息 / Amlogic方案项目信息 / T963方案项目信息","1"
"page:155688115","topic:设计与架构","推断主题","dsxmxx","电视产品项目信息","T963方案项目信息","1"
"page:47487113","page:328526564","包含目录","dsxmxx","电视产品项目信息","内销电视产品项目信息 / Amlogic方案项目信息 / T966D5方案项目信息","1"
"page:328526564","topic:设计与架构","推断主题","dsxmxx","电视产品项目信息","T966D5方案项目信息","1"
"page:47487113","page:145065711","包含目录","dsxmxx","电视产品项目信息","内销电视产品项目信息 / Amlogic方案项目信息 / T982项目信息","1"
"page:145065711","topic:设计与架构","推断主题","dsxmxx","电视产品项目信息","T982项目信息","1"
"page:4128807","page:36867685","包含目录","dsxmxx","电视产品项目信息","内销电视产品项目信息 / Hisi方案项目信息","1"
"page:36867685","topic:设计与架构","推断主题","dsxmxx","电视产品项目信息","Hisi方案项目信息","1"
"page:36867685","page:61378857","包含目录","dsxmxx","电视产品项目信息","内销电视产品项目信息 / Hisi方案项目信息 / HISI351&560项目信息","1"
"page:61378857","topic:设计与架构","推断主题","dsxmxx","电视产品项目信息","HISI351&560项目信息","1"
"page:36867685","page:32476951","包含目录","dsxmxx","电视产品项目信息","内销电视产品项目信息 / Hisi方案项目信息 / Hisi810 项目信息","1"
"page:32476951","topic:设计与架构","推断主题","dsxmxx","电视产品项目信息","Hisi810 项目信息","1"
"page:36867685","page:16660312","包含目录","dsxmxx","电视产品项目信息","内销电视产品项目信息 / Hisi方案项目信息 / Hisi811 项目信息","1"
"page:16660312","topic:设计与架构","推断主题","dsxmxx","电视产品项目信息","Hisi811 项目信息","1"
"page:36867685","page:12976219","包含目录","dsxmxx","电视产品项目信息","内销电视产品项目信息 / Hisi方案项目信息 / HisiV600_H268U酒店机_项目信息","1"
"page:12976219","topic:设计与架构","推断主题","dsxmxx","电视产品项目信息","HisiV600_H268U酒店机_项目信息","1"
"page:36867685","page:4128805","包含目录","dsxmxx","电视产品项目信息","内销电视产品项目信息 / Hisi方案项目信息 / HISIV600_N3600U_项目信息共享","1"
"page:4128805","topic:设计与架构","推断主题","dsxmxx","电视产品项目信息","HISIV600_N3600U_项目信息共享","1"
"page:36867685","page:12978209","包含目录","dsxmxx","电视产品项目信息","内销电视产品项目信息 / Hisi方案项目信息 / HisiV600_松下机系列_项目信息","1"
"page:12978209","topic:设计与架构","推断主题","dsxmxx","电视产品项目信息","HisiV600_松下机系列_项目信息","1"
"page:36867685","page:134686887","包含目录","dsxmxx","电视产品项目信息","内销电视产品项目信息 / Hisi方案项目信息 / HISIV620_TVOS2.0 核高基项目  ---55A66-X/75U79-X","1"
"page:134686887","topic:设计与架构","推断主题","dsxmxx","电视产品项目信息","HISIV620_TVOS2.0 核高基项目  ---55A66-X/75U79-X","1"
"page:36867685","page:14540603","包含目录","dsxmxx","电视产品项目信息","内销电视产品项目信息 / Hisi方案项目信息 / HISI_V551 项目信息共享","1"
"page:14540603","topic:设计与架构","推断主题","dsxmxx","电视产品项目信息","HISI_V551 项目信息共享","1"
"page:36867685","page:15774047","包含目录","dsxmxx","电视产品项目信息","内销电视产品项目信息 / Hisi方案项目信息 / HISI_V551_Android7+VIDAA6 项目信息共享","1"
"page:15774047","topic:设计与架构","推断主题","dsxmxx","电视产品项目信息","HISI_V551_Android7+VIDAA6 项目信息共享","1"
"page:36867685","page:13719463","包含目录","dsxmxx","电视产品项目信息","内销电视产品项目信息 / Hisi方案项目信息 / HISI_V600_项目信息共享","1"
"page:13719463","topic:设计与架构","推断主题","dsxmxx","电视产品项目信息","HISI_V600_项目信息共享","1"
"page:36867685","page:4128804","包含目录","dsxmxx","电视产品项目信息","内销电视产品项目信息 / Hisi方案项目信息 / HISI_V620_项目信息共享","1"
"page:4128804","topic:设计与架构","推断主题","dsxmxx","电视产品项目信息","HISI_V620_项目信息共享","1"
"page:36867685","page:291484615","包含目录","dsxmxx","电视产品项目信息","内销电视产品项目信息 / Hisi方案项目信息 / Hisi_V670 项目信息","1"
"page:291484615","topic:设计与架构","推断主题","dsxmxx","电视产品项目信息","Hisi_V670 项目信息","1"
"page:36867685","page:65178617","包含目录","dsxmxx","电视产品项目信息","内销电视产品项目信息 / Hisi方案项目信息 / 分体旋转社交电视","1"
"page:65178617","topic:设计与架构","推断主题","dsxmxx","电视产品项目信息","分体旋转社交电视","1"
"page:36867685","page:36867678","包含目录","dsxmxx","电视产品项目信息","内销电视产品项目信息 / Hisi方案项目信息 / 海思方案如何烧写boot","1"
"page:36867678","topic:设计与架构","推断主题","dsxmxx","电视产品项目信息","海思方案如何烧写boot","1"
"page:4128807","page:27920861","包含目录","dsxmxx","电视产品项目信息","内销电视产品项目信息 / MSD6A848","1"
"page:27920861","topic:项目管理","推断主题","dsxmxx","电视产品项目信息","MSD6A848","1"
"page:27920861","page:28543337","包含目录","dsxmxx","电视产品项目信息","内销电视产品项目信息 / MSD6A848 / 01_硬件信息表_[A65E]","1"
"page:28543337","topic:项目管理","推断主题","dsxmxx","电视产品项目信息","01_硬件信息表_[A65E]","1"
"page:27920861","page:28543331","包含目录","dsxmxx","电视产品项目信息","内销电视产品项目信息 / MSD6A848 / 02_软件产品规格书_[A65E]","1"
"page:28543331","topic:项目管理","推断主题","dsxmxx","电视产品项目信息","02_软件产品规格书_[A65E]","1"
"page:27920861","page:28543327","包含目录","dsxmxx","电视产品项目信息","内销电视产品项目信息 / MSD6A848 / 03_项目进度计划_[A65E]","1"
"page:28543327","topic:版本与计划","推断主题","dsxmxx","电视产品项目信息","03_项目进度计划_[A65E]","1"
"page:27920861","page:28543329","包含目录","dsxmxx","电视产品项目信息","内销电视产品项目信息 / MSD6A848 / 04_项目资源计划_[A65E]","1"
"page:28543329","topic:版本与计划","推断主题","dsxmxx","电视产品项目信息","04_项目资源计划_[A65E]","1"
"page:27920861","page:28543749","包含目录","dsxmxx","电视产品项目信息","内销电视产品项目信息 / MSD6A848 / 05-会议纪要_[A65E]","1"
"page:28543749","topic:会议与协同","推断主题","dsxmxx","电视产品项目信息","05-会议纪要_[A65E]","1"
"page:27920861","page:69509057","包含目录","dsxmxx","电视产品项目信息","内销电视产品项目信息 / MSD6A848 / 06-机型汇总","1"
"page:69509057","topic:项目管理","推断主题","dsxmxx","电视产品项目信息","06-机型汇总","1"
"page:4128807","page:4128801","包含目录","dsxmxx","电视产品项目信息","内销电视产品项目信息 / MST6i981C","1"
"page:4128801","topic:项目管理","推断主题","dsxmxx","电视产品项目信息","MST6i981C","1"
"page:4128807","page:20809377","包含目录","dsxmxx","电视产品项目信息","内销电视产品项目信息 / Mstar 848开发信息分享","1"
"page:20809377","topic:项目管理","推断主题","dsxmxx","电视产品项目信息","Mstar 848开发信息分享","1"
"page:4128807","page:38830862","包含目录","dsxmxx","电视产品项目信息","内销电视产品项目信息 / Mstar方案项目信息","1"
"page:38830862","topic:设计与架构","推断主题","dsxmxx","电视产品项目信息","Mstar方案项目信息","1"
"page:38830862","page:14721933","包含目录","dsxmxx","电视产品项目信息","内销电视产品项目信息 / Mstar方案项目信息 / 628/918分支信息","1"
"page:14721933","topic:设计与架构","推断主题","dsxmxx","电视产品项目信息","628/918分支信息","1"
"page:38830862","page:20188553","包含目录","dsxmxx","电视产品项目信息","内销电视产品项目信息 / Mstar方案项目信息 / 801 & 901","1"
"page:20188553","topic:设计与架构","推断主题","dsxmxx","电视产品项目信息","801 & 901","1"
"page:38830862","page:4128792","包含目录","dsxmxx","电视产品项目信息","内销电视产品项目信息 / Mstar方案项目信息 / 838 开发信息分享","1"
"page:4128792","topic:设计与架构","推断主题","dsxmxx","电视产品项目信息","838 开发信息分享","1"
"page:38830862","page:15866259","包含目录","dsxmxx","电视产品项目信息","内销电视产品项目信息 / Mstar方案项目信息 / 938 Android O 项目信息","1"
"page:15866259","topic:设计与架构","推断主题","dsxmxx","电视产品项目信息","938 Android O 项目信息","1"
"page:38830862","page:4128808","包含目录","dsxmxx","电视产品项目信息","内销电视产品项目信息 / Mstar方案项目信息 / 938 开发信息分享","1"
"page:4128808","topic:设计与架构","推断主题","dsxmxx","电视产品项目信息","938 开发信息分享","1"
"page:38830862","page:14838141","包含目录","dsxmxx","电视产品项目信息","内销电视产品项目信息 / Mstar方案项目信息 / MSD348/346项目信息","1"
"page:14838141","topic:设计与架构","推断主题","dsxmxx","电视产品项目信息","MSD348/346项目信息","1"
"page:38830862","page:4128793","包含目录","dsxmxx","电视产品项目信息","内销电视产品项目信息 / Mstar方案项目信息 / MSD648 项目说明","1"
"page:4128793","topic:设计与架构","推断主题","dsxmxx","电视产品项目信息","MSD648 项目说明","1"
"page:38830862","page:60067526","包含目录","dsxmxx","电视产品项目信息","内销电视产品项目信息 / Mstar方案项目信息 / MSD6A668项目信息","1"
"page:60067526","topic:设计与架构","推断主题","dsxmxx","电视产品项目信息","MSD6A668项目信息","1"
"page:38830862","page:165746504","包含目录","dsxmxx","电视产品项目信息","内销电视产品项目信息 / Mstar方案项目信息 / MSD6I880项目信息","1"
"page:165746504","topic:设计与架构","推断主题","dsxmxx","电视产品项目信息","MSD6I880项目信息","1"
"page:38830862","page:4128779","包含目录","dsxmxx","电视产品项目信息","内销电视产品项目信息 / Mstar方案项目信息 / MSD828 Android L","1"
"page:4128779","topic:设计与架构","推断主题","dsxmxx","电视产品项目信息","MSD828 Android L","1"
"page:38830862","page:80445721","包含目录","dsxmxx","电视产品项目信息","内销电视产品项目信息 / Mstar方案项目信息 / MSD848松下机项目信息","1"
"page:80445721","topic:设计与架构","推断主题","dsxmxx","电视产品项目信息","MSD848松下机项目信息","1"
"page:38830862","page:129797107","包含目录","dsxmxx","电视产品项目信息","内销电视产品项目信息 / Mstar方案项目信息 / MST6180","1"
"page:129797107","topic:设计与架构","推断主题","dsxmxx","电视产品项目信息","MST6180","1"
"page:38830862","page:4128780","包含目录","dsxmxx","电视产品项目信息","内销电视产品项目信息 / Mstar方案项目信息 / mstar 628项目信息（512,1G，松下机）","1"
"page:4128780","topic:设计与架构","推断主题","dsxmxx","电视产品项目信息","mstar 628项目信息（512,1G，松下机）","1"
"page:38830862","page:118949017","包含目录","dsxmxx","电视产品项目信息","内销电视产品项目信息 / Mstar方案项目信息 / MT9638 项目信息","1"
"page:118949017","topic:设计与架构","推断主题","dsxmxx","电视产品项目信息","MT9638 项目信息","1"
"page:38830862","page:59447316","包含目录","dsxmxx","电视产品项目信息","内销电视产品项目信息 / Mstar方案项目信息 / plsease go to","1"
"page:59447316","topic:设计与架构","推断主题","dsxmxx","电视产品项目信息","plsease go to","1"
"page:4128807","page:36867695","包含目录","dsxmxx","电视产品项目信息","内销电视产品项目信息 / MTK方案项目信息","1"
"page:36867695","topic:设计与架构","推断主题","dsxmxx","电视产品项目信息","MTK方案项目信息","1"
"page:36867695","page:236741882","包含目录","dsxmxx","电视产品项目信息","内销电视产品项目信息 / MTK方案项目信息 / 9655项目信息","1"
"page:236741882","topic:设计与架构","推断主题","dsxmxx","电视产品项目信息","9655项目信息","1"
"page:36867695","page:111446959","包含目录","dsxmxx","电视产品项目信息","内销电视产品项目信息 / MTK方案项目信息 / A6G压测方案及状态跟踪","1"
"page:111446959","topic:设计与架构","推断主题","dsxmxx","电视产品项目信息","A6G压测方案及状态跟踪","1"
"page:36867695","page:330904025","包含目录","dsxmxx","电视产品项目信息","内销电视产品项目信息 / MTK方案项目信息 / MT9616项目信息","1"
"page:330904025","topic:设计与架构","推断主题","dsxmxx","电视产品项目信息","MT9616项目信息","1"
"page:36867695","page:168922932","包含目录","dsxmxx","电视产品项目信息","内销电视产品项目信息 / MTK方案项目信息 / MT9653项目信息","1"
"page:168922932","topic:设计与架构","推断主题","dsxmxx","电视产品项目信息","MT9653项目信息","1"
"page:36867695","page:275202641","包含目录","dsxmxx","电视产品项目信息","内销电视产品项目信息 / MTK方案项目信息 / MT9679项目信息","1"
"page:275202641","topic:设计与架构","推断主题","dsxmxx","电视产品项目信息","MT9679项目信息","1"
"page:36867695","page:4128790","包含目录","dsxmxx","电视产品项目信息","内销电视产品项目信息 / MTK方案项目信息 / MTK5507项目说明","1"
"page:4128790","topic:设计与架构","推断主题","dsxmxx","电视产品项目信息","MTK5507项目说明","1"
"page:36867695","page:243895812","包含目录","dsxmxx","电视产品项目信息","内销电视产品项目信息 / MTK方案项目信息 / MTK8195项目信息","1"
"page:243895812","topic:设计与架构","推断主题","dsxmxx","电视产品项目信息","MTK8195项目信息","1"
"page:36867695","page:85367749","包含目录","dsxmxx","电视产品项目信息","内销电视产品项目信息 / MTK方案项目信息 / MTK9255(MSD368)项目信息","1"
"page:85367749","topic:设计与架构","推断主题","dsxmxx","电视产品项目信息","MTK9255(MSD368)项目信息","1"
"page:36867695","page:207396272","包含目录","dsxmxx","电视产品项目信息","内销电视产品项目信息 / MTK方案项目信息 / MTK9603项目信息","1"
"page:207396272","topic:设计与架构","推断主题","dsxmxx","电视产品项目信息","MTK9603项目信息","1"
"page:36867695","page:55546242","包含目录","dsxmxx","电视产品项目信息","内销电视产品项目信息 / MTK方案项目信息 / MTK9632项目信息","1"
"page:55546242","topic:设计与架构","推断主题","dsxmxx","电视产品项目信息","MTK9632项目信息","1"
"page:36867695","page:71405348","包含目录","dsxmxx","电视产品项目信息","内销电视产品项目信息 / MTK方案项目信息 / MTK9652项目信息","1"
"page:71405348","topic:设计与架构","推断主题","dsxmxx","电视产品项目信息","MTK9652项目信息","1"
"page:36867695","page:229100151","包含目录","dsxmxx","电视产品项目信息","内销电视产品项目信息 / MTK方案项目信息 / MTK平台2024春节前对于方案商的要求","1"
"page:229100151","topic:设计与架构","推断主题","dsxmxx","电视产品项目信息","MTK平台2024春节前对于方案商的要求","1"
"page:36867695","page:84650999","包含目录","dsxmxx","电视产品项目信息","内销电视产品项目信息 / MTK方案项目信息 / 冰箱MTK8365项目说明","1"
"page:84650999","topic:设计与架构","推断主题","dsxmxx","电视产品项目信息","冰箱MTK8365项目说明","1"
"page:36867695","page:285370632","包含目录","dsxmxx","电视产品项目信息","内销电视产品项目信息 / MTK方案项目信息 / 软件设计SRS","1"
"page:285370632","topic:设计与架构","推断主题","dsxmxx","电视产品项目信息","软件设计SRS","1"
"page:4128807","page:17043601","包含目录","dsxmxx","电视产品项目信息","内销电视产品项目信息 / Novatek方案项目信息","1"
"page:17043601","topic:设计与架构","推断主题","dsxmxx","电视产品项目信息","Novatek方案项目信息","1"
"page:17043601","page:101423783","包含目录","dsxmxx","电视产品项目信息","内销电视产品项目信息 / Novatek方案项目信息 / 72691芯片项目集信息","1"
"page:101423783","topic:设计与架构","推断主题","dsxmxx","电视产品项目信息","72691芯片项目集信息","1"
"page:17043601","page:83986010","包含目录","dsxmxx","电视产品项目信息","内销电视产品项目信息 / Novatek方案项目信息 / Novatek72671D项目","1"
"page:83986010","topic:设计与架构","推断主题","dsxmxx","电视产品项目信息","Novatek72671D项目","1"
"page:17043601","page:42665219","包含目录","dsxmxx","电视产品项目信息","内销电视产品项目信息 / Novatek方案项目信息 / Novatek72671项目","1"
"page:42665219","topic:设计与架构","推断主题","dsxmxx","电视产品项目信息","Novatek72671项目","1"
"page:17043601","page:17043105","包含目录","dsxmxx","电视产品项目信息","内销电视产品项目信息 / Novatek方案项目信息 / Novatek72673项目","1"
"page:17043105","topic:设计与架构","推断主题","dsxmxx","电视产品项目信息","Novatek72673项目","1"
"page:17043601","page:75863600","包含目录","dsxmxx","电视产品项目信息","内销电视产品项目信息 / Novatek方案项目信息 / Novatek72685单板项目（U9F/U7G-MAX/85UX 8K）","1"
"page:75863600","topic:设计与架构","推断主题","dsxmxx","电视产品项目信息","Novatek72685单板项目（U9F/U7G-MAX/85UX 8K）","1"
"page:17043601","page:36247188","包含目录","dsxmxx","电视产品项目信息","内销电视产品项目信息 / Novatek方案项目信息 / Novatek72685项目（U9E 8K）","1"
"page:36247188","topic:设计与架构","推断主题","dsxmxx","电视产品项目信息","Novatek72685项目（U9E 8K）","1"
"page:17043601","page:110695652","包含目录","dsxmxx","电视产品项目信息","内销电视产品项目信息 / Novatek方案项目信息 / Novatek72685项目（U9G-PRO ）","1"
"page:110695652","topic:设计与架构","推断主题","dsxmxx","电视产品项目信息","Novatek72685项目（U9G-PRO ）","1"
"page:17043601","page:116165885","包含目录","dsxmxx","电视产品项目信息","内销电视产品项目信息 / Novatek方案项目信息 / Novatek72695项目","1"
"page:116165885","topic:设计与架构","推断主题","dsxmxx","电视产品项目信息","Novatek72695项目","1"
"page:4128807","page:4128783","包含目录","dsxmxx","电视产品项目信息","内销电视产品项目信息 / OTA项目","1"
"page:4128783","topic:项目管理","推断主题","dsxmxx","电视产品项目信息","OTA项目","1"
"page:4128783","page:16871680","包含目录","dsxmxx","电视产品项目信息","内销电视产品项目信息 / OTA项目 / 938 艺术电视OTA","1"
"page:16871680","topic:项目管理","推断主题","dsxmxx","电视产品项目信息","938 艺术电视OTA","1"
"page:4128783","page:15883514","包含目录","dsxmxx","电视产品项目信息","内销电视产品项目信息 / OTA项目 / MSD838 vidaa (NU8800U/NU7700U)","1"
"page:15883514","topic:项目管理","推断主题","dsxmxx","电视产品项目信息","MSD838 vidaa (NU8800U/NU7700U)","1"
"page:4128783","page:4128776","包含目录","dsxmxx","电视产品项目信息","内销电视产品项目信息 / OTA项目 / MTK5327 VIDAA（K680）","1"
"page:4128776","topic:项目管理","推断主题","dsxmxx","电视产品项目信息","MTK5327 VIDAA（K680）","1"
"page:4128783","page:4128771","包含目录","dsxmxx","电视产品项目信息","内销电视产品项目信息 / OTA项目 / MTK5327 VISION（XT900）","1"
"page:4128771","topic:项目管理","推断主题","dsxmxx","电视产品项目信息","MTK5327 VISION（XT900）","1"
"page:4128783","page:4128782","包含目录","dsxmxx","电视产品项目信息","内销电视产品项目信息 / OTA项目 / MTK5329 VIDAA（XT900/XT910/XT920）","1"
"page:4128782","topic:项目管理","推断主题","dsxmxx","电视产品项目信息","MTK5329 VIDAA（XT900/XT910/XT920）","1"
"page:4128783","page:4128778","包含目录","dsxmxx","电视产品项目信息","内销电视产品项目信息 / OTA项目 / MTK5505 VIDAA（K370/K600）","1"
"page:4128778","topic:项目管理","推断主题","dsxmxx","电视产品项目信息","MTK5505 VIDAA（K370/K600）","1"
"page:4128783","page:4128787","包含目录","dsxmxx","电视产品项目信息","内销电视产品项目信息 / OTA项目 / MTK5505 VISION（K280）","1"
"page:4128787","topic:项目管理","推断主题","dsxmxx","电视产品项目信息","MTK5505 VISION（K280）","1"
"page:4128783","page:4128785","包含目录","dsxmxx","电视产品项目信息","内销电视产品项目信息 / OTA项目 / MTK5505 VISION（K360）","1"
"page:4128785","topic:项目管理","推断主题","dsxmxx","电视产品项目信息","MTK5505 VISION（K360）","1"
"page:4128783","page:4128786","包含目录","dsxmxx","电视产品项目信息","内销电视产品项目信息 / OTA项目 / MTK5505 VISION（K610）","1"
"page:4128786","topic:项目管理","推断主题","dsxmxx","电视产品项目信息","MTK5505 VISION（K610）","1"
"page:4128783","page:4128775","包含目录","dsxmxx","电视产品项目信息","内销电视产品项目信息 / OTA项目 / MTK5505 VISION（L288）","1"
"page:4128775","topic:项目管理","推断主题","dsxmxx","电视产品项目信息","MTK5505 VISION（L288）","1"
"page:4128807","page:4128794","包含目录","dsxmxx","电视产品项目信息","内销电视产品项目信息 / PX510项目信息","1"
"page:4128794","topic:项目管理","推断主题","dsxmxx","电视产品项目信息","PX510项目信息","1"
"page:4128794","page:4128795","包含目录","dsxmxx","电视产品项目信息","内销电视产品项目信息 / PX510项目信息 / 股份OTT盒子产品","1"
"page:4128795","topic:项目管理","推断主题","dsxmxx","电视产品项目信息","股份OTT盒子产品","1"
"page:4128807","page:15867699","包含目录","dsxmxx","电视产品项目信息","内销电视产品项目信息 / PX530 Plus项目信息","1"
"page:15867699","topic:项目管理","推断主题","dsxmxx","电视产品项目信息","PX530 Plus项目信息","1"
"page:15867699","page:16647073","包含目录","dsxmxx","电视产品项目信息","内销电视产品项目信息 / PX530 Plus项目信息 / AMLOGIC S905L 项目信息","1"
"page:16647073","topic:项目管理","推断主题","dsxmxx","电视产品项目信息","AMLOGIC S905L 项目信息","1"
"page:4128807","page:4128810","包含目录","dsxmxx","电视产品项目信息","内销电视产品项目信息 / PX560a","1"
"page:4128810","topic:项目管理","推断主题","dsxmxx","电视产品项目信息","PX560a","1"
"page:4128807","page:54857621","包含目录","dsxmxx","电视产品项目信息","内销电视产品项目信息 / SIT测试指标制定意见收集","1"
"page:54857621","topic:测试与验证","推断主题","dsxmxx","电视产品项目信息","SIT测试指标制定意见收集","1"
"page:4128807","page:94476558","包含目录","dsxmxx","电视产品项目信息","内销电视产品项目信息 / SQA工作过程","1"
"page:94476558","topic:测试与验证","推断主题","dsxmxx","电视产品项目信息","SQA工作过程","1"
"page:94476558","page:113482295","包含目录","dsxmxx","电视产品项目信息","内销电视产品项目信息 / SQA工作过程 / 2020年SQA工作","1"
"page:113482295","topic:测试与验证","推断主题","dsxmxx","电视产品项目信息","2020年SQA工作","1"
"page:94476558","page:113482312","包含目录","dsxmxx","电视产品项目信息","内销电视产品项目信息 / SQA工作过程 / 2021年SQA工作汇总","1"
"page:113482312","topic:测试与验证","推断主题","dsxmxx","电视产品项目信息","2021年SQA工作汇总","1"
"page:94476558","page:149995382","包含目录","dsxmxx","电视产品项目信息","内销电视产品项目信息 / SQA工作过程 / 2022年SQA工作汇总","1"
"page:149995382","topic:测试与验证","推断主题","dsxmxx","电视产品项目信息","2022年SQA工作汇总","1"
"page:94476558","page:194362005","包含目录","dsxmxx","电视产品项目信息","内销电视产品项目信息 / SQA工作过程 / 2023年SQA工作汇总","1"
"page:194362005","topic:测试与验证","推断主题","dsxmxx","电视产品项目信息","2023年SQA工作汇总","1"
"page:94476558","page:227854708","包含目录","dsxmxx","电视产品项目信息","内销电视产品项目信息 / SQA工作过程 / 2024年SQA工作","1"
"page:227854708","topic:测试与验证","推断主题","dsxmxx","电视产品项目信息","2024年SQA工作","1"
"page:94476558","page:143434890","包含目录","dsxmxx","电视产品项目信息","内销电视产品项目信息 / SQA工作过程 / SQA持续推进改善","1"
"page:143434890","topic:测试与验证","推断主题","dsxmxx","电视产品项目信息","SQA持续推进改善","1"
"page:94476558","page:202769745","包含目录","dsxmxx","电视产品项目信息","内销电视产品项目信息 / SQA工作过程 / 开发过程以及参照模板（流程要求）","1"
"page:202769745","topic:测试与验证","推断主题","dsxmxx","电视产品项目信息","开发过程以及参照模板（流程要求）","1"
"page:94476558","page:97912245","包含目录","dsxmxx","电视产品项目信息","内销电视产品项目信息 / SQA工作过程 / 过程问题待讨论的遗留项","1"
"page:97912245","topic:测试与验证","推断主题","dsxmxx","电视产品项目信息","过程问题待讨论的遗留项","1"
"page:4128807","page:14719811","包含目录","dsxmxx","电视产品项目信息","内销电视产品项目信息 / text","1"
"page:14719811","topic:项目管理","推断主题","dsxmxx","电视产品项目信息","text","1"
"page:4128807","page:14825720","包含目录","dsxmxx","电视产品项目信息","内销电视产品项目信息 / TV VIDAA 设计基础库","1"
"page:14825720","topic:设计与架构","推断主题","dsxmxx","电视产品项目信息","TV VIDAA 设计基础库","1"
"page:4128807","page:18482264","包含目录","dsxmxx","电视产品项目信息","内销电视产品项目信息 / VIDAA 6 OTA项目","1"
"page:18482264","topic:项目管理","推断主题","dsxmxx","电视产品项目信息","VIDAA 6 OTA项目","1"
"page:18482264","page:24678749","包含目录","dsxmxx","电视产品项目信息","内销电视产品项目信息 / VIDAA 6 OTA项目 / HISI811方案OTA","1"
"page:24678749","topic:设计与架构","推断主题","dsxmxx","电视产品项目信息","HISI811方案OTA","1"
"page:18482264","page:18482297","包含目录","dsxmxx","电视产品项目信息","内销电视产品项目信息 / VIDAA 6 OTA项目 / HISIV551方案OTA","1"
"page:18482297","topic:设计与架构","推断主题","dsxmxx","电视产品项目信息","HISIV551方案OTA","1"
"page:18482264","page:18482286","包含目录","dsxmxx","电视产品项目信息","内销电视产品项目信息 / VIDAA 6 OTA项目 / HISIV600方案OTA","1"
"page:18482286","topic:设计与架构","推断主题","dsxmxx","电视产品项目信息","HISIV600方案OTA","1"
"page:18482264","page:18482294","包含目录","dsxmxx","电视产品项目信息","内销电视产品项目信息 / VIDAA 6 OTA项目 / HISIV620方案OTA","1"
"page:18482294","topic:设计与架构","推断主题","dsxmxx","电视产品项目信息","HISIV620方案OTA","1"
"page:18482264","page:18482283","包含目录","dsxmxx","电视产品项目信息","内销电视产品项目信息 / VIDAA 6 OTA项目 / MSD6A348方案OTA","1"
"page:18482283","topic:设计与架构","推断主题","dsxmxx","电视产品项目信息","MSD6A348方案OTA","1"
"page:18482264","page:18482281","包含目录","dsxmxx","电视产品项目信息","内销电视产品项目信息 / VIDAA 6 OTA项目 / MSD6A648方案OTA","1"
"page:18482281","topic:设计与架构","推断主题","dsxmxx","电视产品项目信息","MSD6A648方案OTA","1"
"page:18482264","page:18482279","包含目录","dsxmxx","电视产品项目信息","内销电视产品项目信息 / VIDAA 6 OTA项目 / MSD6A828方案OTA","1"
"page:18482279","topic:设计与架构","推断主题","dsxmxx","电视产品项目信息","MSD6A828方案OTA","1"
"page:18482264","page:18482268","包含目录","dsxmxx","电视产品项目信息","内销电视产品项目信息 / VIDAA 6 OTA项目 / MSD6A838方案OTA","1"
"page:18482268","topic:设计与架构","推断主题","dsxmxx","电视产品项目信息","MSD6A838方案OTA","1"
"page:18482264","page:18482277","包含目录","dsxmxx","电视产品项目信息","内销电视产品项目信息 / VIDAA 6 OTA项目 / MSD6A938方案OTA","1"
"page:18482277","topic:设计与架构","推断主题","dsxmxx","电视产品项目信息","MSD6A938方案OTA","1"
"page:18482264","page:24679255","包含目录","dsxmxx","电视产品项目信息","内销电视产品项目信息 / VIDAA 6 OTA项目 / MSD6A938方案激光电视OTA升级项目","1"
"page:24679255","topic:设计与架构","推断主题","dsxmxx","电视产品项目信息","MSD6A938方案激光电视OTA升级项目","1"
"page:18482264","page:24679268","包含目录","dsxmxx","电视产品项目信息","内销电视产品项目信息 / VIDAA 6 OTA项目 / MT5329升级融合APP方案的OTA升级项目","1"
"page:24679268","topic:设计与架构","推断主题","dsxmxx","电视产品项目信息","MT5329升级融合APP方案的OTA升级项目","1"
"page:18482264","page:77730506","包含目录","dsxmxx","电视产品项目信息","内销电视产品项目信息 / VIDAA 6 OTA项目 / V4/V5 OTA到V6分支、结果排查","1"
"page:77730506","topic:项目管理","推断主题","dsxmxx","电视产品项目信息","V4/V5 OTA到V6分支、结果排查","1"
"page:4128807","page:96506216","包含目录","dsxmxx","电视产品项目信息","内销电视产品项目信息 / 产品数据统计","1"
"page:96506216","topic:项目管理","推断主题","dsxmxx","电视产品项目信息","产品数据统计","1"
"page:96506216","page:96506220","包含目录","dsxmxx","电视产品项目信息","内销电视产品项目信息 / 产品数据统计 / 年中数据","1"
"page:96506220","topic:项目管理","推断主题","dsxmxx","电视产品项目信息","年中数据","1"
"page:96506216","page:96506224","包含目录","dsxmxx","电视产品项目信息","内销电视产品项目信息 / 产品数据统计 / 年终数据","1"
"page:96506224","topic:项目管理","推断主题","dsxmxx","电视产品项目信息","年终数据","1"
"page:4128807","page:31130603","包含目录","dsxmxx","电视产品项目信息","内销电视产品项目信息 / 会议纪要","1"
"page:31130603","topic:会议与协同","推断主题","dsxmxx","电视产品项目信息","会议纪要","1"
"page:4128807","page:48826194","包含目录","dsxmxx","电视产品项目信息","内销电视产品项目信息 / 共用库统计","1"
"page:48826194","topic:项目管理","推断主题","dsxmxx","电视产品项目信息","共用库统计","1"
"page:4128807","page:14818765","包含目录","dsxmxx","电视产品项目信息","内销电视产品项目信息 / 内销TV软件分支信息库","1"
"page:14818765","topic:项目管理","推断主题","dsxmxx","电视产品项目信息","内销TV软件分支信息库","1"
"page:14818765","page:14825357","包含目录","dsxmxx","电视产品项目信息","内销电视产品项目信息 / 内销TV软件分支信息库 / 内销TV软件-Mstar平台分支信息表-8","1"
"page:14825357","topic:项目管理","推断主题","dsxmxx","电视产品项目信息","内销TV软件-Mstar平台分支信息表-8","1"
"page:14818765","page:14825361","包含目录","dsxmxx","电视产品项目信息","内销电视产品项目信息 / 内销TV软件分支信息库 / 内销TV软件-Hisi平台分支信息表-6","1"
"page:14825361","topic:项目管理","推断主题","dsxmxx","电视产品项目信息","内销TV软件-Hisi平台分支信息表-6","1"
"page:14818765","page:14825365","包含目录","dsxmxx","电视产品项目信息","内销电视产品项目信息 / 内销TV软件分支信息库 / 内销TV软件-MTK平台分支信息表-","1"
"page:14825365","topic:项目管理","推断主题","dsxmxx","电视产品项目信息","内销TV软件-MTK平台分支信息表-","1"
"page:14818765","page:14825367","包含目录","dsxmxx","电视产品项目信息","内销电视产品项目信息 / 内销TV软件分支信息库 / 内销TV软件-RTK/医疗/盒子等平台分支信息表","1"
"page:14825367","topic:项目管理","推断主题","dsxmxx","电视产品项目信息","内销TV软件-RTK/医疗/盒子等平台分支信息表","1"
"page:14818765","page:25987832","包含目录","dsxmxx","电视产品项目信息","内销电视产品项目信息 / 内销TV软件分支信息库 / 内销TV软件-NovaTek平台分支信息表-4","1"
"page:25987832","topic:项目管理","推断主题","dsxmxx","电视产品项目信息","内销TV软件-NovaTek平台分支信息表-4","1"
"page:14818765","page:104797375","包含目录","dsxmxx","电视产品项目信息","内销电视产品项目信息 / 内销TV软件分支信息库 / 蓝牙遥控器Sensor导致自动待机问题分支排查","1"
"page:104797375","topic:问题与复盘","推断主题","dsxmxx","电视产品项目信息","蓝牙遥控器Sensor导致自动待机问题分支排查","1"
"page:14818765","page:106337849","包含目录","dsxmxx","电视产品项目信息","内销电视产品项目信息 / 内销TV软件分支信息库 / 内销盒子软件-AMLOGIC平台分支信息表","1"
"page:106337849","topic:项目管理","推断主题","dsxmxx","电视产品项目信息","内销盒子软件-AMLOGIC平台分支信息表","1"
"page:14818765","page:110695972","包含目录","dsxmxx","电视产品项目信息","内销电视产品项目信息 / 内销TV软件分支信息库 / 内销TV软件-RTK分支信息表-1","1"
"page:110695972","topic:项目管理","推断主题","dsxmxx","电视产品项目信息","内销TV软件-RTK分支信息表-1","1"
"page:14818765","page:128358632","包含目录","dsxmxx","电视产品项目信息","内销电视产品项目信息 / 内销TV软件分支信息库 / 内销TV软件-Rockchip平台分支信息表-2","1"
"page:128358632","topic:项目管理","推断主题","dsxmxx","电视产品项目信息","内销TV软件-Rockchip平台分支信息表-2","1"
"page:4128807","page:4128774","包含目录","dsxmxx","电视产品项目信息","内销电视产品项目信息 / 内销TV软件方案商FAE信息库","1"
"page:4128774","topic:设计与架构","推断主题","dsxmxx","电视产品项目信息","内销TV软件方案商FAE信息库","1"
"page:4128774","page:13714247","包含目录","dsxmxx","电视产品项目信息","内销电视产品项目信息 / 内销TV软件方案商FAE信息库 / MStar FAE","1"
"page:13714247","topic:设计与架构","推断主题","dsxmxx","电视产品项目信息","MStar FAE","1"
"page:4128774","page:15870313","包含目录","dsxmxx","电视产品项目信息","内销电视产品项目信息 / 内销TV软件方案商FAE信息库 / Mstar方案周报","1"
"page:15870313","topic:设计与架构","推断主题","dsxmxx","电视产品项目信息","Mstar方案周报","1"
"page:4128807","page:39390538","包含目录","dsxmxx","电视产品项目信息","内销电视产品项目信息 / 内销产品CHIPID修改统计信息","1"
"page:39390538","topic:项目管理","推断主题","dsxmxx","电视产品项目信息","内销产品CHIPID修改统计信息","1"
"page:4128807","page:14843760","包含目录","dsxmxx","电视产品项目信息","内销电视产品项目信息 / 内销产品规划","1"
"page:14843760","topic:项目管理","推断主题","dsxmxx","电视产品项目信息","内销产品规划","1"
"page:14843760","page:16861141","包含目录","dsxmxx","电视产品项目信息","内销电视产品项目信息 / 内销产品规划 / 18年新品牌照方汇总","1"
"page:16861141","topic:项目管理","推断主题","dsxmxx","电视产品项目信息","18年新品牌照方汇总","1"
"page:14843760","page:14843779","包含目录","dsxmxx","电视产品项目信息","内销电视产品项目信息 / 内销产品规划 / 2017内销产品命名规则","1"
"page:14843779","topic:项目管理","推断主题","dsxmxx","电视产品项目信息","2017内销产品命名规则","1"
"page:14843760","page:15875859","包含目录","dsxmxx","电视产品项目信息","内销电视产品项目信息 / 内销产品规划 / FeatureCode信息汇总","1"
"page:15875859","topic:需求与功能","推断主题","dsxmxx","电视产品项目信息","FeatureCode信息汇总","1"
"page:14843760","page:144249724","包含目录","dsxmxx","电视产品项目信息","内销电视产品项目信息 / 内销产品规划 / JUUI7.0 红黑主题适配","1"
"page:144249724","topic:项目管理","推断主题","dsxmxx","电视产品项目信息","JUUI7.0 红黑主题适配","1"
"page:14843760","page:144251893","包含目录","dsxmxx","电视产品项目信息","内销电视产品项目信息 / 内销产品规划 / NT72685 代替MT9652 U7G派生机","1"
"page:144251893","topic:项目管理","推断主题","dsxmxx","电视产品项目信息","NT72685 代替MT9652 U7G派生机","1"
"page:14843760","page:123247083","包含目录","dsxmxx","电视产品项目信息","内销电视产品项目信息 / 内销产品规划 / 新品开发过程梳理","1"
"page:123247083","topic:项目管理","推断主题","dsxmxx","电视产品项目信息","新品开发过程梳理","1"
"page:4128807","page:80452170","包含目录","dsxmxx","电视产品项目信息","内销电视产品项目信息 / 内销产品论证项目信息","1"
"page:80452170","topic:项目管理","推断主题","dsxmxx","电视产品项目信息","内销产品论证项目信息","1"
"page:80452170","page:80452627","包含目录","dsxmxx","电视产品项目信息","内销电视产品项目信息 / 内销产品论证项目信息 / TV内销软件可行性论证项目实时统计","1"
"page:80452627","topic:项目管理","推断主题","dsxmxx","电视产品项目信息","TV内销软件可行性论证项目实时统计","1"
"page:80452170","page:80452193","包含目录","dsxmxx","电视产品项目信息","内销电视产品项目信息 / 内销产品论证项目信息 / 论证虚拟团队名单","1"
"page:80452193","topic:项目管理","推断主题","dsxmxx","电视产品项目信息","论证虚拟团队名单","1"
"page:80452170","page:80452271","包含目录","dsxmxx","电视产品项目信息","内销电视产品项目信息 / 内销产品论证项目信息 / 论证项目记录","1"
"page:80452271","topic:项目管理","推断主题","dsxmxx","电视产品项目信息","论证项目记录","1"
"page:4128807","page:4128788","包含目录","dsxmxx","电视产品项目信息","内销电视产品项目信息 / 内销电视代码分支信息-2016年优化升级OTA","1"
"page:4128788","topic:项目管理","推断主题","dsxmxx","电视产品项目信息","内销电视代码分支信息-2016年优化升级OTA","1"
"page:4128807","page:61378596","包含目录","dsxmxx","电视产品项目信息","内销电视产品项目信息 / 北京歌华大卡无法解密问题","1"
"page:61378596","topic:问题与复盘","推断主题","dsxmxx","电视产品项目信息","北京歌华大卡无法解密问题","1"
"page:61378596","page:61378605","包含目录","dsxmxx","电视产品项目信息","内销电视产品项目信息 / 北京歌华大卡无法解密问题 / 所有机型排查","1"
"page:61378605","topic:问题与复盘","推断主题","dsxmxx","电视产品项目信息","所有机型排查","1"
"page:61378596","page:61378602","包含目录","dsxmxx","电视产品项目信息","内销电视产品项目信息 / 北京歌华大卡无法解密问题 / 首批紧急机型","1"
"page:61378602","topic:问题与复盘","推断主题","dsxmxx","电视产品项目信息","首批紧急机型","1"
"page:4128807","page:4128772","包含目录","dsxmxx","电视产品项目信息","内销电视产品项目信息 / 广电有线一体机项目群","1"
"page:4128772","topic:项目管理","推断主题","dsxmxx","电视产品项目信息","广电有线一体机项目群","1"
"page:4128807","page:27920988","包含目录","dsxmxx","电视产品项目信息","内销电视产品项目信息 / 广电项目信息","1"
"page:27920988","topic:项目管理","推断主题","dsxmxx","电视产品项目信息","广电项目信息","1"
"page:4128807","page:65178614","包含目录","dsxmxx","电视产品项目信息","内销电视产品项目信息 / 文件列表","1"
"page:65178614","topic:项目管理","推断主题","dsxmxx","电视产品项目信息","文件列表","1"
"page:4128807","page:80449392","包含目录","dsxmxx","电视产品项目信息","内销电视产品项目信息 / 更改公司名称集中输入项目","1"
"page:80449392","topic:项目管理","推断主题","dsxmxx","电视产品项目信息","更改公司名称集中输入项目","1"
"page:4128807","page:13700624","包含目录","dsxmxx","电视产品项目信息","内销电视产品项目信息 / 核高基项目","1"
"page:13700624","topic:项目管理","推断主题","dsxmxx","电视产品项目信息","核高基项目","1"
"page:4128807","page:96508434","包含目录","dsxmxx","电视产品项目信息","内销电视产品项目信息 / 版本打回考核说明整机意见","1"
"page:96508434","topic:版本与计划","推断主题","dsxmxx","电视产品项目信息","版本打回考核说明整机意见","1"
"page:4128807","page:41978293","包含目录","dsxmxx","电视产品项目信息","内销电视产品项目信息 / 社交电视S7E项目信息","1"
"page:41978293","topic:项目管理","推断主题","dsxmxx","电视产品项目信息","社交电视S7E项目信息","1"
"page:41978293","page:41978299","包含目录","dsxmxx","电视产品项目信息","内销电视产品项目信息 / 社交电视S7E项目信息 / 一级/二级模块","1"
"page:41978299","topic:项目管理","推断主题","dsxmxx","电视产品项目信息","一级/二级模块","1"
"page:41978293","page:46794440","包含目录","dsxmxx","电视产品项目信息","内销电视产品项目信息 / 社交电视S7E项目信息 / 代码/编译/升级方法","1"
"page:46794440","topic:项目管理","推断主题","dsxmxx","电视产品项目信息","代码/编译/升级方法","1"
"page:41978293","page:47486377","包含目录","dsxmxx","电视产品项目信息","内销电视产品项目信息 / 社交电视S7E项目信息 / 双系统交互公共接口","1"
"page:47486377","topic:设计与架构","推断主题","dsxmxx","电视产品项目信息","双系统交互公共接口","1"
"page:41978293","page:50140949","包含目录","dsxmxx","电视产品项目信息","内销电视产品项目信息 / 社交电视S7E项目信息 / 双系统应用包名清单","1"
"page:50140949","topic:项目管理","推断主题","dsxmxx","电视产品项目信息","双系统应用包名清单","1"
"page:41978293","page:42670138","包含目录","dsxmxx","电视产品项目信息","内销电视产品项目信息 / 社交电视S7E项目信息 / 对A311D的依赖","1"
"page:42670138","topic:项目管理","推断主题","dsxmxx","电视产品项目信息","对A311D的依赖","1"
"page:41978293","page:49515011","包含目录","dsxmxx","电视产品项目信息","内销电视产品项目信息 / 社交电视S7E项目信息 / 常见问题","1"
"page:49515011","topic:问题与复盘","推断主题","dsxmxx","电视产品项目信息","常见问题","1"
"page:41978293","page:54106711","包含目录","dsxmxx","电视产品项目信息","内销电视产品项目信息 / 社交电视S7E项目信息 / 稳定性压测","1"
"page:54106711","topic:项目管理","推断主题","dsxmxx","电视产品项目信息","稳定性压测","1"
"page:41978293","page:41978319","包含目录","dsxmxx","电视产品项目信息","内销电视产品项目信息 / 社交电视S7E项目信息 / 算法及应用引进","1"
"page:41978319","topic:项目管理","推断主题","dsxmxx","电视产品项目信息","算法及应用引进","1"
"page:41978293","page:41978295","包含目录","dsxmxx","电视产品项目信息","内销电视产品项目信息 / 社交电视S7E项目信息 / 软硬件架构","1"
"page:41978295","topic:设计与架构","推断主题","dsxmxx","电视产品项目信息","软硬件架构","1"
"page:41978293","page:52723742","包含目录","dsxmxx","电视产品项目信息","内销电视产品项目信息 / 社交电视S7E项目信息 / 过程跟踪","1"
"page:52723742","topic:项目管理","推断主题","dsxmxx","电视产品项目信息","过程跟踪","1"
"page:41978293","page:49515620","包含目录","dsxmxx","电视产品项目信息","内销电视产品项目信息 / 社交电视S7E项目信息 / 运营策略","1"
"page:49515620","topic:项目管理","推断主题","dsxmxx","电视产品项目信息","运营策略","1"
"page:41978293","page:43321375","包含目录","dsxmxx","电视产品项目信息","内销电视产品项目信息 / 社交电视S7E项目信息 / 项目里程碑节点","1"
"page:43321375","topic:版本与计划","推断主题","dsxmxx","电视产品项目信息","项目里程碑节点","1"
"page:4128807","page:84650137","包含目录","dsxmxx","电视产品项目信息","内销电视产品项目信息 / 社交电视S7F二代项目","1"
"page:84650137","topic:项目管理","推断主题","dsxmxx","电视产品项目信息","社交电视S7F二代项目","1"
"page:84650137","page:84650184","包含目录","dsxmxx","电视产品项目信息","内销电视产品项目信息 / 社交电视S7F二代项目 / 01-功能模块及负责人","1"
"page:84650184","topic:项目管理","推断主题","dsxmxx","电视产品项目信息","01-功能模块及负责人","1"
"page:84650137","page:84650186","包含目录","dsxmxx","电视产品项目信息","内销电视产品项目信息 / 社交电视S7F二代项目 / 02-项目计划","1"
"page:84650186","topic:版本与计划","推断主题","dsxmxx","电视产品项目信息","02-项目计划","1"
"page:84650137","page:91624626","包含目录","dsxmxx","电视产品项目信息","内销电视产品项目信息 / 社交电视S7F二代项目 / 03-机型信息","1"
"page:91624626","topic:项目管理","推断主题","dsxmxx","电视产品项目信息","03-机型信息","1"
"page:4128807","page:80452847","包含目录","dsxmxx","电视产品项目信息","内销电视产品项目信息 / 芯片平台属性统计与维护","1"
"page:80452847","topic:项目管理","推断主题","dsxmxx","电视产品项目信息","芯片平台属性统计与维护","1"
"page:4128807","page:60068901","包含目录","dsxmxx","电视产品项目信息","内销电视产品项目信息 / 蓝牙机型信息","1"
"page:60068901","topic:项目管理","推断主题","dsxmxx","电视产品项目信息","蓝牙机型信息","1"
"page:4128807","page:44042584","包含目录","dsxmxx","电视产品项目信息","内销电视产品项目信息 / 设置23位机号显示不完整问题排查","1"
"page:44042584","topic:问题与复盘","推断主题","dsxmxx","电视产品项目信息","设置23位机号显示不完整问题排查","1"
"space:DSWXXM","page:22053496","空间首页","DSWXXM","电视外销项目空间","电视外销项目空间 主页","1"
"page:22053496","topic:项目管理","推断主题","DSWXXM","电视外销项目空间","电视外销项目空间 主页","1"
"page:22053496","page:65832373","包含目录","DSWXXM","电视外销项目空间","电视外销项目空间 主页 / 0、外销改善工作","1"
"page:65832373","topic:项目管理","推断主题","DSWXXM","电视外销项目空间","0、外销改善工作","1"
"page:65832373","page:70783292","包含目录","DSWXXM","电视外销项目空间","电视外销项目空间 主页 / 0、外销改善工作 / ALM系统意见及建议收集","1"
"page:70783292","topic:项目管理","推断主题","DSWXXM","电视外销项目空间","ALM系统意见及建议收集","1"
"page:65832373","page:74515696","包含目录","DSWXXM","电视外销项目空间","电视外销项目空间 主页 / 0、外销改善工作 / IPD","1"
"page:74515696","topic:项目管理","推断主题","DSWXXM","电视外销项目空间","IPD","1"
"page:65832373","page:123244184","包含目录","DSWXXM","电视外销项目空间","电视外销项目空间 主页 / 0、外销改善工作 / Reopen问题改善","1"
"page:123244184","topic:问题与复盘","推断主题","DSWXXM","电视外销项目空间","Reopen问题改善","1"
"page:65832373","page:181164676","包含目录","DSWXXM","电视外销项目空间","电视外销项目空间 主页 / 0、外销改善工作 / TVS流程改善/TVSプロセス改善","1"
"page:181164676","topic:规范与流程","推断主题","DSWXXM","电视外销项目空间","TVS流程改善/TVSプロセス改善","1"
"page:65832373","page:87164659","包含目录","DSWXXM","电视外销项目空间","电视外销项目空间 主页 / 0、外销改善工作 / VOC调研2020","1"
"page:87164659","topic:项目管理","推断主题","DSWXXM","电视外销项目空间","VOC调研2020","1"
"page:65832373","page:207398774","包含目录","DSWXXM","电视外销项目空间","电视外销项目空间 主页 / 0、外销改善工作 / 专题改善","1"
"page:207398774","topic:项目管理","推断主题","DSWXXM","电视外销项目空间","专题改善","1"
"page:65832373","page:73339858","包含目录","DSWXXM","电视外销项目空间","电视外销项目空间 主页 / 0、外销改善工作 / 外销电视产品质量诊断2019","1"
"page:73339858","topic:项目管理","推断主题","DSWXXM","电视外销项目空间","外销电视产品质量诊断2019","1"
"page:65832373","page:74521163","包含目录","DSWXXM","电视外销项目空间","电视外销项目空间 主页 / 0、外销改善工作 / 外销软件模块建设","1"
"page:74521163","topic:项目管理","推断主题","DSWXXM","电视外销项目空间","外销软件模块建设","1"
"page:65832373","page:65832379","包含目录","DSWXXM","电视外销项目空间","电视外销项目空间 主页 / 0、外销改善工作 / 改善措施","1"
"page:65832379","topic:问题与复盘","推断主题","DSWXXM","电视外销项目空间","改善措施","1"
"page:65832373","page:65832376","包含目录","DSWXXM","电视外销项目空间","电视外销项目空间 主页 / 0、外销改善工作 / 海外质量问题汇总","1"
"page:65832376","topic:问题与复盘","推断主题","DSWXXM","电视外销项目空间","海外质量问题汇总","1"
"page:65832373","page:121185262","包含目录","DSWXXM","电视外销项目空间","电视外销项目空间 主页 / 0、外销改善工作 / 编码规范-Java","1"
"page:121185262","topic:规范与流程","推断主题","DSWXXM","电视外销项目空间","编码规范-Java","1"
"page:65832373","page:103423391","包含目录","DSWXXM","电视外销项目空间","电视外销项目空间 主页 / 0、外销改善工作 / 软硬结合相关分析和解决问题能力提升","1"
"page:103423391","topic:问题与复盘","推断主题","DSWXXM","电视外销项目空间","软硬结合相关分析和解决问题能力提升","1"
"page:65832373","page:97193862","包含目录","DSWXXM","电视外销项目空间","电视外销项目空间 主页 / 0、外销改善工作 / 需求管理改善课题","1"
"page:97193862","topic:需求与功能","推断主题","DSWXXM","电视外销项目空间","需求管理改善课题","1"
"page:65832373","page:65832521","包含目录","DSWXXM","电视外销项目空间","电视外销项目空间 主页 / 0、外销改善工作 / 项目管控","1"
"page:65832521","topic:项目管理","推断主题","DSWXXM","电视外销项目空间","项目管控","1"
"page:65832373","page:108504876","包含目录","DSWXXM","电视外销项目空间","电视外销项目空间 主页 / 0、外销改善工作 / 风险管控","1"
"page:108504876","topic:项目管理","推断主题","DSWXXM","电视外销项目空间","风险管控","1"
"page:22053496","page:5832741","包含目录","DSWXXM","电视外销项目空间","电视外销项目空间 主页 / 1、项目信息","1"
"page:5832741","topic:项目管理","推断主题","DSWXXM","电视外销项目空间","1、项目信息","1"
"page:5832741","page:23430190","包含目录","DSWXXM","电视外销项目空间","电视外销项目空间 主页 / 1、项目信息 / 项目空间模板参考","1"
"page:23430190","topic:规范与流程","推断主题","DSWXXM","电视外销项目空间","项目空间模板参考","1"
"page:5832741","page:35620594","包含目录","DSWXXM","电视外销项目空间","电视外销项目空间 主页 / 1、项目信息 / 机芯平台项目信息","1"
"page:35620594","topic:项目管理","推断主题","DSWXXM","电视外销项目空间","机芯平台项目信息","1"
"page:5832741","page:35620597","包含目录","DSWXXM","电视外销项目空间","电视外销项目空间 主页 / 1、项目信息 / 外销电视项目公共信息","1"
"page:35620597","topic:项目管理","推断主题","DSWXXM","电视外销项目空间","外销电视项目公共信息","1"
"page:5832741","page:35620604","包含目录","DSWXXM","电视外销项目空间","电视外销项目空间 主页 / 1、项目信息 / 外销电视专项项目信息","1"
"page:35620604","topic:项目管理","推断主题","DSWXXM","电视外销项目空间","外销电视专项项目信息","1"
"page:5832741","page:61378775","包含目录","DSWXXM","电视外销项目空间","电视外销项目空间 主页 / 1、项目信息 / 电视外销市场问题","1"
"page:61378775","topic:问题与复盘","推断主题","DSWXXM","电视外销项目空间","电视外销市场问题","1"
"page:5832741","page:70783582","包含目录","DSWXXM","电视外销项目空间","电视外销项目空间 主页 / 1、项目信息 / 可行性论证记录","1"
"page:70783582","topic:项目管理","推断主题","DSWXXM","电视外销项目空间","可行性论证记录","1"
"page:5832741","page:93786889","包含目录","DSWXXM","电视外销项目空间","电视外销项目空间 主页 / 1、项目信息 / 项目对应人力投入分析","1"
"page:93786889","topic:问题与复盘","推断主题","DSWXXM","电视外销项目空间","项目对应人力投入分析","1"
"page:5832741","page:180272675","包含目录","DSWXXM","电视外销项目空间","电视外销项目空间 主页 / 1、项目信息 / 第三方应用集成项目信息","1"
"page:180272675","topic:设计与架构","推断主题","DSWXXM","电视外销项目空间","第三方应用集成项目信息","1"
"page:5832741","page:181153374","包含目录","DSWXXM","电视外销项目空间","电视外销项目空间 主页 / 1、项目信息 / 媒资集成项目","1"
"page:181153374","topic:设计与架构","推断主题","DSWXXM","电视外销项目空间","媒资集成项目","1"
"page:5832741","page:182064695","包含目录","DSWXXM","电视外销项目空间","电视外销项目空间 主页 / 1、项目信息 / VIDAA TV信息","1"
"page:182064695","topic:项目管理","推断主题","DSWXXM","电视外销项目空间","VIDAA TV信息","1"
"page:5832741","page:182664799","包含目录","DSWXXM","电视外销项目空间","电视外销项目空间 主页 / 1、项目信息 / Store app项目","1"
"page:182664799","topic:项目管理","推断主题","DSWXXM","电视外销项目空间","Store app项目","1"
"page:5832741","page:182665022","包含目录","DSWXXM","电视外销项目空间","电视外销项目空间 主页 / 1、项目信息 / 云端发布规划","1"
"page:182665022","topic:项目管理","推断主题","DSWXXM","电视外销项目空间","云端发布规划","1"
"page:5832741","page:187805230","包含目录","DSWXXM","电视外销项目空间","电视外销项目空间 主页 / 1、项目信息 / 11月份OTA项目重要问题复盘","1"
"page:187805230","topic:问题与复盘","推断主题","DSWXXM","电视外销项目空间","11月份OTA项目重要问题复盘","1"
"page:5832741","page:209109183","包含目录","DSWXXM","电视外销项目空间","电视外销项目空间 主页 / 1、项目信息 / 项目文档管理","1"
"page:209109183","topic:规范与流程","推断主题","DSWXXM","电视外销项目空间","项目文档管理","1"
"page:5832741","page:219096354","包含目录","DSWXXM","电视外销项目空间","电视外销项目空间 主页 / 1、项目信息 / 外销项目认证信息","1"
"page:219096354","topic:培训与知识","推断主题","DSWXXM","电视外销项目空间","外销项目认证信息","1"
"page:5832741","page:222813317","包含目录","DSWXXM","电视外销项目空间","电视外销项目空间 主页 / 1、项目信息 / 云平台项目","1"
"page:222813317","topic:项目管理","推断主题","DSWXXM","电视外销项目空间","云平台项目","1"
"page:5832741","page:236743629","包含目录","DSWXXM","电视外销项目空间","电视外销项目空间 主页 / 1、项目信息 / WebApp管理","1"
"page:236743629","topic:项目管理","推断主题","DSWXXM","电视外销项目空间","WebApp管理","1"
"page:5832741","page:308860130","包含目录","DSWXXM","电视外销项目空间","电视外销项目空间 主页 / 1、项目信息 / Entrust CA 证书","1"
"page:308860130","topic:项目管理","推断主题","DSWXXM","电视外销项目空间","Entrust CA 证书","1"
"page:22053496","page:35620591","包含目录","DSWXXM","电视外销项目空间","电视外销项目空间 主页 / 2、外销电视一级模块","1"
"page:35620591","topic:项目管理","推断主题","DSWXXM","电视外销项目空间","2、外销电视一级模块","1"
"page:35620591","page:34933219","包含目录","DSWXXM","电视外销项目空间","电视外销项目空间 主页 / 2、外销电视一级模块 / Android业务模块","1"
"page:34933219","topic:项目管理","推断主题","DSWXXM","电视外销项目空间","Android业务模块","1"
"page:35620591","page:34246685","包含目录","DSWXXM","电视外销项目空间","电视外销项目空间 主页 / 2、外销电视一级模块 / VIDAA业务模块","1"
"page:34246685","topic:项目管理","推断主题","DSWXXM","电视外销项目空间","VIDAA业务模块","1"
"page:35620591","page:161520711","包含目录","DSWXXM","电视外销项目空间","电视外销项目空间 主页 / 2、外销电视一级模块 / VIDAA技术模块","1"
"page:161520711","topic:项目管理","推断主题","DSWXXM","电视外销项目空间","VIDAA技术模块","1"
"page:35620591","page:219088556","包含目录","DSWXXM","电视外销项目空间","电视外销项目空间 主页 / 2、外销电视一级模块 / Vidaa测试模块负责人","1"
"page:219088556","topic:测试与验证","推断主题","DSWXXM","电视外销项目空间","Vidaa测试模块负责人","1"
"page:35620591","page:267147820","包含目录","DSWXXM","电视外销项目空间","电视外销项目空间 主页 / 2、外销电视一级模块 / VIDAA证书管理","1"
"page:267147820","topic:项目管理","推断主题","DSWXXM","电视外销项目空间","VIDAA证书管理","1"
"page:35620591","page:305506606","包含目录","DSWXXM","电视外销项目空间","电视外销项目空间 主页 / 2、外销电视一级模块 / 外销Vidaa模块-测试分工","1"
"page:305506606","topic:测试与验证","推断主题","DSWXXM","电视外销项目空间","外销Vidaa模块-测试分工","1"
"page:22053496","page:35620976","包含目录","DSWXXM","电视外销项目空间","电视外销项目空间 主页 / 3、海外VIDAA系统平台建设","1"
"page:35620976","topic:项目管理","推断主题","DSWXXM","电视外销项目空间","3、海外VIDAA系统平台建设","1"
"page:35620976","page:87857041","包含目录","DSWXXM","电视外销项目空间","电视外销项目空间 主页 / 3、海外VIDAA系统平台建设 / 0 VIDAA技术","1"
"page:87857041","topic:项目管理","推断主题","DSWXXM","电视外销项目空间","0 VIDAA技术","1"
"page:35620976","page:141074400","包含目录","DSWXXM","电视外销项目空间","电视外销项目空间 主页 / 3、海外VIDAA系统平台建设 / 1 VIDAA平台规划","1"
"page:141074400","topic:项目管理","推断主题","DSWXXM","电视外销项目空间","1 VIDAA平台规划","1"
"page:35620976","page:141074406","包含目录","DSWXXM","电视外销项目空间","电视外销项目空间 主页 / 3、海外VIDAA系统平台建设 / 2 VIDAA平台开发","1"
"page:141074406","topic:项目管理","推断主题","DSWXXM","电视外销项目空间","2 VIDAA平台开发","1"
"page:35620976","page:141074408","包含目录","DSWXXM","电视外销项目空间","电视外销项目空间 主页 / 3、海外VIDAA系统平台建设 / 3 VIDAA平台交付","1"
"page:141074408","topic:项目管理","推断主题","DSWXXM","电视外销项目空间","3 VIDAA平台交付","1"
"page:35620976","page:141074410","包含目录","DSWXXM","电视外销项目空间","电视外销项目空间 主页 / 3、海外VIDAA系统平台建设 / 4 VIDAA平台维护","1"
"page:141074410","topic:项目管理","推断主题","DSWXXM","电视外销项目空间","4 VIDAA平台维护","1"
"page:35620976","page:141074810","包含目录","DSWXXM","电视外销项目空间","电视外销项目空间 主页 / 3、海外VIDAA系统平台建设 / 5 VIDAA团队建设","1"
"page:141074810","topic:项目管理","推断主题","DSWXXM","电视外销项目空间","5 VIDAA团队建设","1"
"page:35620976","page:228352432","包含目录","DSWXXM","电视外销项目空间","电视外销项目空间 主页 / 3、海外VIDAA系统平台建设 / 6 Mars主页","1"
"page:228352432","topic:项目管理","推断主题","DSWXXM","电视外销项目空间","6 Mars主页","1"
"page:35620976","page:301237557","包含目录","DSWXXM","电视外销项目空间","电视外销项目空间 主页 / 3、海外VIDAA系统平台建设 / VIDAA黑屏自动化","1"
"page:301237557","topic:项目管理","推断主题","DSWXXM","电视外销项目空间","VIDAA黑屏自动化","1"
"page:35620976","page:162408523","包含目录","DSWXXM","电视外销项目空间","电视外销项目空间 主页 / 3、海外VIDAA系统平台建设 / 系统架构","1"
"page:162408523","topic:设计与架构","推断主题","DSWXXM","电视外销项目空间","系统架构","1"
"page:22053496","page:36245941","包含目录","DSWXXM","电视外销项目空间","电视外销项目空间 主页 / 4、海外Android项目","1"
"page:36245941","topic:项目管理","推断主题","DSWXXM","电视外销项目空间","4、海外Android项目","1"
"page:36245941","page:107778832","包含目录","DSWXXM","电视外销项目空间","电视外销项目空间 主页 / 4、海外Android项目 / 0、Android软件平台","1"
"page:107778832","topic:项目管理","推断主题","DSWXXM","电视外销项目空间","0、Android软件平台","1"
"page:36245941","page:110697671","包含目录","DSWXXM","电视外销项目空间","电视外销项目空间 主页 / 4、海外Android项目 / 10、安全与隐私管理","1"
"page:110697671","topic:项目管理","推断主题","DSWXXM","电视外销项目空间","10、安全与隐私管理","1"
"page:36245941","page:121179601","包含目录","DSWXXM","电视外销项目空间","电视外销项目空间 主页 / 4、海外Android项目 / 11、GoogleTV","1"
"page:121179601","topic:项目管理","推断主题","DSWXXM","电视外销项目空间","11、GoogleTV","1"
"page:36245941","page:126227243","包含目录","DSWXXM","电视外销项目空间","电视外销项目空间 主页 / 4、海外Android项目 / 12.EMMC写入优化","1"
"page:126227243","topic:项目管理","推断主题","DSWXXM","电视外销项目空间","12.EMMC写入优化","1"
"page:36245941","page:173056362","包含目录","DSWXXM","电视外销项目空间","电视外销项目空间 主页 / 4、海外Android项目 / 13.Android Bootcamp","1"
"page:173056362","topic:项目管理","推断主题","DSWXXM","电视外销项目空间","13.Android Bootcamp","1"
"page:36245941","page:205699522","包含目录","DSWXXM","电视外销项目空间","电视外销项目空间 主页 / 4、海外Android项目 / 14.Android Apps","1"
"page:205699522","topic:项目管理","推断主题","DSWXXM","电视外销项目空间","14.Android Apps","1"
"page:36245941","page:238856260","包含目录","DSWXXM","电视外销项目空间","电视外销项目空间 主页 / 4、海外Android项目 / 15. Google项目认证信息汇总","1"
"page:238856260","topic:培训与知识","推断主题","DSWXXM","电视外销项目空间","15. Google项目认证信息汇总","1"
"page:36245941","page:65182949","包含目录","DSWXXM","电视外销项目空间","电视外销项目空间 主页 / 4、海外Android项目 / 1、Android TV Road Map","1"
"page:65182949","topic:项目管理","推断主题","DSWXXM","电视外销项目空间","1、Android TV Road Map","1"
"page:36245941","page:67634087","包含目录","DSWXXM","电视外销项目空间","电视外销项目空间 主页 / 4、海外Android项目 / 2、在研重点项目","1"
"page:67634087","topic:项目管理","推断主题","DSWXXM","电视外销项目空间","2、在研重点项目","1"
"page:36245941","page:67634112","包含目录","DSWXXM","电视外销项目空间","电视外销项目空间 主页 / 4、海外Android项目 / 3、安卓项目集周例会","1"
"page:67634112","topic:会议与协同","推断主题","DSWXXM","电视外销项目空间","3、安卓项目集周例会","1"
"page:36245941","page:74521524","包含目录","DSWXXM","电视外销项目空间","电视外销项目空间 主页 / 4、海外Android项目 / 4、日本TVS_Android项目","1"
"page:74521524","topic:项目管理","推断主题","DSWXXM","电视外销项目空间","4、日本TVS_Android项目","1"
"page:36245941","page:83990631","包含目录","DSWXXM","电视外销项目空间","电视外销项目空间 主页 / 4、海外Android项目 / 5、 Android CBB模块","1"
"page:83990631","topic:项目管理","推断主题","DSWXXM","电视外销项目空间","5、 Android CBB模块","1"
"page:36245941","page:83302139","包含目录","DSWXXM","电视外销项目空间","电视外销项目空间 主页 / 4、海外Android项目 / 6、性能优化专区","1"
"page:83302139","topic:项目管理","推断主题","DSWXXM","电视外销项目空间","6、性能优化专区","1"
"page:36245941","page:100766727","包含目录","DSWXXM","电视外销项目空间","电视外销项目空间 主页 / 4、海外Android项目 / 7、NPS质量改善课题","1"
"page:100766727","topic:问题与复盘","推断主题","DSWXXM","电视外销项目空间","7、NPS质量改善课题","1"
"page:36245941","page:231406854","包含目录","DSWXXM","电视外销项目空间","电视外销项目空间 主页 / 4、海外Android项目 / 8、ATV&GTV项目SPL管控","1"
"page:231406854","topic:项目管理","推断主题","DSWXXM","电视外销项目空间","8、ATV&GTV项目SPL管控","1"
"page:36245941","page:110691978","包含目录","DSWXXM","电视外销项目空间","电视外销项目空间 主页 / 4、海外Android项目 / 9、Realtek Android R平台方案","1"
"page:110691978","topic:设计与架构","推断主题","DSWXXM","电视外销项目空间","9、Realtek Android R平台方案","1"
"page:36245941","page:164835226","包含目录","DSWXXM","电视外销项目空间","电视外销项目空间 主页 / 4、海外Android项目 / MT9618平台模块负责人","1"
"page:164835226","topic:项目管理","推断主题","DSWXXM","电视外销项目空间","MT9618平台模块负责人","1"
"page:22053496","page:48171251","包含目录","DSWXXM","电视外销项目空间","电视外销项目空间 主页 / 5、海信外网专线信息","1"
"page:48171251","topic:项目管理","推断主题","DSWXXM","电视外销项目空间","5、海信外网专线信息","1"
"page:22053496","page:62033567","包含目录","DSWXXM","电视外销项目空间","电视外销项目空间 主页 / 6、外销电视DB平台对外接口设计","1"
"page:62033567","topic:设计与架构","推断主题","DSWXXM","电视外销项目空间","6、外销电视DB平台对外接口设计","1"
"page:62033567","page:62621043","包含目录","DSWXXM","电视外销项目空间","电视外销项目空间 主页 / 6、外销电视DB平台对外接口设计 / HUI API design(项目编号：329758)","1"
"page:62621043","topic:设计与架构","推断主题","DSWXXM","电视外销项目空间","HUI API design(项目编号：329758)","1"
"page:62033567","page:90937826","包含目录","DSWXXM","电视外销项目空间","电视外销项目空间 主页 / 6、外销电视DB平台对外接口设计 / HUI测试用例优化与完善(HUI Test Case Optimization & Improvement)","1"
"page:90937826","topic:设计与架构","推断主题","DSWXXM","电视外销项目空间","HUI测试用例优化与完善(HUI Test Case Optimization & Improvement)","1"
"page:62033567","page:70164388","包含目录","DSWXXM","电视外销项目空间","电视外销项目空间 主页 / 6、外销电视DB平台对外接口设计 / Js jsplugin API design","1"
"page:70164388","topic:设计与架构","推断主题","DSWXXM","电视外销项目空间","Js jsplugin API design","1"
"page:62033567","page:7340089","包含目录","DSWXXM","电视外销项目空间","电视外销项目空间 主页 / 6、外销电视DB平台对外接口设计 / ModelJS API design","1"
"page:7340089","topic:设计与架构","推断主题","DSWXXM","电视外销项目空间","ModelJS API design","1"
"page:62033567","page:94476607","包含目录","DSWXXM","电视外销项目空间","电视外销项目空间 主页 / 6、外销电视DB平台对外接口设计 / 中间件自动化测试","1"
"page:94476607","topic:设计与架构","推断主题","DSWXXM","电视外销项目空间","中间件自动化测试","1"
"page:22053496","page:67634900","包含目录","DSWXXM","电视外销项目空间","电视外销项目空间 主页 / 7、外销工作手册","1"
"page:67634900","topic:规范与流程","推断主题","DSWXXM","电视外销项目空间","7、外销工作手册","1"
"page:67634900","page:68295207","包含目录","DSWXXM","电视外销项目空间","电视外销项目空间 主页 / 7、外销工作手册 / 0.外销电视业务清单","1"
"page:68295207","topic:规范与流程","推断主题","DSWXXM","电视外销项目空间","0.外销电视业务清单","1"
"page:67634900","page:67634914","包含目录","DSWXXM","电视外销项目空间","电视外销项目空间 主页 / 7、外销工作手册 / 1.外销电视软件主设计工作规范","1"
"page:67634914","topic:设计与架构","推断主题","DSWXXM","电视外销项目空间","1.外销电视软件主设计工作规范","1"
"page:67634900","page:62626367","包含目录","DSWXXM","电视外销项目空间","电视外销项目空间 主页 / 7、外销工作手册 / 2.外销电视软件开发规范","1"
"page:62626367","topic:规范与流程","推断主题","DSWXXM","电视外销项目空间","2.外销电视软件开发规范","1"
"page:67634900","page:73900959","包含目录","DSWXXM","电视外销项目空间","电视外销项目空间 主页 / 7、外销工作手册 / 3.外销电视软件开发自测规范","1"
"page:73900959","topic:规范与流程","推断主题","DSWXXM","电视外销项目空间","3.外销电视软件开发自测规范","1"
"page:67634900","page:95158914","包含目录","DSWXXM","电视外销项目空间","电视外销项目空间 主页 / 7、外销工作手册 / 4.外销电视软件patch规范","1"
"page:95158914","topic:规范与流程","推断主题","DSWXXM","电视外销项目空间","4.外销电视软件patch规范","1"
"page:67634900","page:67634916","包含目录","DSWXXM","电视外销项目空间","电视外销项目空间 主页 / 7、外销工作手册 / 5.外销软件LIT工作规范","1"
"page:67634916","topic:规范与流程","推断主题","DSWXXM","电视外销项目空间","5.外销软件LIT工作规范","1"
"page:67634900","page:104104342","包含目录","DSWXXM","电视外销项目空间","电视外销项目空间 主页 / 7、外销工作手册 / 6.外销电视VIDAA平台设计雷区","1"
"page:104104342","topic:设计与架构","推断主题","DSWXXM","电视外销项目空间","6.外销电视VIDAA平台设计雷区","1"
"page:22053496","page:65834418","包含目录","DSWXXM","电视外销项目空间","电视外销项目空间 主页 / 8、部门培训","1"
"page:65834418","topic:培训与知识","推断主题","DSWXXM","电视外销项目空间","8、部门培训","1"
"page:65834418","page:75861723","包含目录","DSWXXM","电视外销项目空间","电视外销项目空间 主页 / 8、部门培训 / 任职资格考试题库","1"
"page:75861723","topic:培训与知识","推断主题","DSWXXM","电视外销项目空间","任职资格考试题库","1"
"page:65834418","page:67076981","包含目录","DSWXXM","电视外销项目空间","电视外销项目空间 主页 / 8、部门培训 / 培训材料库","1"
"page:67076981","topic:培训与知识","推断主题","DSWXXM","电视外销项目空间","培训材料库","1"
"page:65834418","page:67076978","包含目录","DSWXXM","电视外销项目空间","电视外销项目空间 主页 / 8、部门培训 / 培训计划","1"
"page:67076978","topic:版本与计划","推断主题","DSWXXM","电视外销项目空间","培训计划","1"
"page:65834418","page:67076973","包含目录","DSWXXM","电视外销项目空间","电视外销项目空间 主页 / 8、部门培训 / 培训记录","1"
"page:67076973","topic:培训与知识","推断主题","DSWXXM","电视外销项目空间","培训记录","1"
"page:22053496","page:67083022","包含目录","DSWXXM","电视外销项目空间","电视外销项目空间 主页 / 9、质量记录","1"
"page:67083022","topic:项目管理","推断主题","DSWXXM","电视外销项目空间","9、质量记录","1"
"page:67083022","page:74515923","包含目录","DSWXXM","电视外销项目空间","电视外销项目空间 主页 / 9、质量记录 / 1. 应市项目管理规范性报告","1"
"page:74515923","topic:规范与流程","推断主题","DSWXXM","电视外销项目空间","1. 应市项目管理规范性报告","1"
"page:67083022","page:74515927","包含目录","DSWXXM","电视外销项目空间","电视外销项目空间 主页 / 9、质量记录 / 2. LIT指标压测规范性检查","1"
"page:74515927","topic:规范与流程","推断主题","DSWXXM","电视外销项目空间","2. LIT指标压测规范性检查","1"
"page:67083022","page:67083071","包含目录","DSWXXM","电视外销项目空间","电视外销项目空间 主页 / 9、质量记录 / Android设计文档评审记录","1"
"page:67083071","topic:设计与架构","推断主题","DSWXXM","电视外销项目空间","Android设计文档评审记录","1"
"page:67083022","page:236488140","包含目录","DSWXXM","电视外销项目空间","电视外销项目空间 主页 / 9、质量记录 / DLNA","1"
"page:236488140","topic:项目管理","推断主题","DSWXXM","电视外销项目空间","DLNA","1"
"page:67083022","page:67634960","包含目录","DSWXXM","电视外销项目空间","电视外销项目空间 主页 / 9、质量记录 / LIT测试计划/用例评审记录","1"
"page:67634960","topic:测试与验证","推断主题","DSWXXM","电视外销项目空间","LIT测试计划/用例评审记录","1"
"page:67083022","page:92938640","包含目录","DSWXXM","电视外销项目空间","电视外销项目空间 主页 / 9、质量记录 / OTA版本发布记录","1"
"page:92938640","topic:版本与计划","推断主题","DSWXXM","电视外销项目空间","OTA版本发布记录","1"
"page:67083022","page:67083068","包含目录","DSWXXM","电视外销项目空间","电视外销项目空间 主页 / 9、质量记录 / VIDAA设计文档评审记录","1"
"page:67083068","topic:设计与架构","推断主题","DSWXXM","电视外销项目空间","VIDAA设计文档评审记录","1"
"page:67083022","page:179416802","包含目录","DSWXXM","电视外销项目空间","电视外销项目空间 主页 / 9、质量记录 / VIDAA项目指标记录","1"
"page:179416802","topic:项目管理","推断主题","DSWXXM","电视外销项目空间","VIDAA项目指标记录","1"
"page:67083022","page:67083074","包含目录","DSWXXM","电视外销项目空间","电视外销项目空间 主页 / 9、质量记录 / 产品系统设计文档评审记录","1"
"page:67083074","topic:设计与架构","推断主题","DSWXXM","电视外销项目空间","产品系统设计文档评审记录","1"
"page:67083022","page:68847357","包含目录","DSWXXM","电视外销项目空间","电视外销项目空间 主页 / 9、质量记录 / 影响软件封板质量问题记录","1"
"page:68847357","topic:问题与复盘","推断主题","DSWXXM","电视外销项目空间","影响软件封板质量问题记录","1"
"page:22053496","page:79794423","包含目录","DSWXXM","电视外销项目空间","电视外销项目空间 主页 / 10. 防疫工作","1"
"page:79794423","topic:项目管理","推断主题","DSWXXM","电视外销项目空间","10. 防疫工作","1"
"page:79794423","page:79794496","包含目录","DSWXXM","电视外销项目空间","电视外销项目空间 主页 / 10. 防疫工作 / 每日点检","1"
"page:79794496","topic:项目管理","推断主题","DSWXXM","电视外销项目空间","每日点检","1"
"page:22053496","page:91621964","包含目录","DSWXXM","电视外销项目空间","电视外销项目空间 主页 / 11、海外电视软件管理周例会","1"
"page:91621964","topic:会议与协同","推断主题","DSWXXM","电视外销项目空间","11、海外电视软件管理周例会","1"
"page:91621964","page:112138769","包含目录","DSWXXM","电视外销项目空间","电视外销项目空间 主页 / 11、海外电视软件管理周例会 / 2020年","1"
"page:112138769","topic:会议与协同","推断主题","DSWXXM","电视外销项目空间","2020年","1"
"page:91621964","page:112138780","包含目录","DSWXXM","电视外销项目空间","电视外销项目空间 主页 / 11、海外电视软件管理周例会 / 2021年","1"
"page:112138780","topic:会议与协同","推断主题","DSWXXM","电视外销项目空间","2021年","1"
"page:91621964","page:293177273","包含目录","DSWXXM","电视外销项目空间","电视外销项目空间 主页 / 11、海外电视软件管理周例会 / 9602/6886/6586主板收集信息登记","1"
"page:293177273","topic:会议与协同","推断主题","DSWXXM","电视外销项目空间","9602/6886/6586主板收集信息登记","1"
"page:91621964","page:161218725","包含目录","DSWXXM","电视外销项目空间","电视外销项目空间 主页 / 11、海外电视软件管理周例会 / VIDAA项目管理例会","1"
"page:161218725","topic:会议与协同","推断主题","DSWXXM","电视外销项目空间","VIDAA项目管理例会","1"
"page:22053496","page:91621955","包含目录","DSWXXM","电视外销项目空间","电视外销项目空间 主页 / 12、Others","1"
"page:91621955","topic:项目管理","推断主题","DSWXXM","电视外销项目空间","12、Others","1"
"page:91621955","page:110004740","包含目录","DSWXXM","电视外销项目空间","电视外销项目空间 主页 / 12、Others / 2020-12Hisense&Mediatek 软件技术交流议题搜集","1"
"page:110004740","topic:项目管理","推断主题","DSWXXM","电视外销项目空间","2020-12Hisense&Mediatek 软件技术交流议题搜集","1"
"page:91621955","page:103422771","包含目录","DSWXXM","电视外销项目空间","电视外销项目空间 主页 / 12、Others / 2020传媒高企支撑材料","1"
"page:103422771","topic:项目管理","推断主题","DSWXXM","电视外销项目空间","2020传媒高企支撑材料","1"
"page:91621955","page:99327402","包含目录","DSWXXM","电视外销项目空间","电视外销项目空间 主页 / 12、Others / 2020实习新员工申请提前返岗信息汇总","1"
"page:99327402","topic:项目管理","推断主题","DSWXXM","电视外销项目空间","2020实习新员工申请提前返岗信息汇总","1"
"page:91621955","page:95162006","包含目录","DSWXXM","电视外销项目空间","电视外销项目空间 主页 / 12、Others / 2020年7月份云桌面空间扩容申请","1"
"page:95162006","topic:项目管理","推断主题","DSWXXM","电视外销项目空间","2020年7月份云桌面空间扩容申请","1"
"page:91621955","page:101417541","包含目录","DSWXXM","电视外销项目空间","电视外销项目空间 主页 / 12、Others / 2020年国庆假期人员动向统计","1"
"page:101417541","topic:项目管理","推断主题","DSWXXM","电视外销项目空间","2020年国庆假期人员动向统计","1"
"page:91621955","page:145065737","包含目录","DSWXXM","电视外销项目空间","电视外销项目空间 主页 / 12、Others / 2021传媒高企软著申报","1"
"page:145065737","topic:项目管理","推断主题","DSWXXM","电视外销项目空间","2021传媒高企软著申报","1"
"page:91621955","page:103416921","包含目录","DSWXXM","电视外销项目空间","电视外销项目空间 主页 / 12、Others / 2021费用预估","1"
"page:103416921","topic:项目管理","推断主题","DSWXXM","电视外销项目空间","2021费用预估","1"
"page:91621955","page:277781845","包含目录","DSWXXM","电视外销项目空间","电视外销项目空间 主页 / 12、Others / 2025年 MTK芯片需求收集","1"
"page:277781845","topic:需求与功能","推断主题","DSWXXM","电视外销项目空间","2025年 MTK芯片需求收集","1"
"page:91621955","page:135430979","包含目录","DSWXXM","电视外销项目空间","电视外销项目空间 主页 / 12、Others / 6886AU U3升级评估","1"
"page:135430979","topic:项目管理","推断主题","DSWXXM","电视外销项目空间","6886AU U3升级评估","1"
"page:91621955","page:103420137","包含目录","DSWXXM","电视外销项目空间","电视外销项目空间 主页 / 12、Others / PLM账号个人地址信息更新点检表","1"
"page:103420137","topic:项目管理","推断主题","DSWXXM","电视外销项目空间","PLM账号个人地址信息更新点检表","1"
"page:91621955","page:240776440","包含目录","DSWXXM","电视外销项目空间","电视外销项目空间 主页 / 12、Others / TVS出差话题收集(2024)","1"
"page:240776440","topic:项目管理","推断主题","DSWXXM","电视外销项目空间","TVS出差话题收集(2024)","1"
"page:91621955","page:214292931","包含目录","DSWXXM","电视外销项目空间","电视外销项目空间 主页 / 12、Others / YouTube报备原型机信息","1"
"page:214292931","topic:项目管理","推断主题","DSWXXM","电视外销项目空间","YouTube报备原型机信息","1"
"page:91621955","page:99323905","包含目录","DSWXXM","电视外销项目空间","电视外销项目空间 主页 / 12、Others / 中美贸易战研发对策指南_外销软件排查","1"
"page:99323905","topic:规范与流程","推断主题","DSWXXM","电视外销项目空间","中美贸易战研发对策指南_外销软件排查","1"
"page:91621955","page:50137745","包含目录","DSWXXM","电视外销项目空间","电视外销项目空间 主页 / 12、Others / 外销电视开发人员签证信息汇总","1"
"page:50137745","topic:项目管理","推断主题","DSWXXM","电视外销项目空间","外销电视开发人员签证信息汇总","1"
"page:91621955","page:44630428","包含目录","DSWXXM","电视外销项目空间","电视外销项目空间 主页 / 12、Others / 外销电视项目人力汇总","1"
"page:44630428","topic:项目管理","推断主题","DSWXXM","电视外销项目空间","外销电视项目人力汇总","1"
"page:91621955","page:214285953","包含目录","DSWXXM","电视外销项目空间","电视外销项目空间 主页 / 12、Others / 开发对谷歌商务的意见收集","1"
"page:214285953","topic:项目管理","推断主题","DSWXXM","电视外销项目空间","开发对谷歌商务的意见收集","1"
"page:91621955","page:87167329","包含目录","DSWXXM","电视外销项目空间","电视外销项目空间 主页 / 12、Others / 指导文章","1"
"page:87167329","topic:项目管理","推断主题","DSWXXM","电视外销项目空间","指导文章","1"
"page:91621955","page:29852197","包含目录","DSWXXM","电视外销项目空间","电视外销项目空间 主页 / 12、Others / 文件列表","1"
"page:29852197","topic:项目管理","推断主题","DSWXXM","电视外销项目空间","文件列表","1"
"page:91621955","page:87173824","包含目录","DSWXXM","电视外销项目空间","电视外销项目空间 主页 / 12、Others / 笔记","1"
"page:87173824","topic:项目管理","推断主题","DSWXXM","电视外销项目空间","笔记","1"
"page:22053496","page:104797041","包含目录","DSWXXM","电视外销项目空间","电视外销项目空间 主页 / 13、研发知识管理","1"
"page:104797041","topic:项目管理","推断主题","DSWXXM","电视外销项目空间","13、研发知识管理","1"
"page:22053496","page:112825033","包含目录","DSWXXM","电视外销项目空间","电视外销项目空间 主页 / 14、 第六党支部","1"
"page:112825033","topic:项目管理","推断主题","DSWXXM","电视外销项目空间","14、 第六党支部","1"
"page:112825033","page:113484440","包含目录","DSWXXM","电视外销项目空间","电视外销项目空间 主页 / 14、 第六党支部 / 2021年 党支部工作计划","1"
"page:113484440","topic:版本与计划","推断主题","DSWXXM","电视外销项目空间","2021年 党支部工作计划","1"
"page:22053496","page:118232273","包含目录","DSWXXM","电视外销项目空间","电视外销项目空间 主页 / 15、研发流程/SQA工作记录","1"
"page:118232273","topic:测试与验证","推断主题","DSWXXM","电视外销项目空间","15、研发流程/SQA工作记录","1"
"page:118232273","page:121834625","包含目录","DSWXXM","电视外销项目空间","电视外销项目空间 主页 / 15、研发流程/SQA工作记录 / 1.SQA跟踪项目过程记录","1"
"page:121834625","topic:测试与验证","推断主题","DSWXXM","电视外销项目空间","1.SQA跟踪项目过程记录","1"
"page:118232273","page:201958948","包含目录","DSWXXM","电视外销项目空间","电视外销项目空间 主页 / 15、研发流程/SQA工作记录 / 14、CMMI诊断-SQA","1"
"page:201958948","topic:测试与验证","推断主题","DSWXXM","电视外销项目空间","14、CMMI诊断-SQA","1"
"page:22053496","page:129075915","包含目录","DSWXXM","电视外销项目空间","电视外销项目空间 主页 / 16. VIDAA & REGZA Dual world design","1"
"page:129075915","topic:设计与架构","推断主题","DSWXXM","电视外销项目空间","16. VIDAA & REGZA Dual world design","1"
"page:129075915","page:131924170","包含目录","DSWXXM","电视外销项目空间","电视外销项目空间 主页 / 16. VIDAA & REGZA Dual world design / 00-a. Project environment","1"
"page:131924170","topic:设计与架构","推断主题","DSWXXM","电视外销项目空间","00-a. Project environment","1"
"page:129075915","page:129082841","包含目录","DSWXXM","电视外销项目空间","电视外销项目空间 主页 / 16. VIDAA & REGZA Dual world design / 00. Project management","1"
"page:129082841","topic:设计与架构","推断主题","DSWXXM","电视外销项目空间","00. Project management","1"
"page:129075915","page:129075932","包含目录","DSWXXM","电视外销项目空间","电视外销项目空间 主页 / 16. VIDAA & REGZA Dual world design / 01.VIDAA & REGZA  Communication mechanism--VIDAA:臧晓华","1"
"page:129075932","topic:设计与架构","推断主题","DSWXXM","电视外销项目空间","01.VIDAA & REGZA  Communication mechanism--VIDAA:臧晓华","1"
"page:129075915","page:129075963","包含目录","DSWXXM","电视外销项目空间","电视外销项目空间 主页 / 16. VIDAA & REGZA Dual world design / 02.Power ON/OFF and state control--VIDAA：孙立庆","1"
"page:129075963","topic:设计与架构","推断主题","DSWXXM","电视外销项目空间","02.Power ON/OFF and state control--VIDAA：孙立庆","1"
"page:129075915","page:129075974","包含目录","DSWXXM","电视外销项目空间","电视外销项目空间 主页 / 16. VIDAA & REGZA Dual world design / 03.Application  management--VIDAA:李明","1"
"page:129075974","topic:设计与架构","推断主题","DSWXXM","电视外销项目空间","03.Application  management--VIDAA:李明","1"
"page:129075915","page:129075979","包含目录","DSWXXM","电视外销项目空间","电视外销项目空间 主页 / 16. VIDAA & REGZA Dual world design / 04.System construction--VIDAA:徐建峰","1"
"page:129075979","topic:设计与架构","推断主题","DSWXXM","电视外销项目空间","04.System construction--VIDAA:徐建峰","1"
"page:129075915","page:129075993","包含目录","DSWXXM","电视外销项目空间","电视外销项目空间 主页 / 16. VIDAA & REGZA Dual world design / 05.Input--VIDAA:刘昕睿","1"
"page:129075993","topic:设计与架构","推断主题","DSWXXM","电视外销项目空间","05.Input--VIDAA:刘昕睿","1"
"page:129075915","page:129076018","包含目录","DSWXXM","电视外销项目空间","电视外销项目空间 主页 / 16. VIDAA & REGZA Dual world design / 06.Graphic plane design--VIDAA:王新志","1"
"page:129076018","topic:设计与架构","推断主题","DSWXXM","电视外销项目空间","06.Graphic plane design--VIDAA:王新志","1"
"page:129075915","page:129076024","包含目录","DSWXXM","电视外销项目空间","电视外销项目空间 主页 / 16. VIDAA & REGZA Dual world design / 07.Network(IPV6)----VIDAA:于渚","1"
"page:129076024","topic:设计与架构","推断主题","DSWXXM","电视外销项目空间","07.Network(IPV6)----VIDAA:于渚","1"
"page:129075915","page:129076028","包含目录","DSWXXM","电视外销项目空间","电视外销项目空间 主页 / 16. VIDAA & REGZA Dual world design / 08.Data seperation--VIDAA:刁磊","1"
"page:129076028","topic:设计与架构","推断主题","DSWXXM","电视外销项目空间","08.Data seperation--VIDAA:刁磊","1"
"page:129075915","page:129076036","包含目录","DSWXXM","电视外销项目空间","电视外销项目空间 主页 / 16. VIDAA & REGZA Dual world design / 09.System start sequence----VIDAA:孙立庆","1"
"page:129076036","topic:设计与架构","推断主题","DSWXXM","电视外销项目空间","09.System start sequence----VIDAA:孙立庆","1"
"page:129075915","page:129076041","包含目录","DSWXXM","电视外销项目空间","电视外销项目空间 主页 / 16. VIDAA & REGZA Dual world design / 10.UI(Setting)--VIDAA:郝云英","1"
"page:129076041","topic:设计与架构","推断主题","DSWXXM","电视外销项目空间","10.UI(Setting)--VIDAA:郝云英","1"
"page:129075915","page:129076044","包含目录","DSWXXM","电视外销项目空间","电视外销项目空间 主页 / 16. VIDAA & REGZA Dual world design / 11.Blutooth--VIDAA:姜晓胜","1"
"page:129076044","topic:设计与架构","推断主题","DSWXXM","电视外销项目空间","11.Blutooth--VIDAA:姜晓胜","1"
"page:129075915","page:129076047","包含目录","DSWXXM","电视外销项目空间","电视外销项目空间 主页 / 16. VIDAA & REGZA Dual world design / 12.Video--VIDAA:曹圆圆","1"
"page:129076047","topic:设计与架构","推断主题","DSWXXM","电视外销项目空间","12.Video--VIDAA:曹圆圆","1"
"page:129075915","page:129076051","包含目录","DSWXXM","电视外销项目空间","电视外销项目空间 主页 / 16. VIDAA & REGZA Dual world design / 13.voice for youtube--VIDAA:高鹏","1"
"page:129076051","topic:设计与架构","推断主题","DSWXXM","电视外销项目空间","13.voice for youtube--VIDAA:高鹏","1"
"page:129075915","page:129076055","包含目录","DSWXXM","电视外销项目空间","电视外销项目空间 主页 / 16. VIDAA & REGZA Dual world design / 14.System upgrade--VIDAA:李鹏涛","1"
"page:129076055","topic:设计与架构","推断主题","DSWXXM","电视外销项目空间","14.System upgrade--VIDAA:李鹏涛","1"
"page:129075915","page:129076197","包含目录","DSWXXM","电视外销项目空间","电视外销项目空间 主页 / 16. VIDAA & REGZA Dual world design / 15.LogReport--VIDAA:王昕昕","1"
"page:129076197","topic:设计与架构","推断主题","DSWXXM","电视外销项目空间","15.LogReport--VIDAA:王昕昕","1"
"page:129075915","page:129076200","包含目录","DSWXXM","电视外销项目空间","电视外销项目空间 主页 / 16. VIDAA & REGZA Dual world design / 16.System Time management--VIDAA：孙立庆","1"
"page:129076200","topic:设计与架构","推断主题","DSWXXM","电视外销项目空间","16.System Time management--VIDAA：孙立庆","1"
"page:129075915","page:129797942","包含目录","DSWXXM","电视外销项目空间","电视外销项目空间 主页 / 16. VIDAA & REGZA Dual world design / 17.Resource management----vidaa:李明","1"
"page:129797942","topic:设计与架构","推断主题","DSWXXM","电视外销项目空间","17.Resource management----vidaa:李明","1"
"page:129075915","page:129797964","包含目录","DSWXXM","电视外销项目空间","电视外销项目空间 主页 / 16. VIDAA & REGZA Dual world design / 18.Audio--VIDAA:张辉娟","1"
"page:129797964","topic:设计与架构","推断主题","DSWXXM","电视外销项目空间","18.Audio--VIDAA:张辉娟","1"
"page:129075915","page:129797978","包含目录","DSWXXM","电视外销项目空间","电视外销项目空间 主页 / 16. VIDAA & REGZA Dual world design / 19. Application  R&R","1"
"page:129797978","topic:设计与架构","推断主题","DSWXXM","电视外销项目空间","19. Application  R&R","1"
"page:129075915","page:129800223","包含目录","DSWXXM","电视外销项目空间","电视外销项目空间 主页 / 16. VIDAA & REGZA Dual world design / 20.TEE(trusted zone) and DRM management","1"
"page:129800223","topic:设计与架构","推断主题","DSWXXM","电视外销项目空间","20.TEE(trusted zone) and DRM management","1"
"page:129075915","page:129805101","包含目录","DSWXXM","电视外销项目空间","电视外销项目空间 主页 / 16. VIDAA & REGZA Dual world design / 21.Voice recognition & control","1"
"page:129805101","topic:设计与架构","推断主题","DSWXXM","电视外销项目空间","21.Voice recognition & control","1"
"page:129075915","page:130459354","包含目录","DSWXXM","电视外销项目空间","电视外销项目空间 主页 / 16. VIDAA & REGZA Dual world design / 22.External Input ( HDMI and CVBS )","1"
"page:130459354","topic:设计与架构","推断主题","DSWXXM","电视外销项目空间","22.External Input ( HDMI and CVBS )","1"
"page:129075915","page:130459358","包含目录","DSWXXM","电视外销项目空间","电视外销项目空间 主页 / 16. VIDAA & REGZA Dual world design / 23.CEC","1"
"page:130459358","topic:设计与架构","推断主题","DSWXXM","电视外销项目空间","23.CEC","1"
"page:129075915","page:130459365","包含目录","DSWXXM","电视外销项目空间","电视外销项目空间 主页 / 16. VIDAA & REGZA Dual world design / 24.PQ","1"
"page:130459365","topic:设计与架构","推断主题","DSWXXM","电视外销项目空间","24.PQ","1"
"page:129075915","page:131138184","包含目录","DSWXXM","电视外销项目空间","电视外销项目空间 主页 / 16. VIDAA & REGZA Dual world design / 25. External Backend(Kali) Control","1"
"page:131138184","topic:设计与架构","推断主题","DSWXXM","电视外销项目空间","25. External Backend(Kali) Control","1"
"page:129075915","page:131926239","包含目录","DSWXXM","电视外销项目空间","电视外销项目空间 主页 / 16. VIDAA & REGZA Dual world design / 26. Product Function Design","1"
"page:131926239","topic:设计与架构","推断主题","DSWXXM","电视外销项目空间","26. Product Function Design","1"
"page:129075915","page:133302369","包含目录","DSWXXM","电视外销项目空间","电视外销项目空间 主页 / 16. VIDAA & REGZA Dual world design / 27.Design for Hisense  brand model","1"
"page:133302369","topic:设计与架构","推断主题","DSWXXM","电视外销项目空间","27.Design for Hisense  brand model","1"
"page:129075915","page:136912366","包含目录","DSWXXM","电视外销项目空间","电视外销项目空间 主页 / 16. VIDAA & REGZA Dual world design / 28. Store Mode","1"
"page:136912366","topic:设计与架构","推断主题","DSWXXM","电视外销项目空间","28. Store Mode","1"
"page:129075915","page:139075169","包含目录","DSWXXM","电视外销项目空间","电视外销项目空间 主页 / 16. VIDAA & REGZA Dual world design / 29. Security","1"
"page:139075169","topic:设计与架构","推断主题","DSWXXM","电视外销项目空间","29. Security","1"
"page:129075915","page:140347281","包含目录","DSWXXM","电视外销项目空间","电视外销项目空间 主页 / 16. VIDAA & REGZA Dual world design / 30. Panel control of OLED model","1"
"page:140347281","topic:设计与架构","推断主题","DSWXXM","电视外销项目空间","30. Panel control of OLED model","1"
"page:129075915","page:148574587","包含目录","DSWXXM","电视外销项目空间","电视外销项目空间 主页 / 16. VIDAA & REGZA Dual world design / 31.Hotel Mode","1"
"page:148574587","topic:设计与架构","推断主题","DSWXXM","电视外销项目空间","31.Hotel Mode","1"
"page:129075915","page:156474054","包含目录","DSWXXM","电视外销项目空间","电视外销项目空间 主页 / 16. VIDAA & REGZA Dual world design / 32.AirPlay function","1"
"page:156474054","topic:设计与架构","推断主题","DSWXXM","电视外销项目空间","32.AirPlay function","1"
"page:129075915","page:176294922","包含目录","DSWXXM","电视外销项目空间","电视外销项目空间 主页 / 16. VIDAA & REGZA Dual world design / 33. Odin integration for TVS models","1"
"page:176294922","topic:设计与架构","推断主题","DSWXXM","电视外销项目空间","33. Odin integration for TVS models","1"
"page:129075915","page:190350407","包含目录","DSWXXM","电视外销项目空间","电视外销项目空间 主页 / 16. VIDAA & REGZA Dual world design / 34. VIDAA Log Management","1"
"page:190350407","topic:设计与架构","推断主题","DSWXXM","电视外销项目空间","34. VIDAA Log Management","1"
"page:129075915","page:199888503","包含目录","DSWXXM","电视外销项目空间","电视外销项目空间 主页 / 16. VIDAA & REGZA Dual world design / 35.IR control at Power Micon.","1"
"page:199888503","topic:设计与架构","推断主题","DSWXXM","电视外销项目空间","35.IR control at Power Micon.","1"
"page:129075915","page:213434577","包含目录","DSWXXM","电视外销项目空间","电视外销项目空间 主页 / 16. VIDAA & REGZA Dual world design / 36. Histogram Backlight Control (HBC)","1"
"page:213434577","topic:设计与架构","推断主题","DSWXXM","电视外销项目空间","36. Histogram Backlight Control (HBC)","1"
"page:129075915","page:234503174","包含目录","DSWXXM","电视外销项目空间","电视外销项目空间 主页 / 16. VIDAA & REGZA Dual world design / 37.  Turn off backlight leakage protection","1"
"page:234503174","topic:设计与架构","推断主题","DSWXXM","电视外销项目空间","37.  Turn off backlight leakage protection","1"
"page:129075915","page:139070885","包含目录","DSWXXM","电视外销项目空间","电视外销项目空间 主页 / 16. VIDAA & REGZA Dual world design / 50. 2022 REGZA Request Design","1"
"page:139070885","topic:设计与架构","推断主题","DSWXXM","电视外销项目空间","50. 2022 REGZA Request Design","1"
"page:22053496","page:140355906","包含目录","DSWXXM","电视外销项目空间","电视外销项目空间 主页 / 17、TVS Cost Down Project","1"
"page:140355906","topic:项目管理","推断主题","DSWXXM","电视外销项目空间","17、TVS Cost Down Project","1"
"page:140355906","page:162402308","包含目录","DSWXXM","电视外销项目空间","电视外销项目空间 主页 / 17、TVS Cost Down Project / TVS技术融合2022年周报","1"
"page:162402308","topic:项目管理","推断主题","DSWXXM","电视外销项目空间","TVS技术融合2022年周报","1"
"page:140355906","page:194357859","包含目录","DSWXXM","电视外销项目空间","电视外销项目空间 主页 / 17、TVS Cost Down Project / Work Estimation 2023","1"
"page:194357859","topic:项目管理","推断主题","DSWXXM","电视外销项目空间","Work Estimation 2023","1"
"page:140355906","page:221288690","包含目录","DSWXXM","电视外销项目空间","电视外销项目空间 主页 / 17、TVS Cost Down Project / Work Estimation 2024","1"
"page:221288690","topic:项目管理","推断主题","DSWXXM","电视外销项目空间","Work Estimation 2024","1"
"page:140355906","page:140355914","包含目录","DSWXXM","电视外销项目空间","电视外销项目空间 主页 / 17、TVS Cost Down Project / [2021-2022] TVS Cost Down Project","1"
"page:140355914","topic:项目管理","推断主题","DSWXXM","电视外销项目空间","[2021-2022] TVS Cost Down Project","1"
"page:140355906","page:167325799","包含目录","DSWXXM","电视外销项目空间","电视外销项目空间 主页 / 17、TVS Cost Down Project / [2022] TVS Cost Down Project","1"
"page:167325799","topic:项目管理","推断主题","DSWXXM","电视外销项目空间","[2022] TVS Cost Down Project","1"
"page:140355906","page:221288682","包含目录","DSWXXM","电视外销项目空间","电视外销项目空间 主页 / 17、TVS Cost Down Project / [2023-2024] TVS Cost Down Project","1"
"page:221288682","topic:项目管理","推断主题","DSWXXM","电视外销项目空间","[2023-2024] TVS Cost Down Project","1"
"page:140355906","page:261727183","包含目录","DSWXXM","电视外销项目空间","电视外销项目空间 主页 / 17、TVS Cost Down Project / [2024-2025] TVS Cost Down Project","1"
"page:261727183","topic:项目管理","推断主题","DSWXXM","电视外销项目空间","[2024-2025] TVS Cost Down Project","1"
"page:22053496","page:161530921","包含目录","DSWXXM","电视外销项目空间","电视外销项目空间 主页 / 18. 外协项目软件管理工作规范","1"
"page:161530921","topic:规范与流程","推断主题","DSWXXM","电视外销项目空间","18. 外协项目软件管理工作规范","1"
"page:161530921","page:161530942","包含目录","DSWXXM","电视外销项目空间","电视外销项目空间 主页 / 18. 外协项目软件管理工作规范 / 1 外协项目管理痛点梳理","1"
"page:161530942","topic:规范与流程","推断主题","DSWXXM","电视外销项目空间","1 外协项目管理痛点梳理","1"
"page:161530921","page:161531505","包含目录","DSWXXM","电视外销项目空间","电视外销项目空间 主页 / 18. 外协项目软件管理工作规范 / Ref+ 工作规范 & 知识库","1"
"page:161531505","topic:规范与流程","推断主题","DSWXXM","电视外销项目空间","Ref+ 工作规范 & 知识库","1"
"page:22053496","page:162403208","包含目录","DSWXXM","电视外销项目空间","电视外销项目空间 主页 / 19. 预研项目周报","1"
"page:162403208","topic:项目管理","推断主题","DSWXXM","电视外销项目空间","19. 预研项目周报","1"
"page:162403208","page:208210522","包含目录","DSWXXM","电视外销项目空间","电视外销项目空间 主页 / 19. 预研项目周报 / 2023年预研项目进度跟踪","1"
"page:208210522","topic:项目管理","推断主题","DSWXXM","电视外销项目空间","2023年预研项目进度跟踪","1"
"page:162403208","page:225844076","包含目录","DSWXXM","电视外销项目空间","电视外销项目空间 主页 / 19. 预研项目周报 / 2024年计划落地到应市的项目跟踪","1"
"page:225844076","topic:版本与计划","推断主题","DSWXXM","电视外销项目空间","2024年计划落地到应市的项目跟踪","1"
"page:162403208","page:225842989","包含目录","DSWXXM","电视外销项目空间","电视外销项目空间 主页 / 19. 预研项目周报 / 2024年预研项目进度跟踪","1"
"page:225842989","topic:项目管理","推断主题","DSWXXM","电视外销项目空间","2024年预研项目进度跟踪","1"
"page:162403208","page:204749265","包含目录","DSWXXM","电视外销项目空间","电视外销项目空间 主页 / 19. 预研项目周报 / Mars 版本迭代","1"
"page:204749265","topic:版本与计划","推断主题","DSWXXM","电视外销项目空间","Mars 版本迭代","1"
"page:162403208","page:164071591","包含目录","DSWXXM","电视外销项目空间","电视外销项目空间 主页 / 19. 预研项目周报 / 应用开发部周报","1"
"page:164071591","topic:项目管理","推断主题","DSWXXM","电视外销项目空间","应用开发部周报","1"
"page:162403208","page:193512951","包含目录","DSWXXM","电视外销项目空间","电视外销项目空间 主页 / 19. 预研项目周报 / 武研预研项目周报","1"
"page:193512951","topic:项目管理","推断主题","DSWXXM","电视外销项目空间","武研预研项目周报","1"
"page:162403208","page:162416823","包含目录","DSWXXM","电视外销项目空间","电视外销项目空间 主页 / 19. 预研项目周报 / 深研预研项目管理","1"
"page:162416823","topic:项目管理","推断主题","DSWXXM","电视外销项目空间","深研预研项目管理","1"
"page:162403208","page:164071589","包含目录","DSWXXM","电视外销项目空间","电视外销项目空间 主页 / 19. 预研项目周报 / 系统开发部周报","1"
"page:164071589","topic:项目管理","推断主题","DSWXXM","电视外销项目空间","系统开发部周报","1"
"page:22053496","page:163251202","包含目录","DSWXXM","电视外销项目空间","电视外销项目空间 主页 / 2022-05-02","1"
"page:163251202","topic:项目管理","推断主题","DSWXXM","电视外销项目空间","2022-05-02","1"
"page:22053496","page:136906664","包含目录","DSWXXM","电视外销项目空间","电视外销项目空间 主页 / TVS square","1"
"page:136906664","topic:项目管理","推断主题","DSWXXM","电视外销项目空间","TVS square","1"
"page:136906664","page:229081808","包含目录","DSWXXM","电视外销项目空间","电视外销项目空间 主页 / TVS square / Advanced Technological Survey / 先行技術検討","1"
"page:229081808","topic:项目管理","推断主题","DSWXXM","电视外销项目空间","Advanced Technological Survey / 先行技術検討","1"
"page:136906664","page:177144429","包含目录","DSWXXM","电视外销项目空间","电视外销项目空间 主页 / TVS square / Coding Rule","1"
"page:177144429","topic:项目管理","推断主题","DSWXXM","电视外销项目空间","Coding Rule","1"
"page:136906664","page:192156742","包含目录","DSWXXM","电视外销项目空间","电视外销项目空间 主页 / TVS square / Collaboration","1"
"page:192156742","topic:测试与验证","推断主题","DSWXXM","电视外销项目空间","Collaboration","1"
"page:136906664","page:205693657","包含目录","DSWXXM","电视外销项目空间","电视外销项目空间 主页 / TVS square / Design documents / Specifications","1"
"page:205693657","topic:设计与架构","推断主题","DSWXXM","电视外销项目空间","Design documents / Specifications","1"
"page:136906664","page:227452125","包含目录","DSWXXM","电视外销项目空间","电视外销项目空间 主页 / TVS square / Equipments / 物品管理","1"
"page:227452125","topic:项目管理","推断主题","DSWXXM","电视外销项目空间","Equipments / 物品管理","1"
"page:136906664","page:227454474","包含目录","DSWXXM","电视外销项目空间","电视外销项目空间 主页 / TVS square / IS / 情報共有システム","1"
"page:227454474","topic:项目管理","推断主题","DSWXXM","电视外销项目空间","IS / 情報共有システム","1"
"page:136906664","page:229429766","包含目录","DSWXXM","电视外销项目空间","电视外销项目空间 主页 / TVS square / Software Working Group Activity","1"
"page:229429766","topic:项目管理","推断主题","DSWXXM","电视外销项目空间","Software Working Group Activity","1"
"page:136906664","page:256847269","包含目录","DSWXXM","电视外销项目空间","电视外销项目空间 主页 / TVS square / SW Fix日程周知ページ","1"
"page:256847269","topic:项目管理","推断主题","DSWXXM","电视外销项目空间","SW Fix日程周知ページ","1"
"page:136906664","page:222327541","包含目录","DSWXXM","电视外销项目空间","电视外销项目空间 主页 / TVS square / SWアップデート計画","1"
"page:222327541","topic:项目管理","推断主题","DSWXXM","电视外销项目空间","SWアップデート計画","1"
"page:136906664","page:234500687","包含目录","DSWXXM","电视外销项目空间","电视外销项目空间 主页 / TVS square / SWアップデート時の認証・検査方法判定フロー","1"
"page:234500687","topic:项目管理","推断主题","DSWXXM","电视外销项目空间","SWアップデート時の認証・検査方法判定フロー","1"
"page:136906664","page:230153841","包含目录","DSWXXM","电视外销项目空间","电视外销项目空间 主页 / TVS square / ブランチ情報","1"
"page:230153841","topic:项目管理","推断主题","DSWXXM","电视外销项目空间","ブランチ情報","1"
"page:136906664","page:241994924","包含目录","DSWXXM","电视外销项目空间","电视外销项目空间 主页 / TVS square / 制限事項調整結果ラベル一覧/Restriction coordination result labels list","1"
"page:241994924","topic:测试与验证","推断主题","DSWXXM","电视外销项目空间","制限事項調整結果ラベル一覧/Restriction coordination result labels list","1"
"page:136906664","page:136906668","包含目录","DSWXXM","电视外销项目空间","电视外销项目空间 主页 / TVS square / Teams","1"
"page:136906668","topic:项目管理","推断主题","DSWXXM","电视外销项目空间","Teams","1"
"page:136906664","page:204745813","包含目录","DSWXXM","电视外销项目空间","电视外销项目空间 主页 / TVS square / 体制表","1"
"page:204745813","topic:项目管理","推断主题","DSWXXM","电视外销项目空间","体制表","1"
"page:136906664","page:216376878","包含目录","DSWXXM","电视外销项目空间","电视外销项目空间 主页 / TVS square / 営業サンプル向けリリース管理","1"
"page:216376878","topic:项目管理","推断主题","DSWXXM","电视外销项目空间","営業サンプル向けリリース管理","1"
"page:136906664","page:231855419","包含目录","DSWXXM","电视外销项目空间","电视外销项目空间 主页 / TVS square / TVS Section","1"
"page:231855419","topic:项目管理","推断主题","DSWXXM","电视外销项目空间","TVS Section","1"
"page:136906664","page:232989080","包含目录","DSWXXM","电视外销项目空间","电视外销项目空间 主页 / TVS square / Development rules","1"
"page:232989080","topic:项目管理","推断主题","DSWXXM","电视外销项目空间","Development rules","1"
"page:136906664","page:236734786","包含目录","DSWXXM","电视外销项目空间","电视外销项目空间 主页 / TVS square / 商品企画資料","1"
"page:236734786","topic:项目管理","推断主题","DSWXXM","电视外销项目空间","商品企画資料","1"
"page:136906664","page:245787155","包含目录","DSWXXM","电视外销项目空间","电视外销项目空间 主页 / TVS square / Committee","1"
"page:245787155","topic:项目管理","推断主题","DSWXXM","电视外销项目空间","Committee","1"
"page:136906664","page:252839956","包含目录","DSWXXM","电视外销项目空间","电视外销项目空间 主页 / TVS square / Security information registration","1"
"page:252839956","topic:项目管理","推断主题","DSWXXM","电视外销项目空间","Security information registration","1"
"page:136906664","page:276384195","包含目录","DSWXXM","电视外销项目空间","电视外销项目空间 主页 / TVS square / LogReport ：Operation and usage Instructions","1"
"page:276384195","topic:项目管理","推断主题","DSWXXM","电视外销项目空间","LogReport ：Operation and usage Instructions","1"
"page:136906664","page:288466375","包含目录","DSWXXM","电视外销项目空间","电视外销项目空间 主页 / TVS square / 部門KPI_新SWプラットフォームの構築","1"
"page:288466375","topic:项目管理","推断主题","DSWXXM","电视外销项目空间","部門KPI_新SWプラットフォームの構築","1"
"page:136906664","page:289954871","包含目录","DSWXXM","电视外销项目空间","电视外销项目空间 主页 / TVS square / SoC Information","1"
"page:289954871","topic:项目管理","推断主题","DSWXXM","电视外销项目空间","SoC Information","1"
"page:136906664","page:289962081","包含目录","DSWXXM","电视外销项目空间","电视外销项目空间 主页 / TVS square / ブランチCommitlyBuild/LibUpdate稼働情報","1"
"page:289962081","topic:项目管理","推断主题","DSWXXM","电视外销项目空间","ブランチCommitlyBuild/LibUpdate稼働情報","1"
"page:136906664","page:293189094","包含目录","DSWXXM","电视外销项目空间","电视外销项目空间 主页 / TVS square / リスク管理表テンプレート","1"
"page:293189094","topic:项目管理","推断主题","DSWXXM","电视外销项目空间","リスク管理表テンプレート","1"
"page:136906664","page:294916306","包含目录","DSWXXM","电视外销项目空间","电视外销项目空间 主页 / TVS square / B12製品開発（旧、新規研製品開発）","1"
"page:294916306","topic:项目管理","推断主题","DSWXXM","电视外销项目空间","B12製品開発（旧、新規研製品開発）","1"
"page:136906664","page:243923638","包含目录","DSWXXM","电视外销项目空间","电视外销项目空间 主页 / TVS square / 各種専門用語・略語の英中日語及び説明","1"
"page:243923638","topic:项目管理","推断主题","DSWXXM","电视外销项目空间","各種専門用語・略語の英中日語及び説明","1"
"page:136906664","page:316542524","包含目录","DSWXXM","电视外销项目空间","电视外销项目空间 主页 / TVS square / クラウドインフラ","1"
"page:316542524","topic:项目管理","推断主题","DSWXXM","电视外销项目空间","クラウドインフラ","1"
"page:136906664","page:335545927","包含目录","DSWXXM","电视外销项目空间","电视外销项目空间 主页 / TVS square / Advanced Technological Survey / 先行技術検討 ph.2","1"
"page:335545927","topic:项目管理","推断主题","DSWXXM","电视外销项目空间","Advanced Technological Survey / 先行技術検討 ph.2","1"
"page:136906664","page:341969246","包含目录","DSWXXM","电视外销项目空间","电视外销项目空间 主页 / TVS square / 振り返り会","1"
"page:341969246","topic:项目管理","推断主题","DSWXXM","电视外销项目空间","振り返り会","1"
"page:136906664","page:341970772","包含目录","DSWXXM","电视外销项目空间","电视外销项目空间 主页 / TVS square / CES対応","1"
"page:341970772","topic:项目管理","推断主题","DSWXXM","电视外销项目空间","CES対応","1"
"page:136906664","page:355593482","包含目录","DSWXXM","电视外销项目空间","电视外销项目空间 主页 / TVS square / TVS Global TV","1"
"page:355593482","topic:项目管理","推断主题","DSWXXM","电视外销项目空间","TVS Global TV","1"
"page:22053496","page:178607326","包含目录","DSWXXM","电视外销项目空间","电视外销项目空间 主页 / TESTSZM","1"
"page:178607326","topic:测试与验证","推断主题","DSWXXM","电视外销项目空间","TESTSZM","1"
"page:22053496","page:204749310","包含目录","DSWXXM","电视外销项目空间","电视外销项目空间 主页 / 20. 先行项目","1"
"page:204749310","topic:项目管理","推断主题","DSWXXM","电视外销项目空间","20. 先行项目","1"
"page:204749310","page:205697013","包含目录","DSWXXM","电视外销项目空间","电视外销项目空间 主页 / 20. 先行项目 / 【3/24】9618U7.5项目的开发和LIT测试进展汇总","1"
"page:205697013","topic:测试与验证","推断主题","DSWXXM","电视外销项目空间","【3/24】9618U7.5项目的开发和LIT测试进展汇总","1"
"page:204749310","page:204749324","包含目录","DSWXXM","电视外销项目空间","电视外销项目空间 主页 / 20. 先行项目 / 【3/31】9618U7.5项目的开发和LIT测试进展汇总","1"
"page:204749324","topic:测试与验证","推断主题","DSWXXM","电视外销项目空间","【3/31】9618U7.5项目的开发和LIT测试进展汇总","1"
"page:204749310","page:208223697","包含目录","DSWXXM","电视外销项目空间","电视外销项目空间 主页 / 20. 先行项目 / 【4/14】9618U7.5项目的开发和LIT测试进展汇总","1"
"page:208223697","topic:测试与验证","推断主题","DSWXXM","电视外销项目空间","【4/14】9618U7.5项目的开发和LIT测试进展汇总","1"
"page:204749310","page:209098536","包含目录","DSWXXM","电视外销项目空间","电视外销项目空间 主页 / 20. 先行项目 / 【4/18】9618U7.5项目的开发和LIT测试进展汇总","1"
"page:209098536","topic:测试与验证","推断主题","DSWXXM","电视外销项目空间","【4/18】9618U7.5项目的开发和LIT测试进展汇总","1"
"page:204749310","page:207395978","包含目录","DSWXXM","电视外销项目空间","电视外销项目空间 主页 / 20. 先行项目 / 【4/7】9618U7.5项目的开发和LIT测试进展汇总","1"
"page:207395978","topic:测试与验证","推断主题","DSWXXM","电视外销项目空间","【4/7】9618U7.5项目的开发和LIT测试进展汇总","1"
"page:22053496","page:209101874","包含目录","DSWXXM","电视外销项目空间","电视外销项目空间 主页 / 21. 2023年NPS项目","1"
"page:209101874","topic:问题与复盘","推断主题","DSWXXM","电视外销项目空间","21. 2023年NPS项目","1"
"page:209101874","page:230158824","包含目录","DSWXXM","电视外销项目空间","电视外销项目空间 主页 / 21. 2023年NPS项目 / 2023年NPS性能改善项目措施落地的汇总统计","1"
"page:230158824","topic:问题与复盘","推断主题","DSWXXM","电视外销项目空间","2023年NPS性能改善项目措施落地的汇总统计","1"
"page:209101874","page:215819264","包含目录","DSWXXM","电视外销项目空间","电视外销项目空间 主页 / 21. 2023年NPS项目 / 72690性能指标跟踪汇总","1"
"page:215819264","topic:问题与复盘","推断主题","DSWXXM","电视外销项目空间","72690性能指标跟踪汇总","1"
"page:209101874","page:209102011","包含目录","DSWXXM","电视外销项目空间","电视外销项目空间 主页 / 21. 2023年NPS项目 / NPS问题跟踪汇总","1"
"page:209102011","topic:问题与复盘","推断主题","DSWXXM","电视外销项目空间","NPS问题跟踪汇总","1"
"page:22053496","page:213427389","包含目录","DSWXXM","电视外销项目空间","电视外销项目空间 主页 / ミーティング議事録","1"
"page:213427389","topic:项目管理","推断主题","DSWXXM","电视外销项目空间","ミーティング議事録","1"
"page:22053496","page:216373467","包含目录","DSWXXM","电视外销项目空间","电视外销项目空间 主页 / YouTube调查问卷2023","1"
"page:216373467","topic:项目管理","推断主题","DSWXXM","电视外销项目空间","YouTube调查问卷2023","1"
"page:22053496","page:222313002","包含目录","DSWXXM","电视外销项目空间","电视外销项目空间 主页 / UML Diagrams","1"
"page:222313002","topic:项目管理","推断主题","DSWXXM","电视外销项目空间","UML Diagrams","1"
"page:22053496","page:264631727","包含目录","DSWXXM","电视外销项目空间","电视外销项目空间 主页 / 22.Spotify 音乐应用","1"
"page:264631727","topic:项目管理","推断主题","DSWXXM","电视外销项目空间","22.Spotify 音乐应用","1"
"page:22053496","page:294938240","包含目录","DSWXXM","电视外销项目空间","电视外销项目空间 主页 / 5.TVS项目管理知识库","1"
"page:294938240","topic:项目管理","推断主题","DSWXXM","电视外销项目空间","5.TVS项目管理知识库","1"
"page:294938240","page:294938265","包含目录","DSWXXM","电视外销项目空间","电视外销项目空间 主页 / 5.TVS项目管理知识库 / 1.TVS项目开发指南","1"
"page:294938265","topic:规范与流程","推断主题","DSWXXM","电视外销项目空间","1.TVS项目开发指南","1"
"page:294938240","page:294938243","包含目录","DSWXXM","电视外销项目空间","电视外销项目空间 主页 / 5.TVS项目管理知识库 / 2.TVS项目平台-MT9618","1"
"page:294938243","topic:项目管理","推断主题","DSWXXM","电视外销项目空间","2.TVS项目平台-MT9618","1"
"page:294938240","page:353654794","包含目录","DSWXXM","电视外销项目空间","电视外销项目空间 主页 / 5.TVS项目管理知识库 / 26年TVS项目工时","1"
"page:353654794","topic:项目管理","推断主题","DSWXXM","电视外销项目空间","26年TVS项目工时","1"
"page:294938240","page:294938402","包含目录","DSWXXM","电视外销项目空间","电视外销项目空间 主页 / 5.TVS项目管理知识库 / 3.TVS项目平台-MT9603","1"
"page:294938402","topic:项目管理","推断主题","DSWXXM","电视外销项目空间","3.TVS项目平台-MT9603","1"
"page:22053496","page:328526442","包含目录","DSWXXM","电视外销项目空间","电视外销项目空间 主页 / 製品要件","1"
"page:328526442","topic:项目管理","推断主题","DSWXXM","电视外销项目空间","製品要件","1"
"space:JQ","page:5407673","空间首页","JQ","电视应用软件所","电视应用软件所 Home","1"
"page:5407673","topic:其他","推断主题","JQ","电视应用软件所","电视应用软件所 Home","1"
"page:5407673","page:5406829","包含目录","JQ","电视应用软件所","电视应用软件所 Home / 应用模块技术资料","1"
"page:5406829","topic:其他","推断主题","JQ","电视应用软件所","应用模块技术资料","1"
"page:5406829","page:5407072","包含目录","JQ","电视应用软件所","电视应用软件所 Home / 应用模块技术资料 / A - 模块及负责人","1"
"page:5407072","topic:其他","推断主题","JQ","电视应用软件所","A - 模块及负责人","1"
"page:5406829","page:5406849","包含目录","JQ","电视应用软件所","电视应用软件所 Home / 应用模块技术资料 / Launcher","1"
"page:5406849","topic:其他","推断主题","JQ","电视应用软件所","Launcher","1"
"page:5406829","page:5407318","包含目录","JQ","电视应用软件所","电视应用软件所 Home / 应用模块技术资料 / MediaCenter","1"
"page:5407318","topic:其他","推断主题","JQ","电视应用软件所","MediaCenter","1"
"page:5406829","page:5407254","包含目录","JQ","电视应用软件所","电视应用软件所 Home / 应用模块技术资料 / 多屏互动/投屏助手","1"
"page:5407254","topic:其他","推断主题","JQ","电视应用软件所","多屏互动/投屏助手","1"
"page:5406829","page:5407079","包含目录","JQ","电视应用软件所","电视应用软件所 Home / 应用模块技术资料 / Silo转场","1"
"page:5407079","topic:其他","推断主题","JQ","电视应用软件所","Silo转场","1"
"page:5406829","page:5407098","包含目录","JQ","电视应用软件所","电视应用软件所 Home / 应用模块技术资料 / 多媒体中间件(音视频)","1"
"page:5407098","topic:其他","推断主题","JQ","电视应用软件所","多媒体中间件(音视频)","1"
"page:5406829","page:5407075","包含目录","JQ","电视应用软件所","电视应用软件所 Home / 应用模块技术资料 / 屏保/关机动画/声音主题/QRCode","1"
"page:5407075","topic:其他","推断主题","JQ","电视应用软件所","屏保/关机动画/声音主题/QRCode","1"
"page:5406829","page:5407077","包含目录","JQ","电视应用软件所","电视应用软件所 Home / 应用模块技术资料 / 应用升级服务","1"
"page:5407077","topic:其他","推断主题","JQ","电视应用软件所","应用升级服务","1"
"page:5406829","page:5406975","包含目录","JQ","电视应用软件所","电视应用软件所 Home / 应用模块技术资料 / 视频加速","1"
"page:5406975","topic:其他","推断主题","JQ","电视应用软件所","视频加速","1"
"page:5406829","page:5406976","包含目录","JQ","电视应用软件所","电视应用软件所 Home / 应用模块技术资料 / QQ视频通话","1"
"page:5406976","topic:其他","推断主题","JQ","电视应用软件所","QQ视频通话","1"
"page:5406829","page:5406979","包含目录","JQ","电视应用软件所","电视应用软件所 Home / 应用模块技术资料 / 聚联播","1"
"page:5406979","topic:其他","推断主题","JQ","电视应用软件所","聚联播","1"
"page:5406829","page:5406972","包含目录","JQ","电视应用软件所","电视应用软件所 Home / 应用模块技术资料 / 微信互联电视","1"
"page:5406972","topic:其他","推断主题","JQ","电视应用软件所","微信互联电视","1"
"page:5406829","page:5406980","包含目录","JQ","电视应用软件所","电视应用软件所 Home / 应用模块技术资料 / 历史记录","1"
"page:5406980","topic:其他","推断主题","JQ","电视应用软件所","历史记录","1"
"page:5406829","page:15597489","包含目录","JQ","电视应用软件所","电视应用软件所 Home / 应用模块技术资料 / 日历","1"
"page:15597489","topic:其他","推断主题","JQ","电视应用软件所","日历","1"
"page:5406829","page:15769612","包含目录","JQ","电视应用软件所","电视应用软件所 Home / 应用模块技术资料 / 全景播放器","1"
"page:15769612","topic:其他","推断主题","JQ","电视应用软件所","全景播放器","1"
"page:5406829","page:17042130","包含目录","JQ","电视应用软件所","电视应用软件所 Home / 应用模块技术资料 / SmartSenseCenter","1"
"page:17042130","topic:其他","推断主题","JQ","电视应用软件所","SmartSenseCenter","1"
"page:5406829","page:17171385","包含目录","JQ","电视应用软件所","电视应用软件所 Home / 应用模块技术资料 / 平台移植","1"
"page:17171385","topic:其他","推断主题","JQ","电视应用软件所","平台移植","1"
"page:5407673","page:5407572","包含目录","JQ","电视应用软件所","电视应用软件所 Home / 知识汇总","1"
"page:5407572","topic:其他","推断主题","JQ","电视应用软件所","知识汇总","1"
"page:5407572","page:5407523","包含目录","JQ","电视应用软件所","电视应用软件所 Home / 知识汇总 / 第三方方案商资料","1"
"page:5407523","topic:设计与架构","推断主题","JQ","电视应用软件所","第三方方案商资料","1"
"page:5407572","page:5407525","包含目录","JQ","电视应用软件所","电视应用软件所 Home / 知识汇总 / 竞品资料","1"
"page:5407525","topic:其他","推断主题","JQ","电视应用软件所","竞品资料","1"
"page:5407572","page:5407517","包含目录","JQ","电视应用软件所","电视应用软件所 Home / 知识汇总 / Android/JAVA相关资料","1"
"page:5407517","topic:其他","推断主题","JQ","电视应用软件所","Android/JAVA相关资料","1"
"page:5407572","page:5407528","包含目录","JQ","电视应用软件所","电视应用软件所 Home / 知识汇总 / 业余知识扩展","1"
"page:5407528","topic:其他","推断主题","JQ","电视应用软件所","业余知识扩展","1"
"page:5407572","page:5407524","包含目录","JQ","电视应用软件所","电视应用软件所 Home / 知识汇总 / 电视基础知识","1"
"page:5407524","topic:其他","推断主题","JQ","电视应用软件所","电视基础知识","1"
"page:5407572","page:5407527","包含目录","JQ","电视应用软件所","电视应用软件所 Home / 知识汇总 / 编译环境配置、调试工具及调试技巧汇总","1"
"page:5407527","topic:其他","推断主题","JQ","电视应用软件所","编译环境配置、调试工具及调试技巧汇总","1"
"page:5407572","page:5407305","包含目录","JQ","电视应用软件所","电视应用软件所 Home / 知识汇总 / OTA and Application self-update","1"
"page:5407305","topic:其他","推断主题","JQ","电视应用软件所","OTA and Application self-update","1"
"page:5407572","page:5407498","包含目录","JQ","电视应用软件所","电视应用软件所 Home / 知识汇总 / Git/Gerrit","1"
"page:5407498","topic:其他","推断主题","JQ","电视应用软件所","Git/Gerrit","1"
"page:5407572","page:5407216","包含目录","JQ","电视应用软件所","电视应用软件所 Home / 知识汇总 / 网络通信","1"
"page:5407216","topic:其他","推断主题","JQ","电视应用软件所","网络通信","1"
"page:5407572","page:5407222","包含目录","JQ","电视应用软件所","电视应用软件所 Home / 知识汇总 / 测试知识","1"
"page:5407222","topic:测试与验证","推断主题","JQ","电视应用软件所","测试知识","1"
"page:5407572","page:5407226","包含目录","JQ","电视应用软件所","电视应用软件所 Home / 知识汇总 / 技术分享","1"
"page:5407226","topic:其他","推断主题","JQ","电视应用软件所","技术分享","1"
"page:5407572","page:5407632","包含目录","JQ","电视应用软件所","电视应用软件所 Home / 知识汇总 / License key","1"
"page:5407632","topic:其他","推断主题","JQ","电视应用软件所","License key","1"
"page:5407572","page:5407392","包含目录","JQ","电视应用软件所","电视应用软件所 Home / 知识汇总 / Document Center","1"
"page:5407392","topic:其他","推断主题","JQ","电视应用软件所","Document Center","1"
"page:5407572","page:5407516","包含目录","JQ","电视应用软件所","电视应用软件所 Home / 知识汇总 / 其他","1"
"page:5407516","topic:其他","推断主题","JQ","电视应用软件所","其他","1"
"page:5407572","page:5406990","包含目录","JQ","电视应用软件所","电视应用软件所 Home / 知识汇总 / 部门图书","1"
"page:5406990","topic:其他","推断主题","JQ","电视应用软件所","部门图书","1"
"page:5407673","page:5407534","包含目录","JQ","电视应用软件所","电视应用软件所 Home / 部门工作","1"
"page:5407534","topic:其他","推断主题","JQ","电视应用软件所","部门工作","1"
"page:5407534","page:5407533","包含目录","JQ","电视应用软件所","电视应用软件所 Home / 部门工作 / 公司部门事宜","1"
"page:5407533","topic:其他","推断主题","JQ","电视应用软件所","公司部门事宜","1"
"page:5407534","page:5407115","包含目录","JQ","电视应用软件所","电视应用软件所 Home / 部门工作 / 电视交互技术组","1"
"page:5407115","topic:其他","推断主题","JQ","电视应用软件所","电视交互技术组","1"
"page:5407534","page:5407539","包含目录","JQ","电视应用软件所","电视应用软件所 Home / 部门工作 / 电视媒体技术组","1"
"page:5407539","topic:其他","推断主题","JQ","电视应用软件所","电视媒体技术组","1"
"page:5407534","page:5407535","包含目录","JQ","电视应用软件所","电视应用软件所 Home / 部门工作 / 多媒体应用组","1"
"page:5407535","topic:其他","推断主题","JQ","电视应用软件所","多媒体应用组","1"
"page:5407534","page:14517867","包含目录","JQ","电视应用软件所","电视应用软件所 Home / 部门工作 / 部门月度例会","1"
"page:14517867","topic:会议与协同","推断主题","JQ","电视应用软件所","部门月度例会","1"
"page:5407673","page:5407544","包含目录","JQ","电视应用软件所","电视应用软件所 Home / 项目资料","1"
"page:5407544","topic:项目管理","推断主题","JQ","电视应用软件所","项目资料","1"
"page:5407544","page:5407219","包含目录","JQ","电视应用软件所","电视应用软件所 Home / 项目资料 / Chinese Market TV Branch Info","1"
"page:5407219","topic:项目管理","推断主题","JQ","电视应用软件所","Chinese Market TV Branch Info","1"
"page:5407544","page:5407600","包含目录","JQ","电视应用软件所","电视应用软件所 Home / 项目资料 / Project 2016","1"
"page:5407600","topic:项目管理","推断主题","JQ","电视应用软件所","Project 2016","1"
"page:5407544","page:13705974","包含目录","JQ","电视应用软件所","电视应用软件所 Home / 项目资料 / Project 2017","1"
"page:13705974","topic:项目管理","推断主题","JQ","电视应用软件所","Project 2017","1"
"page:5407544","page:5407174","包含目录","JQ","电视应用软件所","电视应用软件所 Home / 项目资料 / VIDAA LX","1"
"page:5407174","topic:项目管理","推断主题","JQ","电视应用软件所","VIDAA LX","1"
"page:5407544","page:5407602","包含目录","JQ","电视应用软件所","电视应用软件所 Home / 项目资料 / Before 2016","1"
"page:5407602","topic:项目管理","推断主题","JQ","电视应用软件所","Before 2016","1"
"page:5407544","page:16847516","包含目录","JQ","电视应用软件所","电视应用软件所 Home / 项目资料 / Project 2018","1"
"page:16847516","topic:项目管理","推断主题","JQ","电视应用软件所","Project 2018","1"
"page:5407544","page:14820945","包含目录","JQ","电视应用软件所","电视应用软件所 Home / 项目资料 / VIDAA 5.x 应用编译推送信息分享","1"
"page:14820945","topic:项目管理","推断主题","JQ","电视应用软件所","VIDAA 5.x 应用编译推送信息分享","1"
"page:5407544","page:22813379","包含目录","JQ","电视应用软件所","电视应用软件所 Home / 项目资料 / 商显项目支持总结","1"
"page:22813379","topic:项目管理","推断主题","JQ","电视应用软件所","商显项目支持总结","1"
"page:5407673","page:5407530","包含目录","JQ","电视应用软件所","电视应用软件所 Home / 培训相关","1"
"page:5407530","topic:培训与知识","推断主题","JQ","电视应用软件所","培训相关","1"
"page:5407530","page:5407532","包含目录","JQ","电视应用软件所","电视应用软件所 Home / 培训相关 / 培训计划及课程","1"
"page:5407532","topic:版本与计划","推断主题","JQ","电视应用软件所","培训计划及课程","1"
"page:5407530","page:5407531","包含目录","JQ","电视应用软件所","电视应用软件所 Home / 培训相关 / 培训资料","1"
"page:5407531","topic:培训与知识","推断主题","JQ","电视应用软件所","培训资料","1"
"page:5407530","page:5406833","包含目录","JQ","电视应用软件所","电视应用软件所 Home / 培训相关 / 新员工培养","1"
"page:5406833","topic:培训与知识","推断主题","JQ","电视应用软件所","新员工培养","1"
"page:5407673","page:5407090","包含目录","JQ","电视应用软件所","电视应用软件所 Home / 个人空间","1"
"page:5407090","topic:其他","推断主题","JQ","电视应用软件所","个人空间","1"
"page:5407090","page:15770976","包含目录","JQ","电视应用软件所","电视应用软件所 Home / 个人空间 / Allen（李梦远）","1"
"page:15770976","topic:其他","推断主题","JQ","电视应用软件所","Allen（李梦远）","1"
"page:5407090","page:5406953","包含目录","JQ","电视应用软件所","电视应用软件所 Home / 个人空间 / 乔彦东","1"
"page:5406953","topic:其他","推断主题","JQ","电视应用软件所","乔彦东","1"
"page:5407090","page:5406786","包含目录","JQ","电视应用软件所","电视应用软件所 Home / 个人空间 / 于文钦","1"
"page:5406786","topic:其他","推断主题","JQ","电视应用软件所","于文钦","1"
"page:5407090","page:5406938","包含目录","JQ","电视应用软件所","电视应用软件所 Home / 个人空间 / 于颜梅","1"
"page:5406938","topic:其他","推断主题","JQ","电视应用软件所","于颜梅","1"
"page:5407090","page:5407091","包含目录","JQ","电视应用软件所","电视应用软件所 Home / 个人空间 / 付友苹","1"
"page:5407091","topic:其他","推断主题","JQ","电视应用软件所","付友苹","1"
"page:5407090","page:5406934","包含目录","JQ","电视应用软件所","电视应用软件所 Home / 个人空间 / 付延松","1"
"page:5406934","topic:其他","推断主题","JQ","电视应用软件所","付延松","1"
"page:5407090","page:5407048","包含目录","JQ","电视应用软件所","电视应用软件所 Home / 个人空间 / 何宏磊","1"
"page:5407048","topic:其他","推断主题","JQ","电视应用软件所","何宏磊","1"
"page:5407090","page:5406853","包含目录","JQ","电视应用软件所","电视应用软件所 Home / 个人空间 / 刘承龙","1"
"page:5406853","topic:其他","推断主题","JQ","电视应用软件所","刘承龙","1"
"page:5407090","page:5406959","包含目录","JQ","电视应用软件所","电视应用软件所 Home / 个人空间 / 卢善好","1"
"page:5406959","topic:其他","推断主题","JQ","电视应用软件所","卢善好","1"
"page:5407090","page:5406926","包含目录","JQ","电视应用软件所","电视应用软件所 Home / 个人空间 / 吕鹏","1"
"page:5406926","topic:其他","推断主题","JQ","电视应用软件所","吕鹏","1"
"page:5407090","page:5407074","包含目录","JQ","电视应用软件所","电视应用软件所 Home / 个人空间 / 吴亮","1"
"page:5407074","topic:其他","推断主题","JQ","电视应用软件所","吴亮","1"
"page:5407090","page:5406789","包含目录","JQ","电视应用软件所","电视应用软件所 Home / 个人空间 / 周杰","1"
"page:5406789","topic:其他","推断主题","JQ","电视应用软件所","周杰","1"
"page:5407090","page:5406935","包含目录","JQ","电视应用软件所","电视应用软件所 Home / 个人空间 / 唐学大","1"
"page:5406935","topic:其他","推断主题","JQ","电视应用软件所","唐学大","1"
"page:5407090","page:5406758","包含目录","JQ","电视应用软件所","电视应用软件所 Home / 个人空间 / 姜泽虎","1"
"page:5406758","topic:其他","推断主题","JQ","电视应用软件所","姜泽虎","1"
"page:5407090","page:5406961","包含目录","JQ","电视应用软件所","电视应用软件所 Home / 个人空间 / 孙超","1"
"page:5406961","topic:其他","推断主题","JQ","电视应用软件所","孙超","1"
"page:5407090","page:5406954","包含目录","JQ","电视应用软件所","电视应用软件所 Home / 个人空间 / 孟祥菲","1"
"page:5406954","topic:其他","推断主题","JQ","电视应用软件所","孟祥菲","1"
"page:5407090","page:5406836","包含目录","JQ","电视应用软件所","电视应用软件所 Home / 个人空间 / 宋子全","1"
"page:5406836","topic:其他","推断主题","JQ","电视应用软件所","宋子全","1"
"page:5407090","page:5406787","包含目录","JQ","电视应用软件所","电视应用软件所 Home / 个人空间 / 宋虎","1"
"page:5406787","topic:其他","推断主题","JQ","电视应用软件所","宋虎","1"
"page:5407090","page:5406918","包含目录","JQ","电视应用软件所","电视应用软件所 Home / 个人空间 / 庞秀娟","1"
"page:5406918","topic:其他","推断主题","JQ","电视应用软件所","庞秀娟","1"
"page:5407090","page:5406924","包含目录","JQ","电视应用软件所","电视应用软件所 Home / 个人空间 / 张娜","1"
"page:5406924","topic:其他","推断主题","JQ","电视应用软件所","张娜","1"
"page:5407090","page:5406948","包含目录","JQ","电视应用软件所","电视应用软件所 Home / 个人空间 / 张萌","1"
"page:5406948","topic:其他","推断主题","JQ","电视应用软件所","张萌","1"
"page:5407090","page:5406960","包含目录","JQ","电视应用软件所","电视应用软件所 Home / 个人空间 / 徐高峰","1"
"page:5406960","topic:其他","推断主题","JQ","电视应用软件所","徐高峰","1"
"page:5407090","page:5406868","包含目录","JQ","电视应用软件所","电视应用软件所 Home / 个人空间 / 惠龙云","1"
"page:5406868","topic:其他","推断主题","JQ","电视应用软件所","惠龙云","1"
"page:5407090","page:5406783","包含目录","JQ","电视应用软件所","电视应用软件所 Home / 个人空间 / 曹哲","1"
"page:5406783","topic:其他","推断主题","JQ","电视应用软件所","曹哲","1"
"page:5407090","page:5406939","包含目录","JQ","电视应用软件所","电视应用软件所 Home / 个人空间 / 朱宗花","1"
"page:5406939","topic:其他","推断主题","JQ","电视应用软件所","朱宗花","1"
"page:5407090","page:5406927","包含目录","JQ","电视应用软件所","电视应用软件所 Home / 个人空间 / 朱雪生","1"
"page:5406927","topic:其他","推断主题","JQ","电视应用软件所","朱雪生","1"
"page:5407090","page:5406957","包含目录","JQ","电视应用软件所","电视应用软件所 Home / 个人空间 / 李志强","1"
"page:5406957","topic:其他","推断主题","JQ","电视应用软件所","李志强","1"
"page:5407090","page:5406945","包含目录","JQ","电视应用软件所","电视应用软件所 Home / 个人空间 / 李斌","1"
"page:5406945","topic:其他","推断主题","JQ","电视应用软件所","李斌","1"
"page:5407090","page:5407626","包含目录","JQ","电视应用软件所","电视应用软件所 Home / 个人空间 / 李沈阳","1"
"page:5407626","topic:其他","推断主题","JQ","电视应用软件所","李沈阳","1"
"page:5407090","page:5406785","包含目录","JQ","电视应用软件所","电视应用软件所 Home / 个人空间 / 李秀","1"
"page:5406785","topic:其他","推断主题","JQ","电视应用软件所","李秀","1"
"page:5407090","page:5407262","包含目录","JQ","电视应用软件所","电视应用软件所 Home / 个人空间 / 杨鲁明","1"
"page:5407262","topic:其他","推断主题","JQ","电视应用软件所","杨鲁明","1"
"page:5407090","page:5406944","包含目录","JQ","电视应用软件所","电视应用软件所 Home / 个人空间 / 毛伟彬","1"
"page:5406944","topic:其他","推断主题","JQ","电视应用软件所","毛伟彬","1"
"page:5407090","page:5406958","包含目录","JQ","电视应用软件所","电视应用软件所 Home / 个人空间 / 沙建鹤","1"
"page:5406958","topic:其他","推断主题","JQ","电视应用软件所","沙建鹤","1"
"page:5407090","page:5406788","包含目录","JQ","电视应用软件所","电视应用软件所 Home / 个人空间 / 王云刚","1"
"page:5406788","topic:其他","推断主题","JQ","电视应用软件所","王云刚","1"
"page:5407090","page:5406923","包含目录","JQ","电视应用软件所","电视应用软件所 Home / 个人空间 / 王刚","1"
"page:5406923","topic:其他","推断主题","JQ","电视应用软件所","王刚","1"
"page:5407090","page:5406873","包含目录","JQ","电视应用软件所","电视应用软件所 Home / 个人空间 / 王大勇","1"
"page:5406873","topic:其他","推断主题","JQ","电视应用软件所","王大勇","1"
"page:5407090","page:5406932","包含目录","JQ","电视应用软件所","电视应用软件所 Home / 个人空间 / 王大明","1"
"page:5406932","topic:其他","推断主题","JQ","电视应用软件所","王大明","1"
"page:5407090","page:5406955","包含目录","JQ","电视应用软件所","电视应用软件所 Home / 个人空间 / 王智利","1"
"page:5406955","topic:其他","推断主题","JQ","电视应用软件所","王智利","1"
"page:5407090","page:5406951","包含目录","JQ","电视应用软件所","电视应用软件所 Home / 个人空间 / 王济洋","1"
"page:5406951","topic:其他","推断主题","JQ","电视应用软件所","王济洋","1"
"page:5407090","page:5406921","包含目录","JQ","电视应用软件所","电视应用软件所 Home / 个人空间 / 王海滨","1"
"page:5406921","topic:其他","推断主题","JQ","电视应用软件所","王海滨","1"
"page:5407673","page:5407186","包含目录","JQ","电视应用软件所","电视应用软件所 Home / How-To Articles","1"
"page:5407186","topic:其他","推断主题","JQ","电视应用软件所","How-To Articles","1"
"page:5407673","page:5407304","包含目录","JQ","电视应用软件所","电视应用软件所 Home / 部门Confluence使用指南","1"
"page:5407304","topic:规范与流程","推断主题","JQ","电视应用软件所","部门Confluence使用指南","1"
"page:5407673","page:5407407","包含目录","JQ","电视应用软件所","电视应用软件所 Home / 交流与合作","1"
"page:5407407","topic:其他","推断主题","JQ","电视应用软件所","交流与合作","1"
"page:5407407","page:13699639","包含目录","JQ","电视应用软件所","电视应用软件所 Home / 交流与合作 / 合作项目","1"
"page:13699639","topic:项目管理","推断主题","JQ","电视应用软件所","合作项目","1"
"page:5407407","page:5407411","包含目录","JQ","电视应用软件所","电视应用软件所 Home / 交流与合作 / 软件与UX设计合作交流区","1"
"page:5407411","topic:设计与架构","推断主题","JQ","电视应用软件所","软件与UX设计合作交流区","1"
"page:5407673","page:30508761","包含目录","JQ","电视应用软件所","电视应用软件所 Home / 预研创新项目","1"
"page:30508761","topic:项目管理","推断主题","JQ","电视应用软件所","预研创新项目","1"
"page:5407673","page:114200668","包含目录","JQ","电视应用软件所","电视应用软件所 Home / 常用机型apk提交工程及分支","1"
"page:114200668","topic:其他","推断主题","JQ","电视应用软件所","常用机型apk提交工程及分支","1"
"space:XTXNSY","page:204735990","空间首页","XTXNSY","系统性能优化团队（深研）","系统性能优化团队（深研） 主页","1"
"page:204735990","topic:其他","推断主题","XTXNSY","系统性能优化团队（深研）","系统性能优化团队（深研） 主页","1"
"page:204735990","page:215322066","包含目录","XTXNSY","系统性能优化团队（深研）","系统性能优化团队（深研） 主页 / 个人空间","1"
"page:215322066","topic:其他","推断主题","XTXNSY","系统性能优化团队（深研）","个人空间","1"
"page:215322066","page:215322071","包含目录","XTXNSY","系统性能优化团队（深研）","系统性能优化团队（深研） 主页 / 个人空间 / 卢炯健-ljj","1"
"page:215322071","topic:其他","推断主题","XTXNSY","系统性能优化团队（深研）","卢炯健-ljj","1"
"page:215322066","page:221867551","包含目录","XTXNSY","系统性能优化团队（深研）","系统性能优化团队（深研） 主页 / 个人空间 / 巫金全w","1"
"page:221867551","topic:其他","推断主题","XTXNSY","系统性能优化团队（深研）","巫金全w","1"
"page:215322066","page:221305378","包含目录","XTXNSY","系统性能优化团队（深研）","系统性能优化团队（深研） 主页 / 个人空间 / 邓湘峰","1"
"page:221305378","topic:其他","推断主题","XTXNSY","系统性能优化团队（深研）","邓湘峰","1"
"page:215322066","page:222317811","包含目录","XTXNSY","系统性能优化团队（深研）","系统性能优化团队（深研） 主页 / 个人空间 / 王世昌1","1"
"page:222317811","topic:其他","推断主题","XTXNSY","系统性能优化团队（深研）","王世昌1","1"
"page:215322066","page:232256182","包含目录","XTXNSY","系统性能优化团队（深研）","系统性能优化团队（深研） 主页 / 个人空间 / 潘凯","1"
"page:232256182","topic:其他","推断主题","XTXNSY","系统性能优化团队（深研）","潘凯","1"
"page:215322066","page:310907956","包含目录","XTXNSY","系统性能优化团队（深研）","系统性能优化团队（深研） 主页 / 个人空间 / walter","1"
"page:310907956","topic:其他","推断主题","XTXNSY","系统性能优化团队（深研）","walter","1"
"page:204735990","page:204744822","包含目录","XTXNSY","系统性能优化团队（深研）","系统性能优化团队（深研） 主页 / 公司制度","1"
"page:204744822","topic:规范与流程","推断主题","XTXNSY","系统性能优化团队（深研）","公司制度","1"
"page:204744822","page:224660949","包含目录","XTXNSY","系统性能优化团队（深研）","系统性能优化团队（深研） 主页 / 公司制度 / 公司的流程","1"
"page:224660949","topic:规范与流程","推断主题","XTXNSY","系统性能优化团队（深研）","公司的流程","1"
"page:204744822","page:219985900","包含目录","XTXNSY","系统性能优化团队（深研）","系统性能优化团队（深研） 主页 / 公司制度 / 系统路由器（HX_SY_XT_123）使用","1"
"page:219985900","topic:规范与流程","推断主题","XTXNSY","系统性能优化团队（深研）","系统路由器（HX_SY_XT_123）使用","1"
"page:204735990","page:204740543","包含目录","XTXNSY","系统性能优化团队（深研）","系统性能优化团队（深研） 主页 / 团队建设","1"
"page:204740543","topic:其他","推断主题","XTXNSY","系统性能优化团队（深研）","团队建设","1"
"page:204740543","page:207390335","包含目录","XTXNSY","系统性能优化团队（深研）","系统性能优化团队（深研） 主页 / 团队建设 / 23年工作计划","1"
"page:207390335","topic:版本与计划","推断主题","XTXNSY","系统性能优化团队（深研）","23年工作计划","1"
"page:204740543","page:227846484","包含目录","XTXNSY","系统性能优化团队（深研）","系统性能优化团队（深研） 主页 / 团队建设 / 24年的工作目标","1"
"page:227846484","topic:其他","推断主题","XTXNSY","系统性能优化团队（深研）","24年的工作目标","1"
"page:204740543","page:269507011","包含目录","XTXNSY","系统性能优化团队（深研）","系统性能优化团队（深研） 主页 / 团队建设 / 25年工作规划","1"
"page:269507011","topic:其他","推断主题","XTXNSY","系统性能优化团队（深研）","25年工作规划","1"
"page:204740543","page:209103591","包含目录","XTXNSY","系统性能优化团队（深研）","系统性能优化团队（深研） 主页 / 团队建设 / 团队介绍","1"
"page:209103591","topic:其他","推断主题","XTXNSY","系统性能优化团队（深研）","团队介绍","1"
"page:204740543","page:204744691","包含目录","XTXNSY","系统性能优化团队（深研）","系统性能优化团队（深研） 主页 / 团队建设 / 工作会议","1"
"page:204744691","topic:会议与协同","推断主题","XTXNSY","系统性能优化团队（深研）","工作会议","1"
"page:204740543","page:218162850","包含目录","XTXNSY","系统性能优化团队（深研）","系统性能优化团队（深研） 主页 / 团队建设 / 工作能力与技能提升汇总","1"
"page:218162850","topic:其他","推断主题","XTXNSY","系统性能优化团队（深研）","工作能力与技能提升汇总","1"
"page:204740543","page:221286203","包含目录","XTXNSY","系统性能优化团队（深研）","系统性能优化团队（深研） 主页 / 团队建设 / 系统性能调优技术洞察","1"
"page:221286203","topic:其他","推断主题","XTXNSY","系统性能优化团队（深研）","系统性能调优技术洞察","1"
"page:204735990","page:208225609","包含目录","XTXNSY","系统性能优化团队（深研）","系统性能优化团队（深研） 主页 / 开发小技巧","1"
"page:208225609","topic:其他","推断主题","XTXNSY","系统性能优化团队（深研）","开发小技巧","1"
"page:208225609","page:219564089","包含目录","XTXNSY","系统性能优化团队（深研）","系统性能优化团队（深研） 主页 / 开发小技巧 / gpid的opengl绘制指令","1"
"page:219564089","topic:其他","推断主题","XTXNSY","系统性能优化团队（深研）","gpid的opengl绘制指令","1"
"page:208225609","page:226956836","包含目录","XTXNSY","系统性能优化团队（深研）","系统性能优化团队（深研） 主页 / 开发小技巧 / Pagecache抓取","1"
"page:226956836","topic:其他","推断主题","XTXNSY","系统性能优化团队（深研）","Pagecache抓取","1"
"page:208225609","page:289957466","包含目录","XTXNSY","系统性能优化团队（深研）","系统性能优化团队（深研） 主页 / 开发小技巧 / vidaa linux系统搭建ssh服务的方法","1"
"page:289957466","topic:其他","推断主题","XTXNSY","系统性能优化团队（深研）","vidaa linux系统搭建ssh服务的方法","1"
"page:208225609","page:220351752","包含目录","XTXNSY","系统性能优化团队（深研）","系统性能优化团队（深研） 主页 / 开发小技巧 / 常用效率提升工具介绍","1"
"page:220351752","topic:其他","推断主题","XTXNSY","系统性能优化团队（深研）","常用效率提升工具介绍","1"
"page:208225609","page:221852848","包含目录","XTXNSY","系统性能优化团队（深研）","系统性能优化团队（深研） 主页 / 开发小技巧 / 本地跑CTS测试的方法","1"
"page:221852848","topic:测试与验证","推断主题","XTXNSY","系统性能优化团队（深研）","本地跑CTS测试的方法","1"
"page:208225609","page:219565681","包含目录","XTXNSY","系统性能优化团队（深研）","系统性能优化团队（深研） 主页 / 开发小技巧 / 系统问题初步分析方法","1"
"page:219565681","topic:问题与复盘","推断主题","XTXNSY","系统性能优化团队（深研）","系统问题初步分析方法","1"
"page:208225609","page:226956775","包含目录","XTXNSY","系统性能优化团队（深研）","系统性能优化团队（深研） 主页 / 开发小技巧 / 获取播放帧率和分辨率","1"
"page:226956775","topic:其他","推断主题","XTXNSY","系统性能优化团队（深研）","获取播放帧率和分辨率","1"
"page:208225609","page:216396324","包含目录","XTXNSY","系统性能优化团队（深研）","系统性能优化团队（深研） 主页 / 开发小技巧 / 通过使用网线直接连接开发板的方式进行adb调试","1"
"page:216396324","topic:其他","推断主题","XTXNSY","系统性能优化团队（深研）","通过使用网线直接连接开发板的方式进行adb调试","1"
"page:204735990","page:204744909","包含目录","XTXNSY","系统性能优化团队（深研）","系统性能优化团队（深研） 主页 / 技术能力提升","1"
"page:204744909","topic:其他","推断主题","XTXNSY","系统性能优化团队（深研）","技术能力提升","1"
"page:204744909","page:204744915","包含目录","XTXNSY","系统性能优化团队（深研）","系统性能优化团队（深研） 主页 / 技术能力提升 / 技术专题","1"
"page:204744915","topic:其他","推断主题","XTXNSY","系统性能优化团队（深研）","技术专题","1"
"page:204744909","page:204744923","包含目录","XTXNSY","系统性能优化团队（深研）","系统性能优化团队（深研） 主页 / 技术能力提升 / 技术标准与规范","1"
"page:204744923","topic:规范与流程","推断主题","XTXNSY","系统性能优化团队（深研）","技术标准与规范","1"
"page:204744909","page:223310294","包含目录","XTXNSY","系统性能优化团队（深研）","系统性能优化团队（深研） 主页 / 技术能力提升 / 技术洞察","1"
"page:223310294","topic:其他","推断主题","XTXNSY","系统性能优化团队（深研）","技术洞察","1"
"page:204744909","page:209103439","包含目录","XTXNSY","系统性能优化团队（深研）","系统性能优化团队（深研） 主页 / 技术能力提升 / 技术讨论","1"
"page:209103439","topic:其他","推断主题","XTXNSY","系统性能优化团队（深研）","技术讨论","1"
"page:204744909","page:207389863","包含目录","XTXNSY","系统性能优化团队（深研）","系统性能优化团队（深研） 主页 / 技术能力提升 / 案例分享","1"
"page:207389863","topic:其他","推断主题","XTXNSY","系统性能优化团队（深研）","案例分享","1"
"page:204744909","page:205694986","包含目录","XTXNSY","系统性能优化团队（深研）","系统性能优化团队（深研） 主页 / 技术能力提升 / 系统分析工具","1"
"page:205694986","topic:问题与复盘","推断主题","XTXNSY","系统性能优化团队（深研）","系统分析工具","1"
"page:204735990","page:204744725","包含目录","XTXNSY","系统性能优化团队（深研）","系统性能优化团队（深研） 主页 / 文件列表","1"
"page:204744725","topic:其他","推断主题","XTXNSY","系统性能优化团队（深研）","文件列表","1"
"page:204744725","page:243899487","包含目录","XTXNSY","系统性能优化团队（深研）","系统性能优化团队（深研） 主页 / 文件列表 / PRD","1"
"page:243899487","topic:需求与功能","推断主题","XTXNSY","系统性能优化团队（深研）","PRD","1"
"page:204744725","page:284074213","包含目录","XTXNSY","系统性能优化团队（深研）","系统性能优化团队（深研） 主页 / 文件列表 / 多媒体开发指导手册","1"
"page:284074213","topic:规范与流程","推断主题","XTXNSY","系统性能优化团队（深研）","多媒体开发指导手册","1"
"page:204744725","page:207390576","包含目录","XTXNSY","系统性能优化团队（深研）","系统性能优化团队（深研） 主页 / 文件列表 / 工具列表","1"
"page:207390576","topic:其他","推断主题","XTXNSY","系统性能优化团队（深研）","工具列表","1"
"page:204744725","page:222302239","包含目录","XTXNSY","系统性能优化团队（深研）","系统性能优化团队（深研） 主页 / 文件列表 / 效率提升工具","1"
"page:222302239","topic:其他","推断主题","XTXNSY","系统性能优化团队（深研）","效率提升工具","1"
"page:204744725","page:204744726","包含目录","XTXNSY","系统性能优化团队（深研）","系统性能优化团队（深研） 主页 / 文件列表 / 文档备份","1"
"page:204744726","topic:规范与流程","推断主题","XTXNSY","系统性能优化团队（深研）","文档备份","1"
"page:204735990","page:204741560","包含目录","XTXNSY","系统性能优化团队（深研）","系统性能优化团队（深研） 主页 / 新人入职","1"
"page:204741560","topic:其他","推断主题","XTXNSY","系统性能优化团队（深研）","新人入职","1"
"page:204741560","page:216398041","包含目录","XTXNSY","系统性能优化团队（深研）","系统性能优化团队（深研） 主页 / 新人入职 / 大学生培养方案","1"
"page:216398041","topic:设计与架构","推断主题","XTXNSY","系统性能优化团队（深研）","大学生培养方案","1"
"page:204741560","page:209103652","包含目录","XTXNSY","系统性能优化团队（深研）","系统性能优化团队（深研） 主页 / 新人入职 / 技术导入与项目开展","1"
"page:209103652","topic:项目管理","推断主题","XTXNSY","系统性能优化团队（深研）","技术导入与项目开展","1"
"page:204735990","page:204744886","包含目录","XTXNSY","系统性能优化团队（深研）","系统性能优化团队（深研） 主页 / 项目信息","1"
"page:204744886","topic:项目管理","推断主题","XTXNSY","系统性能优化团队（深研）","项目信息","1"
"page:204744886","page:303912250","包含目录","XTXNSY","系统性能优化团队（深研）","系统性能优化团队（深研） 主页 / 项目信息 / 25H1-JUOS5.4优化方案","1"
"page:303912250","topic:设计与架构","推断主题","XTXNSY","系统性能优化团队（深研）","25H1-JUOS5.4优化方案","1"
"page:204744886","page:245762658","包含目录","XTXNSY","系统性能优化团队（深研）","系统性能优化团队（深研） 主页 / 项目信息 / 27X7N的性能优化方案","1"
"page:245762658","topic:设计与架构","推断主题","XTXNSY","系统性能优化团队（深研）","27X7N的性能优化方案","1"
"page:204744886","page:282687618","包含目录","XTXNSY","系统性能优化团队（深研）","系统性能优化团队（深研） 主页 / 项目信息 / 32X8N项目","1"
"page:282687618","topic:项目管理","推断主题","XTXNSY","系统性能优化团队（深研）","32X8N项目","1"
"page:204744886","page:215815056","包含目录","XTXNSY","系统性能优化团队（深研）","系统性能优化团队（深研） 主页 / 项目信息 / 9603的系统性能评估与性能优化","1"
"page:215815056","topic:项目管理","推断主题","XTXNSY","系统性能优化团队（深研）","9603的系统性能评估与性能优化","1"
"page:204744886","page:234492879","包含目录","XTXNSY","系统性能优化团队（深研）","系统性能优化团队（深研） 主页 / 项目信息 / AIOS性能优化方案","1"
"page:234492879","topic:设计与架构","推断主题","XTXNSY","系统性能优化团队（深研）","AIOS性能优化方案","1"
"page:204744886","page:261747441","包含目录","XTXNSY","系统性能优化团队（深研）","系统性能优化团队（深研） 主页 / 项目信息 / GTV9655项目","1"
"page:261747441","topic:项目管理","推断主题","XTXNSY","系统性能优化团队（深研）","GTV9655项目","1"
"page:204744886","page:230162319","包含目录","XTXNSY","系统性能优化团队（深研）","系统性能优化团队（深研） 主页 / 项目信息 / JUOS性能指标优化","1"
"page:230162319","topic:项目管理","推断主题","XTXNSY","系统性能优化团队（深研）","JUOS性能指标优化","1"
"page:204744886","page:229418896","包含目录","XTXNSY","系统性能优化团队（深研）","系统性能优化团队（深研） 主页 / 项目信息 / MT9655项目","1"
"page:229418896","topic:项目管理","推断主题","XTXNSY","系统性能优化团队（深研）","MT9655项目","1"
"page:204744886","page:223774351","包含目录","XTXNSY","系统性能优化团队（深研）","系统性能优化团队（深研） 主页 / 项目信息 / T963D4的系统性能评估","1"
"page:223774351","topic:二维三维与图形模型","推断主题","XTXNSY","系统性能优化团队（深研）","T963D4的系统性能评估","1"
"page:204744886","page:227857744","包含目录","XTXNSY","系统性能优化团队（深研）","系统性能优化团队（深研） 主页 / 项目信息 / 内销应用负责人","1"
"page:227857744","topic:项目管理","推断主题","XTXNSY","系统性能优化团队（深研）","内销应用负责人","1"
"page:204744886","page:213423327","包含目录","XTXNSY","系统性能优化团队（深研）","系统性能优化团队（深研） 主页 / 项目信息 / 北美NPS优化","1"
"page:213423327","topic:问题与复盘","推断主题","XTXNSY","系统性能优化团队（深研）","北美NPS优化","1"
"page:204744886","page:224666831","包含目录","XTXNSY","系统性能优化团队（深研）","系统性能优化团队（深研） 主页 / 项目信息 / 各机型IO、CPU跑分数据","1"
"page:224666831","topic:项目管理","推断主题","XTXNSY","系统性能优化团队（深研）","各机型IO、CPU跑分数据","1"
"page:204744886","page:215818835","包含目录","XTXNSY","系统性能优化团队（深研）","系统性能优化团队（深研） 主页 / 项目信息 / 性能优化方案汇总","1"
"page:215818835","topic:设计与架构","推断主题","XTXNSY","系统性能优化团队（深研）","性能优化方案汇总","1"
"page:204744886","page:213434099","包含目录","XTXNSY","系统性能优化团队（深研）","系统性能优化团队（深研） 主页 / 项目信息 / 性能极限模式的设计","1"
"page:213434099","topic:设计与架构","推断主题","XTXNSY","系统性能优化团队（深研）","性能极限模式的设计","1"
"page:204744886","page:250625213","包含目录","XTXNSY","系统性能优化团队（深研）","系统性能优化团队（深研） 主页 / 项目信息 / 性能评估","1"
"page:250625213","topic:项目管理","推断主题","XTXNSY","系统性能优化团队（深研）","性能评估","1"
"page:204744886","page:215332330","包含目录","XTXNSY","系统性能优化团队（深研）","系统性能优化团队（深研） 主页 / 项目信息 / 系统性能体系化建设与实施","1"
"page:215332330","topic:项目管理","推断主题","XTXNSY","系统性能优化团队（深研）","系统性能体系化建设与实施","1"
"page:204744886","page:215819030","包含目录","XTXNSY","系统性能优化团队（深研）","系统性能优化团队（深研） 主页 / 项目信息 / 系统性能指标测试","1"
"page:215819030","topic:测试与验证","推断主题","XTXNSY","系统性能优化团队（深研）","系统性能指标测试","1"
"page:204744886","page:226980597","包含目录","XTXNSY","系统性能优化团队（深研）","系统性能优化团队（深研） 主页 / 项目信息 / 项目总结","1"
"page:226980597","topic:项目管理","推断主题","XTXNSY","系统性能优化团队（深研）","项目总结","1"
"page:204735990","page:313800728","包含目录","XTXNSY","系统性能优化团队（深研）","系统性能优化团队（深研） 主页 / 系统性能工作交接","1"
"page:313800728","topic:其他","推断主题","XTXNSY","系统性能优化团队（深研）","系统性能工作交接","1"
"space:NXPTRJ","page:80449950","空间首页","NXPTRJ","系统软件开发所","系统软件开发所 主页","1"
"page:80449950","topic:其他","推断主题","NXPTRJ","系统软件开发所","系统软件开发所 主页","1"
"page:80449950","page:104106096","包含目录","NXPTRJ","系统软件开发所","系统软件开发所 主页 / 0、常用工具","1"
"page:104106096","topic:其他","推断主题","NXPTRJ","系统软件开发所","0、常用工具","1"
"page:104106096","page:163256556","包含目录","NXPTRJ","系统软件开发所","系统软件开发所 主页 / 0、常用工具 / 研发中心文件一点通及最新设计文档模板","1"
"page:163256556","topic:设计与架构","推断主题","NXPTRJ","系统软件开发所","研发中心文件一点通及最新设计文档模板","1"
"page:80449950","page:80450901","包含目录","NXPTRJ","系统软件开发所","系统软件开发所 主页 / 1、科室空间","1"
"page:80450901","topic:其他","推断主题","NXPTRJ","系统软件开发所","1、科室空间","1"
"page:80450901","page:139074281","包含目录","NXPTRJ","系统软件开发所","系统软件开发所 主页 / 1、科室空间 / 内销智能图像算法室","1"
"page:139074281","topic:其他","推断主题","NXPTRJ","系统软件开发所","内销智能图像算法室","1"
"page:80450901","page:80451162","包含目录","NXPTRJ","系统软件开发所","系统软件开发所 主页 / 1、科室空间 / 多媒体协议开发室","1"
"page:80451162","topic:其他","推断主题","NXPTRJ","系统软件开发所","多媒体协议开发室","1"
"page:80450901","page:4489406","包含目录","NXPTRJ","系统软件开发所","系统软件开发所 主页 / 1、科室空间 / 平台软件开发室","1"
"page:4489406","topic:其他","推断主题","NXPTRJ","系统软件开发所","平台软件开发室","1"
"page:80450901","page:281049655","包含目录","NXPTRJ","系统软件开发所","系统软件开发所 主页 / 1、科室空间 / 系统架构开发室","1"
"page:281049655","topic:设计与架构","推断主题","NXPTRJ","系统软件开发所","系统架构开发室","1"
"page:80449950","page:104106103","包含目录","NXPTRJ","系统软件开发所","系统软件开发所 主页 / 2、创新预研","1"
"page:104106103","topic:其他","推断主题","NXPTRJ","系统软件开发所","2、创新预研","1"
"page:104106103","page:112823429","包含目录","NXPTRJ","系统软件开发所","系统软件开发所 主页 / 2、创新预研 / 2021技术规划调研活动","1"
"page:112823429","topic:其他","推断主题","NXPTRJ","系统软件开发所","2021技术规划调研活动","1"
"page:104106103","page:136910830","包含目录","NXPTRJ","系统软件开发所","系统软件开发所 主页 / 2、创新预研 / 9月创新成果中期汇报","1"
"page:136910830","topic:其他","推断主题","NXPTRJ","系统软件开发所","9月创新成果中期汇报","1"
"page:104106103","page:107774912","包含目录","NXPTRJ","系统软件开发所","系统软件开发所 主页 / 2、创新预研 / CBB项目状态","1"
"page:107774912","topic:项目管理","推断主题","NXPTRJ","系统软件开发所","CBB项目状态","1"
"page:104106103","page:80450907","包含目录","NXPTRJ","系统软件开发所","系统软件开发所 主页 / 2、创新预研 / 专利提案管理","1"
"page:80450907","topic:项目管理","推断主题","NXPTRJ","系统软件开发所","专利提案管理","1"
"page:104106103","page:81137776","包含目录","NXPTRJ","系统软件开发所","系统软件开发所 主页 / 2、创新预研 / 研发中心创新成果","1"
"page:81137776","topic:其他","推断主题","NXPTRJ","系统软件开发所","研发中心创新成果","1"
"page:104106103","page:141859491","包含目录","NXPTRJ","系统软件开发所","系统软件开发所 主页 / 2、创新预研 / 研发中心微创新","1"
"page:141859491","topic:其他","推断主题","NXPTRJ","系统软件开发所","研发中心微创新","1"
"page:104106103","page:163258018","包含目录","NXPTRJ","系统软件开发所","系统软件开发所 主页 / 2、创新预研 / 自动化持续集成-平台驱动","1"
"page:163258018","topic:设计与架构","推断主题","NXPTRJ","系统软件开发所","自动化持续集成-平台驱动","1"
"page:104106103","page:112133889","包含目录","NXPTRJ","系统软件开发所","系统软件开发所 主页 / 2、创新预研 / 走出去，看世界","1"
"page:112133889","topic:其他","推断主题","NXPTRJ","系统软件开发所","走出去，看世界","1"
"page:104106103","page:154207950","包含目录","NXPTRJ","系统软件开发所","系统软件开发所 主页 / 2、创新预研 / 集团创新展-一屏触控（屏幕流转）-AWE2022","1"
"page:154207950","topic:其他","推断主题","NXPTRJ","系统软件开发所","集团创新展-一屏触控（屏幕流转）-AWE2022","1"
"page:104106103","page:153426780","包含目录","NXPTRJ","系统软件开发所","系统软件开发所 主页 / 2、创新预研 / 集团创新展-一屏触控（屏幕流转）-二期","1"
"page:153426780","topic:其他","推断主题","NXPTRJ","系统软件开发所","集团创新展-一屏触控（屏幕流转）-二期","1"
"page:104106103","page:80450913","包含目录","NXPTRJ","系统软件开发所","系统软件开发所 主页 / 2、创新预研 / 集团创新提案管理","1"
"page:80450913","topic:项目管理","推断主题","NXPTRJ","系统软件开发所","集团创新提案管理","1"
"page:104106103","page:80450911","包含目录","NXPTRJ","系统软件开发所","系统软件开发所 主页 / 2、创新预研 / 预研项目管理","1"
"page:80450911","topic:项目管理","推断主题","NXPTRJ","系统软件开发所","预研项目管理","1"
"page:80449950","page:80450897","包含目录","NXPTRJ","系统软件开发所","系统软件开发所 主页 / 3、流程及标准","1"
"page:80450897","topic:规范与流程","推断主题","NXPTRJ","系统软件开发所","3、流程及标准","1"
"page:80450897","page:100766587","包含目录","NXPTRJ","系统软件开发所","系统软件开发所 主页 / 3、流程及标准 / 性能编程规范","1"
"page:100766587","topic:规范与流程","推断主题","NXPTRJ","系统软件开发所","性能编程规范","1"
"page:80450897","page:87853701","包含目录","NXPTRJ","系统软件开发所","系统软件开发所 主页 / 3、流程及标准 / 文件列表","1"
"page:87853701","topic:规范与流程","推断主题","NXPTRJ","系统软件开发所","文件列表","1"
"page:80450897","page:102110273","包含目录","NXPTRJ","系统软件开发所","系统软件开发所 主页 / 3、流程及标准 / 样机管理","1"
"page:102110273","topic:规范与流程","推断主题","NXPTRJ","系统软件开发所","样机管理","1"
"page:80450897","page:97196872","包含目录","NXPTRJ","系统软件开发所","系统软件开发所 主页 / 3、流程及标准 / 流程索引","1"
"page:97196872","topic:规范与流程","推断主题","NXPTRJ","系统软件开发所","流程索引","1"
"page:80450897","page:110701948","包含目录","NXPTRJ","系统软件开发所","系统软件开发所 主页 / 3、流程及标准 / 20. 绩效评定","1"
"page:110701948","topic:规范与流程","推断主题","NXPTRJ","系统软件开发所","20. 绩效评定","1"
"page:80450897","page:180262886","包含目录","NXPTRJ","系统软件开发所","系统软件开发所 主页 / 3、流程及标准 / 静态代码扫描Tscancode和SonarQube扫描及问题处理流程","1"
"page:180262886","topic:问题与复盘","推断主题","NXPTRJ","系统软件开发所","静态代码扫描Tscancode和SonarQube扫描及问题处理流程","1"
"page:80450897","page:65176075","包含目录","NXPTRJ","系统软件开发所","系统软件开发所 主页 / 3、流程及标准 / JIRA问题处理规范","1"
"page:65176075","topic:问题与复盘","推断主题","NXPTRJ","系统软件开发所","JIRA问题处理规范","1"
"page:80449950","page:80450904","包含目录","NXPTRJ","系统软件开发所","系统软件开发所 主页 / 4、能力提升","1"
"page:80450904","topic:其他","推断主题","NXPTRJ","系统软件开发所","4、能力提升","1"
"page:80450904","page:81137763","包含目录","NXPTRJ","系统软件开发所","系统软件开发所 主页 / 4、能力提升 / 2020平台所培训计划","1"
"page:81137763","topic:版本与计划","推断主题","NXPTRJ","系统软件开发所","2020平台所培训计划","1"
"page:80450904","page:114198651","包含目录","NXPTRJ","系统软件开发所","系统软件开发所 主页 / 4、能力提升 / 2021内销平台所培训信息记录","1"
"page:114198651","topic:培训与知识","推断主题","NXPTRJ","系统软件开发所","2021内销平台所培训信息记录","1"
"page:80450904","page:114198525","包含目录","NXPTRJ","系统软件开发所","系统软件开发所 主页 / 4、能力提升 / 2021内销平台软件所培训需求","1"
"page:114198525","topic:需求与功能","推断主题","NXPTRJ","系统软件开发所","2021内销平台软件所培训需求","1"
"page:80450904","page:127609011","包含目录","NXPTRJ","系统软件开发所","系统软件开发所 主页 / 4、能力提升 / 2021平台所各科室培训计划","1"
"page:127609011","topic:版本与计划","推断主题","NXPTRJ","系统软件开发所","2021平台所各科室培训计划","1"
"page:80450904","page:123245405","包含目录","NXPTRJ","系统软件开发所","系统软件开发所 主页 / 4、能力提升 / 2021编码规范考试名单统计","1"
"page:123245405","topic:规范与流程","推断主题","NXPTRJ","系统软件开发所","2021编码规范考试名单统计","1"
"page:80450904","page:178588181","包含目录","NXPTRJ","系统软件开发所","系统软件开发所 主页 / 4、能力提升 / 2022平台所基础业务培训安排","1"
"page:178588181","topic:培训与知识","推断主题","NXPTRJ","系统软件开发所","2022平台所基础业务培训安排","1"
"page:80450904","page:152310341","包含目录","NXPTRJ","系统软件开发所","系统软件开发所 主页 / 4、能力提升 / 2022年培训信息及资料管理","1"
"page:152310341","topic:培训与知识","推断主题","NXPTRJ","系统软件开发所","2022年培训信息及资料管理","1"
"page:80450904","page:224659918","包含目录","NXPTRJ","系统软件开发所","系统软件开发所 主页 / 4、能力提升 / 2024年各科室培训计划","1"
"page:224659918","topic:版本与计划","推断主题","NXPTRJ","系统软件开发所","2024年各科室培训计划","1"
"page:80450904","page:281035101","包含目录","NXPTRJ","系统软件开发所","系统软件开发所 主页 / 4、能力提升 / 2025年培训计划","1"
"page:281035101","topic:版本与计划","推断主题","NXPTRJ","系统软件开发所","2025年培训计划","1"
"page:80450904","page:48169205","包含目录","NXPTRJ","系统软件开发所","系统软件开发所 主页 / 4、能力提升 / 内销中间件开发室-","1"
"page:48169205","topic:其他","推断主题","NXPTRJ","系统软件开发所","内销中间件开发室-","1"
"page:80450904","page:118953296","包含目录","NXPTRJ","系统软件开发所","系统软件开发所 主页 / 4、能力提升 / 培训资料整理汇总","1"
"page:118953296","topic:培训与知识","推断主题","NXPTRJ","系统软件开发所","培训资料整理汇总","1"
"page:80450904","page:113484137","包含目录","NXPTRJ","系统软件开发所","系统软件开发所 主页 / 4、能力提升 / 声音Team","1"
"page:113484137","topic:其他","推断主题","NXPTRJ","系统软件开发所","声音Team","1"
"page:80450904","page:180272418","包含目录","NXPTRJ","系统软件开发所","系统软件开发所 主页 / 4、能力提升 / 新员工培训课表2022","1"
"page:180272418","topic:培训与知识","推断主题","NXPTRJ","系统软件开发所","新员工培训课表2022","1"
"page:80450904","page:110002883","包含目录","NXPTRJ","系统软件开发所","系统软件开发所 主页 / 4、能力提升 / 线下编码活动","1"
"page:110002883","topic:其他","推断主题","NXPTRJ","系统软件开发所","线下编码活动","1"
"page:80450904","page:101422057","包含目录","NXPTRJ","系统软件开发所","系统软件开发所 主页 / 4、能力提升 / 英语活动","1"
"page:101422057","topic:其他","推断主题","NXPTRJ","系统软件开发所","英语活动","1"
"page:80449950","page:104106109","包含目录","NXPTRJ","系统软件开发所","系统软件开发所 主页 / 5、技术资料","1"
"page:104106109","topic:其他","推断主题","NXPTRJ","系统软件开发所","5、技术资料","1"
"page:104106109","page:118954346","包含目录","NXPTRJ","系统软件开发所","系统软件开发所 主页 / 5、技术资料 / 0. Hisense Platform Architecture","1"
"page:118954346","topic:设计与架构","推断主题","NXPTRJ","系统软件开发所","0. Hisense Platform Architecture","1"
"page:104106109","page:139074256","包含目录","NXPTRJ","系统软件开发所","系统软件开发所 主页 / 5、技术资料 / 1. 多设备互联方向","1"
"page:139074256","topic:其他","推断主题","NXPTRJ","系统软件开发所","1. 多设备互联方向","1"
"page:104106109","page:252860335","包含目录","NXPTRJ","系统软件开发所","系统软件开发所 主页 / 5、技术资料 / 10 TVS AIVS Porting","1"
"page:252860335","topic:其他","推断主题","NXPTRJ","系统软件开发所","10 TVS AIVS Porting","1"
"page:104106109","page:144249599","包含目录","NXPTRJ","系统软件开发所","系统软件开发所 主页 / 5、技术资料 / 2. 重点方向数据及竞品分析2022","1"
"page:144249599","topic:问题与复盘","推断主题","NXPTRJ","系统软件开发所","2. 重点方向数据及竞品分析2022","1"
"page:104106109","page:150746622","包含目录","NXPTRJ","系统软件开发所","系统软件开发所 主页 / 5、技术资料 / 3. 聚好看云平台接口使用","1"
"page:150746622","topic:设计与架构","推断主题","NXPTRJ","系统软件开发所","3. 聚好看云平台接口使用","1"
"page:104106109","page:90937115","包含目录","NXPTRJ","系统软件开发所","系统软件开发所 主页 / 5、技术资料 / 7.统计大数据","1"
"page:90937115","topic:数据与质量","推断主题","NXPTRJ","系统软件开发所","7.统计大数据","1"
"page:104106109","page:110007123","包含目录","NXPTRJ","系统软件开发所","系统软件开发所 主页 / 5、技术资料 / 8.新员工技术指南","1"
"page:110007123","topic:规范与流程","推断主题","NXPTRJ","系统软件开发所","8.新员工技术指南","1"
"page:104106109","page:223773174","包含目录","NXPTRJ","系统软件开发所","系统软件开发所 主页 / 5、技术资料 / 9. 激光几何拼接-边缘融合(warping-blending)","1"
"page:223773174","topic:其他","推断主题","NXPTRJ","系统软件开发所","9. 激光几何拼接-边缘融合(warping-blending)","1"
"page:104106109","page:185285027","包含目录","NXPTRJ","系统软件开发所","系统软件开发所 主页 / 5、技术资料 / sdk信息统计","1"
"page:185285027","topic:设计与架构","推断主题","NXPTRJ","系统软件开发所","sdk信息统计","1"
"page:104106109","page:80450917","包含目录","NXPTRJ","系统软件开发所","系统软件开发所 主页 / 5、技术资料 / 模块技术资料","1"
"page:80450917","topic:其他","推断主题","NXPTRJ","系统软件开发所","模块技术资料","1"
"page:80449950","page:104106113","包含目录","NXPTRJ","系统软件开发所","系统软件开发所 主页 / 6、信息统计","1"
"page:104106113","topic:数据与质量","推断主题","NXPTRJ","系统软件开发所","6、信息统计","1"
"page:104106113","page:103421882","包含目录","NXPTRJ","系统软件开发所","系统软件开发所 主页 / 6、信息统计 / 2021年低值易耗及固定资产采购申请汇总","1"
"page:103421882","topic:数据与质量","推断主题","NXPTRJ","系统软件开发所","2021年低值易耗及固定资产采购申请汇总","1"
"page:104106113","page:141853764","包含目录","NXPTRJ","系统软件开发所","系统软件开发所 主页 / 6、信息统计 / 2022 固定资产采购需求","1"
"page:141853764","topic:需求与功能","推断主题","NXPTRJ","系统软件开发所","2022 固定资产采购需求","1"
"page:104106113","page:141856241","包含目录","NXPTRJ","系统软件开发所","系统软件开发所 主页 / 6、信息统计 / 2022年开发云扩容需求","1"
"page:141856241","topic:需求与功能","推断主题","NXPTRJ","系统软件开发所","2022年开发云扩容需求","1"
"page:104106113","page:219559249","包含目录","NXPTRJ","系统软件开发所","系统软件开发所 主页 / 6、信息统计 / 2023中秋节福利发放信息统计","1"
"page:219559249","topic:数据与质量","推断主题","NXPTRJ","系统软件开发所","2023中秋节福利发放信息统计","1"
"page:104106113","page:194349426","包含目录","NXPTRJ","系统软件开发所","系统软件开发所 主页 / 6、信息统计 / 2023年A311D2云平台需求统计","1"
"page:194349426","topic:需求与功能","推断主题","NXPTRJ","系统软件开发所","2023年A311D2云平台需求统计","1"
"page:104106113","page:208217174","包含目录","NXPTRJ","系统软件开发所","系统软件开发所 主页 / 6、信息统计 / 2023年工会会员信息采集","1"
"page:208217174","topic:数据与质量","推断主题","NXPTRJ","系统软件开发所","2023年工会会员信息采集","1"
"page:104106113","page:194356877","包含目录","NXPTRJ","系统软件开发所","系统软件开发所 主页 / 6、信息统计 / 2023年春节假期去向统计","1"
"page:194356877","topic:数据与质量","推断主题","NXPTRJ","系统软件开发所","2023年春节假期去向统计","1"
"page:104106113","page:194349865","包含目录","NXPTRJ","系统软件开发所","系统软件开发所 主页 / 6、信息统计 / 2023春节福利购物卡发放（手机号码统计）","1"
"page:194349865","topic:数据与质量","推断主题","NXPTRJ","系统软件开发所","2023春节福利购物卡发放（手机号码统计）","1"
"page:104106113","page:221856563","包含目录","NXPTRJ","系统软件开发所","系统软件开发所 主页 / 6、信息统计 / 2024-固定资产购置计划（含低值易耗）","1"
"page:221856563","topic:版本与计划","推断主题","NXPTRJ","系统软件开发所","2024-固定资产购置计划（含低值易耗）","1"
"page:104106113","page:229102043","包含目录","NXPTRJ","系统软件开发所","系统软件开发所 主页 / 6、信息统计 / 20240101-20240131","1"
"page:229102043","topic:数据与质量","推断主题","NXPTRJ","系统软件开发所","20240101-20240131","1"
"page:104106113","page:229107427","包含目录","NXPTRJ","系统软件开发所","系统软件开发所 主页 / 6、信息统计 / 20240201-20240229","1"
"page:229107427","topic:数据与质量","推断主题","NXPTRJ","系统软件开发所","20240201-20240229","1"
"page:104106113","page:259425666","包含目录","NXPTRJ","系统软件开发所","系统软件开发所 主页 / 6、信息统计 / 2024中秋节福利统计","1"
"page:259425666","topic:数据与质量","推断主题","NXPTRJ","系统软件开发所","2024中秋节福利统计","1"
"page:104106113","page:231848694","包含目录","NXPTRJ","系统软件开发所","系统软件开发所 主页 / 6、信息统计 / 2024年 研发支撑综合防火墙指标","1"
"page:231848694","topic:数据与质量","推断主题","NXPTRJ","系统软件开发所","2024年 研发支撑综合防火墙指标","1"
"page:104106113","page:229415155","包含目录","NXPTRJ","系统软件开发所","系统软件开发所 主页 / 6、信息统计 / 2024年春节假期去向统计","1"
"page:229415155","topic:数据与质量","推断主题","NXPTRJ","系统软件开发所","2024年春节假期去向统计","1"
"page:104106113","page:227455296","包含目录","NXPTRJ","系统软件开发所","系统软件开发所 主页 / 6、信息统计 / 2024年春节副食品发放数量及明细收集","1"
"page:227455296","topic:数据与质量","推断主题","NXPTRJ","系统软件开发所","2024年春节副食品发放数量及明细收集","1"
"page:104106113","page:288459952","包含目录","NXPTRJ","系统软件开发所","系统软件开发所 主页 / 6、信息统计 / 2025年 研发支撑综合防火墙指标","1"
"page:288459952","topic:数据与质量","推断主题","NXPTRJ","系统软件开发所","2025年 研发支撑综合防火墙指标","1"
"page:104106113","page:287601838","包含目录","NXPTRJ","系统软件开发所","系统软件开发所 主页 / 6、信息统计 / 2025春节假期去向","1"
"page:287601838","topic:数据与质量","推断主题","NXPTRJ","系统软件开发所","2025春节假期去向","1"
"page:104106113","page:281034109","包含目录","NXPTRJ","系统软件开发所","系统软件开发所 主页 / 6、信息统计 / 2025春节福利统计","1"
"page:281034109","topic:数据与质量","推断主题","NXPTRJ","系统软件开发所","2025春节福利统计","1"
"page:104106113","page:177868573","包含目录","NXPTRJ","系统软件开发所","系统软件开发所 主页 / 6、信息统计 / 5S检查","1"
"page:177868573","topic:数据与质量","推断主题","NXPTRJ","系统软件开发所","5S检查","1"
"page:104106113","page:140348162","包含目录","NXPTRJ","系统软件开发所","系统软件开发所 主页 / 6、信息统计 / 去黄岛队伍","1"
"page:140348162","topic:数据与质量","推断主题","NXPTRJ","系统软件开发所","去黄岛队伍","1"
"page:104106113","page:223778909","包含目录","NXPTRJ","系统软件开发所","系统软件开发所 主页 / 6、信息统计 / 安全保密常识","1"
"page:223778909","topic:数据与质量","推断主题","NXPTRJ","系统软件开发所","安全保密常识","1"
"page:104106113","page:204751998","包含目录","NXPTRJ","系统软件开发所","系统软件开发所 主页 / 6、信息统计 / 安卓平台软件所U盘编号统计","1"
"page:204751998","topic:数据与质量","推断主题","NXPTRJ","系统软件开发所","安卓平台软件所U盘编号统计","1"
"page:104106113","page:219566847","包含目录","NXPTRJ","系统软件开发所","系统软件开发所 主页 / 6、信息统计 / 安卓平台软件所云外代码开发备案","1"
"page:219566847","topic:数据与质量","推断主题","NXPTRJ","系统软件开发所","安卓平台软件所云外代码开发备案","1"
"page:104106113","page:219972144","包含目录","NXPTRJ","系统软件开发所","系统软件开发所 主页 / 6、信息统计 / 安卓平台软件所无线路由器等外接设备备案表","1"
"page:219972144","topic:数据与质量","推断主题","NXPTRJ","系统软件开发所","安卓平台软件所无线路由器等外接设备备案表","1"
"page:104106113","page:250615185","包含目录","NXPTRJ","系统软件开发所","系统软件开发所 主页 / 6、信息统计 / 安卓平台软件所电脑外设连接申请","1"
"page:250615185","topic:数据与质量","推断主题","NXPTRJ","系统软件开发所","安卓平台软件所电脑外设连接申请","1"
"page:104106113","page:207394719","包含目录","NXPTRJ","系统软件开发所","系统软件开发所 主页 / 6、信息统计 / 平台所特殊电脑登记","1"
"page:207394719","topic:数据与质量","推断主题","NXPTRJ","系统软件开发所","平台所特殊电脑登记","1"
"page:104106113","page:205693029","包含目录","NXPTRJ","系统软件开发所","系统软件开发所 主页 / 6、信息统计 / 平台软件所公共/测试电脑登记","1"
"page:205693029","topic:测试与验证","推断主题","NXPTRJ","系统软件开发所","平台软件所公共/测试电脑登记","1"
"page:104106113","page:220333312","包含目录","NXPTRJ","系统软件开发所","系统软件开发所 主页 / 6、信息统计 / 掌握急救方法名单统计","1"
"page:220333312","topic:数据与质量","推断主题","NXPTRJ","系统软件开发所","掌握急救方法名单统计","1"
"page:104106113","page:216912007","包含目录","NXPTRJ","系统软件开发所","系统软件开发所 主页 / 6、信息统计 / 服务器资源临时整合","1"
"page:216912007","topic:数据与质量","推断主题","NXPTRJ","系统软件开发所","服务器资源临时整合","1"
"page:104106113","page:154936191","包含目录","NXPTRJ","系统软件开发所","系统软件开发所 主页 / 6、信息统计 / 涉密打印文件要求&统计","1"
"page:154936191","topic:数据与质量","推断主题","NXPTRJ","系统软件开发所","涉密打印文件要求&统计","1"
"page:104106113","page:291496603","包含目录","NXPTRJ","系统软件开发所","系统软件开发所 主页 / 6、信息统计 / 编码时长占比统计","1"
"page:291496603","topic:数据与质量","推断主题","NXPTRJ","系统软件开发所","编码时长占比统计","1"
"page:104106113","page:140353664","包含目录","NXPTRJ","系统软件开发所","系统软件开发所 主页 / 6、信息统计 / 费用统计","1"
"page:140353664","topic:数据与质量","推断主题","NXPTRJ","系统软件开发所","费用统计","1"
"page:104106113","page:295891010","包含目录","NXPTRJ","系统软件开发所","系统软件开发所 主页 / 6、信息统计 / 通义灵码切换登记","1"
"page:295891010","topic:数据与质量","推断主题","NXPTRJ","系统软件开发所","通义灵码切换登记","1"
"page:104106113","page:250623256","包含目录","NXPTRJ","系统软件开发所","系统软件开发所 主页 / 6、信息统计 / 长焦幕布数据储备信息统计","1"
"page:250623256","topic:数据与质量","推断主题","NXPTRJ","系统软件开发所","长焦幕布数据储备信息统计","1"
"page:104106113","page:157190966","包含目录","NXPTRJ","系统软件开发所","系统软件开发所 主页 / 6、信息统计 / 防疫相关信息统计","1"
"page:157190966","topic:数据与质量","推断主题","NXPTRJ","系统软件开发所","防疫相关信息统计","1"
"page:104106113","page:154930000","包含目录","NXPTRJ","系统软件开发所","系统软件开发所 主页 / 6、信息统计 / 集团抽检","1"
"page:154930000","topic:数据与质量","推断主题","NXPTRJ","系统软件开发所","集团抽检","1"
"page:80449950","page:144252492","包含目录","NXPTRJ","系统软件开发所","系统软件开发所 主页 / 7、年度规划","1"
"page:144252492","topic:其他","推断主题","NXPTRJ","系统软件开发所","7、年度规划","1"
"page:144252492","page:112825633","包含目录","NXPTRJ","系统软件开发所","系统软件开发所 主页 / 7、年度规划 / 2021年内销平台软件所管理&技术大事跟踪","1"
"page:112825633","topic:项目管理","推断主题","NXPTRJ","系统软件开发所","2021年内销平台软件所管理&技术大事跟踪","1"
"page:144252492","page:144252500","包含目录","NXPTRJ","系统软件开发所","系统软件开发所 主页 / 7、年度规划 / 2022年规划及跟踪","1"
"page:144252500","topic:其他","推断主题","NXPTRJ","系统软件开发所","2022年规划及跟踪","1"
"page:144252492","page:242018237","包含目录","NXPTRJ","系统软件开发所","系统软件开发所 主页 / 7、年度规划 / 2024年规划","1"
"page:242018237","topic:其他","推断主题","NXPTRJ","系统软件开发所","2024年规划","1"
"page:144252492","page:289948307","包含目录","NXPTRJ","系统软件开发所","系统软件开发所 主页 / 7、年度规划 / 2025年规划及跟踪","1"
"page:289948307","topic:其他","推断主题","NXPTRJ","系统软件开发所","2025年规划及跟踪","1"
"page:80449950","page:98602859","包含目录","NXPTRJ","系统软件开发所","系统软件开发所 主页 / 部门知识库","1"
"page:98602859","topic:其他","推断主题","NXPTRJ","系统软件开发所","部门知识库","1"
"page:98602859","page:98602862","包含目录","NXPTRJ","系统软件开发所","系统软件开发所 主页 / 部门知识库 / 内销中间件开发室知识库","1"
"page:98602862","topic:其他","推断主题","NXPTRJ","系统软件开发所","内销中间件开发室知识库","1"
"page:98602859","page:98602866","包含目录","NXPTRJ","系统软件开发所","系统软件开发所 主页 / 部门知识库 / 内销多媒体协议开发室知识库","1"
"page:98602866","topic:其他","推断主题","NXPTRJ","系统软件开发所","内销多媒体协议开发室知识库","1"
"page:98602859","page:157979156","包含目录","NXPTRJ","系统软件开发所","系统软件开发所 主页 / 部门知识库 / 平台调试方式2022","1"
"page:157979156","topic:其他","推断主题","NXPTRJ","系统软件开发所","平台调试方式2022","1"
"page:98602859","page:156478703","包含目录","NXPTRJ","系统软件开发所","系统软件开发所 主页 / 部门知识库 / 知识分类","1"
"page:156478703","topic:其他","推断主题","NXPTRJ","系统软件开发所","知识分类","1"
"page:98602859","page:215813566","包含目录","NXPTRJ","系统软件开发所","系统软件开发所 主页 / 部门知识库 / 编码基础知识点","1"
"page:215813566","topic:其他","推断主题","NXPTRJ","系统软件开发所","编码基础知识点","1"
"page:98602859","page:171420887","包含目录","NXPTRJ","系统软件开发所","系统软件开发所 主页 / 部门知识库 / 试题库","1"
"page:171420887","topic:其他","推断主题","NXPTRJ","系统软件开发所","试题库","1"
"page:80449950","page:99320748","包含目录","NXPTRJ","系统软件开发所","系统软件开发所 主页 / 平台所表扬项","1"
"page:99320748","topic:其他","推断主题","NXPTRJ","系统软件开发所","平台所表扬项","1"
"page:99320748","page:177868049","包含目录","NXPTRJ","系统软件开发所","系统软件开发所 主页 / 平台所表扬项 / 01. ""以专业致未来"" 集词条活动","1"
"page:177868049","topic:其他","推断主题","NXPTRJ","系统软件开发所","01. ""以专业致未来"" 集词条活动","1"
"page:80449950","page:104793305","包含目录","NXPTRJ","系统软件开发所","系统软件开发所 主页 / 指导文章","1"
"page:104793305","topic:其他","推断主题","NXPTRJ","系统软件开发所","指导文章","1"
"page:80449950","page:104799964","包含目录","NXPTRJ","系统软件开发所","系统软件开发所 主页 / 任职资格认证材料","1"
"page:104799964","topic:培训与知识","推断主题","NXPTRJ","系统软件开发所","任职资格认证材料","1"
"page:80449950","page:112822645","包含目录","NXPTRJ","系统软件开发所","系统软件开发所 主页 / 招聘","1"
"page:112822645","topic:其他","推断主题","NXPTRJ","系统软件开发所","招聘","1"
"page:112822645","page:171412592","包含目录","NXPTRJ","系统软件开发所","系统软件开发所 主页 / 招聘 / JD","1"
"page:171412592","topic:其他","推断主题","NXPTRJ","系统软件开发所","JD","1"
"page:112822645","page:154218811","包含目录","NXPTRJ","系统软件开发所","系统软件开发所 主页 / 招聘 / 招聘日历","1"
"page:154218811","topic:其他","推断主题","NXPTRJ","系统软件开发所","招聘日历","1"
"page:80449950","page:213437044","包含目录","NXPTRJ","系统软件开发所","系统软件开发所 主页 / Graphviz Diagrams","1"
"page:213437044","topic:其他","推断主题","NXPTRJ","系统软件开发所","Graphviz Diagrams","1"
"space:QDPTJSS","page:13723344","空间首页","QDPTJSS","系统软件开发所666","系统软件开发所666 Home","1"
"page:13723344","topic:其他","推断主题","QDPTJSS","系统软件开发所666","系统软件开发所666 Home","1"
"page:13723344","page:92934610","包含目录","QDPTJSS","系统软件开发所666","系统软件开发所666 Home / CBB管理","1"
"page:92934610","topic:项目管理","推断主题","QDPTJSS","系统软件开发所666","CBB管理","1"
"page:92934610","page:92934622","包含目录","QDPTJSS","系统软件开发所666","系统软件开发所666 Home / CBB管理 / CBB管理 - WIFI、BT","1"
"page:92934622","topic:项目管理","推断主题","QDPTJSS","系统软件开发所666","CBB管理 - WIFI、BT","1"
"page:13723344","page:157986154","包含目录","QDPTJSS","系统软件开发所666","系统软件开发所666 Home / CI 20220324","1"
"page:157986154","topic:其他","推断主题","QDPTJSS","系统软件开发所666","CI 20220324","1"
"page:13723344","page:225853578","包含目录","QDPTJSS","系统软件开发所666","系统软件开发所666 Home / SmartCoder - 智慧码农","1"
"page:225853578","topic:其他","推断主题","QDPTJSS","系统软件开发所666","SmartCoder - 智慧码农","1"
"page:225853578","page:228354520","包含目录","QDPTJSS","系统软件开发所666","系统软件开发所666 Home / SmartCoder - 智慧码农 / 0. 自动化压测专题","1"
"page:228354520","topic:其他","推断主题","QDPTJSS","系统软件开发所666","0. 自动化压测专题","1"
"page:225853578","page:228354526","包含目录","QDPTJSS","系统软件开发所666","系统软件开发所666 Home / SmartCoder - 智慧码农 / 1. 开发提效专题","1"
"page:228354526","topic:其他","推断主题","QDPTJSS","系统软件开发所666","1. 开发提效专题","1"
"page:225853578","page:228354522","包含目录","QDPTJSS","系统软件开发所666","系统软件开发所666 Home / SmartCoder - 智慧码农 / 2. 办公效率专题","1"
"page:228354522","topic:其他","推断主题","QDPTJSS","系统软件开发所666","2. 办公效率专题","1"
"page:13723344","page:223292094","包含目录","QDPTJSS","系统软件开发所666","系统软件开发所666 Home / T963D4_POCSerial_userdebug","1"
"page:223292094","topic:二维三维与图形模型","推断主题","QDPTJSS","系统软件开发所666","T963D4_POCSerial_userdebug","1"
"page:13723344","page:48169277","包含目录","QDPTJSS","系统软件开发所666","系统软件开发所666 Home / 专利提案管理","1"
"page:48169277","topic:项目管理","推断主题","QDPTJSS","系统软件开发所666","专利提案管理","1"
"page:48169277","page:48169281","包含目录","QDPTJSS","系统软件开发所666","系统软件开发所666 Home / 专利提案管理 / 2019","1"
"page:48169281","topic:项目管理","推断主题","QDPTJSS","系统软件开发所666","2019","1"
"page:48169277","page:80453421","包含目录","QDPTJSS","系统软件开发所666","系统软件开发所666 Home / 专利提案管理 / 2020","1"
"page:80453421","topic:项目管理","推断主题","QDPTJSS","系统软件开发所666","2020","1"
"page:48169277","page:112137833","包含目录","QDPTJSS","系统软件开发所666","系统软件开发所666 Home / 专利提案管理 / 2021","1"
"page:112137833","topic:项目管理","推断主题","QDPTJSS","系统软件开发所666","2021","1"
"page:48169277","page:147823208","包含目录","QDPTJSS","系统软件开发所666","系统软件开发所666 Home / 专利提案管理 / 2022","1"
"page:147823208","topic:项目管理","推断主题","QDPTJSS","系统软件开发所666","2022","1"
"page:13723344","page:48169141","包含目录","QDPTJSS","系统软件开发所666","系统软件开发所666 Home / 个人能力提升","1"
"page:48169141","topic:其他","推断主题","QDPTJSS","系统软件开发所666","个人能力提升","1"
"page:48169141","page:116819860","包含目录","QDPTJSS","系统软件开发所666","系统软件开发所666 Home / 个人能力提升 / 2021年提升计划","1"
"page:116819860","topic:版本与计划","推断主题","QDPTJSS","系统软件开发所666","2021年提升计划","1"
"page:48169141","page:224250419","包含目录","QDPTJSS","系统软件开发所666","系统软件开发所666 Home / 个人能力提升 / 2023Q4-2024Q2 能力提升活动","1"
"page:224250419","topic:其他","推断主题","QDPTJSS","系统软件开发所666","2023Q4-2024Q2 能力提升活动","1"
"page:48169141","page:14719155","包含目录","QDPTJSS","系统软件开发所666","系统软件开发所666 Home / 个人能力提升 / Driver Key Techniques","1"
"page:14719155","topic:其他","推断主题","QDPTJSS","系统软件开发所666","Driver Key Techniques","1"
"page:48169141","page:162398632","包含目录","QDPTJSS","系统软件开发所666","系统软件开发所666 Home / 个人能力提升 / IDP个人提升计划","1"
"page:162398632","topic:版本与计划","推断主题","QDPTJSS","系统软件开发所666","IDP个人提升计划","1"
"page:48169141","page:48169203","包含目录","QDPTJSS","系统软件开发所666","系统软件开发所666 Home / 个人能力提升 / 外设组","1"
"page:48169203","topic:其他","推断主题","QDPTJSS","系统软件开发所666","外设组","1"
"page:48169141","page:50137020","包含目录","QDPTJSS","系统软件开发所666","系统软件开发所666 Home / 个人能力提升 / 学习标兵","1"
"page:50137020","topic:培训与知识","推断主题","QDPTJSS","系统软件开发所666","学习标兵","1"
"page:48169141","page:48169144","包含目录","QDPTJSS","系统软件开发所666","系统软件开发所666 Home / 个人能力提升 / 系统组","1"
"page:48169144","topic:其他","推断主题","QDPTJSS","系统软件开发所666","系统组","1"
"page:48169141","page:222323579","包含目录","QDPTJSS","系统软件开发所666","系统软件开发所666 Home / 个人能力提升 / 能力提升","1"
"page:222323579","topic:其他","推断主题","QDPTJSS","系统软件开发所666","能力提升","1"
"page:48169141","page:48169207","包含目录","QDPTJSS","系统软件开发所666","系统软件开发所666 Home / 个人能力提升 / 配置管理组","1"
"page:48169207","topic:项目管理","推断主题","QDPTJSS","系统软件开发所666","配置管理组","1"
"page:13723344","page:13725631","包含目录","QDPTJSS","系统软件开发所666","系统软件开发所666 Home / 交流与合作","1"
"page:13725631","topic:其他","推断主题","QDPTJSS","系统软件开发所666","交流与合作","1"
"page:13725631","page:13725632","包含目录","QDPTJSS","系统软件开发所666","系统软件开发所666 Home / 交流与合作 / 个性化场景规划演示版项目","1"
"page:13725632","topic:项目管理","推断主题","QDPTJSS","系统软件开发所666","个性化场景规划演示版项目","1"
"page:13725631","page:13725635","包含目录","QDPTJSS","系统软件开发所666","系统软件开发所666 Home / 交流与合作 / 合作项目","1"
"page:13725635","topic:项目管理","推断主题","QDPTJSS","系统软件开发所666","合作项目","1"
"page:13725631","page:13725646","包含目录","QDPTJSS","系统软件开发所666","系统软件开发所666 Home / 交流与合作 / 软件与UX设计合作交流区","1"
"page:13725646","topic:设计与架构","推断主题","QDPTJSS","系统软件开发所666","软件与UX设计合作交流区","1"
"page:13725631","page:49516394","包含目录","QDPTJSS","系统软件开发所666","系统软件开发所666 Home / 交流与合作 / Display_IDP","1"
"page:49516394","topic:其他","推断主题","QDPTJSS","系统软件开发所666","Display_IDP","1"
"page:13723344","page:104799954","包含目录","QDPTJSS","系统软件开发所666","系统软件开发所666 Home / 任职资格认证材料","1"
"page:104799954","topic:培训与知识","推断主题","QDPTJSS","系统软件开发所666","任职资格认证材料","1"
"page:104799954","page:250641164","包含目录","QDPTJSS","系统软件开发所666","系统软件开发所666 Home / 任职资格认证材料 / 2024 年任职资格材料","1"
"page:250641164","topic:培训与知识","推断主题","QDPTJSS","系统软件开发所666","2024 年任职资格材料","1"
"page:13723344","page:48170503","包含目录","QDPTJSS","系统软件开发所666","系统软件开发所666 Home / 创新提案管理","1"
"page:48170503","topic:项目管理","推断主题","QDPTJSS","系统软件开发所666","创新提案管理","1"
"page:48170503","page:48170506","包含目录","QDPTJSS","系统软件开发所666","系统软件开发所666 Home / 创新提案管理 / 19年","1"
"page:48170506","topic:项目管理","推断主题","QDPTJSS","系统软件开发所666","19年","1"
"page:48170503","page:107055714","包含目录","QDPTJSS","系统软件开发所666","系统软件开发所666 Home / 创新提案管理 / 2020创新提案","1"
"page:107055714","topic:项目管理","推断主题","QDPTJSS","系统软件开发所666","2020创新提案","1"
"page:48170503","page:124715707","包含目录","QDPTJSS","系统软件开发所666","系统软件开发所666 Home / 创新提案管理 / 2021年创新提案/成果","1"
"page:124715707","topic:项目管理","推断主题","QDPTJSS","系统软件开发所666","2021年创新提案/成果","1"
"page:48170503","page:131145058","包含目录","QDPTJSS","系统软件开发所666","系统软件开发所666 Home / 创新提案管理 / 2021年微创新提案","1"
"page:131145058","topic:项目管理","推断主题","QDPTJSS","系统软件开发所666","2021年微创新提案","1"
"page:48170503","page:157203948","包含目录","QDPTJSS","系统软件开发所666","系统软件开发所666 Home / 创新提案管理 / 2022年创新成果、创新提案、微创新","1"
"page:157203948","topic:项目管理","推断主题","QDPTJSS","系统软件开发所666","2022年创新成果、创新提案、微创新","1"
"page:13723344","page:13724997","包含目录","QDPTJSS","系统软件开发所666","系统软件开发所666 Home / 培训相关","1"
"page:13724997","topic:培训与知识","推断主题","QDPTJSS","系统软件开发所666","培训相关","1"
"page:13724997","page:13724998","包含目录","QDPTJSS","系统软件开发所666","系统软件开发所666 Home / 培训相关 / 本部门培训计划及课程","1"
"page:13724998","topic:版本与计划","推断主题","QDPTJSS","系统软件开发所666","本部门培训计划及课程","1"
"page:13724997","page:13725002","包含目录","QDPTJSS","系统软件开发所666","系统软件开发所666 Home / 培训相关 / 培训资料","1"
"page:13725002","topic:培训与知识","推断主题","QDPTJSS","系统软件开发所666","培训资料","1"
"page:13724997","page:13725009","包含目录","QDPTJSS","系统软件开发所666","系统软件开发所666 Home / 培训相关 / 新员工培养","1"
"page:13725009","topic:培训与知识","推断主题","QDPTJSS","系统软件开发所666","新员工培养","1"
"page:13724997","page:14718547","包含目录","QDPTJSS","系统软件开发所666","系统软件开发所666 Home / 培训相关 / 其他部门培训课程及资料","1"
"page:14718547","topic:培训与知识","推断主题","QDPTJSS","系统软件开发所666","其他部门培训课程及资料","1"
"page:13724997","page:48828297","包含目录","QDPTJSS","系统软件开发所666","系统软件开发所666 Home / 培训相关 / 培训流程","1"
"page:48828297","topic:规范与流程","推断主题","QDPTJSS","系统软件开发所666","培训流程","1"
"page:13724997","page:114199922","包含目录","QDPTJSS","系统软件开发所666","系统软件开发所666 Home / 培训相关 / 公共技术软件所图案书馆计划","1"
"page:114199922","topic:版本与计划","推断主题","QDPTJSS","系统软件开发所666","公共技术软件所图案书馆计划","1"
"page:13723344","page:223283255","包含目录","QDPTJSS","系统软件开发所666","系统软件开发所666 Home / 学习地图","1"
"page:223283255","topic:培训与知识","推断主题","QDPTJSS","系统软件开发所666","学习地图","1"
"page:223283255","page:223283260","包含目录","QDPTJSS","系统软件开发所666","系统软件开发所666 Home / 学习地图 / 0. 地图指引","1"
"page:223283260","topic:培训与知识","推断主题","QDPTJSS","系统软件开发所666","0. 地图指引","1"
"page:223283255","page:223283822","包含目录","QDPTJSS","系统软件开发所666","系统软件开发所666 Home / 学习地图 / 1. 通识库","1"
"page:223283822","topic:培训与知识","推断主题","QDPTJSS","系统软件开发所666","1. 通识库","1"
"page:223283255","page:98602844","包含目录","QDPTJSS","系统软件开发所666","系统软件开发所666 Home / 学习地图 / 2. 业务知识库","1"
"page:98602844","topic:培训与知识","推断主题","QDPTJSS","系统软件开发所666","2. 业务知识库","1"
"page:13723344","page:233001688","包含目录","QDPTJSS","系统软件开发所666","系统软件开发所666 Home / 已分享的链接","1"
"page:233001688","topic:其他","推断主题","QDPTJSS","系统软件开发所666","已分享的链接","1"
"page:233001688","page:233001689","包含目录","QDPTJSS","系统软件开发所666","系统软件开发所666 Home / 已分享的链接 / Linux虚拟内存管理","1"
"page:233001689","topic:项目管理","推断主题","QDPTJSS","系统软件开发所666","Linux虚拟内存管理","1"
"page:13723344","page:114922955","包含目录","QDPTJSS","系统软件开发所666","系统软件开发所666 Home / 技术规划/技术调研","1"
"page:114922955","topic:其他","推断主题","QDPTJSS","系统软件开发所666","技术规划/技术调研","1"
"page:114922955","page:110011253","包含目录","QDPTJSS","系统软件开发所666","系统软件开发所666 Home / 技术规划/技术调研 / 07 - 无线技术","1"
"page:110011253","topic:其他","推断主题","QDPTJSS","系统软件开发所666","07 - 无线技术","1"
"page:114922955","page:228333507","包含目录","QDPTJSS","系统软件开发所666","系统软件开发所666 Home / 技术规划/技术调研 / 09 - Android版本更新","1"
"page:228333507","topic:版本与计划","推断主题","QDPTJSS","系统软件开发所666","09 - Android版本更新","1"
"page:114922955","page:228763058","包含目录","QDPTJSS","系统软件开发所666","系统软件开发所666 Home / 技术规划/技术调研 / 12 - Android补丁更新","1"
"page:228763058","topic:其他","推断主题","QDPTJSS","系统软件开发所666","12 - Android补丁更新","1"
"page:114922955","page:229101382","包含目录","QDPTJSS","系统软件开发所666","系统软件开发所666 Home / 技术规划/技术调研 / 13 - 标准","1"
"page:229101382","topic:规范与流程","推断主题","QDPTJSS","系统软件开发所666","13 - 标准","1"
"page:114922955","page:291498217","包含目录","QDPTJSS","系统软件开发所666","系统软件开发所666 Home / 技术规划/技术调研 / 19 驱动模块SBOM(独立代码仓)交付","1"
"page:291498217","topic:项目管理","推断主题","QDPTJSS","系统软件开发所666","19 驱动模块SBOM(独立代码仓)交付","1"
"page:114922955","page:224661551","包含目录","QDPTJSS","系统软件开发所666","系统软件开发所666 Home / 技术规划/技术调研 / IEEE标准会议-2023","1"
"page:224661551","topic:会议与协同","推断主题","QDPTJSS","系统软件开发所666","IEEE标准会议-2023","1"
"page:114922955","page:114922962","包含目录","QDPTJSS","系统软件开发所666","系统软件开发所666 Home / 技术规划/技术调研 / PMT","1"
"page:114922962","topic:其他","推断主题","QDPTJSS","系统软件开发所666","PMT","1"
"page:13723344","page:209948849","包含目录","QDPTJSS","系统软件开发所666","系统软件开发所666 Home / 方案商接口界面-HUI","1"
"page:209948849","topic:设计与架构","推断主题","QDPTJSS","系统软件开发所666","方案商接口界面-HUI","1"
"page:209948849","page:209948940","包含目录","QDPTJSS","系统软件开发所666","系统软件开发所666 Home / 方案商接口界面-HUI / 0. 通用信息(青岛HUI服务器操作指南)","1"
"page:209948940","topic:设计与架构","推断主题","QDPTJSS","系统软件开发所666","0. 通用信息(青岛HUI服务器操作指南)","1"
"page:209948849","page:209948963","包含目录","QDPTJSS","系统软件开发所666","系统软件开发所666 Home / 方案商接口界面-HUI / 1. HUI 代码仓目录详解","1"
"page:209948963","topic:设计与架构","推断主题","QDPTJSS","系统软件开发所666","1. HUI 代码仓目录详解","1"
"page:209948849","page:323559398","包含目录","QDPTJSS","系统软件开发所666","系统软件开发所666 Home / 方案商接口界面-HUI / 10 . 新机芯 HUI 集成 SOP - 安卓/VIDAA 项目 HUI 总接口人关注","1"
"page:323559398","topic:设计与架构","推断主题","QDPTJSS","系统软件开发所666","10 . 新机芯 HUI 集成 SOP - 安卓/VIDAA 项目 HUI 总接口人关注","1"
"page:209948849","page:209949051","包含目录","QDPTJSS","系统软件开发所666","系统软件开发所666 Home / 方案商接口界面-HUI / 2. 新机芯POC HUI对接时需要提供方案商的资料","1"
"page:209949051","topic:设计与架构","推断主题","QDPTJSS","系统软件开发所666","2. 新机芯POC HUI对接时需要提供方案商的资料","1"
"page:209948849","page:209949145","包含目录","QDPTJSS","系统软件开发所666","系统软件开发所666 Home / 方案商接口界面-HUI / 3. 新增API提交规范","1"
"page:209949145","topic:设计与架构","推断主题","QDPTJSS","系统软件开发所666","3. 新增API提交规范","1"
"page:209948849","page:221286207","包含目录","QDPTJSS","系统软件开发所666","系统软件开发所666 Home / 方案商接口界面-HUI / 4. testcases checklist 自动生成与调试","1"
"page:221286207","topic:设计与架构","推断主题","QDPTJSS","系统软件开发所666","4. testcases checklist 自动生成与调试","1"
"page:209948849","page:223781603","包含目录","QDPTJSS","系统软件开发所666","系统软件开发所666 Home / 方案商接口界面-HUI / 5. HUI list 自动生成与调试","1"
"page:223781603","topic:设计与架构","推断主题","QDPTJSS","系统软件开发所666","5. HUI list 自动生成与调试","1"
"page:209948849","page:209949151","包含目录","QDPTJSS","系统软件开发所666","系统软件开发所666 Home / 方案商接口界面-HUI / 6. 可视化工作界面指导(推荐code-server + 通义灵码方案，vscode + remote ssh 方案)","1"
"page:209949151","topic:设计与架构","推断主题","QDPTJSS","系统软件开发所666","6. 可视化工作界面指导(推荐code-server + 通义灵码方案，vscode + remote ssh 方案)","1"
"page:209948849","page:229424200","包含目录","QDPTJSS","系统软件开发所666","系统软件开发所666 Home / 方案商接口界面-HUI / 7. HUI Owner List","1"
"page:229424200","topic:设计与架构","推断主题","QDPTJSS","系统软件开发所666","7. HUI Owner List","1"
"page:209948849","page:229424180","包含目录","QDPTJSS","系统软件开发所666","系统软件开发所666 Home / 方案商接口界面-HUI / 8. HUI 接口需求说明","1"
"page:229424180","topic:需求与功能","推断主题","QDPTJSS","系统软件开发所666","8. HUI 接口需求说明","1"
"page:209948849","page:221314911","包含目录","QDPTJSS","系统软件开发所666","系统软件开发所666 Home / 方案商接口界面-HUI / 9. HUI testcase auto & manual test 步骤","1"
"page:221314911","topic:设计与架构","推断主题","QDPTJSS","系统软件开发所666","9. HUI testcase auto & manual test 步骤","1"
"page:13723344","page:213422650","包含目录","QDPTJSS","系统软件开发所666","系统软件开发所666 Home / 服务器问题202305","1"
"page:213422650","topic:问题与复盘","推断主题","QDPTJSS","系统软件开发所666","服务器问题202305","1"
"page:13723344","page:14518221","包含目录","QDPTJSS","系统软件开发所666","系统软件开发所666 Home / 流程及标准","1"
"page:14518221","topic:规范与流程","推断主题","QDPTJSS","系统软件开发所666","流程及标准","1"
"page:14518221","page:65177820","包含目录","QDPTJSS","系统软件开发所666","系统软件开发所666 Home / 流程及标准 / 0 - 驱动主管手册","1"
"page:65177820","topic:规范与流程","推断主题","QDPTJSS","系统软件开发所666","0 - 驱动主管手册","1"
"page:14518221","page:46794725","包含目录","QDPTJSS","系统软件开发所666","系统软件开发所666 Home / 流程及标准 / 01-工作手册","1"
"page:46794725","topic:规范与流程","推断主题","QDPTJSS","系统软件开发所666","01-工作手册","1"
"page:14518221","page:46797667","包含目录","QDPTJSS","系统软件开发所666","系统软件开发所666 Home / 流程及标准 / 02-工作手册_小贴士","1"
"page:46797667","topic:规范与流程","推断主题","QDPTJSS","系统软件开发所666","02-工作手册_小贴士","1"
"page:14518221","page:90282791","包含目录","QDPTJSS","系统软件开发所666","系统软件开发所666 Home / 流程及标准 / 04 固件管理流程","1"
"page:90282791","topic:规范与流程","推断主题","QDPTJSS","系统软件开发所666","04 固件管理流程","1"
"page:14518221","page:136152911","包含目录","QDPTJSS","系统软件开发所666","系统软件开发所666 Home / 流程及标准 / 06 - 方案商需求传递模板","1"
"page:136152911","topic:需求与功能","推断主题","QDPTJSS","系统软件开发所666","06 - 方案商需求传递模板","1"
"page:14518221","page:70162470","包含目录","QDPTJSS","系统软件开发所666","系统软件开发所666 Home / 流程及标准 / z - 借机还机流程","1"
"page:70162470","topic:规范与流程","推断主题","QDPTJSS","系统软件开发所666","z - 借机还机流程","1"
"page:14518221","page:97193198","包含目录","QDPTJSS","系统软件开发所666","系统软件开发所666 Home / 流程及标准 / 代码会议评审 - 记录列表","1"
"page:97193198","topic:会议与协同","推断主题","QDPTJSS","系统软件开发所666","代码会议评审 - 记录列表","1"
"page:14518221","page:127599760","包含目录","QDPTJSS","系统软件开发所666","系统软件开发所666 Home / 流程及标准 / 出差申请报销流程示例","1"
"page:127599760","topic:规范与流程","推断主题","QDPTJSS","系统软件开发所666","出差申请报销流程示例","1"
"page:14518221","page:90939276","包含目录","QDPTJSS","系统软件开发所666","系统软件开发所666 Home / 流程及标准 / 服务器、硬盘等采购流程","1"
"page:90939276","topic:规范与流程","推断主题","QDPTJSS","系统软件开发所666","服务器、硬盘等采购流程","1"
"page:14518221","page:70157545","包含目录","QDPTJSS","系统软件开发所666","系统软件开发所666 Home / 流程及标准 / 点检用例 - 原型机","1"
"page:70157545","topic:测试与验证","推断主题","QDPTJSS","系统软件开发所666","点检用例 - 原型机","1"
"page:14518221","page:66392299","包含目录","QDPTJSS","系统软件开发所666","系统软件开发所666 Home / 流程及标准 / 点检用例 - 派生机","1"
"page:66392299","topic:测试与验证","推断主题","QDPTJSS","系统软件开发所666","点检用例 - 派生机","1"
"page:14518221","page:72089990","包含目录","QDPTJSS","系统软件开发所666","系统软件开发所666 Home / 流程及标准 / 电视驱动所  --  问题处理规范","1"
"page:72089990","topic:问题与复盘","推断主题","QDPTJSS","系统软件开发所666","电视驱动所  --  问题处理规范","1"
"page:14518221","page:96505075","包含目录","QDPTJSS","系统软件开发所666","系统软件开发所666 Home / 流程及标准 / 编码规范","1"
"page:96505075","topic:规范与流程","推断主题","QDPTJSS","系统软件开发所666","编码规范","1"
"page:14518221","page:107057411","包含目录","QDPTJSS","系统软件开发所666","系统软件开发所666 Home / 流程及标准 / 设计规范、设计方案、自测用例","1"
"page:107057411","topic:设计与架构","推断主题","QDPTJSS","系统软件开发所666","设计规范、设计方案、自测用例","1"
"page:14518221","page:14534059","包含目录","QDPTJSS","系统软件开发所666","系统软件开发所666 Home / 流程及标准 / 软件先行及流程","1"
"page:14534059","topic:规范与流程","推断主题","QDPTJSS","系统软件开发所666","软件先行及流程","1"
"page:14518221","page:114198296","包含目录","QDPTJSS","系统软件开发所666","系统软件开发所666 Home / 流程及标准 / 软件分支管理规范","1"
"page:114198296","topic:规范与流程","推断主题","QDPTJSS","系统软件开发所666","软件分支管理规范","1"
"page:14518221","page:84640230","包含目录","QDPTJSS","系统软件开发所666","系统软件开发所666 Home / 流程及标准 / 软硬件工作界面 - 整体","1"
"page:84640230","topic:规范与流程","推断主题","QDPTJSS","系统软件开发所666","软硬件工作界面 - 整体","1"
"page:13723344","page:13723699","包含目录","QDPTJSS","系统软件开发所666","系统软件开发所666 Home / 知识汇总","1"
"page:13723699","topic:其他","推断主题","QDPTJSS","系统软件开发所666","知识汇总","1"
"page:13723699","page:13723700","包含目录","QDPTJSS","系统软件开发所666","系统软件开发所666 Home / 知识汇总 / 第三方方案商资料","1"
"page:13723700","topic:设计与架构","推断主题","QDPTJSS","系统软件开发所666","第三方方案商资料","1"
"page:13723699","page:13723797","包含目录","QDPTJSS","系统软件开发所666","系统软件开发所666 Home / 知识汇总 / 竞品资料","1"
"page:13723797","topic:其他","推断主题","QDPTJSS","系统软件开发所666","竞品资料","1"
"page:13723699","page:13723798","包含目录","QDPTJSS","系统软件开发所666","系统软件开发所666 Home / 知识汇总 / Android/JAVA相关资料","1"
"page:13723798","topic:其他","推断主题","QDPTJSS","系统软件开发所666","Android/JAVA相关资料","1"
"page:13723699","page:13723852","包含目录","QDPTJSS","系统软件开发所666","系统软件开发所666 Home / 知识汇总 / 业余知识扩展","1"
"page:13723852","topic:其他","推断主题","QDPTJSS","系统软件开发所666","业余知识扩展","1"
"page:13723699","page:13723865","包含目录","QDPTJSS","系统软件开发所666","系统软件开发所666 Home / 知识汇总 / 电视基础知识","1"
"page:13723865","topic:其他","推断主题","QDPTJSS","系统软件开发所666","电视基础知识","1"
"page:13723699","page:13723874","包含目录","QDPTJSS","系统软件开发所666","系统软件开发所666 Home / 知识汇总 / 编译环境配置、调试工具及调试技巧汇总","1"
"page:13723874","topic:其他","推断主题","QDPTJSS","系统软件开发所666","编译环境配置、调试工具及调试技巧汇总","1"
"page:13723699","page:13723913","包含目录","QDPTJSS","系统软件开发所666","系统软件开发所666 Home / 知识汇总 / OTA and Application self-update","1"
"page:13723913","topic:其他","推断主题","QDPTJSS","系统软件开发所666","OTA and Application self-update","1"
"page:13723699","page:13723916","包含目录","QDPTJSS","系统软件开发所666","系统软件开发所666 Home / 知识汇总 / Git/Gerrit","1"
"page:13723916","topic:其他","推断主题","QDPTJSS","系统软件开发所666","Git/Gerrit","1"
"page:13723699","page:13723928","包含目录","QDPTJSS","系统软件开发所666","系统软件开发所666 Home / 知识汇总 / 网络通信","1"
"page:13723928","topic:其他","推断主题","QDPTJSS","系统软件开发所666","网络通信","1"
"page:13723699","page:13723937","包含目录","QDPTJSS","系统软件开发所666","系统软件开发所666 Home / 知识汇总 / 测试知识","1"
"page:13723937","topic:测试与验证","推断主题","QDPTJSS","系统软件开发所666","测试知识","1"
"page:13723699","page:13723947","包含目录","QDPTJSS","系统软件开发所666","系统软件开发所666 Home / 知识汇总 / 技术分享","1"
"page:13723947","topic:其他","推断主题","QDPTJSS","系统软件开发所666","技术分享","1"
"page:13723699","page:13723999","包含目录","QDPTJSS","系统软件开发所666","系统软件开发所666 Home / 知识汇总 / License key","1"
"page:13723999","topic:其他","推断主题","QDPTJSS","系统软件开发所666","License key","1"
"page:13723699","page:13724007","包含目录","QDPTJSS","系统软件开发所666","系统软件开发所666 Home / 知识汇总 / Document Center","1"
"page:13724007","topic:其他","推断主题","QDPTJSS","系统软件开发所666","Document Center","1"
"page:13723699","page:13724039","包含目录","QDPTJSS","系统软件开发所666","系统软件开发所666 Home / 知识汇总 / 其他","1"
"page:13724039","topic:其他","推断主题","QDPTJSS","系统软件开发所666","其他","1"
"page:13723699","page:13724041","包含目录","QDPTJSS","系统软件开发所666","系统软件开发所666 Home / 知识汇总 / 部门图书","1"
"page:13724041","topic:其他","推断主题","QDPTJSS","系统软件开发所666","部门图书","1"
"page:13723699","page:23434589","包含目录","QDPTJSS","系统软件开发所666","系统软件开发所666 Home / 知识汇总 / linux关键技术","1"
"page:23434589","topic:其他","推断主题","QDPTJSS","系统软件开发所666","linux关键技术","1"
"page:13723699","page:220348367","包含目录","QDPTJSS","系统软件开发所666","系统软件开发所666 Home / 知识汇总 / POC代码树搭建指南","1"
"page:220348367","topic:规范与流程","推断主题","QDPTJSS","系统软件开发所666","POC代码树搭建指南","1"
"page:13723344","page:14517683","包含目录","QDPTJSS","系统软件开发所666","系统软件开发所666 Home / 科室空间","1"
"page:14517683","topic:其他","推断主题","QDPTJSS","系统软件开发所666","科室空间","1"
"page:14517683","page:136909295","包含目录","QDPTJSS","系统软件开发所666","系统软件开发所666 Home / 科室空间 / common-测试","1"
"page:136909295","topic:测试与验证","推断主题","QDPTJSS","系统软件开发所666","common-测试","1"
"page:14517683","page:194361784","包含目录","QDPTJSS","系统软件开发所666","系统软件开发所666 Home / 科室空间 / common-项目信息","1"
"page:194361784","topic:项目管理","推断主题","QDPTJSS","系统软件开发所666","common-项目信息","1"
"page:14517683","page:14517685","包含目录","QDPTJSS","系统软件开发所666","系统软件开发所666 Home / 科室空间 / 外设驱动开发室","1"
"page:14517685","topic:其他","推断主题","QDPTJSS","系统软件开发所666","外设驱动开发室","1"
"page:14517683","page:5832801","包含目录","QDPTJSS","系统软件开发所666","系统软件开发所666 Home / 科室空间 / 海外音视频驱动室","1"
"page:5832801","topic:其他","推断主题","QDPTJSS","系统软件开发所666","海外音视频驱动室","1"
"page:14517683","page:50824200","包含目录","QDPTJSS","系统软件开发所666","系统软件开发所666 Home / 科室空间 / 软件配置管理室","1"
"page:50824200","topic:项目管理","推断主题","QDPTJSS","系统软件开发所666","软件配置管理室","1"
"page:13723344","page:13724042","包含目录","QDPTJSS","系统软件开发所666","系统软件开发所666 Home / 部门工作","1"
"page:13724042","topic:其他","推断主题","QDPTJSS","系统软件开发所666","部门工作","1"
"page:13724042","page:14518203","包含目录","QDPTJSS","系统软件开发所666","系统软件开发所666 Home / 部门工作 / 01 部门管理","1"
"page:14518203","topic:项目管理","推断主题","QDPTJSS","系统软件开发所666","01 部门管理","1"
"page:13724042","page:54103445","包含目录","QDPTJSS","系统软件开发所666","系统软件开发所666 Home / 部门工作 / 02 门禁权限管理","1"
"page:54103445","topic:项目管理","推断主题","QDPTJSS","系统软件开发所666","02 门禁权限管理","1"
"page:13724042","page:77136281","包含目录","QDPTJSS","系统软件开发所666","系统软件开发所666 Home / 部门工作 / 04 新员工入职参考","1"
"page:77136281","topic:其他","推断主题","QDPTJSS","系统软件开发所666","04 新员工入职参考","1"
"page:13724042","page:107055794","包含目录","QDPTJSS","系统软件开发所666","系统软件开发所666 Home / 部门工作 / 05 软件研发部技能提升月活动","1"
"page:107055794","topic:其他","推断主题","QDPTJSS","系统软件开发所666","05 软件研发部技能提升月活动","1"
"page:13724042","page:128353010","包含目录","QDPTJSS","系统软件开发所666","系统软件开发所666 Home / 部门工作 / 06 所内事宜管理分工","1"
"page:128353010","topic:项目管理","推断主题","QDPTJSS","系统软件开发所666","06 所内事宜管理分工","1"
"page:13724042","page:136153150","包含目录","QDPTJSS","系统软件开发所666","系统软件开发所666 Home / 部门工作 / 07  座位表","1"
"page:136153150","topic:其他","推断主题","QDPTJSS","系统软件开发所666","07  座位表","1"
"page:13724042","page:142577931","包含目录","QDPTJSS","系统软件开发所666","系统软件开发所666 Home / 部门工作 / 10 月度任务书模板","1"
"page:142577931","topic:规范与流程","推断主题","QDPTJSS","系统软件开发所666","10 月度任务书模板","1"
"page:13724042","page:194351679","包含目录","QDPTJSS","系统软件开发所666","系统软件开发所666 Home / 部门工作 / 09 信息统计","1"
"page:194351679","topic:数据与质量","推断主题","QDPTJSS","系统软件开发所666","09 信息统计","1"
"page:13724042","page:60067915","包含目录","QDPTJSS","系统软件开发所666","系统软件开发所666 Home / 部门工作 / 08 电视驱动软件所 - 签证信息看板","1"
"page:60067915","topic:其他","推断主题","QDPTJSS","系统软件开发所666","08 电视驱动软件所 - 签证信息看板","1"
"page:13724042","page:66392423","包含目录","QDPTJSS","系统软件开发所666","系统软件开发所666 Home / 部门工作 / 资产管理","1"
"page:66392423","topic:项目管理","推断主题","QDPTJSS","系统软件开发所666","资产管理","1"
"page:13723344","page:91623749","包含目录","QDPTJSS","系统软件开发所666","系统软件开发所666 Home / 重点项目管理","1"
"page:91623749","topic:项目管理","推断主题","QDPTJSS","系统软件开发所666","重点项目管理","1"
"page:91623749","page:110010012","包含目录","QDPTJSS","系统软件开发所666","系统软件开发所666 Home / 重点项目管理 / 2020年终问题点复盘","1"
"page:110010012","topic:问题与复盘","推断主题","QDPTJSS","系统软件开发所666","2020年终问题点复盘","1"
"page:91623749","page:182059345","包含目录","QDPTJSS","系统软件开发所666","系统软件开发所666 Home / 重点项目管理 / 2022年国庆加班日报","1"
"page:182059345","topic:项目管理","推断主题","QDPTJSS","系统软件开发所666","2022年国庆加班日报","1"
"page:91623749","page:116163972","包含目录","QDPTJSS","系统软件开发所666","系统软件开发所666 Home / 重点项目管理 / 6886 android eMMC问题调查","1"
"page:116163972","topic:问题与复盘","推断主题","QDPTJSS","系统软件开发所666","6886 android eMMC问题调查","1"
"page:91623749","page:105578678","包含目录","QDPTJSS","系统软件开发所666","系统软件开发所666 Home / 重点项目管理 / 72671D平台","1"
"page:105578678","topic:项目管理","推断主题","QDPTJSS","系统软件开发所666","72671D平台","1"
"page:91623749","page:76448518","包含目录","QDPTJSS","系统软件开发所666","系统软件开发所666 Home / 重点项目管理 / MT9602平台进度管理","1"
"page:76448518","topic:项目管理","推断主题","QDPTJSS","系统软件开发所666","MT9602平台进度管理","1"
"page:91623749","page:105579079","包含目录","QDPTJSS","系统软件开发所666","系统软件开发所666 Home / 重点项目管理 / MT9980_9900_TVS 重点事项管理","1"
"page:105579079","topic:项目管理","推断主题","QDPTJSS","系统软件开发所666","MT9980_9900_TVS 重点事项管理","1"
"page:91623749","page:133989729","包含目录","QDPTJSS","系统软件开发所666","系统软件开发所666 Home / 重点项目管理 / MTK 9652平台BIST0-FAIL问题跟踪处理","1"
"page:133989729","topic:问题与复盘","推断主题","QDPTJSS","系统软件开发所666","MTK 9652平台BIST0-FAIL问题跟踪处理","1"
"page:91623749","page:91624011","包含目录","QDPTJSS","系统软件开发所666","系统软件开发所666 Home / 重点项目管理 / 研发中心管理项目 - 研发效率 - 低效工作梳理","1"
"page:91624011","topic:项目管理","推断主题","QDPTJSS","系统软件开发所666","研发中心管理项目 - 研发效率 - 低效工作梳理","1"
"page:13723344","page:48169329","包含目录","QDPTJSS","系统软件开发所666","系统软件开发所666 Home / 预研项目管理","1"
"page:48169329","topic:项目管理","推断主题","QDPTJSS","系统软件开发所666","预研项目管理","1"
"page:48169329","page:48169331","包含目录","QDPTJSS","系统软件开发所666","系统软件开发所666 Home / 预研项目管理 / 2019年","1"
"page:48169331","topic:项目管理","推断主题","QDPTJSS","系统软件开发所666","2019年","1"
"page:48169329","page:86540651","包含目录","QDPTJSS","系统软件开发所666","系统软件开发所666 Home / 预研项目管理 / 2020年","1"
"page:86540651","topic:项目管理","推断主题","QDPTJSS","系统软件开发所666","2020年","1"
"page:48169329","page:112134727","包含目录","QDPTJSS","系统软件开发所666","系统软件开发所666 Home / 预研项目管理 / 2021年","1"
"page:112134727","topic:项目管理","推断主题","QDPTJSS","系统软件开发所666","2021年","1"
"page:48169329","page:147828957","包含目录","QDPTJSS","系统软件开发所666","系统软件开发所666 Home / 预研项目管理 / 2022年","1"
"page:147828957","topic:项目管理","推断主题","QDPTJSS","系统软件开发所666","2022年","1"
"page:13723344","page:4489519","包含目录","QDPTJSS","系统软件开发所666","系统软件开发所666 Home / 驱动技术积累","1"
"page:4489519","topic:其他","推断主题","QDPTJSS","系统软件开发所666","驱动技术积累","1"
"page:4489519","page:4490026","包含目录","QDPTJSS","系统软件开发所666","系统软件开发所666 Home / 驱动技术积累 / 2016十一产品总结","1"
"page:4490026","topic:其他","推断主题","QDPTJSS","系统软件开发所666","2016十一产品总结","1"
"page:4489519","page:14713358","包含目录","QDPTJSS","系统软件开发所666","系统软件开发所666 Home / 驱动技术积累 / 2017五一总结","1"
"page:14713358","topic:其他","推断主题","QDPTJSS","系统软件开发所666","2017五一总结","1"
"page:4489519","page:82578026","包含目录","QDPTJSS","系统软件开发所666","系统软件开发所666 Home / 驱动技术积累 / 6886项目总结","1"
"page:82578026","topic:项目管理","推断主题","QDPTJSS","系统软件开发所666","6886项目总结","1"
"page:4489519","page:97913835","包含目录","QDPTJSS","系统软件开发所666","系统软件开发所666 Home / 驱动技术积累 / 交办任务","1"
"page:97913835","topic:项目管理","推断主题","QDPTJSS","系统软件开发所666","交办任务","1"
"page:4489519","page:49512749","包含目录","QDPTJSS","系统软件开发所666","系统软件开发所666 Home / 驱动技术积累 / 公共技术","1"
"page:49512749","topic:其他","推断主题","QDPTJSS","系统软件开发所666","公共技术","1"
"page:4489519","page:14519054","包含目录","QDPTJSS","系统软件开发所666","系统软件开发所666 Home / 驱动技术积累 / 成员介绍","1"
"page:14519054","topic:其他","推断主题","QDPTJSS","系统软件开发所666","成员介绍","1"
"page:4489519","page:4489496","包含目录","QDPTJSS","系统软件开发所666","系统软件开发所666 Home / 驱动技术积累 / 电视中间件","1"
"page:4489496","topic:其他","推断主题","QDPTJSS","系统软件开发所666","电视中间件","1"
"page:4489519","page:80449578","包含目录","QDPTJSS","系统软件开发所666","系统软件开发所666 Home / 驱动技术积累 / 经典案例","1"
"page:80449578","topic:其他","推断主题","QDPTJSS","系统软件开发所666","经典案例","1"
"space:YFZXJSSL","page:146968877","空间首页","YFZXJSSL","视像科技研发中心技术沙龙","视像科技研发中心技术沙龙 主页","1"
"page:146968877","topic:其他","推断主题","YFZXJSSL","视像科技研发中心技术沙龙","视像科技研发中心技术沙龙 主页","1"
"page:146968877","page:16845958","包含目录","YFZXJSSL","视像科技研发中心技术沙龙","视像科技研发中心技术沙龙 主页 / 2018年","1"
"page:16845958","topic:其他","推断主题","YFZXJSSL","视像科技研发中心技术沙龙","2018年","1"
"page:16845958","page:17174077","包含目录","YFZXJSSL","视像科技研发中心技术沙龙","视像科技研发中心技术沙龙 主页 / 2018年 / 第10期 智能包装产业趋势及应用展望","1"
"page:17174077","topic:其他","推断主题","YFZXJSSL","视像科技研发中心技术沙龙","第10期 智能包装产业趋势及应用展望","1"
"page:16845958","page:17174686","包含目录","YFZXJSSL","视像科技研发中心技术沙龙","视像科技研发中心技术沙龙 主页 / 2018年 / 第11期 指纹识别技术研究","1"
"page:17174686","topic:其他","推断主题","YFZXJSSL","视像科技研发中心技术沙龙","第11期 指纹识别技术研究","1"
"page:16845958","page:17175823","包含目录","YFZXJSSL","视像科技研发中心技术沙龙","视像科技研发中心技术沙龙 主页 / 2018年 / 第12期 双摄算法技术原理及效果测评","1"
"page:17175823","topic:其他","推断主题","YFZXJSSL","视像科技研发中心技术沙龙","第12期 双摄算法技术原理及效果测评","1"
"page:16845958","page:17176838","包含目录","YFZXJSSL","视像科技研发中心技术沙龙","视像科技研发中心技术沙龙 主页 / 2018年 / 第13期 集成电路ESD失效、测试评估","1"
"page:17176838","topic:设计与架构","推断主题","YFZXJSSL","视像科技研发中心技术沙龙","第13期 集成电路ESD失效、测试评估","1"
"page:16845958","page:17796075","包含目录","YFZXJSSL","视像科技研发中心技术沙龙","视像科技研发中心技术沙龙 主页 / 2018年 / 第14期 FPGA的PCB设计交流","1"
"page:17796075","topic:设计与架构","推断主题","YFZXJSSL","视像科技研发中心技术沙龙","第14期 FPGA的PCB设计交流","1"
"page:16845958","page:17797009","包含目录","YFZXJSSL","视像科技研发中心技术沙龙","视像科技研发中心技术沙龙 主页 / 2018年 / 第15期 2018CCBN展会分享","1"
"page:17797009","topic:其他","推断主题","YFZXJSSL","视像科技研发中心技术沙龙","第15期 2018CCBN展会分享","1"
"page:16845958","page:18484564","包含目录","YFZXJSSL","视像科技研发中心技术沙龙","视像科技研发中心技术沙龙 主页 / 2018年 / 第16期 OLED产品技术现状及发展趋势","1"
"page:18484564","topic:其他","推断主题","YFZXJSSL","视像科技研发中心技术沙龙","第16期 OLED产品技术现状及发展趋势","1"
"page:16845958","page:19104797","包含目录","YFZXJSSL","视像科技研发中心技术沙龙","视像科技研发中心技术沙龙 主页 / 2018年 / 第17期 基于整机平台的智能天线系统","1"
"page:19104797","topic:其他","推断主题","YFZXJSSL","视像科技研发中心技术沙龙","第17期 基于整机平台的智能天线系统","1"
"page:16845958","page:19105669","包含目录","YFZXJSSL","视像科技研发中心技术沙龙","视像科技研发中心技术沙龙 主页 / 2018年 / 第18期 monkey源码分析及应用介绍","1"
"page:19105669","topic:问题与复盘","推断主题","YFZXJSSL","视像科技研发中心技术沙龙","第18期 monkey源码分析及应用介绍","1"
"page:16845958","page:19105673","包含目录","YFZXJSSL","视像科技研发中心技术沙龙","视像科技研发中心技术沙龙 主页 / 2018年 / 第19期 手机陶瓷后盖应用","1"
"page:19105673","topic:其他","推断主题","YFZXJSSL","视像科技研发中心技术沙龙","第19期 手机陶瓷后盖应用","1"
"page:16845958","page:16845968","包含目录","YFZXJSSL","视像科技研发中心技术沙龙","视像科技研发中心技术沙龙 主页 / 2018年 / 第1期 主题：用户洞察驱动产品创新","1"
"page:16845968","topic:其他","推断主题","YFZXJSSL","视像科技研发中心技术沙龙","第1期 主题：用户洞察驱动产品创新","1"
"page:16845958","page:19106211","包含目录","YFZXJSSL","视像科技研发中心技术沙龙","视像科技研发中心技术沙龙 主页 / 2018年 / 第20期 网络机顶盒WIFI性能提升交流","1"
"page:19106211","topic:其他","推断主题","YFZXJSSL","视像科技研发中心技术沙龙","第20期 网络机顶盒WIFI性能提升交流","1"
"page:16845958","page:19107181","包含目录","YFZXJSSL","视像科技研发中心技术沙龙","视像科技研发中心技术沙龙 主页 / 2018年 / 第21期 NetTV规范知识","1"
"page:19107181","topic:规范与流程","推断主题","YFZXJSSL","视像科技研发中心技术沙龙","第21期 NetTV规范知识","1"
"page:16845958","page:19107189","包含目录","YFZXJSSL","视像科技研发中心技术沙龙","视像科技研发中心技术沙龙 主页 / 2018年 / 第22期 运营商网络部署趋势及产品建议","1"
"page:19107189","topic:其他","推断主题","YFZXJSSL","视像科技研发中心技术沙龙","第22期 运营商网络部署趋势及产品建议","1"
"page:16845958","page:19107192","包含目录","YFZXJSSL","视像科技研发中心技术沙龙","视像科技研发中心技术沙龙 主页 / 2018年 / 第23期 iPhone结构组装优缺点探讨","1"
"page:19107192","topic:其他","推断主题","YFZXJSSL","视像科技研发中心技术沙龙","第23期 iPhone结构组装优缺点探讨","1"
"page:16845958","page:20187999","包含目录","YFZXJSSL","视像科技研发中心技术沙龙","视像科技研发中心技术沙龙 主页 / 2018年 / 第24期 3D复合板电池盖工艺及项目应用问题","1"
"page:20187999","topic:二维三维与图形模型","推断主题","YFZXJSSL","视像科技研发中心技术沙龙","第24期 3D复合板电池盖工艺及项目应用问题","1"
"page:16845958","page:20810173","包含目录","YFZXJSSL","视像科技研发中心技术沙龙","视像科技研发中心技术沙龙 主页 / 2018年 / 第25期 对应高标准跌落测试标准的结构设计方案及解决措施","1"
"page:20810173","topic:设计与架构","推断主题","YFZXJSSL","视像科技研发中心技术沙龙","第25期 对应高标准跌落测试标准的结构设计方案及解决措施","1"
"page:16845958","page:20810176","包含目录","YFZXJSSL","视像科技研发中心技术沙龙","视像科技研发中心技术沙龙 主页 / 2018年 / 第26期 精密装配与胶水技术交流","1"
"page:20810176","topic:其他","推断主题","YFZXJSSL","视像科技研发中心技术沙龙","第26期 精密装配与胶水技术交流","1"
"page:16845958","page:20811036","包含目录","YFZXJSSL","视像科技研发中心技术沙龙","视像科技研发中心技术沙龙 主页 / 2018年 / 第27期 EMC-手机相关测试解读及解决办法","1"
"page:20811036","topic:测试与验证","推断主题","YFZXJSSL","视像科技研发中心技术沙龙","第27期 EMC-手机相关测试解读及解决办法","1"
"page:16845958","page:21431244","包含目录","YFZXJSSL","视像科技研发中心技术沙龙","视像科技研发中心技术沙龙 主页 / 2018年 / 第28期 研发驻外支持工作收获分享","1"
"page:21431244","topic:其他","推断主题","YFZXJSSL","视像科技研发中心技术沙龙","第28期 研发驻外支持工作收获分享","1"
"page:16845958","page:21432302","包含目录","YFZXJSSL","视像科技研发中心技术沙龙","视像科技研发中心技术沙龙 主页 / 2018年 / 第29期 IPON光接入技术交流","1"
"page:21432302","topic:其他","推断主题","YFZXJSSL","视像科技研发中心技术沙龙","第29期 IPON光接入技术交流","1"
"page:16845958","page:16846761","包含目录","YFZXJSSL","视像科技研发中心技术沙龙","视像科技研发中心技术沙龙 主页 / 2018年 / 第2期 主题：Micro LED","1"
"page:16846761","topic:其他","推断主题","YFZXJSSL","视像科技研发中心技术沙龙","第2期 主题：Micro LED","1"
"page:16845958","page:21432307","包含目录","YFZXJSSL","视像科技研发中心技术沙龙","视像科技研发中心技术沙龙 主页 / 2018年 / 第30期 手机地磁传感器技术交流","1"
"page:21432307","topic:其他","推断主题","YFZXJSSL","视像科技研发中心技术沙龙","第30期 手机地磁传感器技术交流","1"
"page:16845958","page:22054356","包含目录","YFZXJSSL","视像科技研发中心技术沙龙","视像科技研发中心技术沙龙 主页 / 2018年 / 第31期 广电业务的全IP解决方案","1"
"page:22054356","topic:设计与架构","推断主题","YFZXJSSL","视像科技研发中心技术沙龙","第31期 广电业务的全IP解决方案","1"
"page:16845958","page:22055017","包含目录","YFZXJSSL","视像科技研发中心技术沙龙","视像科技研发中心技术沙龙 主页 / 2018年 / 第32期 Zigbee网关技术交流","1"
"page:22055017","topic:其他","推断主题","YFZXJSSL","视像科技研发中心技术沙龙","第32期 Zigbee网关技术交流","1"
"page:16845958","page:22055302","包含目录","YFZXJSSL","视像科技研发中心技术沙龙","视像科技研发中心技术沙龙 主页 / 2018年 / 第33期 电磁兼容技术交流","1"
"page:22055302","topic:其他","推断主题","YFZXJSSL","视像科技研发中心技术沙龙","第33期 电磁兼容技术交流","1"
"page:16845958","page:23431064","包含目录","YFZXJSSL","视像科技研发中心技术沙龙","视像科技研发中心技术沙龙 主页 / 2018年 / 第34期 手机制造技术自动化展参展出差总结","1"
"page:23431064","topic:其他","推断主题","YFZXJSSL","视像科技研发中心技术沙龙","第34期 手机制造技术自动化展参展出差总结","1"
"page:16845958","page:24675293","包含目录","YFZXJSSL","视像科技研发中心技术沙龙","视像科技研发中心技术沙龙 主页 / 2018年 / 第35期 Cozy介绍","1"
"page:24675293","topic:其他","推断主题","YFZXJSSL","视像科技研发中心技术沙龙","第35期 Cozy介绍","1"
"page:16845958","page:24677084","包含目录","YFZXJSSL","视像科技研发中心技术沙龙","视像科技研发中心技术沙龙 主页 / 2018年 / 第36期 技术写作-产品用户体验的新蓝海","1"
"page:24677084","topic:其他","推断主题","YFZXJSSL","视像科技研发中心技术沙龙","第36期 技术写作-产品用户体验的新蓝海","1"
"page:16845958","page:24677093","包含目录","YFZXJSSL","视像科技研发中心技术沙龙","视像科技研发中心技术沙龙 主页 / 2018年 / 第37期 Camera技术交流","1"
"page:24677093","topic:其他","推断主题","YFZXJSSL","视像科技研发中心技术沙龙","第37期 Camera技术交流","1"
"page:16845958","page:24677098","包含目录","YFZXJSSL","视像科技研发中心技术沙龙","视像科技研发中心技术沙龙 主页 / 2018年 / 第38期 智能音箱远场拾音技术交流","1"
"page:24677098","topic:其他","推断主题","YFZXJSSL","视像科技研发中心技术沙龙","第38期 智能音箱远场拾音技术交流","1"
"page:16845958","page:24678784","包含目录","YFZXJSSL","视像科技研发中心技术沙龙","视像科技研发中心技术沙龙 主页 / 2018年 / 第39期 TCP分析-手机射频方案对比","1"
"page:24678784","topic:设计与架构","推断主题","YFZXJSSL","视像科技研发中心技术沙龙","第39期 TCP分析-手机射频方案对比","1"
"page:16845958","page:16860678","包含目录","YFZXJSSL","视像科技研发中心技术沙龙","视像科技研发中心技术沙龙 主页 / 2018年 / 第3期 主题：OTA测试技术交流","1"
"page:16860678","topic:测试与验证","推断主题","YFZXJSSL","视像科技研发中心技术沙龙","第3期 主题：OTA测试技术交流","1"
"page:16845958","page:25987702","包含目录","YFZXJSSL","视像科技研发中心技术沙龙","视像科技研发中心技术沙龙 主页 / 2018年 / 第40期 简明英语在技术写作中的应用","1"
"page:25987702","topic:其他","推断主题","YFZXJSSL","视像科技研发中心技术沙龙","第40期 简明英语在技术写作中的应用","1"
"page:16845958","page:26676007","包含目录","YFZXJSSL","视像科技研发中心技术沙龙","视像科技研发中心技术沙龙 主页 / 2018年 / 第41期 OPPO R15/VIVO X21 拆机报告","1"
"page:26676007","topic:其他","推断主题","YFZXJSSL","视像科技研发中心技术沙龙","第41期 OPPO R15/VIVO X21 拆机报告","1"
"page:16845958","page:26677650","包含目录","YFZXJSSL","视像科技研发中心技术沙龙","视像科技研发中心技术沙龙 主页 / 2018年 / 第42期 基于GStreamer   + MQTT的多播放器同步方案","1"
"page:26677650","topic:设计与架构","推断主题","YFZXJSSL","视像科技研发中心技术沙龙","第42期 基于GStreamer   + MQTT的多播放器同步方案","1"
"page:16845958","page:27329577","包含目录","YFZXJSSL","视像科技研发中心技术沙龙","视像科技研发中心技术沙龙 主页 / 2018年 / 第43期 在线老化技术交流","1"
"page:27329577","topic:其他","推断主题","YFZXJSSL","视像科技研发中心技术沙龙","第43期 在线老化技术交流","1"
"page:16845958","page:27330360","包含目录","YFZXJSSL","视像科技研发中心技术沙龙","视像科技研发中心技术沙龙 主页 / 2018年 / 第44期 2018年HEAD acoustics电信行业音频测试研讨会资料分享，及智能家居设备的音频测试","1"
"page:27330360","topic:测试与验证","推断主题","YFZXJSSL","视像科技研发中心技术沙龙","第44期 2018年HEAD acoustics电信行业音频测试研讨会资料分享，及智能家居设备的音频测试","1"
"page:16845958","page:27919458","包含目录","YFZXJSSL","视像科技研发中心技术沙龙","视像科技研发中心技术沙龙 主页 / 2018年 / 第45期 深圳工装厂家考察新技术讨论","1"
"page:27919458","topic:其他","推断主题","YFZXJSSL","视像科技研发中心技术沙龙","第45期 深圳工装厂家考察新技术讨论","1"
"page:16845958","page:27920867","包含目录","YFZXJSSL","视像科技研发中心技术沙龙","视像科技研发中心技术沙龙 主页 / 2018年 / 第46期 扬声器密封可靠性提升","1"
"page:27920867","topic:其他","推断主题","YFZXJSSL","视像科技研发中心技术沙龙","第46期 扬声器密封可靠性提升","1"
"page:146968877","page:41978520","包含目录","YFZXJSSL","视像科技研发中心技术沙龙","视像科技研发中心技术沙龙 主页 / 2019年","1"
"page:41978520","topic:其他","推断主题","YFZXJSSL","视像科技研发中心技术沙龙","2019年","1"
"page:41978520","page:68850984","包含目录","YFZXJSSL","视像科技研发中心技术沙龙","视像科技研发中心技术沙龙 主页 / 2019年 / 第100期 智能标签 万物互联 标签产品知识分享","1"
"page:68850984","topic:其他","推断主题","YFZXJSSL","视像科技研发中心技术沙龙","第100期 智能标签 万物互联 标签产品知识分享","1"
"page:41978520","page:69504448","包含目录","YFZXJSSL","视像科技研发中心技术沙龙","视像科技研发中心技术沙龙 主页 / 2019年 / 第101期 方舟编译器和鸿蒙操作系统介绍以及OPPO   HyperBoost技术介绍","1"
"page:69504448","topic:其他","推断主题","YFZXJSSL","视像科技研发中心技术沙龙","第101期 方舟编译器和鸿蒙操作系统介绍以及OPPO   HyperBoost技术介绍","1"
"page:41978520","page:69504451","包含目录","YFZXJSSL","视像科技研发中心技术沙龙","视像科技研发中心技术沙龙 主页 / 2019年 / 第102期 极限空间下的架构技术研究（一）","1"
"page:69504451","topic:设计与架构","推断主题","YFZXJSSL","视像科技研发中心技术沙龙","第102期 极限空间下的架构技术研究（一）","1"
"page:41978520","page:69505628","包含目录","YFZXJSSL","视像科技研发中心技术沙龙","视像科技研发中心技术沙龙 主页 / 2019年 / 第103期 2019上海工博会分享会","1"
"page:69505628","topic:其他","推断主题","YFZXJSSL","视像科技研发中心技术沙龙","第103期 2019上海工博会分享会","1"
"page:41978520","page:69505633","包含目录","YFZXJSSL","视像科技研发中心技术沙龙","视像科技研发中心技术沙龙 主页 / 2019年 / 第104期 知识图谱简介及2019中文知识图谱会议总结","1"
"page:69505633","topic:会议与协同","推断主题","YFZXJSSL","视像科技研发中心技术沙龙","第104期 知识图谱简介及2019中文知识图谱会议总结","1"
"page:41978520","page:69505638","包含目录","YFZXJSSL","视像科技研发中心技术沙龙","视像科技研发中心技术沙龙 主页 / 2019年 / 第105期 石墨及石墨烯高导膜特性及其应用简介","1"
"page:69505638","topic:其他","推断主题","YFZXJSSL","视像科技研发中心技术沙龙","第105期 石墨及石墨烯高导膜特性及其应用简介","1"
"page:41978520","page:69505641","包含目录","YFZXJSSL","视像科技研发中心技术沙龙","视像科技研发中心技术沙龙 主页 / 2019年 / 第106期 RaspberryPi介绍及测试应用","1"
"page:69505641","topic:测试与验证","推断主题","YFZXJSSL","视像科技研发中心技术沙龙","第106期 RaspberryPi介绍及测试应用","1"
"page:41978520","page:69505853","包含目录","YFZXJSSL","视像科技研发中心技术沙龙","视像科技研发中心技术沙龙 主页 / 2019年 / 第107期 电商包装和华为、TCL包装介绍","1"
"page:69505853","topic:其他","推断主题","YFZXJSSL","视像科技研发中心技术沙龙","第107期 电商包装和华为、TCL包装介绍","1"
"page:41978520","page:70158849","包含目录","YFZXJSSL","视像科技研发中心技术沙龙","视像科技研发中心技术沙龙 主页 / 2019年 / 第108期 近期TCP射频相关汇总分析及分享","1"
"page:70158849","topic:问题与复盘","推断主题","YFZXJSSL","视像科技研发中心技术沙龙","第108期 近期TCP射频相关汇总分析及分享","1"
"page:41978520","page:70160309","包含目录","YFZXJSSL","视像科技研发中心技术沙龙","视像科技研发中心技术沙龙 主页 / 2019年 / 第109期 社交电视硬件架构","1"
"page:70160309","topic:设计与架构","推断主题","YFZXJSSL","视像科技研发中心技术沙龙","第109期 社交电视硬件架构","1"
"page:41978520","page:46796006","包含目录","YFZXJSSL","视像科技研发中心技术沙龙","视像科技研发中心技术沙龙 主页 / 2019年 / 第10期 基于海外电视UI3.0的图像采集自动化工具","1"
"page:46796006","topic:其他","推断主题","YFZXJSSL","视像科技研发中心技术沙龙","第10期 基于海外电视UI3.0的图像采集自动化工具","1"
"page:41978520","page:70160315","包含目录","YFZXJSSL","视像科技研发中心技术沙龙","视像科技研发中心技术沙龙 主页 / 2019年 / 第110期 软件设计模块化思想；MySQL数据库优化","1"
"page:70160315","topic:设计与架构","推断主题","YFZXJSSL","视像科技研发中心技术沙龙","第110期 软件设计模块化思想；MySQL数据库优化","1"
"page:41978520","page:70782463","包含目录","YFZXJSSL","视像科技研发中心技术沙龙","视像科技研发中心技术沙龙 主页 / 2019年 / 第111期 2019曼谷安卓合作者峰会材料分享","1"
"page:70782463","topic:其他","推断主题","YFZXJSSL","视像科技研发中心技术沙龙","第111期 2019曼谷安卓合作者峰会材料分享","1"
"page:41978520","page:71403913","包含目录","YFZXJSSL","视像科技研发中心技术沙龙","视像科技研发中心技术沙龙 主页 / 2019年 / 第112期 生命特征传感器简介","1"
"page:71403913","topic:其他","推断主题","YFZXJSSL","视像科技研发中心技术沙龙","第112期 生命特征传感器简介","1"
"page:41978520","page:71406411","包含目录","YFZXJSSL","视像科技研发中心技术沙龙","视像科技研发中心技术沙龙 主页 / 2019年 / 第113期 手机差异化设计技术交流","1"
"page:71406411","topic:设计与架构","推断主题","YFZXJSSL","视像科技研发中心技术沙龙","第113期 手机差异化设计技术交流","1"
"page:41978520","page:71407333","包含目录","YFZXJSSL","视像科技研发中心技术沙龙","视像科技研发中心技术沙龙 主页 / 2019年 / 第114期 IQOO-5G拆机分析","1"
"page:71407333","topic:问题与复盘","推断主题","YFZXJSSL","视像科技研发中心技术沙龙","第114期 IQOO-5G拆机分析","1"
"page:41978520","page:72093246","包含目录","YFZXJSSL","视像科技研发中心技术沙龙","视像科技研发中心技术沙龙 主页 / 2019年 / 第115期 海信音响产品介绍及关键要素","1"
"page:72093246","topic:其他","推断主题","YFZXJSSL","视像科技研发中心技术沙龙","第115期 海信音响产品介绍及关键要素","1"
"page:41978520","page:72094140","包含目录","YFZXJSSL","视像科技研发中心技术沙龙","视像科技研发中心技术沙龙 主页 / 2019年 / 第116期 图像语义分割技术应用研究","1"
"page:72094140","topic:其他","推断主题","YFZXJSSL","视像科技研发中心技术沙龙","第116期 图像语义分割技术应用研究","1"
"page:41978520","page:73335464","包含目录","YFZXJSSL","视像科技研发中心技术沙龙","视像科技研发中心技术沙龙 主页 / 2019年 / 第117期 第七届电声技术国际研讨会交流","1"
"page:73335464","topic:其他","推断主题","YFZXJSSL","视像科技研发中心技术沙龙","第117期 第七届电声技术国际研讨会交流","1"
"page:41978520","page:73338442","包含目录","YFZXJSSL","视像科技研发中心技术沙龙","视像科技研发中心技术沙龙 主页 / 2019年 / 第118期 纳米疏水镀膜应用及介绍","1"
"page:73338442","topic:其他","推断主题","YFZXJSSL","视像科技研发中心技术沙龙","第118期 纳米疏水镀膜应用及介绍","1"
"page:41978520","page:73339091","包含目录","YFZXJSSL","视像科技研发中心技术沙龙","视像科技研发中心技术沙龙 主页 / 2019年 / 第119期 电视智能化现状及展望探讨","1"
"page:73339091","topic:其他","推断主题","YFZXJSSL","视像科技研发中心技术沙龙","第119期 电视智能化现状及展望探讨","1"
"page:41978520","page:47483516","包含目录","YFZXJSSL","视像科技研发中心技术沙龙","视像科技研发中心技术沙龙 主页 / 2019年 / 第11期 以用户为中心的泛术语服务","1"
"page:47483516","topic:其他","推断主题","YFZXJSSL","视像科技研发中心技术沙龙","第11期 以用户为中心的泛术语服务","1"
"page:41978520","page:73894584","包含目录","YFZXJSSL","视像科技研发中心技术沙龙","视像科技研发中心技术沙龙 主页 / 2019年 / 第120期 仿真分析阶段性报告","1"
"page:73894584","topic:问题与复盘","推断主题","YFZXJSSL","视像科技研发中心技术沙龙","第120期 仿真分析阶段性报告","1"
"page:41978520","page:74520987","包含目录","YFZXJSSL","视像科技研发中心技术沙龙","视像科技研发中心技术沙龙 主页 / 2019年 / 第121期 金属机壳镭雕技术","1"
"page:74520987","topic:其他","推断主题","YFZXJSSL","视像科技研发中心技术沙龙","第121期 金属机壳镭雕技术","1"
"page:41978520","page:75171630","包含目录","YFZXJSSL","视像科技研发中心技术沙龙","视像科技研发中心技术沙龙 主页 / 2019年 / 第122期 2019上海微波与天线技术展会分享","1"
"page:75171630","topic:其他","推断主题","YFZXJSSL","视像科技研发中心技术沙龙","第122期 2019上海微波与天线技术展会分享","1"
"page:41978520","page:75862698","包含目录","YFZXJSSL","视像科技研发中心技术沙龙","视像科技研发中心技术沙龙 主页 / 2019年 / 第123期 物联网与智慧物流介绍","1"
"page:75862698","topic:其他","推断主题","YFZXJSSL","视像科技研发中心技术沙龙","第123期 物联网与智慧物流介绍","1"
"page:41978520","page:75862704","包含目录","YFZXJSSL","视像科技研发中心技术沙龙","视像科技研发中心技术沙龙 主页 / 2019年 / 第124期 Android AudioEffect 音效框架介绍与实现","1"
"page:75862704","topic:其他","推断主题","YFZXJSSL","视像科技研发中心技术沙龙","第124期 Android AudioEffect 音效框架介绍与实现","1"
"page:41978520","page:75864318","包含目录","YFZXJSSL","视像科技研发中心技术沙龙","视像科技研发中心技术沙龙 主页 / 2019年 / 第125期 红外遥控协议原理及模拟方案","1"
"page:75864318","topic:设计与架构","推断主题","YFZXJSSL","视像科技研发中心技术沙龙","第125期 红外遥控协议原理及模拟方案","1"
"page:41978520","page:76448496","包含目录","YFZXJSSL","视像科技研发中心技术沙龙","视像科技研发中心技术沙龙 主页 / 2019年 / 第126期 2019亚洲国际标签印刷展技术分享","1"
"page:76448496","topic:其他","推断主题","YFZXJSSL","视像科技研发中心技术沙龙","第126期 2019亚洲国际标签印刷展技术分享","1"
"page:41978520","page:76448499","包含目录","YFZXJSSL","视像科技研发中心技术沙龙","视像科技研发中心技术沙龙 主页 / 2019年 / 第127期 华为荣耀平板M5竞品分析","1"
"page:76448499","topic:问题与复盘","推断主题","YFZXJSSL","视像科技研发中心技术沙龙","第127期 华为荣耀平板M5竞品分析","1"
"page:41978520","page:76448617","包含目录","YFZXJSSL","视像科技研发中心技术沙龙","视像科技研发中心技术沙龙 主页 / 2019年 / 第128期 超高频电源技术研究","1"
"page:76448617","topic:其他","推断主题","YFZXJSSL","视像科技研发中心技术沙龙","第128期 超高频电源技术研究","1"
"page:41978520","page:76449889","包含目录","YFZXJSSL","视像科技研发中心技术沙龙","视像科技研发中心技术沙龙 主页 / 2019年 / 第129期 2019年中国技术传播论坛分享","1"
"page:76449889","topic:其他","推断主题","YFZXJSSL","视像科技研发中心技术沙龙","第129期 2019年中国技术传播论坛分享","1"
"page:41978520","page:47483594","包含目录","YFZXJSSL","视像科技研发中心技术沙龙","视像科技研发中心技术沙龙 主页 / 2019年 / 第12期 CAE在手机结构设计开发流程中的应用","1"
"page:47483594","topic:设计与架构","推断主题","YFZXJSSL","视像科技研发中心技术沙龙","第12期 CAE在手机结构设计开发流程中的应用","1"
"page:41978520","page:47484935","包含目录","YFZXJSSL","视像科技研发中心技术沙龙","视像科技研发中心技术沙龙 主页 / 2019年 / 第13期 3D玻璃热弯加工与新技术","1"
"page:47484935","topic:二维三维与图形模型","推断主题","YFZXJSSL","视像科技研发中心技术沙龙","第13期 3D玻璃热弯加工与新技术","1"
"page:41978520","page:47484945","包含目录","YFZXJSSL","视像科技研发中心技术沙龙","视像科技研发中心技术沙龙 主页 / 2019年 / 第14期 智能物联网设备测试交流","1"
"page:47484945","topic:测试与验证","推断主题","YFZXJSSL","视像科技研发中心技术沙龙","第14期 智能物联网设备测试交流","1"
"page:41978520","page:48829378","包含目录","YFZXJSSL","视像科技研发中心技术沙龙","视像科技研发中心技术沙龙 主页 / 2019年 / 第15期 国内电信设备进网认证政策及资料变化介绍","1"
"page:48829378","topic:培训与知识","推断主题","YFZXJSSL","视像科技研发中心技术沙龙","第15期 国内电信设备进网认证政策及资料变化介绍","1"
"page:41978520","page:50135461","包含目录","YFZXJSSL","视像科技研发中心技术沙龙","视像科技研发中心技术沙龙 主页 / 2019年 / 第16期 AWE产品竞争力分析","1"
"page:50135461","topic:问题与复盘","推断主题","YFZXJSSL","视像科技研发中心技术沙龙","第16期 AWE产品竞争力分析","1"
"page:41978520","page:50138004","包含目录","YFZXJSSL","视像科技研发中心技术沙龙","视像科技研发中心技术沙龙 主页 / 2019年 / 第17期 压铸工艺与相关结构件介绍","1"
"page:50138004","topic:其他","推断主题","YFZXJSSL","视像科技研发中心技术沙龙","第17期 压铸工艺与相关结构件介绍","1"
"page:41978520","page:50138504","包含目录","YFZXJSSL","视像科技研发中心技术沙龙","视像科技研发中心技术沙龙 主页 / 2019年 / 第18期 耳机选型及对人耳听力损伤影响介绍","1"
"page:50138504","topic:其他","推断主题","YFZXJSSL","视像科技研发中心技术沙龙","第18期 耳机选型及对人耳听力损伤影响介绍","1"
"page:41978520","page:50138509","包含目录","YFZXJSSL","视像科技研发中心技术沙龙","视像科技研发中心技术沙龙 主页 / 2019年 / 第19期 不同设备之间的数据传输功能技术调研","1"
"page:50138509","topic:数据与质量","推断主题","YFZXJSSL","视像科技研发中心技术沙龙","第19期 不同设备之间的数据传输功能技术调研","1"
"page:146968877","page:76452404","包含目录","YFZXJSSL","视像科技研发中心技术沙龙","视像科技研发中心技术沙龙 主页 / 2020年","1"
"page:76452404","topic:其他","推断主题","YFZXJSSL","视像科技研发中心技术沙龙","2020年","1"
"page:76452404","page:111449138","包含目录","YFZXJSSL","视像科技研发中心技术沙龙","视像科技研发中心技术沙龙 主页 / 2020年 / 第100期 WiFi6 技术分享","1"
"page:111449138","topic:其他","推断主题","YFZXJSSL","视像科技研发中心技术沙龙","第100期 WiFi6 技术分享","1"
"page:76452404","page:111449156","包含目录","YFZXJSSL","视像科技研发中心技术沙龙","视像科技研发中心技术沙龙 主页 / 2020年 / 第101期 基于soundcheck的声学测试","1"
"page:111449156","topic:测试与验证","推断主题","YFZXJSSL","视像科技研发中心技术沙龙","第101期 基于soundcheck的声学测试","1"
"page:76452404","page:111450761","包含目录","YFZXJSSL","视像科技研发中心技术沙龙","视像科技研发中心技术沙龙 主页 / 2020年 / 第102期 手机防水膜生产测试方法","1"
"page:111450761","topic:测试与验证","推断主题","YFZXJSSL","视像科技研发中心技术沙龙","第102期 手机防水膜生产测试方法","1"
"page:76452404","page:85954367","包含目录","YFZXJSSL","视像科技研发中心技术沙龙","视像科技研发中心技术沙龙 主页 / 2020年 / 第10期 扬声器和MIC密封测试技术分享","1"
"page:85954367","topic:测试与验证","推断主题","YFZXJSSL","视像科技研发中心技术沙龙","第10期 扬声器和MIC密封测试技术分享","1"
"page:76452404","page:85954621","包含目录","YFZXJSSL","视像科技研发中心技术沙龙","视像科技研发中心技术沙龙 主页 / 2020年 / 第11期 android自动化测试技术分享","1"
"page:85954621","topic:测试与验证","推断主题","YFZXJSSL","视像科技研发中心技术沙龙","第11期 android自动化测试技术分享","1"
"page:76452404","page:85954670","包含目录","YFZXJSSL","视像科技研发中心技术沙龙","视像科技研发中心技术沙龙 主页 / 2020年 / 第12期 L762项目总结","1"
"page:85954670","topic:项目管理","推断主题","YFZXJSSL","视像科技研发中心技术沙龙","第12期 L762项目总结","1"
"page:76452404","page:86547116","包含目录","YFZXJSSL","视像科技研发中心技术沙龙","视像科技研发中心技术沙龙 主页 / 2020年 / 第13期 PCB板材参数研究","1"
"page:86547116","topic:其他","推断主题","YFZXJSSL","视像科技研发中心技术沙龙","第13期 PCB板材参数研究","1"
"page:76452404","page:86548964","包含目录","YFZXJSSL","视像科技研发中心技术沙龙","视像科技研发中心技术沙龙 主页 / 2020年 / 第14期 电视产品整机智能测试平台介绍","1"
"page:86548964","topic:测试与验证","推断主题","YFZXJSSL","视像科技研发中心技术沙龙","第14期 电视产品整机智能测试平台介绍","1"
"page:76452404","page:87167983","包含目录","YFZXJSSL","视像科技研发中心技术沙龙","视像科技研发中心技术沙龙 主页 / 2020年 / 第15期 DVB常见认证介绍","1"
"page:87167983","topic:培训与知识","推断主题","YFZXJSSL","视像科技研发中心技术沙龙","第15期 DVB常见认证介绍","1"
"page:76452404","page:87169887","包含目录","YFZXJSSL","视像科技研发中心技术沙龙","视像科技研发中心技术沙龙 主页 / 2020年 / 第16期 广角镜头畸变标定与校正","1"
"page:87169887","topic:其他","推断主题","YFZXJSSL","视像科技研发中心技术沙龙","第16期 广角镜头畸变标定与校正","1"
"page:76452404","page:87169890","包含目录","YFZXJSSL","视像科技研发中心技术沙龙","视像科技研发中心技术沙龙 主页 / 2020年 / 第17期 热管知识交流与分享","1"
"page:87169890","topic:其他","推断主题","YFZXJSSL","视像科技研发中心技术沙龙","第17期 热管知识交流与分享","1"
"page:76452404","page:87173056","包含目录","YFZXJSSL","视像科技研发中心技术沙龙","视像科技研发中心技术沙龙 主页 / 2020年 / 第18期 过孔散热研究","1"
"page:87173056","topic:其他","推断主题","YFZXJSSL","视像科技研发中心技术沙龙","第18期 过孔散热研究","1"
"page:76452404","page:87858545","包含目录","YFZXJSSL","视像科技研发中心技术沙龙","视像科技研发中心技术沙龙 主页 / 2020年 / 第19期 HNR550T项目射频生产方案总结","1"
"page:87858545","topic:设计与架构","推断主题","YFZXJSSL","视像科技研发中心技术沙龙","第19期 HNR550T项目射频生产方案总结","1"
"page:76452404","page:76452400","包含目录","YFZXJSSL","视像科技研发中心技术沙龙","视像科技研发中心技术沙龙 主页 / 2020年 / 第1期 90秒100亿技术演进路线","1"
"page:76452400","topic:其他","推断主题","YFZXJSSL","视像科技研发中心技术沙龙","第1期 90秒100亿技术演进路线","1"
"page:76452404","page:88375540","包含目录","YFZXJSSL","视像科技研发中心技术沙龙","视像科技研发中心技术沙龙 主页 / 2020年 / 第20期 均温系数（CTS）对手机温度分布的影响","1"
"page:88375540","topic:其他","推断主题","YFZXJSSL","视像科技研发中心技术沙龙","第20期 均温系数（CTS）对手机温度分布的影响","1"
"page:76452404","page:88380281","包含目录","YFZXJSSL","视像科技研发中心技术沙龙","视像科技研发中心技术沙龙 主页 / 2020年 / 第21期 高速信号预加重去加重讲解与应用","1"
"page:88380281","topic:其他","推断主题","YFZXJSSL","视像科技研发中心技术沙龙","第21期 高速信号预加重去加重讲解与应用","1"
"page:76452404","page:88380929","包含目录","YFZXJSSL","视像科技研发中心技术沙龙","视像科技研发中心技术沙龙 主页 / 2020年 / 第22期 基于DB平台电视自动化测试介绍","1"
"page:88380929","topic:测试与验证","推断主题","YFZXJSSL","视像科技研发中心技术沙龙","第22期 基于DB平台电视自动化测试介绍","1"
"page:76452404","page:89000119","包含目录","YFZXJSSL","视像科技研发中心技术沙龙","视像科技研发中心技术沙龙 主页 / 2020年 / 第23期 FPSGO帧率加速技术分享","1"
"page:89000119","topic:其他","推断主题","YFZXJSSL","视像科技研发中心技术沙龙","第23期 FPSGO帧率加速技术分享","1"
"page:76452404","page:89000124","包含目录","YFZXJSSL","视像科技研发中心技术沙龙","视像科技研发中心技术沙龙 主页 / 2020年 / 第24期 结构修模费用培训","1"
"page:89000124","topic:培训与知识","推断主题","YFZXJSSL","视像科技研发中心技术沙龙","第24期 结构修模费用培训","1"
"page:76452404","page:89002765","包含目录","YFZXJSSL","视像科技研发中心技术沙龙","视像科技研发中心技术沙龙 主页 / 2020年 / 第25期  基于vulkan及angle的图形优化分享","1"
"page:89002765","topic:其他","推断主题","YFZXJSSL","视像科技研发中心技术沙龙","第25期  基于vulkan及angle的图形优化分享","1"
"page:76452404","page:89002907","包含目录","YFZXJSSL","视像科技研发中心技术沙龙","视像科技研发中心技术沙龙 主页 / 2020年 / 第26期 散热系统设计","1"
"page:89002907","topic:设计与架构","推断主题","YFZXJSSL","视像科技研发中心技术沙龙","第26期 散热系统设计","1"
"page:76452404","page:89653585","包含目录","YFZXJSSL","视像科技研发中心技术沙龙","视像科技研发中心技术沙龙 主页 / 2020年 / 第27期 Dynamic RGB Gamma","1"
"page:89653585","topic:其他","推断主题","YFZXJSSL","视像科技研发中心技术沙龙","第27期 Dynamic RGB Gamma","1"
"page:76452404","page:89658217","包含目录","YFZXJSSL","视像科技研发中心技术沙龙","视像科技研发中心技术沙龙 主页 / 2020年 / 第28期 蓝牙遥控自动配对技术","1"
"page:89658217","topic:其他","推断主题","YFZXJSSL","视像科技研发中心技术沙龙","第28期 蓝牙遥控自动配对技术","1"
"page:76452404","page:89658224","包含目录","YFZXJSSL","视像科技研发中心技术沙龙","视像科技研发中心技术沙龙 主页 / 2020年 / 第29期 终端功耗技术沙龙","1"
"page:89658224","topic:其他","推断主题","YFZXJSSL","视像科技研发中心技术沙龙","第29期 终端功耗技术沙龙","1"
"page:76452404","page:77136174","包含目录","YFZXJSSL","视像科技研发中心技术沙龙","视像科技研发中心技术沙龙 主页 / 2020年 / 第2期 基于Jenkins的自动化测试系统介绍","1"
"page:77136174","topic:测试与验证","推断主题","YFZXJSSL","视像科技研发中心技术沙龙","第2期 基于Jenkins的自动化测试系统介绍","1"
"page:76452404","page:89658228","包含目录","YFZXJSSL","视像科技研发中心技术沙龙","视像科技研发中心技术沙龙 主页 / 2020年 / 第30期 电视产品烧录方案设计及制作介绍","1"
"page:89658228","topic:设计与架构","推断主题","YFZXJSSL","视像科技研发中心技术沙龙","第30期 电视产品烧录方案设计及制作介绍","1"
"page:76452404","page:89658238","包含目录","YFZXJSSL","视像科技研发中心技术沙龙","视像科技研发中心技术沙龙 主页 / 2020年 / 第31期 画质AI分享","1"
"page:89658238","topic:其他","推断主题","YFZXJSSL","视像科技研发中心技术沙龙","第31期 画质AI分享","1"
"page:76452404","page:89660279","包含目录","YFZXJSSL","视像科技研发中心技术沙龙","视像科技研发中心技术沙龙 主页 / 2020年 / 第32期 手机产品对标竞品生产工艺分析","1"
"page:89660279","topic:问题与复盘","推断主题","YFZXJSSL","视像科技研发中心技术沙龙","第32期 手机产品对标竞品生产工艺分析","1"
"page:76452404","page:90279783","包含目录","YFZXJSSL","视像科技研发中心技术沙龙","视像科技研发中心技术沙龙 主页 / 2020年 / 第33期 软硬胶设计规范","1"
"page:90279783","topic:设计与架构","推断主题","YFZXJSSL","视像科技研发中心技术沙龙","第33期 软硬胶设计规范","1"
"page:76452404","page:90281394","包含目录","YFZXJSSL","视像科技研发中心技术沙龙","视像科技研发中心技术沙龙 主页 / 2020年 / 第34期 光学摄像头模组构成和组装工艺","1"
"page:90281394","topic:其他","推断主题","YFZXJSSL","视像科技研发中心技术沙龙","第34期 光学摄像头模组构成和组装工艺","1"
"page:76452404","page:90281400","包含目录","YFZXJSSL","视像科技研发中心技术沙龙","视像科技研发中心技术沙龙 主页 / 2020年 / 第35期 Odin浏览器升级的经验分享","1"
"page:90281400","topic:其他","推断主题","YFZXJSSL","视像科技研发中心技术沙龙","第35期 Odin浏览器升级的经验分享","1"
"page:76452404","page:90936019","包含目录","YFZXJSSL","视像科技研发中心技术沙龙","视像科技研发中心技术沙龙 主页 / 2020年 / 第36期 基于MQTT的海外电视自动化测试方法","1"
"page:90936019","topic:测试与验证","推断主题","YFZXJSSL","视像科技研发中心技术沙龙","第36期 基于MQTT的海外电视自动化测试方法","1"
"page:76452404","page:91624428","包含目录","YFZXJSSL","视像科技研发中心技术沙龙","视像科技研发中心技术沙龙 主页 / 2020年 / 第37期 SI三部曲之一——阻抗","1"
"page:91624428","topic:其他","推断主题","YFZXJSSL","视像科技研发中心技术沙龙","第37期 SI三部曲之一——阻抗","1"
"page:76452404","page:91624435","包含目录","YFZXJSSL","视像科技研发中心技术沙龙","视像科技研发中心技术沙龙 主页 / 2020年 / 第38期 SMT焊接常见失效与可焊性设计","1"
"page:91624435","topic:设计与架构","推断主题","YFZXJSSL","视像科技研发中心技术沙龙","第38期 SMT焊接常见失效与可焊性设计","1"
"page:76452404","page:91624440","包含目录","YFZXJSSL","视像科技研发中心技术沙龙","视像科技研发中心技术沙龙 主页 / 2020年 / 第39期 Android双重视界软件功能实现相关分享","1"
"page:91624440","topic:其他","推断主题","YFZXJSSL","视像科技研发中心技术沙龙","第39期 Android双重视界软件功能实现相关分享","1"
"page:76452404","page:77137180","包含目录","YFZXJSSL","视像科技研发中心技术沙龙","视像科技研发中心技术沙龙 主页 / 2020年 / 第3期 数字移动终端失效问题案例分析","1"
"page:77137180","topic:问题与复盘","推断主题","YFZXJSSL","视像科技研发中心技术沙龙","第3期 数字移动终端失效问题案例分析","1"
"page:76452404","page:92277331","包含目录","YFZXJSSL","视像科技研发中心技术沙龙","视像科技研发中心技术沙龙 主页 / 2020年 / 第40期 AutoGamma调整基础知识讲解","1"
"page:92277331","topic:其他","推断主题","YFZXJSSL","视像科技研发中心技术沙龙","第40期 AutoGamma调整基础知识讲解","1"
"page:76452404","page:92277336","包含目录","YFZXJSSL","视像科技研发中心技术沙龙","视像科技研发中心技术沙龙 主页 / 2020年 / 第41期 TCP措施库（结构）培训","1"
"page:92277336","topic:问题与复盘","推断主题","YFZXJSSL","视像科技研发中心技术沙龙","第41期 TCP措施库（结构）培训","1"
"page:76452404","page:92277342","包含目录","YFZXJSSL","视像科技研发中心技术沙龙","视像科技研发中心技术沙龙 主页 / 2020年 / 第42期 耳机音质与听感探讨","1"
"page:92277342","topic:其他","推断主题","YFZXJSSL","视像科技研发中心技术沙龙","第42期 耳机音质与听感探讨","1"
"page:76452404","page:92277347","包含目录","YFZXJSSL","视像科技研发中心技术沙龙","视像科技研发中心技术沙龙 主页 / 2020年 / 第43期 移动终端稳定性问题分析","1"
"page:92277347","topic:问题与复盘","推断主题","YFZXJSSL","视像科技研发中心技术沙龙","第43期 移动终端稳定性问题分析","1"
"page:146968877","page:116823065","包含目录","YFZXJSSL","视像科技研发中心技术沙龙","视像科技研发中心技术沙龙 主页 / 2021年","1"
"page:116823065","topic:其他","推断主题","YFZXJSSL","视像科技研发中心技术沙龙","2021年","1"
"page:116823065","page:112827824","包含目录","YFZXJSSL","视像科技研发中心技术沙龙","视像科技研发中心技术沙龙 主页 / 2021年 / 第1期 三星55Q700整机结构拆机分析","1"
"page:112827824","topic:问题与复盘","推断主题","YFZXJSSL","视像科技研发中心技术沙龙","第1期 三星55Q700整机结构拆机分析","1"
"page:116823065","page:113476832","包含目录","YFZXJSSL","视像科技研发中心技术沙龙","视像科技研发中心技术沙龙 主页 / 2021年 / 第2期 Android终端的camera bring up分享","1"
"page:113476832","topic:其他","推断主题","YFZXJSSL","视像科技研发中心技术沙龙","第2期 Android终端的camera bring up分享","1"
"page:116823065","page:113484945","包含目录","YFZXJSSL","视像科技研发中心技术沙龙","视像科技研发中心技术沙龙 主页 / 2021年 / 第3期 日本市场音场校正功能的比较分析","1"
"page:113484945","topic:问题与复盘","推断主题","YFZXJSSL","视像科技研发中心技术沙龙","第3期 日本市场音场校正功能的比较分析","1"
"page:116823065","page:114202993","包含目录","YFZXJSSL","视像科技研发中心技术沙龙","视像科技研发中心技术沙龙 主页 / 2021年 / 第4期  紧凑型Soundbar设计","1"
"page:114202993","topic:设计与架构","推断主题","YFZXJSSL","视像科技研发中心技术沙龙","第4期  紧凑型Soundbar设计","1"
"page:116823065","page:114203888","包含目录","YFZXJSSL","视像科技研发中心技术沙龙","视像科技研发中心技术沙龙 主页 / 2021年 / 第5期 VIDDA OS 重构介绍与培训","1"
"page:114203888","topic:培训与知识","推断主题","YFZXJSSL","视像科技研发中心技术沙龙","第5期 VIDDA OS 重构介绍与培训","1"
"page:116823065","page:114204154","包含目录","YFZXJSSL","视像科技研发中心技术沙龙","视像科技研发中心技术沙龙 主页 / 2021年 / 第6期 工装夹具技术​","1"
"page:114204154","topic:其他","推断主题","YFZXJSSL","视像科技研发中心技术沙龙","第6期 工装夹具技术​","1"
"page:116823065","page:114920274","包含目录","YFZXJSSL","视像科技研发中心技术沙龙","视像科技研发中心技术沙龙 主页 / 2021年 / 第7期 聊天分类简介","1"
"page:114920274","topic:其他","推断主题","YFZXJSSL","视像科技研发中心技术沙龙","第7期 聊天分类简介","1"
"page:116823065","page:116821701","包含目录","YFZXJSSL","视像科技研发中心技术沙龙","视像科技研发中心技术沙龙 主页 / 2021年 / 第8期 电视摄像头基本构成与设计选型","1"
"page:116821701","topic:设计与架构","推断主题","YFZXJSSL","视像科技研发中心技术沙龙","第8期 电视摄像头基本构成与设计选型","1"
"page:116823065","page:116823109","包含目录","YFZXJSSL","视像科技研发中心技术沙龙","视像科技研发中心技术沙龙 主页 / 2021年 / 第9期 OpenMax及Linux Render技术介绍","1"
"page:116823109","topic:其他","推断主题","YFZXJSSL","视像科技研发中心技术沙龙","第9期 OpenMax及Linux Render技术介绍","1"
"page:116823065","page:116824135","包含目录","YFZXJSSL","视像科技研发中心技术沙龙","视像科技研发中心技术沙龙 主页 / 2021年 / 第10期 日本市场动向：用户问卷调查RIC-Research调査结果","1"
"page:116824135","topic:其他","推断主题","YFZXJSSL","视像科技研发中心技术沙龙","第10期 日本市场动向：用户问卷调查RIC-Research调査结果","1"
"page:116823065","page:116824175","包含目录","YFZXJSSL","视像科技研发中心技术沙龙","视像科技研发中心技术沙龙 主页 / 2021年 / 第11期 Mini-LED和Micro-LED技术介绍","1"
"page:116824175","topic:其他","推断主题","YFZXJSSL","视像科技研发中心技术沙龙","第11期 Mini-LED和Micro-LED技术介绍","1"
"page:116823065","page:118229114","包含目录","YFZXJSSL","视像科技研发中心技术沙龙","视像科技研发中心技术沙龙 主页 / 2021年 / 第12期 射频EMC相关PCB设计原则及案例分享","1"
"page:118229114","topic:设计与架构","推断主题","YFZXJSSL","视像科技研发中心技术沙龙","第12期 射频EMC相关PCB设计原则及案例分享","1"
"page:116823065","page:118234418","包含目录","YFZXJSSL","视像科技研发中心技术沙龙","视像科技研发中心技术沙龙 主页 / 2021年 / 第13期 MWC2021技术趋势及手机隔空充电技术","1"
"page:118234418","topic:其他","推断主题","YFZXJSSL","视像科技研发中心技术沙龙","第13期 MWC2021技术趋势及手机隔空充电技术","1"
"page:116823065","page:118234977","包含目录","YFZXJSSL","视像科技研发中心技术沙龙","视像科技研发中心技术沙龙 主页 / 2021年 / 第14期 合金镭雕及氧化研究","1"
"page:118234977","topic:其他","推断主题","YFZXJSSL","视像科技研发中心技术沙龙","第14期 合金镭雕及氧化研究","1"
"page:116823065","page:119705760","包含目录","YFZXJSSL","视像科技研发中心技术沙龙","视像科技研发中心技术沙龙 主页 / 2021年 / 第15期 WebXR 技术原理及应用","1"
"page:119705760","topic:其他","推断主题","YFZXJSSL","视像科技研发中心技术沙龙","第15期 WebXR 技术原理及应用","1"
"page:116823065","page:119706655","包含目录","YFZXJSSL","视像科技研发中心技术沙龙","视像科技研发中心技术沙龙 主页 / 2021年 / 第16期 Camera测试原理简介","1"
"page:119706655","topic:测试与验证","推断主题","YFZXJSSL","视像科技研发中心技术沙龙","第16期 Camera测试原理简介","1"
"page:116823065","page:119707485","包含目录","YFZXJSSL","视像科技研发中心技术沙龙","视像科技研发中心技术沙龙 主页 / 2021年 / 第17期   CCM模组知识介绍","1"
"page:119707485","topic:其他","推断主题","YFZXJSSL","视像科技研发中心技术沙龙","第17期   CCM模组知识介绍","1"
"page:116823065","page:120520939","包含目录","YFZXJSSL","视像科技研发中心技术沙龙","视像科技研发中心技术沙龙 主页 / 2021年 / 第18期 IoT模组的生产测试工艺","1"
"page:120520939","topic:测试与验证","推断主题","YFZXJSSL","视像科技研发中心技术沙龙","第18期 IoT模组的生产测试工艺","1"
"page:116823065","page:120521362","包含目录","YFZXJSSL","视像科技研发中心技术沙龙","视像科技研发中心技术沙龙 主页 / 2021年 / 第19期 AIAQ用的分类推测技术","1"
"page:120521362","topic:其他","推断主题","YFZXJSSL","视像科技研发中心技术沙龙","第19期 AIAQ用的分类推测技术","1"
"page:116823065","page:120521371","包含目录","YFZXJSSL","视像科技研发中心技术沙龙","视像科技研发中心技术沙龙 主页 / 2021年 / 第20期 运动机构——链传动基础及设计","1"
"page:120521371","topic:设计与架构","推断主题","YFZXJSSL","视像科技研发中心技术沙龙","第20期 运动机构——链传动基础及设计","1"
"page:116823065","page:120522963","包含目录","YFZXJSSL","视像科技研发中心技术沙龙","视像科技研发中心技术沙龙 主页 / 2021年 / 第21期 BML业务介绍","1"
"page:120522963","topic:其他","推断主题","YFZXJSSL","视像科技研发中心技术沙龙","第21期 BML业务介绍","1"
"page:116823065","page:120523721","包含目录","YFZXJSSL","视像科技研发中心技术沙龙","视像科技研发中心技术沙龙 主页 / 2021年 / 第22期 DDS预研模块培训","1"
"page:120523721","topic:培训与知识","推断主题","YFZXJSSL","视像科技研发中心技术沙龙","第22期 DDS预研模块培训","1"
"page:116823065","page:120527534","包含目录","YFZXJSSL","视像科技研发中心技术沙龙","视像科技研发中心技术沙龙 主页 / 2021年 / 第23期 风格迁移技术","1"
"page:120527534","topic:其他","推断主题","YFZXJSSL","视像科技研发中心技术沙龙","第23期 风格迁移技术","1"
"page:116823065","page:120527745","包含目录","YFZXJSSL","视像科技研发中心技术沙龙","视像科技研发中心技术沙龙 主页 / 2021年 / 第24期 2021年AWE展总结","1"
"page:120527745","topic:其他","推断主题","YFZXJSSL","视像科技研发中心技术沙龙","第24期 2021年AWE展总结","1"
"page:116823065","page:121835009","包含目录","YFZXJSSL","视像科技研发中心技术沙龙","视像科技研发中心技术沙龙 主页 / 2021年 / 第25期 华为nova8se手机天线设计方案分析与探讨","1"
"page:121835009","topic:设计与架构","推断主题","YFZXJSSL","视像科技研发中心技术沙龙","第25期 华为nova8se手机天线设计方案分析与探讨","1"
"page:116823065","page:121835555","包含目录","YFZXJSSL","视像科技研发中心技术沙龙","视像科技研发中心技术沙龙 主页 / 2021年 / 第26期 DVB-T2 Nodig RF认证测试浅析","1"
"page:121835555","topic:测试与验证","推断主题","YFZXJSSL","视像科技研发中心技术沙龙","第26期 DVB-T2 Nodig RF认证测试浅析","1"
"page:116823065","page:121837099","包含目录","YFZXJSSL","视像科技研发中心技术沙龙","视像科技研发中心技术沙龙 主页 / 2021年 / 第27期  LLC拓扑基础","1"
"page:121837099","topic:其他","推断主题","YFZXJSSL","视像科技研发中心技术沙龙","第27期  LLC拓扑基础","1"
"page:116823065","page:122490678","包含目录","YFZXJSSL","视像科技研发中心技术沙龙","视像科技研发中心技术沙龙 主页 / 2021年 / 第28期 Ginga应用","1"
"page:122490678","topic:其他","推断主题","YFZXJSSL","视像科技研发中心技术沙龙","第28期 Ginga应用","1"
"page:116823065","page:122493101","包含目录","YFZXJSSL","视像科技研发中心技术沙龙","视像科技研发中心技术沙龙 主页 / 2021年 / 第29期 T30方案(MT9980)的防烧屏对策","1"
"page:122493101","topic:设计与架构","推断主题","YFZXJSSL","视像科技研发中心技术沙龙","第29期 T30方案(MT9980)的防烧屏对策","1"
"page:116823065","page:122496797","包含目录","YFZXJSSL","视像科技研发中心技术沙龙","视像科技研发中心技术沙龙 主页 / 2021年 / 第30期 专利检索、申请和挖掘案例分析及培训","1"
"page:122496797","topic:问题与复盘","推断主题","YFZXJSSL","视像科技研发中心技术沙龙","第30期 专利检索、申请和挖掘案例分析及培训","1"
"page:116823065","page:123241670","包含目录","YFZXJSSL","视像科技研发中心技术沙龙","视像科技研发中心技术沙龙 主页 / 2021年 / 第31期 电子元器件典型失效案例分享","1"
"page:123241670","topic:其他","推断主题","YFZXJSSL","视像科技研发中心技术沙龙","第31期 电子元器件典型失效案例分享","1"
"page:116823065","page:123243988","包含目录","YFZXJSSL","视像科技研发中心技术沙龙","视像科技研发中心技术沙龙 主页 / 2021年 / 第32期 虚拟现实介绍与测试方法","1"
"page:123243988","topic:测试与验证","推断主题","YFZXJSSL","视像科技研发中心技术沙龙","第32期 虚拟现实介绍与测试方法","1"
"page:116823065","page:123245784","包含目录","YFZXJSSL","视像科技研发中心技术沙龙","视像科技研发中心技术沙龙 主页 / 2021年 / 第33期 SLAM技术概述","1"
"page:123245784","topic:其他","推断主题","YFZXJSSL","视像科技研发中心技术沙龙","第33期 SLAM技术概述","1"
"page:116823065","page:123246405","包含目录","YFZXJSSL","视像科技研发中心技术沙龙","视像科技研发中心技术沙龙 主页 / 2021年 / 第34期 谷歌人脸解锁新框架介绍和失效分析","1"
"page:123246405","topic:问题与复盘","推断主题","YFZXJSSL","视像科技研发中心技术沙龙","第34期 谷歌人脸解锁新框架介绍和失效分析","1"
"page:116823065","page:123246739","包含目录","YFZXJSSL","视像科技研发中心技术沙龙","视像科技研发中心技术沙龙 主页 / 2021年 / 第35期 远场语音技术难点与最新技术进展介绍","1"
"page:123246739","topic:其他","推断主题","YFZXJSSL","视像科技研发中心技术沙龙","第35期 远场语音技术难点与最新技术进展介绍","1"
"page:116823065","page:123247959","包含目录","YFZXJSSL","视像科技研发中心技术沙龙","视像科技研发中心技术沙龙 主页 / 2021年 / 第36期 面向可持续发展的高分子材料循环再利用（华南理工大学何教授）","1"
"page:123247959","topic:其他","推断主题","YFZXJSSL","视像科技研发中心技术沙龙","第36期 面向可持续发展的高分子材料循环再利用（华南理工大学何教授）","1"
"page:116823065","page:123249077","包含目录","YFZXJSSL","视像科技研发中心技术沙龙","视像科技研发中心技术沙龙 主页 / 2021年 / 第37期 目标检测综述——自研手势识别算法","1"
"page:123249077","topic:其他","推断主题","YFZXJSSL","视像科技研发中心技术沙龙","第37期 目标检测综述——自研手势识别算法","1"
"page:116823065","page:123995798","包含目录","YFZXJSSL","视像科技研发中心技术沙龙","视像科技研发中心技术沙龙 主页 / 2021年 / 第38期 TV基础音效以及后处理音效介绍","1"
"page:123995798","topic:其他","推断主题","YFZXJSSL","视像科技研发中心技术沙龙","第38期 TV基础音效以及后处理音效介绍","1"
"page:116823065","page:125471317","包含目录","YFZXJSSL","视像科技研发中心技术沙龙","视像科技研发中心技术沙龙 主页 / 2021年 / 第39期 TCL 65C12整机结构拆机分析","1"
"page:125471317","topic:问题与复盘","推断主题","YFZXJSSL","视像科技研发中心技术沙龙","第39期 TCL 65C12整机结构拆机分析","1"
"page:116823065","page:125472839","包含目录","YFZXJSSL","视像科技研发中心技术沙龙","视像科技研发中心技术沙龙 主页 / 2021年 / 第40期 语音交互中的语音识别和声纹识别技术","1"
"page:125472839","topic:其他","推断主题","YFZXJSSL","视像科技研发中心技术沙龙","第40期 语音交互中的语音识别和声纹识别技术","1"
"page:146968877","page:149300620","包含目录","YFZXJSSL","视像科技研发中心技术沙龙","视像科技研发中心技术沙龙 主页 / 2022年","1"
"page:149300620","topic:其他","推断主题","YFZXJSSL","视像科技研发中心技术沙龙","2022年","1"
"page:149300620","page:187809388","包含目录","YFZXJSSL","视像科技研发中心技术沙龙","视像科技研发中心技术沙龙 主页 / 2022年 / 第100期 计量知识分享","1"
"page:187809388","topic:其他","推断主题","YFZXJSSL","视像科技研发中心技术沙龙","第100期 计量知识分享","1"
"page:149300620","page:187813670","包含目录","YFZXJSSL","视像科技研发中心技术沙龙","视像科技研发中心技术沙龙 主页 / 2022年 / 第101期 TP原理以及开发指导","1"
"page:187813670","topic:其他","推断主题","YFZXJSSL","视像科技研发中心技术沙龙","第101期 TP原理以及开发指导","1"
"page:149300620","page:187814286","包含目录","YFZXJSSL","视像科技研发中心技术沙龙","视像科技研发中心技术沙龙 主页 / 2022年 / 第102期  电视 广播级专业监视器技术分享","1"
"page:187814286","topic:其他","推断主题","YFZXJSSL","视像科技研发中心技术沙龙","第102期  电视 广播级专业监视器技术分享","1"
"page:149300620","page:187815135","包含目录","YFZXJSSL","视像科技研发中心技术沙龙","视像科技研发中心技术沙龙 主页 / 2022年 / 第103期  利用1次元DNN从电视收视数据中检测出广告区间","1"
"page:187815135","topic:数据与质量","推断主题","YFZXJSSL","视像科技研发中心技术沙龙","第103期  利用1次元DNN从电视收视数据中检测出广告区间","1"
"page:149300620","page:191278903","包含目录","YFZXJSSL","视像科技研发中心技术沙龙","视像科技研发中心技术沙龙 主页 / 2022年 / 第104期 显示模组跌落案例和抗跌落设计要素","1"
"page:191278903","topic:设计与架构","推断主题","YFZXJSSL","视像科技研发中心技术沙龙","第104期 显示模组跌落案例和抗跌落设计要素","1"
"page:149300620","page:192152888","包含目录","YFZXJSSL","视像科技研发中心技术沙龙","视像科技研发中心技术沙龙 主页 / 2022年 / 第105期  HGIG与游戏相关的标准","1"
"page:192152888","topic:规范与流程","推断主题","YFZXJSSL","视像科技研发中心技术沙龙","第105期  HGIG与游戏相关的标准","1"
"page:149300620","page:192153101","包含目录","YFZXJSSL","视像科技研发中心技术沙龙","视像科技研发中心技术沙龙 主页 / 2022年 / 第106期  VVC及未来视频标准研究技术介绍","1"
"page:192153101","topic:规范与流程","推断主题","YFZXJSSL","视像科技研发中心技术沙龙","第106期  VVC及未来视频标准研究技术介绍","1"
"page:149300620","page:192158677","包含目录","YFZXJSSL","视像科技研发中心技术沙龙","视像科技研发中心技术沙龙 主页 / 2022年 / 第107期 iphone真机自动化操作介绍","1"
"page:192158677","topic:其他","推断主题","YFZXJSSL","视像科技研发中心技术沙龙","第107期 iphone真机自动化操作介绍","1"
"page:149300620","page:154928217","包含目录","YFZXJSSL","视像科技研发中心技术沙龙","视像科技研发中心技术沙龙 主页 / 2022年 / 第10期 三防机型气密性故障案例分析","1"
"page:154928217","topic:问题与复盘","推断主题","YFZXJSSL","视像科技研发中心技术沙龙","第10期 三防机型气密性故障案例分析","1"
"page:149300620","page:154931201","包含目录","YFZXJSSL","视像科技研发中心技术沙龙","视像科技研发中心技术沙龙 主页 / 2022年 / 第11期 buffer_queue接口介绍与案例分析","1"
"page:154931201","topic:设计与架构","推断主题","YFZXJSSL","视像科技研发中心技术沙龙","第11期 buffer_queue接口介绍与案例分析","1"
"page:149300620","page:154934804","包含目录","YFZXJSSL","视像科技研发中心技术沙龙","视像科技研发中心技术沙龙 主页 / 2022年 / 第12期 多语言语义理解方案","1"
"page:154934804","topic:设计与架构","推断主题","YFZXJSSL","视像科技研发中心技术沙龙","第12期 多语言语义理解方案","1"
"page:149300620","page:154935147","包含目录","YFZXJSSL","视像科技研发中心技术沙龙","视像科技研发中心技术沙龙 主页 / 2022年 / 第13期 HDI板设计","1"
"page:154935147","topic:设计与架构","推断主题","YFZXJSSL","视像科技研发中心技术沙龙","第13期 HDI板设计","1"
"page:149300620","page:154935469","包含目录","YFZXJSSL","视像科技研发中心技术沙龙","视像科技研发中心技术沙龙 主页 / 2022年 / 第14期 防水透气膜真水测试方案初步验证分享","1"
"page:154935469","topic:设计与架构","推断主题","YFZXJSSL","视像科技研发中心技术沙龙","第14期 防水透气膜真水测试方案初步验证分享","1"
"page:149300620","page:154937193","包含目录","YFZXJSSL","视像科技研发中心技术沙龙","视像科技研发中心技术沙龙 主页 / 2022年 / 第15期 dvb-dash 协议详解","1"
"page:154937193","topic:其他","推断主题","YFZXJSSL","视像科技研发中心技术沙龙","第15期 dvb-dash 协议详解","1"
"page:149300620","page:154940959","包含目录","YFZXJSSL","视像科技研发中心技术沙龙","视像科技研发中心技术沙龙 主页 / 2022年 / 第16期 音场校正系统的商品化安装","1"
"page:154940959","topic:其他","推断主题","YFZXJSSL","视像科技研发中心技术沙龙","第16期 音场校正系统的商品化安装","1"
"page:149300620","page:154942686","包含目录","YFZXJSSL","视像科技研发中心技术沙龙","视像科技研发中心技术沙龙 主页 / 2022年 / 第17期 显示画质量化评价体系","1"
"page:154942686","topic:数据与质量","推断主题","YFZXJSSL","视像科技研发中心技术沙龙","第17期 显示画质量化评价体系","1"
"page:149300620","page:155681247","包含目录","YFZXJSSL","视像科技研发中心技术沙龙","视像科技研发中心技术沙龙 主页 / 2022年 / 第18期 AI人声分离技术在电视产品的应用","1"
"page:155681247","topic:其他","推断主题","YFZXJSSL","视像科技研发中心技术沙龙","第18期 AI人声分离技术在电视产品的应用","1"
"page:149300620","page:157198356","包含目录","YFZXJSSL","视像科技研发中心技术沙龙","视像科技研发中心技术沙龙 主页 / 2022年 / 第19期 MQTT协议及EMQ X Broker介绍","1"
"page:157198356","topic:其他","推断主题","YFZXJSSL","视像科技研发中心技术沙龙","第19期 MQTT协议及EMQ X Broker介绍","1"
"page:149300620","page:150741056","包含目录","YFZXJSSL","视像科技研发中心技术沙龙","视像科技研发中心技术沙龙 主页 / 2022年 / 第1期 抽样检验","1"
"page:150741056","topic:其他","推断主题","YFZXJSSL","视像科技研发中心技术沙龙","第1期 抽样检验","1"
"page:149300620","page:157978339","包含目录","YFZXJSSL","视像科技研发中心技术沙龙","视像科技研发中心技术沙龙 主页 / 2022年 / 第20期 BK3288蓝牙手表平台","1"
"page:157978339","topic:其他","推断主题","YFZXJSSL","视像科技研发中心技术沙龙","第20期 BK3288蓝牙手表平台","1"
"page:149300620","page:157978275","包含目录","YFZXJSSL","视像科技研发中心技术沙龙","视像科技研发中心技术沙龙 主页 / 2022年 / 第21期 Camera预览循环的原理","1"
"page:157978275","topic:其他","推断主题","YFZXJSSL","视像科技研发中心技术沙龙","第21期 Camera预览循环的原理","1"
"page:149300620","page:157979442","包含目录","YFZXJSSL","视像科技研发中心技术沙龙","视像科技研发中心技术沙龙 主页 / 2022年 / 第22期 应用锁方案介绍","1"
"page:157979442","topic:设计与架构","推断主题","YFZXJSSL","视像科技研发中心技术沙龙","第22期 应用锁方案介绍","1"
"page:149300620","page:157983450","包含目录","YFZXJSSL","视像科技研发中心技术沙龙","视像科技研发中心技术沙龙 主页 / 2022年 / 第23期 装载、链接与库介绍","1"
"page:157983450","topic:其他","推断主题","YFZXJSSL","视像科技研发中心技术沙龙","第23期 装载、链接与库介绍","1"
"page:149300620","page:157984852","包含目录","YFZXJSSL","视像科技研发中心技术沙龙","视像科技研发中心技术沙龙 主页 / 2022年 / 第24期 高等级IPX8防水","1"
"page:157984852","topic:其他","推断主题","YFZXJSSL","视像科技研发中心技术沙龙","第24期 高等级IPX8防水","1"
"page:149300620","page:157985667","包含目录","YFZXJSSL","视像科技研发中心技术沙龙","视像科技研发中心技术沙龙 主页 / 2022年 / 第25期 竞品厂家手机测试流程介绍","1"
"page:157985667","topic:测试与验证","推断主题","YFZXJSSL","视像科技研发中心技术沙龙","第25期 竞品厂家手机测试流程介绍","1"
"page:149300620","page:157986287","包含目录","YFZXJSSL","视像科技研发中心技术沙龙","视像科技研发中心技术沙龙 主页 / 2022年 / 第26期 利用机器学习技术来辨识电视节目中的摄影棚场景","1"
"page:157986287","topic:培训与知识","推断主题","YFZXJSSL","视像科技研发中心技术沙龙","第26期 利用机器学习技术来辨识电视节目中的摄影棚场景","1"
"page:149300620","page:157990861","包含目录","YFZXJSSL","视像科技研发中心技术沙龙","视像科技研发中心技术沙龙 主页 / 2022年 / 第27期 浏览器接入聚连会议方案介绍","1"
"page:157990861","topic:设计与架构","推断主题","YFZXJSSL","视像科技研发中心技术沙龙","第27期 浏览器接入聚连会议方案介绍","1"
"page:149300620","page:158774160","包含目录","YFZXJSSL","视像科技研发中心技术沙龙","视像科技研发中心技术沙龙 主页 / 2022年 / 第28期 Camera基础知识","1"
"page:158774160","topic:其他","推断主题","YFZXJSSL","视像科技研发中心技术沙龙","第28期 Camera基础知识","1"
"page:149300620","page:159621695","包含目录","YFZXJSSL","视像科技研发中心技术沙龙","视像科技研发中心技术沙龙 主页 / 2022年 / 第29期 Micro LED巨量转移技术","1"
"page:159621695","topic:其他","推断主题","YFZXJSSL","视像科技研发中心技术沙龙","第29期 Micro LED巨量转移技术","1"
"page:149300620","page:150742381","包含目录","YFZXJSSL","视像科技研发中心技术沙龙","视像科技研发中心技术沙龙 主页 / 2022年 / 第2期  Perfetto工具基本功能及用法","1"
"page:150742381","topic:其他","推断主题","YFZXJSSL","视像科技研发中心技术沙龙","第2期  Perfetto工具基本功能及用法","1"
"page:149300620","page:160373881","包含目录","YFZXJSSL","视像科技研发中心技术沙龙","视像科技研发中心技术沙龙 主页 / 2022年 / 第30期 穿戴产品50米防水分析","1"
"page:160373881","topic:问题与复盘","推断主题","YFZXJSSL","视像科技研发中心技术沙龙","第30期 穿戴产品50米防水分析","1"
"page:149300620","page:160376700","包含目录","YFZXJSSL","视像科技研发中心技术沙龙","视像科技研发中心技术沙龙 主页 / 2022年 / 第31期 BML中AAC音频文件播放原理","1"
"page:160376700","topic:其他","推断主题","YFZXJSSL","视像科技研发中心技术沙龙","第31期 BML中AAC音频文件播放原理","1"
"page:149300620","page:160381317","包含目录","YFZXJSSL","视像科技研发中心技术沙龙","视像科技研发中心技术沙龙 主页 / 2022年 / 第32期 Optenni lab软件在手机天线和电路设计中的应用","1"
"page:160381317","topic:设计与架构","推断主题","YFZXJSSL","视像科技研发中心技术沙龙","第32期 Optenni lab软件在手机天线和电路设计中的应用","1"
"page:149300620","page:160383177","包含目录","YFZXJSSL","视像科技研发中心技术沙龙","视像科技研发中心技术沙龙 主页 / 2022年 / 第33期 模组结构竞品分析讲解","1"
"page:160383177","topic:问题与复盘","推断主题","YFZXJSSL","视像科技研发中心技术沙龙","第33期 模组结构竞品分析讲解","1"
"page:149300620","page:161519327","包含目录","YFZXJSSL","视像科技研发中心技术沙龙","视像科技研发中心技术沙龙 主页 / 2022年 / 第34期 自然语言处理-中文分词","1"
"page:161519327","topic:其他","推断主题","YFZXJSSL","视像科技研发中心技术沙龙","第34期 自然语言处理-中文分词","1"
"page:149300620","page:162405318","包含目录","YFZXJSSL","视像科技研发中心技术沙龙","视像科技研发中心技术沙龙 主页 / 2022年 / 第35期 Camx configure stream 流程分析","1"
"page:162405318","topic:问题与复盘","推断主题","YFZXJSSL","视像科技研发中心技术沙龙","第35期 Camx configure stream 流程分析","1"
"page:149300620","page:162405990","包含目录","YFZXJSSL","视像科技研发中心技术沙龙","视像科技研发中心技术沙龙 主页 / 2022年 / 第36期 USB协议及Linux USB子系统的实现","1"
"page:162405990","topic:其他","推断主题","YFZXJSSL","视像科技研发中心技术沙龙","第36期 USB协议及Linux USB子系统的实现","1"
"page:149300620","page:162407738","包含目录","YFZXJSSL","视像科技研发中心技术沙龙","视像科技研发中心技术沙龙 主页 / 2022年 / 第37期 JEITA 2021年 AV＆IT产品世界需求动向的调查结果","1"
"page:162407738","topic:需求与功能","推断主题","YFZXJSSL","视像科技研发中心技术沙龙","第37期 JEITA 2021年 AV＆IT产品世界需求动向的调查结果","1"
"page:149300620","page:162413550","包含目录","YFZXJSSL","视像科技研发中心技术沙龙","视像科技研发中心技术沙龙 主页 / 2022年 / 第38期 微投校正服务框架介绍","1"
"page:162413550","topic:其他","推断主题","YFZXJSSL","视像科技研发中心技术沙龙","第38期 微投校正服务框架介绍","1"
"page:149300620","page:162413561","包含目录","YFZXJSSL","视像科技研发中心技术沙龙","视像科技研发中心技术沙龙 主页 / 2022年 / 第39期 毫米波雷达相关技术及应用","1"
"page:162413561","topic:其他","推断主题","YFZXJSSL","视像科技研发中心技术沙龙","第39期 毫米波雷达相关技术及应用","1"
"page:146968877","page:193501715","包含目录","YFZXJSSL","视像科技研发中心技术沙龙","视像科技研发中心技术沙龙 主页 / 2023年","1"
"page:193501715","topic:其他","推断主题","YFZXJSSL","视像科技研发中心技术沙龙","2023年","1"
"page:193501715","page:224256303","包含目录","YFZXJSSL","视像科技研发中心技术沙龙","视像科技研发中心技术沙龙 主页 / 2023年 / 第100期 电子行业热仿真案例分享","1"
"page:224256303","topic:其他","推断主题","YFZXJSSL","视像科技研发中心技术沙龙","第100期 电子行业热仿真案例分享","1"
"page:193501715","page:224664558","包含目录","YFZXJSSL","视像科技研发中心技术沙龙","视像科技研发中心技术沙龙 主页 / 2023年 / 第101期 随机振动下产品包装系统减振优化研究","1"
"page:224664558","topic:其他","推断主题","YFZXJSSL","视像科技研发中心技术沙龙","第101期 随机振动下产品包装系统减振优化研究","1"
"page:193501715","page:224670215","包含目录","YFZXJSSL","视像科技研发中心技术沙龙","视像科技研发中心技术沙龙 主页 / 2023年 / 第102期 电视安全设计","1"
"page:224670215","topic:设计与架构","推断主题","YFZXJSSL","视像科技研发中心技术沙龙","第102期 电视安全设计","1"
"page:193501715","page:224680060","包含目录","YFZXJSSL","视像科技研发中心技术沙龙","视像科技研发中心技术沙龙 主页 / 2023年 / 第103期 活用大型语言模型(LLM)的新功能发想","1"
"page:224680060","topic:二维三维与图形模型","推断主题","YFZXJSSL","视像科技研发中心技术沙龙","第103期 活用大型语言模型(LLM)的新功能发想","1"
"page:193501715","page:224667645","包含目录","YFZXJSSL","视像科技研发中心技术沙龙","视像科技研发中心技术沙龙 主页 / 2023年 / 第104期 音频功放技术介绍","1"
"page:224667645","topic:其他","推断主题","YFZXJSSL","视像科技研发中心技术沙龙","第104期 音频功放技术介绍","1"
"page:193501715","page:224662975","包含目录","YFZXJSSL","视像科技研发中心技术沙龙","视像科技研发中心技术沙龙 主页 / 2023年 / 第105期 常用音效模块介绍","1"
"page:224662975","topic:其他","推断主题","YFZXJSSL","视像科技研发中心技术沙龙","第105期 常用音效模块介绍","1"
"page:193501715","page:225153202","包含目录","YFZXJSSL","视像科技研发中心技术沙龙","视像科技研发中心技术沙龙 主页 / 2023年 / 第106期 金耳朵数据分析与总结","1"
"page:225153202","topic:问题与复盘","推断主题","YFZXJSSL","视像科技研发中心技术沙龙","第106期 金耳朵数据分析与总结","1"
"page:193501715","page:225865731","包含目录","YFZXJSSL","视像科技研发中心技术沙龙","视像科技研发中心技术沙龙 主页 / 2023年 / 第107期 NXP公司IoT技术交流","1"
"page:225865731","topic:其他","推断主题","YFZXJSSL","视像科技研发中心技术沙龙","第107期 NXP公司IoT技术交流","1"
"page:193501715","page:226957991","包含目录","YFZXJSSL","视像科技研发中心技术沙龙","视像科技研发中心技术沙龙 主页 / 2023年 / 第108期 MTSC测试开发大会分享","1"
"page:226957991","topic:测试与验证","推断主题","YFZXJSSL","视像科技研发中心技术沙龙","第108期 MTSC测试开发大会分享","1"
"page:193501715","page:226967937","包含目录","YFZXJSSL","视像科技研发中心技术沙龙","视像科技研发中心技术沙龙 主页 / 2023年 / 第109期 元器件基础知识-电解电容","1"
"page:226967937","topic:其他","推断主题","YFZXJSSL","视像科技研发中心技术沙龙","第109期 元器件基础知识-电解电容","1"
"page:193501715","page:199887111","包含目录","YFZXJSSL","视像科技研发中心技术沙龙","视像科技研发中心技术沙龙 主页 / 2023年 / 第10期 场序彩色液晶显示技术","1"
"page:199887111","topic:其他","推断主题","YFZXJSSL","视像科技研发中心技术沙龙","第10期 场序彩色液晶显示技术","1"
"page:193501715","page:226974586","包含目录","YFZXJSSL","视像科技研发中心技术沙龙","视像科技研发中心技术沙龙 主页 / 2023年 / 第110期 检验检测机构资质认定实验室认可内审员","1"
"page:226974586","topic:测试与验证","推断主题","YFZXJSSL","视像科技研发中心技术沙龙","第110期 检验检测机构资质认定实验室认可内审员","1"
"page:193501715","page:226983778","包含目录","YFZXJSSL","视像科技研发中心技术沙龙","视像科技研发中心技术沙龙 主页 / 2023年 / 第111期 声学楼十八周年年会转训","1"
"page:226983778","topic:其他","推断主题","YFZXJSSL","视像科技研发中心技术沙龙","第111期 声学楼十八周年年会转训","1"
"page:193501715","page:227449063","包含目录","YFZXJSSL","视像科技研发中心技术沙龙","视像科技研发中心技术沙龙 主页 / 2023年 / 第112期 TVS对于环境问题的应对策略及情况","1"
"page:227449063","topic:问题与复盘","推断主题","YFZXJSSL","视像科技研发中心技术沙龙","第112期 TVS对于环境问题的应对策略及情况","1"
"page:193501715","page:227446806","包含目录","YFZXJSSL","视像科技研发中心技术沙龙","视像科技研发中心技术沙龙 主页 / 2023年 / 第113期 合见EDA开发工具","1"
"page:227446806","topic:其他","推断主题","YFZXJSSL","视像科技研发中心技术沙龙","第113期 合见EDA开发工具","1"
"page:193501715","page:227449080","包含目录","YFZXJSSL","视像科技研发中心技术沙龙","视像科技研发中心技术沙龙 主页 / 2023年 / 第114期 液晶电视模组亮边问题的一种软件解决方案","1"
"page:227449080","topic:设计与架构","推断主题","YFZXJSSL","视像科技研发中心技术沙龙","第114期 液晶电视模组亮边问题的一种软件解决方案","1"
"page:193501715","page:199893551","包含目录","YFZXJSSL","视像科技研发中心技术沙龙","视像科技研发中心技术沙龙 主页 / 2023年 / 第11期 TI DCDC 技术研讨会","1"
"page:199893551","topic:其他","推断主题","YFZXJSSL","视像科技研发中心技术沙龙","第11期 TI DCDC 技术研讨会","1"
"page:193501715","page:199896740","包含目录","YFZXJSSL","视像科技研发中心技术沙龙","视像科技研发中心技术沙龙 主页 / 2023年 / 第12期 MTSC测试大会分享（二）","1"
"page:199896740","topic:测试与验证","推断主题","YFZXJSSL","视像科技研发中心技术沙龙","第12期 MTSC测试大会分享（二）","1"
"page:193501715","page:199902261","包含目录","YFZXJSSL","视像科技研发中心技术沙龙","视像科技研发中心技术沙龙 主页 / 2023年 / 第13期 系统性能分析与优化通用方法分享","1"
"page:199902261","topic:问题与复盘","推断主题","YFZXJSSL","视像科技研发中心技术沙龙","第13期 系统性能分析与优化通用方法分享","1"
"page:193501715","page:199902391","包含目录","YFZXJSSL","视像科技研发中心技术沙龙","视像科技研发中心技术沙龙 主页 / 2023年 / 第14期  音场校正（22年产品研发与第2期的开发）","1"
"page:199902391","topic:其他","推断主题","YFZXJSSL","视像科技研发中心技术沙龙","第14期  音场校正（22年产品研发与第2期的开发）","1"
"page:193501715","page:201052997","包含目录","YFZXJSSL","视像科技研发中心技术沙龙","视像科技研发中心技术沙龙 主页 / 2023年 / 第15期 《一种系统的调音方法 —— 基于75U8H项目调音经验分享》","1"
"page:201052997","topic:项目管理","推断主题","YFZXJSSL","视像科技研发中心技术沙龙","第15期 《一种系统的调音方法 —— 基于75U8H项目调音经验分享》","1"
"page:193501715","page:202771148","包含目录","YFZXJSSL","视像科技研发中心技术沙龙","视像科技研发中心技术沙龙 主页 / 2023年 / 第16期 《Mini LED 印刷工艺制程》","1"
"page:202771148","topic:其他","推断主题","YFZXJSSL","视像科技研发中心技术沙龙","第16期 《Mini LED 印刷工艺制程》","1"
"page:193501715","page:203820906","包含目录","YFZXJSSL","视像科技研发中心技术沙龙","视像科技研发中心技术沙龙 主页 / 2023年 / 第17期 《电视整机CAE仿真建模规范及经验分享》","1"
"page:203820906","topic:二维三维与图形模型","推断主题","YFZXJSSL","视像科技研发中心技术沙龙","第17期 《电视整机CAE仿真建模规范及经验分享》","1"
"page:193501715","page:204736975","包含目录","YFZXJSSL","视像科技研发中心技术沙龙","视像科技研发中心技术沙龙 主页 / 2023年 / 第18期 《华源公司当前AM驱动应用问题分享以及后续芯片规划和发展展望》","1"
"page:204736975","topic:问题与复盘","推断主题","YFZXJSSL","视像科技研发中心技术沙龙","第18期 《华源公司当前AM驱动应用问题分享以及后续芯片规划和发展展望》","1"
"page:193501715","page:204740759","包含目录","YFZXJSSL","视像科技研发中心技术沙龙","视像科技研发中心技术沙龙 主页 / 2023年 / 第19期 《面板驱动技术简介》","1"
"page:204740759","topic:其他","推断主题","YFZXJSSL","视像科技研发中心技术沙龙","第19期 《面板驱动技术简介》","1"
"page:193501715","page:195235584","包含目录","YFZXJSSL","视像科技研发中心技术沙龙","视像科技研发中心技术沙龙 主页 / 2023年 / 第1期  MTSC测试大会专题分享（一）","1"
"page:195235584","topic:测试与验证","推断主题","YFZXJSSL","视像科技研发中心技术沙龙","第1期  MTSC测试大会专题分享（一）","1"
"page:193501715","page:204741647","包含目录","YFZXJSSL","视像科技研发中心技术沙龙","视像科技研发中心技术沙龙 主页 / 2023年 / 第20期 测试技术专利分享","1"
"page:204741647","topic:测试与验证","推断主题","YFZXJSSL","视像科技研发中心技术沙龙","第20期 测试技术专利分享","1"
"page:193501715","page:205688829","包含目录","YFZXJSSL","视像科技研发中心技术沙龙","视像科技研发中心技术沙龙 主页 / 2023年 / 第21期 AI网络场景的高画质研究","1"
"page:205688829","topic:其他","推断主题","YFZXJSSL","视像科技研发中心技术沙龙","第21期 AI网络场景的高画质研究","1"
"page:193501715","page:205689860","包含目录","YFZXJSSL","视像科技研发中心技术沙龙","视像科技研发中心技术沙龙 主页 / 2023年 / 第22期 预研-五米水深防水技术研究","1"
"page:205689860","topic:其他","推断主题","YFZXJSSL","视像科技研发中心技术沙龙","第22期 预研-五米水深防水技术研究","1"
"page:193501715","page:205697076","包含目录","YFZXJSSL","视像科技研发中心技术沙龙","视像科技研发中心技术沙龙 主页 / 2023年 / 第23期 模组结构TCP与竞品信息分享","1"
"page:205697076","topic:其他","推断主题","YFZXJSSL","视像科技研发中心技术沙龙","第23期 模组结构TCP与竞品信息分享","1"
"page:193501715","page:205696161","包含目录","YFZXJSSL","视像科技研发中心技术沙龙","视像科技研发中心技术沙龙 主页 / 2023年 / 第24期 ATSC 3.0 新技术介绍","1"
"page:205696161","topic:其他","推断主题","YFZXJSSL","视像科技研发中心技术沙龙","第24期 ATSC 3.0 新技术介绍","1"
"page:193501715","page:208220034","包含目录","YFZXJSSL","视像科技研发中心技术沙龙","视像科技研发中心技术沙龙 主页 / 2023年 / 第25期 2023 ISEAT培训","1"
"page:208220034","topic:培训与知识","推断主题","YFZXJSSL","视像科技研发中心技术沙龙","第25期 2023 ISEAT培训","1"
"page:193501715","page:208221310","包含目录","YFZXJSSL","视像科技研发中心技术沙龙","视像科技研发中心技术沙龙 主页 / 2023年 / 第26期 Micro LED微显示产业拓展-技术培训","1"
"page:208221310","topic:培训与知识","推断主题","YFZXJSSL","视像科技研发中心技术沙龙","第26期 Micro LED微显示产业拓展-技术培训","1"
"page:193501715","page:209095396","包含目录","YFZXJSSL","视像科技研发中心技术沙龙","视像科技研发中心技术沙龙 主页 / 2023年 / 第27期 智能感知传感技术发展趋势及在电视中的应用","1"
"page:209095396","topic:其他","推断主题","YFZXJSSL","视像科技研发中心技术沙龙","第27期 智能感知传感技术发展趋势及在电视中的应用","1"
"page:193501715","page:209096380","包含目录","YFZXJSSL","视像科技研发中心技术沙龙","视像科技研发中心技术沙龙 主页 / 2023年 / 第28期 毫米波雷达的应用","1"
"page:209096380","topic:其他","推断主题","YFZXJSSL","视像科技研发中心技术沙龙","第28期 毫米波雷达的应用","1"
"page:193501715","page:211094850","包含目录","YFZXJSSL","视像科技研发中心技术沙龙","视像科技研发中心技术沙龙 主页 / 2023年 / 第29期《光学膜片》分享","1"
"page:211094850","topic:其他","推断主题","YFZXJSSL","视像科技研发中心技术沙龙","第29期《光学膜片》分享","1"
"page:193501715","page:195237287","包含目录","YFZXJSSL","视像科技研发中心技术沙龙","视像科技研发中心技术沙龙 主页 / 2023年 / 第2期  DMP动态缩略图前端实现技术","1"
"page:195237287","topic:其他","推断主题","YFZXJSSL","视像科技研发中心技术沙龙","第2期  DMP动态缩略图前端实现技术","1"
"page:193501715","page:211095346","包含目录","YFZXJSSL","视像科技研发中心技术沙龙","视像科技研发中心技术沙龙 主页 / 2023年 / 第30期《背光驱动应用》分享","1"
"page:211095346","topic:其他","推断主题","YFZXJSSL","视像科技研发中心技术沙龙","第30期《背光驱动应用》分享","1"
"page:193501715","page:213421660","包含目录","YFZXJSSL","视像科技研发中心技术沙龙","视像科技研发中心技术沙龙 主页 / 2023年 / 第31期《2023年AWE竞品外观结构趋势分析》分享","1"
"page:213421660","topic:问题与复盘","推断主题","YFZXJSSL","视像科技研发中心技术沙龙","第31期《2023年AWE竞品外观结构趋势分析》分享","1"
"page:193501715","page:213422747","包含目录","YFZXJSSL","视像科技研发中心技术沙龙","视像科技研发中心技术沙龙 主页 / 2023年 / 第32期《Tuner芯片行业信息及案例分析》","1"
"page:213422747","topic:问题与复盘","推断主题","YFZXJSSL","视像科技研发中心技术沙龙","第32期《Tuner芯片行业信息及案例分析》","1"
"page:146968877","page:227846024","包含目录","YFZXJSSL","视像科技研发中心技术沙龙","视像科技研发中心技术沙龙 主页 / 2024年","1"
"page:227846024","topic:其他","推断主题","YFZXJSSL","视像科技研发中心技术沙龙","2024年","1"
"page:227846024","page:230141694","包含目录","YFZXJSSL","视像科技研发中心技术沙龙","视像科技研发中心技术沙龙 主页 / 2024年 / 第10期 PCB降层设计指南","1"
"page:230141694","topic:设计与架构","推断主题","YFZXJSSL","视像科技研发中心技术沙龙","第10期 PCB降层设计指南","1"
"page:227846024","page:230147959","包含目录","YFZXJSSL","视像科技研发中心技术沙龙","视像科技研发中心技术沙龙 主页 / 2024年 / 第11期 AI场景适应高画质研究","1"
"page:230147959","topic:其他","推断主题","YFZXJSSL","视像科技研发中心技术沙龙","第11期 AI场景适应高画质研究","1"
"page:227846024","page:230145483","包含目录","YFZXJSSL","视像科技研发中心技术沙龙","视像科技研发中心技术沙龙 主页 / 2024年 / 第12期 TXC晶振厂家技术交流培训","1"
"page:230145483","topic:培训与知识","推断主题","YFZXJSSL","视像科技研发中心技术沙龙","第12期 TXC晶振厂家技术交流培训","1"
"page:227846024","page:230147976","包含目录","YFZXJSSL","视像科技研发中心技术沙龙","视像科技研发中心技术沙龙 主页 / 2024年 / 第13期 光学透镜介绍","1"
"page:230147976","topic:其他","推断主题","YFZXJSSL","视像科技研发中心技术沙龙","第13期 光学透镜介绍","1"
"page:227846024","page:230147995","包含目录","YFZXJSSL","视像科技研发中心技术沙龙","视像科技研发中心技术沙龙 主页 / 2024年 / 第14期 Android TIAF架构介绍和应用","1"
"page:230147995","topic:设计与架构","推断主题","YFZXJSSL","视像科技研发中心技术沙龙","第14期 Android TIAF架构介绍和应用","1"
"page:227846024","page:230152614","包含目录","YFZXJSSL","视像科技研发中心技术沙龙","视像科技研发中心技术沙龙 主页 / 2024年 / 第15期 WIFI无线干扰案例分享","1"
"page:230152614","topic:其他","推断主题","YFZXJSSL","视像科技研发中心技术沙龙","第15期 WIFI无线干扰案例分享","1"
"page:227846024","page:230161741","包含目录","YFZXJSSL","视像科技研发中心技术沙龙","视像科技研发中心技术沙龙 主页 / 2024年 / 第16期 Agent技术与应用","1"
"page:230161741","topic:其他","推断主题","YFZXJSSL","视像科技研发中心技术沙龙","第16期 Agent技术与应用","1"
"page:227846024","page:231028347","包含目录","YFZXJSSL","视像科技研发中心技术沙龙","视像科技研发中心技术沙龙 主页 / 2024年 / 第17期 从华为灵犀遥控看指向控制技术","1"
"page:231028347","topic:其他","推断主题","YFZXJSSL","视像科技研发中心技术沙龙","第17期 从华为灵犀遥控看指向控制技术","1"
"page:227846024","page:231035314","包含目录","YFZXJSSL","视像科技研发中心技术沙龙","视像科技研发中心技术沙龙 主页 / 2024年 / 第18期 UWB空指遥控方案介绍及演示","1"
"page:231035314","topic:设计与架构","推断主题","YFZXJSSL","视像科技研发中心技术沙龙","第18期 UWB空指遥控方案介绍及演示","1"
"page:227846024","page:231383157","包含目录","YFZXJSSL","视像科技研发中心技术沙龙","视像科技研发中心技术沙龙 主页 / 2024年 / 第19期 英飞凌GaN、MOS技术交流","1"
"page:231383157","topic:其他","推断主题","YFZXJSSL","视像科技研发中心技术沙龙","第19期 英飞凌GaN、MOS技术交流","1"
"page:227846024","page:227846047","包含目录","YFZXJSSL","视像科技研发中心技术沙龙","视像科技研发中心技术沙龙 主页 / 2024年 / 第1期 非接触测温解决方案","1"
"page:227846047","topic:设计与架构","推断主题","YFZXJSSL","视像科技研发中心技术沙龙","第1期 非接触测温解决方案","1"
"page:227846024","page:231406224","包含目录","YFZXJSSL","视像科技研发中心技术沙龙","视像科技研发中心技术沙龙 主页 / 2024年 / 第20期 液晶特性与面板拖尾拖色技术交流","1"
"page:231406224","topic:其他","推断主题","YFZXJSSL","视像科技研发中心技术沙龙","第20期 液晶特性与面板拖尾拖色技术交流","1"
"page:227846024","page:231845925","包含目录","YFZXJSSL","视像科技研发中心技术沙龙","视像科技研发中心技术沙龙 主页 / 2024年 / 第21期  仿真技术交流--《一个CAE工程师的角色来介绍AI》","1"
"page:231845925","topic:其他","推断主题","YFZXJSSL","视像科技研发中心技术沙龙","第21期  仿真技术交流--《一个CAE工程师的角色来介绍AI》","1"
"page:227846024","page:231403784","包含目录","YFZXJSSL","视像科技研发中心技术沙龙","视像科技研发中心技术沙龙 主页 / 2024年 / 第22期  仿真技术交流-力学仿真V1.0","1"
"page:231403784","topic:其他","推断主题","YFZXJSSL","视像科技研发中心技术沙龙","第22期  仿真技术交流-力学仿真V1.0","1"
"page:227846024","page:231856167","包含目录","YFZXJSSL","视像科技研发中心技术沙龙","视像科技研发中心技术沙龙 主页 / 2024年 / 第23期 传感器技术与原理","1"
"page:231856167","topic:其他","推断主题","YFZXJSSL","视像科技研发中心技术沙龙","第23期 传感器技术与原理","1"
"page:227846024","page:231857090","包含目录","YFZXJSSL","视像科技研发中心技术沙龙","视像科技研发中心技术沙龙 主页 / 2024年 / 第24期 MOS技术及发展趋势","1"
"page:231857090","topic:其他","推断主题","YFZXJSSL","视像科技研发中心技术沙龙","第24期 MOS技术及发展趋势","1"
"page:227846024","page:231854246","包含目录","YFZXJSSL","视像科技研发中心技术沙龙","视像科技研发中心技术沙龙 主页 / 2024年 / 第25期   Kali(HV8107)的新画质功能:Local Dimming Peaking Technology","1"
"page:231854246","topic:其他","推断主题","YFZXJSSL","视像科技研发中心技术沙龙","第25期   Kali(HV8107)的新画质功能:Local Dimming Peaking Technology","1"
"page:227846024","page:231860722","包含目录","YFZXJSSL","视像科技研发中心技术沙龙","视像科技研发中心技术沙龙 主页 / 2024年 / 第26期  VR浏览器实现原理","1"
"page:231860722","topic:其他","推断主题","YFZXJSSL","视像科技研发中心技术沙龙","第26期  VR浏览器实现原理","1"
"page:227846024","page:232229547","包含目录","YFZXJSSL","视像科技研发中心技术沙龙","视像科技研发中心技术沙龙 主页 / 2024年 / 第27期 目标检测算法介绍","1"
"page:232229547","topic:其他","推断主题","YFZXJSSL","视像科技研发中心技术沙龙","第27期 目标检测算法介绍","1"
"page:227846024","page:232232073","包含目录","YFZXJSSL","视像科技研发中心技术沙龙","视像科技研发中心技术沙龙 主页 / 2024年 / 第28期 微能量采集技术发展趋势介绍","1"
"page:232232073","topic:其他","推断主题","YFZXJSSL","视像科技研发中心技术沙龙","第28期 微能量采集技术发展趋势介绍","1"
"page:227846024","page:232245433","包含目录","YFZXJSSL","视像科技研发中心技术沙龙","视像科技研发中心技术沙龙 主页 / 2024年 / 第29期 2024AWE音画测试板块分享","1"
"page:232245433","topic:测试与验证","推断主题","YFZXJSSL","视像科技研发中心技术沙龙","第29期 2024AWE音画测试板块分享","1"
"page:227846024","page:227849380","包含目录","YFZXJSSL","视像科技研发中心技术沙龙","视像科技研发中心技术沙龙 主页 / 2024年 / 第2期 胶黏剂相关成分分析及结构鉴定技术","1"
"page:227849380","topic:问题与复盘","推断主题","YFZXJSSL","视像科技研发中心技术沙龙","第2期 胶黏剂相关成分分析及结构鉴定技术","1"
"page:227846024","page:232250794","包含目录","YFZXJSSL","视像科技研发中心技术沙龙","视像科技研发中心技术沙龙 主页 / 2024年 / 第30期 后壳气辅技术及变壁厚设计技术培训","1"
"page:232250794","topic:设计与架构","推断主题","YFZXJSSL","视像科技研发中心技术沙龙","第30期 后壳气辅技术及变壁厚设计技术培训","1"
"page:227846024","page:232256052","包含目录","YFZXJSSL","视像科技研发中心技术沙龙","视像科技研发中心技术沙龙 主页 / 2024年 / 第31期 IOT模组嵌入式系统Matter协议的开发技术培训","1"
"page:232256052","topic:培训与知识","推断主题","YFZXJSSL","视像科技研发中心技术沙龙","第31期 IOT模组嵌入式系统Matter协议的开发技术培训","1"
"page:227846024","page:232590430","包含目录","YFZXJSSL","视像科技研发中心技术沙龙","视像科技研发中心技术沙龙 主页 / 2024年 / 第32期 德莎胶带技术交流会","1"
"page:232590430","topic:其他","推断主题","YFZXJSSL","视像科技研发中心技术沙龙","第32期 德莎胶带技术交流会","1"
"page:227846024","page:232987926","包含目录","YFZXJSSL","视像科技研发中心技术沙龙","视像科技研发中心技术沙龙 主页 / 2024年 / 第33期 艾为中大功率音频功放技术交流","1"
"page:232987926","topic:其他","推断主题","YFZXJSSL","视像科技研发中心技术沙龙","第33期 艾为中大功率音频功放技术交流","1"
"page:227846024","page:232988799","包含目录","YFZXJSSL","视像科技研发中心技术沙龙","视像科技研发中心技术沙龙 主页 / 2024年 / 第34期 AI大模型测试代码生成分享","1"
"page:232988799","topic:二维三维与图形模型","推断主题","YFZXJSSL","视像科技研发中心技术沙龙","第34期 AI大模型测试代码生成分享","1"
"page:227846024","page:232988003","包含目录","YFZXJSSL","视像科技研发中心技术沙龙","视像科技研发中心技术沙龙 主页 / 2024年 / 第35期 TI毫米波雷达介绍","1"
"page:232988003","topic:其他","推断主题","YFZXJSSL","视像科技研发中心技术沙龙","第35期 TI毫米波雷达介绍","1"
"page:227846024","page:233004805","包含目录","YFZXJSSL","视像科技研发中心技术沙龙","视像科技研发中心技术沙龙 主页 / 2024年 / 第36期 JEITA AV&IT机器世界各地需求动向","1"
"page:233004805","topic:需求与功能","推断主题","YFZXJSSL","视像科技研发中心技术沙龙","第36期 JEITA AV&IT机器世界各地需求动向","1"
"page:227846024","page:232988820","包含目录","YFZXJSSL","视像科技研发中心技术沙龙","视像科技研发中心技术沙龙 主页 / 2024年 / 第37期 大模型在pcb板热设计的应用","1"
"page:232988820","topic:二维三维与图形模型","推断主题","YFZXJSSL","视像科技研发中心技术沙龙","第37期 大模型在pcb板热设计的应用","1"
"page:227846024","page:234500701","包含目录","YFZXJSSL","视像科技研发中心技术沙龙","视像科技研发中心技术沙龙 主页 / 2024年 / 第38期  超薄local dimming 电视DC/DC方案","1"
"page:234500701","topic:设计与架构","推断主题","YFZXJSSL","视像科技研发中心技术沙龙","第38期  超薄local dimming 电视DC/DC方案","1"
"page:227846024","page:236721980","包含目录","YFZXJSSL","视像科技研发中心技术沙龙","视像科技研发中心技术沙龙 主页 / 2024年 / 第39期 竞品机结构拆机信息分享","1"
"page:236721980","topic:其他","推断主题","YFZXJSSL","视像科技研发中心技术沙龙","第39期 竞品机结构拆机信息分享","1"
"page:227846024","page:227864423","包含目录","YFZXJSSL","视像科技研发中心技术沙龙","视像科技研发中心技术沙龙 主页 / 2024年 / 第3期 信智平台AI训练模型介绍","1"
"page:227864423","topic:二维三维与图形模型","推断主题","YFZXJSSL","视像科技研发中心技术沙龙","第3期 信智平台AI训练模型介绍","1"
"page:227846024","page:234500515","包含目录","YFZXJSSL","视像科技研发中心技术沙龙","视像科技研发中心技术沙龙 主页 / 2024年 / 第40期 阵列功放音效增强算法技术","1"
"page:234500515","topic:其他","推断主题","YFZXJSSL","视像科技研发中心技术沙龙","第40期 阵列功放音效增强算法技术","1"
"page:227846024","page:236739567","包含目录","YFZXJSSL","视像科技研发中心技术沙龙","视像科技研发中心技术沙龙 主页 / 2024年 / 第41期 灯效产品及技术交流","1"
"page:236739567","topic:其他","推断主题","YFZXJSSL","视像科技研发中心技术沙龙","第41期 灯效产品及技术交流","1"
"page:227846024","page:236747580","包含目录","YFZXJSSL","视像科技研发中心技术沙龙","视像科技研发中心技术沙龙 主页 / 2024年 / 第42期 电视SOC及产品路线介绍","1"
"page:236747580","topic:其他","推断主题","YFZXJSSL","视像科技研发中心技术沙龙","第42期 电视SOC及产品路线介绍","1"
"page:227846024","page:238847159","包含目录","YFZXJSSL","视像科技研发中心技术沙龙","视像科技研发中心技术沙龙 主页 / 2024年 / 第43期 大模型RAG技术与应用平台","1"
"page:238847159","topic:二维三维与图形模型","推断主题","YFZXJSSL","视像科技研发中心技术沙龙","第43期 大模型RAG技术与应用平台","1"
"page:227846024","page:238869807","包含目录","YFZXJSSL","视像科技研发中心技术沙龙","视像科技研发中心技术沙龙 主页 / 2024年 / 第44期 国际橡塑展展会总结及分享","1"
"page:238869807","topic:其他","推断主题","YFZXJSSL","视像科技研发中心技术沙龙","第44期 国际橡塑展展会总结及分享","1"
"page:227846024","page:238872790","包含目录","YFZXJSSL","视像科技研发中心技术沙龙","视像科技研发中心技术沙龙 主页 / 2024年 / 第45期 FPGA开发流程及在电视中的应用","1"
"page:238872790","topic:规范与流程","推断主题","YFZXJSSL","视像科技研发中心技术沙龙","第45期 FPGA开发流程及在电视中的应用","1"
"page:227846024","page:240778560","包含目录","YFZXJSSL","视像科技研发中心技术沙龙","视像科技研发中心技术沙龙 主页 / 2024年 / 第46期 PCB制作技术及工艺","1"
"page:240778560","topic:其他","推断主题","YFZXJSSL","视像科技研发中心技术沙龙","第46期 PCB制作技术及工艺","1"
"page:146968877","page:285372389","包含目录","YFZXJSSL","视像科技研发中心技术沙龙","视像科技研发中心技术沙龙 主页 / 2025年","1"
"page:285372389","topic:其他","推断主题","YFZXJSSL","视像科技研发中心技术沙龙","2025年","1"
"page:285372389","page:291491521","包含目录","YFZXJSSL","视像科技研发中心技术沙龙","视像科技研发中心技术沙龙 主页 / 2025年 / 第10期 星海大模型能力平台培训","1"
"page:291491521","topic:二维三维与图形模型","推断主题","YFZXJSSL","视像科技研发中心技术沙龙","第10期 星海大模型能力平台培训","1"
"page:285372389","page:291492260","包含目录","YFZXJSSL","视像科技研发中心技术沙龙","视像科技研发中心技术沙龙 主页 / 2025年 / 第11期  低成本大后壳相关分享","1"
"page:291492260","topic:其他","推断主题","YFZXJSSL","视像科技研发中心技术沙龙","第11期  低成本大后壳相关分享","1"
"page:285372389","page:294149786","包含目录","YFZXJSSL","视像科技研发中心技术沙龙","视像科技研发中心技术沙龙 主页 / 2025年 / 第12期  紧跟DeepSeek学习热潮：携手incoPat解锁专利检索AI应用","1"
"page:294149786","topic:培训与知识","推断主题","YFZXJSSL","视像科技研发中心技术沙龙","第12期  紧跟DeepSeek学习热潮：携手incoPat解锁专利检索AI应用","1"
"page:285372389","page:294912033","包含目录","YFZXJSSL","视像科技研发中心技术沙龙","视像科技研发中心技术沙龙 主页 / 2025年 / 第13期 AI大模型测试应用场景分享","1"
"page:294912033","topic:二维三维与图形模型","推断主题","YFZXJSSL","视像科技研发中心技术沙龙","第13期 AI大模型测试应用场景分享","1"
"page:285372389","page:295879598","包含目录","YFZXJSSL","视像科技研发中心技术沙龙","视像科技研发中心技术沙龙 主页 / 2025年 / 第14期 TV 3.0标准解读","1"
"page:295879598","topic:规范与流程","推断主题","YFZXJSSL","视像科技研发中心技术沙龙","第14期 TV 3.0标准解读","1"
"page:285372389","page:294918940","包含目录","YFZXJSSL","视像科技研发中心技术沙龙","视像科技研发中心技术沙龙 主页 / 2025年 / 第15期  超薄端子行业趋势及设计雷区","1"
"page:294918940","topic:设计与架构","推断主题","YFZXJSSL","视像科技研发中心技术沙龙","第15期  超薄端子行业趋势及设计雷区","1"
"page:285372389","page:295889137","包含目录","YFZXJSSL","视像科技研发中心技术沙龙","视像科技研发中心技术沙龙 主页 / 2025年 / 第16期 AWE2025观展总结-显示新技术相关分享","1"
"page:295889137","topic:其他","推断主题","YFZXJSSL","视像科技研发中心技术沙龙","第16期 AWE2025观展总结-显示新技术相关分享","1"
"page:285372389","page:295879635","包含目录","YFZXJSSL","视像科技研发中心技术沙龙","视像科技研发中心技术沙龙 主页 / 2025年 / 第17期 8107的高画质功能--改善显示色差的校准","1"
"page:295879635","topic:其他","推断主题","YFZXJSSL","视像科技研发中心技术沙龙","第17期 8107的高画质功能--改善显示色差的校准","1"
"page:285372389","page:295888216","包含目录","YFZXJSSL","视像科技研发中心技术沙龙","视像科技研发中心技术沙龙 主页 / 2025年 / 第18期 2025AWE外观结构相关分享","1"
"page:295888216","topic:其他","推断主题","YFZXJSSL","视像科技研发中心技术沙龙","第18期 2025AWE外观结构相关分享","1"
"page:285372389","page:295884279","包含目录","YFZXJSSL","视像科技研发中心技术沙龙","视像科技研发中心技术沙龙 主页 / 2025年 / 第19期 纸箱抗压强度原理及衰减分析","1"
"page:295884279","topic:问题与复盘","推断主题","YFZXJSSL","视像科技研发中心技术沙龙","第19期 纸箱抗压强度原理及衰减分析","1"
"page:285372389","page:285372396","包含目录","YFZXJSSL","视像科技研发中心技术沙龙","视像科技研发中心技术沙龙 主页 / 2025年 / 第1期 《网络性能提升方案技术洞察分享》","1"
"page:285372396","topic:设计与架构","推断主题","YFZXJSSL","视像科技研发中心技术沙龙","第1期 《网络性能提升方案技术洞察分享》","1"
"page:285372389","page:295887239","包含目录","YFZXJSSL","视像科技研发中心技术沙龙","视像科技研发中心技术沙龙 主页 / 2025年 / 第20期 DeepSeek V3/R1技术简介","1"
"page:295887239","topic:其他","推断主题","YFZXJSSL","视像科技研发中心技术沙龙","第20期 DeepSeek V3/R1技术简介","1"
"page:285372389","page:297485932","包含目录","YFZXJSSL","视像科技研发中心技术沙龙","视像科技研发中心技术沙龙 主页 / 2025年 / 第21期 GB4343.1标准换版差异解读","1"
"page:297485932","topic:规范与流程","推断主题","YFZXJSSL","视像科技研发中心技术沙龙","第21期 GB4343.1标准换版差异解读","1"
"page:285372389","page:301251257","包含目录","YFZXJSSL","视像科技研发中心技术沙龙","视像科技研发中心技术沙龙 主页 / 2025年 / 第22期 建构可实现AI音源分离的电视软件系统","1"
"page:301251257","topic:其他","推断主题","YFZXJSSL","视像科技研发中心技术沙龙","第22期 建构可实现AI音源分离的电视软件系统","1"
"page:285372389","page:301258024","包含目录","YFZXJSSL","视像科技研发中心技术沙龙","视像科技研发中心技术沙龙 主页 / 2025年 / 第23期 关于“软件及AI大模型类”专利技术交底书撰写专题培训","1"
"page:301258024","topic:二维三维与图形模型","推断主题","YFZXJSSL","视像科技研发中心技术沙龙","第23期 关于“软件及AI大模型类”专利技术交底书撰写专题培训","1"
"page:285372389","page:301263320","包含目录","YFZXJSSL","视像科技研发中心技术沙龙","视像科技研发中心技术沙龙 主页 / 2025年 / 第24期 智能电视系统性能团标和IEEE标准编写经验分享","1"
"page:301263320","topic:规范与流程","推断主题","YFZXJSSL","视像科技研发中心技术沙龙","第24期 智能电视系统性能团标和IEEE标准编写经验分享","1"
"page:285372389","page:301267341","包含目录","YFZXJSSL","视像科技研发中心技术沙龙","视像科技研发中心技术沙龙 主页 / 2025年 / 第25期 AI画质技术分享","1"
"page:301267341","topic:其他","推断主题","YFZXJSSL","视像科技研发中心技术沙龙","第25期 AI画质技术分享","1"
"page:285372389","page:301263387","包含目录","YFZXJSSL","视像科技研发中心技术沙龙","视像科技研发中心技术沙龙 主页 / 2025年 / 第26期 高分子材料常用测试分析方法","1"
"page:301263387","topic:测试与验证","推断主题","YFZXJSSL","视像科技研发中心技术沙龙","第26期 高分子材料常用测试分析方法","1"
"page:285372389","page:301263406","包含目录","YFZXJSSL","视像科技研发中心技术沙龙","视像科技研发中心技术沙龙 主页 / 2025年 / 第27期 背板加强筋形貌优化仿真技术与背板静态仿真刚强度评价方法","1"
"page:301263406","topic:其他","推断主题","YFZXJSSL","视像科技研发中心技术沙龙","第27期 背板加强筋形貌优化仿真技术与背板静态仿真刚强度评价方法","1"
"page:285372389","page:302738394","包含目录","YFZXJSSL","视像科技研发中心技术沙龙","视像科技研发中心技术沙龙 主页 / 2025年 / 第28期 关于“硬件电路类”专利技术交底书撰写专题培训","1"
"page:302738394","topic:培训与知识","推断主题","YFZXJSSL","视像科技研发中心技术沙龙","第28期 关于“硬件电路类”专利技术交底书撰写专题培训","1"
"page:285372389","page:303910994","包含目录","YFZXJSSL","视像科技研发中心技术沙龙","视像科技研发中心技术沙龙 主页 / 2025年 / 第29期 关于“产品结构类”专利技术交底书撰写专题培训","1"
"page:303910994","topic:培训与知识","推断主题","YFZXJSSL","视像科技研发中心技术沙龙","第29期 关于“产品结构类”专利技术交底书撰写专题培训","1"
"page:285372389","page:286359507","包含目录","YFZXJSSL","视像科技研发中心技术沙龙","视像科技研发中心技术沙龙 主页 / 2025年 / 第2期 DLP显示技术原理","1"
"page:286359507","topic:其他","推断主题","YFZXJSSL","视像科技研发中心技术沙龙","第2期 DLP显示技术原理","1"
"page:285372389","page:305500675","包含目录","YFZXJSSL","视像科技研发中心技术沙龙","视像科技研发中心技术沙龙 主页 / 2025年 / 第30期 惠州声乐技术分享","1"
"page:305500675","topic:其他","推断主题","YFZXJSSL","视像科技研发中心技术沙龙","第30期 惠州声乐技术分享","1"
"page:285372389","page:305508533","包含目录","YFZXJSSL","视像科技研发中心技术沙龙","视像科技研发中心技术沙龙 主页 / 2025年 / 第31期 关于“专利风险排查及规避设计”专题培训","1"
"page:305508533","topic:设计与架构","推断主题","YFZXJSSL","视像科技研发中心技术沙龙","第31期 关于“专利风险排查及规避设计”专题培训","1"
"page:285372389","page:305506568","包含目录","YFZXJSSL","视像科技研发中心技术沙龙","视像科技研发中心技术沙龙 主页 / 2025年 / 第32期 Kali(8107)高画质功能(AI live stage高画质的研究)","1"
"page:305506568","topic:其他","推断主题","YFZXJSSL","视像科技研发中心技术沙龙","第32期 Kali(8107)高画质功能(AI live stage高画质的研究)","1"
"page:285372389","page:305506609","包含目录","YFZXJSSL","视像科技研发中心技术沙龙","视像科技研发中心技术沙龙 主页 / 2025年 / 第33期 网络变压器技术趋势及降本方向交流","1"
"page:305506609","topic:其他","推断主题","YFZXJSSL","视像科技研发中心技术沙龙","第33期 网络变压器技术趋势及降本方向交流","1"
"page:285372389","page:305522438","包含目录","YFZXJSSL","视像科技研发中心技术沙龙","视像科技研发中心技术沙龙 主页 / 2025年 / 第34期 竞品分析后壳信息总结分享","1"
"page:305522438","topic:问题与复盘","推断主题","YFZXJSSL","视像科技研发中心技术沙龙","第34期 竞品分析后壳信息总结分享","1"
"page:285372389","page:305522455","包含目录","YFZXJSSL","视像科技研发中心技术沙龙","视像科技研发中心技术沙龙 主页 / 2025年 / 第35期 2025年全球主要DTV技术趋势交流","1"
"page:305522455","topic:其他","推断主题","YFZXJSSL","视像科技研发中心技术沙龙","第35期 2025年全球主要DTV技术趋势交流","1"
"page:285372389","page:305522469","包含目录","YFZXJSSL","视像科技研发中心技术沙龙","视像科技研发中心技术沙龙 主页 / 2025年 / 第36期 模组结构K8平台项目总结&开发分享","1"
"page:305522469","topic:项目管理","推断主题","YFZXJSSL","视像科技研发中心技术沙龙","第36期 模组结构K8平台项目总结&开发分享","1"
"page:285372389","page:305522570","包含目录","YFZXJSSL","视像科技研发中心技术沙龙","视像科技研发中心技术沙龙 主页 / 2025年 / 第37期 2025亚洲蓝牙技术大会内容分享","1"
"page:305522570","topic:其他","推断主题","YFZXJSSL","视像科技研发中心技术沙龙","第37期 2025亚洲蓝牙技术大会内容分享","1"
"page:285372389","page:305527532","包含目录","YFZXJSSL","视像科技研发中心技术沙龙","视像科技研发中心技术沙龙 主页 / 2025年 / 第38期 大模型应用：测试用例设计智能体","1"
"page:305527532","topic:二维三维与图形模型","推断主题","YFZXJSSL","视像科技研发中心技术沙龙","第38期 大模型应用：测试用例设计智能体","1"
"page:285372389","page:307300391","包含目录","YFZXJSSL","视像科技研发中心技术沙龙","视像科技研发中心技术沙龙 主页 / 2025年 / 第39期 带有帧生成的超采样技术简介","1"
"page:307300391","topic:其他","推断主题","YFZXJSSL","视像科技研发中心技术沙龙","第39期 带有帧生成的超采样技术简介","1"
"page:285372389","page:287596005","包含目录","YFZXJSSL","视像科技研发中心技术沙龙","视像科技研发中心技术沙龙 主页 / 2025年 / 第3期 2025CES显示相关分享","1"
"page:287596005","topic:其他","推断主题","YFZXJSSL","视像科技研发中心技术沙龙","第3期 2025CES显示相关分享","1"
"page:285372389","page:307304141","包含目录","YFZXJSSL","视像科技研发中心技术沙龙","视像科技研发中心技术沙龙 主页 / 2025年 / 第40期 几种画面显示中响应时间与模糊程度的测试设备","1"
"page:307304141","topic:测试与验证","推断主题","YFZXJSSL","视像科技研发中心技术沙龙","第40期 几种画面显示中响应时间与模糊程度的测试设备","1"
"page:285372389","page:307311380","包含目录","YFZXJSSL","视像科技研发中心技术沙龙","视像科技研发中心技术沙龙 主页 / 2025年 / 第41期 海信化学物质限制要求","1"
"page:307311380","topic:其他","推断主题","YFZXJSSL","视像科技研发中心技术沙龙","第41期 海信化学物质限制要求","1"
"page:285372389","page:307312700","包含目录","YFZXJSSL","视像科技研发中心技术沙龙","视像科技研发中心技术沙龙 主页 / 2025年 / 第42期 关于专利技术交底书撰写专题培训之“查新检索”","1"
"page:307312700","topic:培训与知识","推断主题","YFZXJSSL","视像科技研发中心技术沙龙","第42期 关于专利技术交底书撰写专题培训之“查新检索”","1"
"page:285372389","page:308838624","包含目录","YFZXJSSL","视像科技研发中心技术沙龙","视像科技研发中心技术沙龙 主页 / 2025年 / 第43期 高分子材料：基本检测方案简介与异物分析案例分享","1"
"page:308838624","topic:设计与架构","推断主题","YFZXJSSL","视像科技研发中心技术沙龙","第43期 高分子材料：基本检测方案简介与异物分析案例分享","1"
"page:285372389","page:308842893","包含目录","YFZXJSSL","视像科技研发中心技术沙龙","视像科技研发中心技术沙龙 主页 / 2025年 / 第44期 QECon测试大会分享","1"
"page:308842893","topic:测试与验证","推断主题","YFZXJSSL","视像科技研发中心技术沙龙","第44期 QECon测试大会分享","1"
"page:285372389","page:308848981","包含目录","YFZXJSSL","视像科技研发中心技术沙龙","视像科技研发中心技术沙龙 主页 / 2025年 / 第45期 连接器品类技术趋势方向交流","1"
"page:308848981","topic:其他","推断主题","YFZXJSSL","视像科技研发中心技术沙龙","第45期 连接器品类技术趋势方向交流","1"
"page:285372389","page:308867447","包含目录","YFZXJSSL","视像科技研发中心技术沙龙","视像科技研发中心技术沙龙 主页 / 2025年 / 第46期 专利审查意见答复相关培训","1"
"page:308867447","topic:培训与知识","推断主题","YFZXJSSL","视像科技研发中心技术沙龙","第46期 专利审查意见答复相关培训","1"
"page:146968877","page:349813666","包含目录","YFZXJSSL","视像科技研发中心技术沙龙","视像科技研发中心技术沙龙 主页 / 2026年","1"
"page:349813666","topic:其他","推断主题","YFZXJSSL","视像科技研发中心技术沙龙","2026年","1"
"page:349813666","page:357840492","包含目录","YFZXJSSL","视像科技研发中心技术沙龙","视像科技研发中心技术沙龙 主页 / 2026年 / 第10期  电视产品化学物质限制要求","1"
"page:357840492","topic:其他","推断主题","YFZXJSSL","视像科技研发中心技术沙龙","第10期  电视产品化学物质限制要求","1"
"page:349813666","page:357844823","包含目录","YFZXJSSL","视像科技研发中心技术沙龙","视像科技研发中心技术沙龙 主页 / 2026年 / 第11期  MT9655图形系统架构解读","1"
"page:357844823","topic:设计与架构","推断主题","YFZXJSSL","视像科技研发中心技术沙龙","第11期  MT9655图形系统架构解读","1"
"page:349813666","page:357847468","包含目录","YFZXJSSL","视像科技研发中心技术沙龙","视像科技研发中心技术沙龙 主页 / 2026年 / 第12期  点胶工艺介绍","1"
"page:357847468","topic:其他","推断主题","YFZXJSSL","视像科技研发中心技术沙龙","第12期  点胶工艺介绍","1"
"page:349813666","page:357842907","包含目录","YFZXJSSL","视像科技研发中心技术沙龙","视像科技研发中心技术沙龙 主页 / 2026年 / 第13期  巴西及德国电视机包装物流环境调研分享","1"
"page:357842907","topic:其他","推断主题","YFZXJSSL","视像科技研发中心技术沙龙","第13期  巴西及德国电视机包装物流环境调研分享","1"
"page:349813666","page:357851114","包含目录","YFZXJSSL","视像科技研发中心技术沙龙","视像科技研发中心技术沙龙 主页 / 2026年 / 第14期  电视产品EMC调试整改分享","1"
"page:357851114","topic:其他","推断主题","YFZXJSSL","视像科技研发中心技术沙龙","第14期  电视产品EMC调试整改分享","1"
"page:349813666","page:357852141","包含目录","YFZXJSSL","视像科技研发中心技术沙龙","视像科技研发中心技术沙龙 主页 / 2026年 / 第15期 3D基本原理及测试技术","1"
"page:357852141","topic:二维三维与图形模型","推断主题","YFZXJSSL","视像科技研发中心技术沙龙","第15期 3D基本原理及测试技术","1"
"page:349813666","page:360825017","包含目录","YFZXJSSL","视像科技研发中心技术沙龙","视像科技研发中心技术沙龙 主页 / 2026年 / 第16期  Openclaw技术实战与分享","1"
"page:360825017","topic:其他","推断主题","YFZXJSSL","视像科技研发中心技术沙龙","第16期  Openclaw技术实战与分享","1"
"page:349813666","page:360832031","包含目录","YFZXJSSL","视像科技研发中心技术沙龙","视像科技研发中心技术沙龙 主页 / 2026年 / 第17期  RICHTEK（立锜科技）音频方案技术交流","1"
"page:360832031","topic:设计与架构","推断主题","YFZXJSSL","视像科技研发中心技术沙龙","第17期  RICHTEK（立锜科技）音频方案技术交流","1"
"page:349813666","page:360838776","包含目录","YFZXJSSL","视像科技研发中心技术沙龙","视像科技研发中心技术沙龙 主页 / 2026年 / 第18期  研发工程师的专利“必修课”之专利基础知识","1"
"page:360838776","topic:其他","推断主题","YFZXJSSL","视像科技研发中心技术沙龙","第18期  研发工程师的专利“必修课”之专利基础知识","1"
"page:349813666","page:360839007","包含目录","YFZXJSSL","视像科技研发中心技术沙龙","视像科技研发中心技术沙龙 主页 / 2026年 / 第19期 Qoder工具技术实践与分享","1"
"page:360839007","topic:其他","推断主题","YFZXJSSL","视像科技研发中心技术沙龙","第19期 Qoder工具技术实践与分享","1"
"page:349813666","page:349813671","包含目录","YFZXJSSL","视像科技研发中心技术沙龙","视像科技研发中心技术沙龙 主页 / 2026年 / 第1期  电路信号完整性设计及失效案例分析","1"
"page:349813671","topic:设计与架构","推断主题","YFZXJSSL","视像科技研发中心技术沙龙","第1期  电路信号完整性设计及失效案例分析","1"
"page:349813666","page:360838836","包含目录","YFZXJSSL","视像科技研发中心技术沙龙","视像科技研发中心技术沙龙 主页 / 2026年 / 第20期  Kali高画质机能（AI光景再现高画质研究）","1"
"page:360838836","topic:其他","推断主题","YFZXJSSL","视像科技研发中心技术沙龙","第20期  Kali高画质机能（AI光景再现高画质研究）","1"
"page:349813666","page:363106401","包含目录","YFZXJSSL","视像科技研发中心技术沙龙","视像科技研发中心技术沙龙 主页 / 2026年 / 第21期  2025年结构改模典型案例经验分享","1"
"page:363106401","topic:其他","推断主题","YFZXJSSL","视像科技研发中心技术沙龙","第21期  2025年结构改模典型案例经验分享","1"
"page:349813666","page:363110119","包含目录","YFZXJSSL","视像科技研发中心技术沙龙","视像科技研发中心技术沙龙 主页 / 2026年 / 第22期  一种基于abaqus的EPS断裂本构分享","1"
"page:363110119","topic:其他","推断主题","YFZXJSSL","视像科技研发中心技术沙龙","第22期  一种基于abaqus的EPS断裂本构分享","1"
"page:349813666","page:363115117","包含目录","YFZXJSSL","视像科技研发中心技术沙龙","视像科技研发中心技术沙龙 主页 / 2026年 / 第23期  openclaw线下交流会","1"
"page:363115117","topic:其他","推断主题","YFZXJSSL","视像科技研发中心技术沙龙","第23期  openclaw线下交流会","1"
"page:349813666","page:367339349","包含目录","YFZXJSSL","视像科技研发中心技术沙龙","视像科技研发中心技术沙龙 主页 / 2026年 / 第24期 2026AWE参展--测试分享","1"
"page:367339349","topic:测试与验证","推断主题","YFZXJSSL","视像科技研发中心技术沙龙","第24期 2026AWE参展--测试分享","1"
"page:349813666","page:367339814","包含目录","YFZXJSSL","视像科技研发中心技术沙龙","视像科技研发中心技术沙龙 主页 / 2026年 / 第25期 Lontium龙迅半导体高清视频转换方案技术交流","1"
"page:367339814","topic:设计与架构","推断主题","YFZXJSSL","视像科技研发中心技术沙龙","第25期 Lontium龙迅半导体高清视频转换方案技术交流","1"
"page:349813666","page:367355049","包含目录","YFZXJSSL","视像科技研发中心技术沙龙","视像科技研发中心技术沙龙 主页 / 2026年 / 第26期 矽力杰DC/DC芯片技术交流","1"
"page:367355049","topic:其他","推断主题","YFZXJSSL","视像科技研发中心技术沙龙","第26期 矽力杰DC/DC芯片技术交流","1"
"page:349813666","page:367355446","包含目录","YFZXJSSL","视像科技研发中心技术沙龙","视像科技研发中心技术沙龙 主页 / 2026年 / 第27期 图像引擎高画质功能-背光扫描研发","1"
"page:367355446","topic:其他","推断主题","YFZXJSSL","视像科技研发中心技术沙龙","第27期 图像引擎高画质功能-背光扫描研发","1"
"page:349813666","page:367355921","包含目录","YFZXJSSL","视像科技研发中心技术沙龙","视像科技研发中心技术沙龙 主页 / 2026年 / 第28期  专利审查政策变化解读","1"
"page:367355921","topic:其他","推断主题","YFZXJSSL","视像科技研发中心技术沙龙","第28期  专利审查政策变化解读","1"
"page:349813666","page:370509484","包含目录","YFZXJSSL","视像科技研发中心技术沙龙","视像科技研发中心技术沙龙 主页 / 2026年 / 第29期 2026AWE画质分享","1"
"page:370509484","topic:其他","推断主题","YFZXJSSL","视像科技研发中心技术沙龙","第29期 2026AWE画质分享","1"
"page:349813666","page:353656589","包含目录","YFZXJSSL","视像科技研发中心技术沙龙","视像科技研发中心技术沙龙 主页 / 2026年 / 第2期  英飞凌AI、语音唤醒、传感器技术交流","1"
"page:353656589","topic:其他","推断主题","YFZXJSSL","视像科技研发中心技术沙龙","第2期  英飞凌AI、语音唤醒、传感器技术交流","1"
"page:349813666","page:370510630","包含目录","YFZXJSSL","视像科技研发中心技术沙龙","视像科技研发中心技术沙龙 主页 / 2026年 / 第30期 奇点智能技术大会-智能体技术发展现状分享","1"
"page:370510630","topic:其他","推断主题","YFZXJSSL","视像科技研发中心技术沙龙","第30期 奇点智能技术大会-智能体技术发展现状分享","1"
"page:349813666","page:370512080","包含目录","YFZXJSSL","视像科技研发中心技术沙龙","视像科技研发中心技术沙龙 主页 / 2026年 / 第31期 竞品分析：三星发展历史","1"
"page:370512080","topic:问题与复盘","推断主题","YFZXJSSL","视像科技研发中心技术沙龙","第31期 竞品分析：三星发展历史","1"
"page:349813666","page:370512086","包含目录","YFZXJSSL","视像科技研发中心技术沙龙","视像科技研发中心技术沙龙 主页 / 2026年 / 第32期 包装测试设备常用传感器","1"
"page:370512086","topic:测试与验证","推断主题","YFZXJSSL","视像科技研发中心技术沙龙","第32期 包装测试设备常用传感器","1"
"page:349813666","page:353657191","包含目录","YFZXJSSL","视像科技研发中心技术沙龙","视像科技研发中心技术沙龙 主页 / 2026年 / 第3期  2026CES参展记录（三星展位）分享","1"
"page:353657191","topic:其他","推断主题","YFZXJSSL","视像科技研发中心技术沙龙","第3期  2026CES参展记录（三星展位）分享","1"
"page:349813666","page:353663664","包含目录","YFZXJSSL","视像科技研发中心技术沙龙","视像科技研发中心技术沙龙 主页 / 2026年 / 第4期  Rtings CAD响应时间解读","1"
"page:353663664","topic:二维三维与图形模型","推断主题","YFZXJSSL","视像科技研发中心技术沙龙","第4期  Rtings CAD响应时间解读","1"
"page:349813666","page:353663711","包含目录","YFZXJSSL","视像科技研发中心技术沙龙","视像科技研发中心技术沙龙 主页 / 2026年 / 第5期  专利侵权分析","1"
"page:353663711","topic:问题与复盘","推断主题","YFZXJSSL","视像科技研发中心技术沙龙","第5期  专利侵权分析","1"
"page:349813666","page:355569531","包含目录","YFZXJSSL","视像科技研发中心技术沙龙","视像科技研发中心技术沙龙 主页 / 2026年 / 第6期  大数据采集平台框架基本构想","1"
"page:355569531","topic:数据与质量","推断主题","YFZXJSSL","视像科技研发中心技术沙龙","第6期  大数据采集平台框架基本构想","1"
"page:349813666","page:355571961","包含目录","YFZXJSSL","视像科技研发中心技术沙龙","视像科技研发中心技术沙龙 主页 / 2026年 / 第7期 2026新版微型计算机能效标准解读","1"
"page:355571961","topic:规范与流程","推断主题","YFZXJSSL","视像科技研发中心技术沙龙","第7期 2026新版微型计算机能效标准解读","1"
"page:349813666","page:355573064","包含目录","YFZXJSSL","视像科技研发中心技术沙龙","视像科技研发中心技术沙龙 主页 / 2026年 / 第8期  2026CES参展分享-结构外观","1"
"page:355573064","topic:其他","推断主题","YFZXJSSL","视像科技研发中心技术沙龙","第8期  2026CES参展分享-结构外观","1"
"page:349813666","page:357839675","包含目录","YFZXJSSL","视像科技研发中心技术沙龙","视像科技研发中心技术沙龙 主页 / 2026年 / 第9期  为实现虚拟人物动画自动生成的技术分享","1"
"page:357839675","topic:其他","推断主题","YFZXJSSL","视像科技研发中心技术沙龙","第9期  为实现虚拟人物动画自动生成的技术分享","1"
"space:RJYFBGG","page:14824627","空间首页","RJYFBGG","软件研发部公共空间","软件研发部公共空间 主页","1"
"page:14824627","topic:其他","推断主题","RJYFBGG","软件研发部公共空间","软件研发部公共空间 主页","1"
"page:14824627","page:126233196","包含目录","RJYFBGG","软件研发部公共空间","软件研发部公共空间 主页 / 部门重点工作","1"
"page:126233196","topic:其他","推断主题","RJYFBGG","软件研发部公共空间","部门重点工作","1"
"page:126233196","page:142580413","包含目录","RJYFBGG","软件研发部公共空间","软件研发部公共空间 主页 / 部门重点工作 / 1、先进制造","1"
"page:142580413","topic:其他","推断主题","RJYFBGG","软件研发部公共空间","1、先进制造","1"
"page:126233196","page:234507571","包含目录","RJYFBGG","软件研发部公共空间","软件研发部公共空间 主页 / 部门重点工作 / 2024 AI功能研发落地专项","1"
"page:234507571","topic:其他","推断主题","RJYFBGG","软件研发部公共空间","2024 AI功能研发落地专项","1"
"page:126233196","page:285346325","包含目录","RJYFBGG","软件研发部公共空间","软件研发部公共空间 主页 / 部门重点工作 / 2025 AI功能研发落地专项","1"
"page:285346325","topic:其他","推断主题","RJYFBGG","软件研发部公共空间","2025 AI功能研发落地专项","1"
"page:126233196","page:198350744","包含目录","RJYFBGG","软件研发部公共空间","软件研发部公共空间 主页 / 部门重点工作 / 2、年重点大事","1"
"page:198350744","topic:其他","推断主题","RJYFBGG","软件研发部公共空间","2、年重点大事","1"
"page:126233196","page:165745426","包含目录","RJYFBGG","软件研发部公共空间","软件研发部公共空间 主页 / 部门重点工作 / CI","1"
"page:165745426","topic:其他","推断主题","RJYFBGG","软件研发部公共空间","CI","1"
"page:126233196","page:182653045","包含目录","RJYFBGG","软件研发部公共空间","软件研发部公共空间 主页 / 部门重点工作 / 电视Coverity项目及问题处理会议讨论","1"
"page:182653045","topic:问题与复盘","推断主题","RJYFBGG","软件研发部公共空间","电视Coverity项目及问题处理会议讨论","1"
"page:126233196","page:126233199","包含目录","RJYFBGG","软件研发部公共空间","软件研发部公共空间 主页 / 部门重点工作 / 聚好看与视像研发团队融合工作","1"
"page:126233199","topic:其他","推断主题","RJYFBGG","软件研发部公共空间","聚好看与视像研发团队融合工作","1"
"page:126233196","page:128359043","包含目录","RJYFBGG","软件研发部公共空间","软件研发部公共空间 主页 / 部门重点工作 / 输出物存档 - 聚好看、整机软件准时交付率提升","1"
"page:128359043","topic:项目管理","推断主题","RJYFBGG","软件研发部公共空间","输出物存档 - 聚好看、整机软件准时交付率提升","1"
"page:14824627","page:214293537","包含目录","RJYFBGG","软件研发部公共空间","软件研发部公共空间 主页 / 部门行政管理","1"
"page:214293537","topic:项目管理","推断主题","RJYFBGG","软件研发部公共空间","部门行政管理","1"
"page:214293537","page:150735642","包含目录","RJYFBGG","软件研发部公共空间","软件研发部公共空间 主页 / 部门行政管理 / 28.样机问题","1"
"page:150735642","topic:问题与复盘","推断主题","RJYFBGG","软件研发部公共空间","28.样机问题","1"
"page:214293537","page:150747959","包含目录","RJYFBGG","软件研发部公共空间","软件研发部公共空间 主页 / 部门行政管理 / 29.海信财务中台相关资料","1"
"page:150747959","topic:项目管理","推断主题","RJYFBGG","软件研发部公共空间","29.海信财务中台相关资料","1"
"page:214293537","page:96503082","包含目录","RJYFBGG","软件研发部公共空间","软件研发部公共空间 主页 / 部门行政管理 / 30.软件样机管理","1"
"page:96503082","topic:项目管理","推断主题","RJYFBGG","软件研发部公共空间","30.软件样机管理","1"
"page:214293537","page:123241936","包含目录","RJYFBGG","软件研发部公共空间","软件研发部公共空间 主页 / 部门行政管理 / 33、费用预测","1"
"page:123241936","topic:项目管理","推断主题","RJYFBGG","软件研发部公共空间","33、费用预测","1"
"page:214293537","page:177867209","包含目录","RJYFBGG","软件研发部公共空间","软件研发部公共空间 主页 / 部门行政管理 / 36.快递寄件明细","1"
"page:177867209","topic:项目管理","推断主题","RJYFBGG","软件研发部公共空间","36.快递寄件明细","1"
"page:214293537","page:183543337","包含目录","RJYFBGG","软件研发部公共空间","软件研发部公共空间 主页 / 部门行政管理 / 37.打车异常订单反馈","1"
"page:183543337","topic:项目管理","推断主题","RJYFBGG","软件研发部公共空间","37.打车异常订单反馈","1"
"page:214293537","page:204749463","包含目录","RJYFBGG","软件研发部公共空间","软件研发部公共空间 主页 / 部门行政管理 / 38.固定资产","1"
"page:204749463","topic:项目管理","推断主题","RJYFBGG","软件研发部公共空间","38.固定资产","1"
"page:214293537","page:203821392","包含目录","RJYFBGG","软件研发部公共空间","软件研发部公共空间 主页 / 部门行政管理 / 41.海信公寓","1"
"page:203821392","topic:项目管理","推断主题","RJYFBGG","软件研发部公共空间","41.海信公寓","1"
"page:214293537","page:175519693","包含目录","RJYFBGG","软件研发部公共空间","软件研发部公共空间 主页 / 部门行政管理 / 低值易耗台账","1"
"page:175519693","topic:项目管理","推断主题","RJYFBGG","软件研发部公共空间","低值易耗台账","1"
"page:214293537","page:219981183","包含目录","RJYFBGG","软件研发部公共空间","软件研发部公共空间 主页 / 部门行政管理 / 考勤相关提醒","1"
"page:219981183","topic:项目管理","推断主题","RJYFBGG","软件研发部公共空间","考勤相关提醒","1"
"page:14824627","page:104798591","包含目录","RJYFBGG","软件研发部公共空间","软件研发部公共空间 主页 / 0、软件研发知识管理","1"
"page:104798591","topic:项目管理","推断主题","RJYFBGG","软件研发部公共空间","0、软件研发知识管理","1"
"page:104798591","page:105579604","包含目录","RJYFBGG","软件研发部公共空间","软件研发部公共空间 主页 / 0、软件研发知识管理 / 人工智能语音运营中心知识清单","1"
"page:105579604","topic:项目管理","推断主题","RJYFBGG","软件研发部公共空间","人工智能语音运营中心知识清单","1"
"page:104798591","page:215349017","包含目录","RJYFBGG","软件研发部公共空间","软件研发部公共空间 主页 / 0、软件研发知识管理 / 任职资格课程","1"
"page:215349017","topic:培训与知识","推断主题","RJYFBGG","软件研发部公共空间","任职资格课程","1"
"page:104798591","page:217320154","包含目录","RJYFBGG","软件研发部公共空间","软件研发部公共空间 主页 / 0、软件研发知识管理 / 先进制造项目 新PLM使用培训文档","1"
"page:217320154","topic:规范与流程","推断主题","RJYFBGG","软件研发部公共空间","先进制造项目 新PLM使用培训文档","1"
"page:104798591","page:105579595","包含目录","RJYFBGG","软件研发部公共空间","软件研发部公共空间 主页 / 0、软件研发知识管理 / 公共技术软件所知识清单","1"
"page:105579595","topic:项目管理","推断主题","RJYFBGG","软件研发部公共空间","公共技术软件所知识清单","1"
"page:104798591","page:104798596","包含目录","RJYFBGG","软件研发部公共空间","软件研发部公共空间 主页 / 0、软件研发知识管理 / 内销产品软件所知识清单","1"
"page:104798596","topic:项目管理","推断主题","RJYFBGG","软件研发部公共空间","内销产品软件所知识清单","1"
"page:104798591","page:105579598","包含目录","RJYFBGG","软件研发部公共空间","软件研发部公共空间 主页 / 0、软件研发知识管理 / 内销平台软件所知识清单","1"
"page:105579598","topic:项目管理","推断主题","RJYFBGG","软件研发部公共空间","内销平台软件所知识清单","1"
"page:104798591","page:105579600","包含目录","RJYFBGG","软件研发部公共空间","软件研发部公共空间 主页 / 0、软件研发知识管理 / 内销应用软件所知识清单","1"
"page:105579600","topic:项目管理","推断主题","RJYFBGG","软件研发部公共空间","内销应用软件所知识清单","1"
"page:14824627","page:113484660","包含目录","RJYFBGG","软件研发部公共空间","软件研发部公共空间 主页 / 1、预研管理","1"
"page:113484660","topic:项目管理","推断主题","RJYFBGG","软件研发部公共空间","1、预研管理","1"
"page:113484660","page:129806947","包含目录","RJYFBGG","软件研发部公共空间","软件研发部公共空间 主页 / 1、预研管理 / 0、预研梳理","1"
"page:129806947","topic:项目管理","推断主题","RJYFBGG","软件研发部公共空间","0、预研梳理","1"
"page:113484660","page:261729746","包含目录","RJYFBGG","软件研发部公共空间","软件研发部公共空间 主页 / 1、预研管理 / 19.云真机项目","1"
"page:261729746","topic:项目管理","推断主题","RJYFBGG","软件研发部公共空间","19.云真机项目","1"
"page:113484660","page:126913973","包含目录","RJYFBGG","软件研发部公共空间","软件研发部公共空间 主页 / 1、预研管理 / 1、海外VIDAA、安卓预研项目梳理","1"
"page:126913973","topic:项目管理","推断主题","RJYFBGG","软件研发部公共空间","1、海外VIDAA、安卓预研项目梳理","1"
"page:113484660","page:139075821","包含目录","RJYFBGG","软件研发部公共空间","软件研发部公共空间 主页 / 1、预研管理 / 2021三年关键技术论证复盘","1"
"page:139075821","topic:问题与复盘","推断主题","RJYFBGG","软件研发部公共空间","2021三年关键技术论证复盘","1"
"page:113484660","page:126917869","包含目录","RJYFBGG","软件研发部公共空间","软件研发部公共空间 主页 / 1、预研管理 / 2、手机预研梳理","1"
"page:126917869","topic:项目管理","推断主题","RJYFBGG","软件研发部公共空间","2、手机预研梳理","1"
"page:113484660","page:129803031","包含目录","RJYFBGG","软件研发部公共空间","软件研发部公共空间 主页 / 1、预研管理 / 3、月度预研工作计划","1"
"page:129803031","topic:版本与计划","推断主题","RJYFBGG","软件研发部公共空间","3、月度预研工作计划","1"
"page:113484660","page:14824831","包含目录","RJYFBGG","软件研发部公共空间","软件研发部公共空间 主页 / 1、预研管理 / 4、存档资料","1"
"page:14824831","topic:项目管理","推断主题","RJYFBGG","软件研发部公共空间","4、存档资料","1"
"page:113484660","page:130460696","包含目录","RJYFBGG","软件研发部公共空间","软件研发部公共空间 主页 / 1、预研管理 / 5、预研立项管理","1"
"page:130460696","topic:项目管理","推断主题","RJYFBGG","软件研发部公共空间","5、预研立项管理","1"
"page:14824627","page:15597101","包含目录","RJYFBGG","软件研发部公共空间","软件研发部公共空间 主页 / 2、技术融合","1"
"page:15597101","topic:其他","推断主题","RJYFBGG","软件研发部公共空间","2、技术融合","1"
"page:15597101","page:15597131","包含目录","RJYFBGG","软件研发部公共空间","软件研发部公共空间 主页 / 2、技术融合 / 2.1 驱动软件所","1"
"page:15597131","topic:其他","推断主题","RJYFBGG","软件研发部公共空间","2.1 驱动软件所","1"
"page:15597101","page:15762181","包含目录","RJYFBGG","软件研发部公共空间","软件研发部公共空间 主页 / 2、技术融合 / 2.2 应用软件所","1"
"page:15762181","topic:其他","推断主题","RJYFBGG","软件研发部公共空间","2.2 应用软件所","1"
"page:15597101","page:15762185","包含目录","RJYFBGG","软件研发部公共空间","软件研发部公共空间 主页 / 2、技术融合 / 2.3 软件配置所","1"
"page:15762185","topic:其他","推断主题","RJYFBGG","软件研发部公共空间","2.3 软件配置所","1"
"page:15597101","page:16666127","包含目录","RJYFBGG","软件研发部公共空间","软件研发部公共空间 主页 / 2、技术融合 / 2.4 手机整机软件所","1"
"page:16666127","topic:其他","推断主题","RJYFBGG","软件研发部公共空间","2.4 手机整机软件所","1"
"page:15597101","page:19104816","包含目录","RJYFBGG","软件研发部公共空间","软件研发部公共空间 主页 / 2、技术融合 / 2.5 内销电视整机软件所","1"
"page:19104816","topic:其他","推断主题","RJYFBGG","软件研发部公共空间","2.5 内销电视整机软件所","1"
"page:15597101","page:103417183","包含目录","RJYFBGG","软件研发部公共空间","软件研发部公共空间 主页 / 2、技术融合 / 2.6 Harmony鸿蒙技术跟进(电视&手机)","1"
"page:103417183","topic:其他","推断主题","RJYFBGG","软件研发部公共空间","2.6 Harmony鸿蒙技术跟进(电视&手机)","1"
"page:15597101","page:121841951","包含目录","RJYFBGG","软件研发部公共空间","软件研发部公共空间 主页 / 2、技术融合 / 2.7 算法梳理","1"
"page:121841951","topic:其他","推断主题","RJYFBGG","软件研发部公共空间","2.7 算法梳理","1"
"page:15597101","page:122489063","包含目录","RJYFBGG","软件研发部公共空间","软件研发部公共空间 主页 / 2、技术融合 / 2.8 深度学习/图像处理技术汇总","1"
"page:122489063","topic:培训与知识","推断主题","RJYFBGG","软件研发部公共空间","2.8 深度学习/图像处理技术汇总","1"
"page:15597101","page:127603319","包含目录","RJYFBGG","软件研发部公共空间","软件研发部公共空间 主页 / 2、技术融合 / 2.9 电视/手机15个共享课题","1"
"page:127603319","topic:其他","推断主题","RJYFBGG","软件研发部公共空间","2.9 电视/手机15个共享课题","1"
"page:15597101","page:141853529","包含目录","RJYFBGG","软件研发部公共空间","软件研发部公共空间 主页 / 2、技术融合 / 26. 2021PMT--智能","1"
"page:141853529","topic:其他","推断主题","RJYFBGG","软件研发部公共空间","26. 2021PMT--智能","1"
"page:15597101","page:141856519","包含目录","RJYFBGG","软件研发部公共空间","软件研发部公共空间 主页 / 2、技术融合 / 27. 2022海外软件智能","1"
"page:141856519","topic:其他","推断主题","RJYFBGG","软件研发部公共空间","27. 2022海外软件智能","1"
"page:15597101","page:182658150","包含目录","RJYFBGG","软件研发部公共空间","软件研发部公共空间 主页 / 2、技术融合 / A311D2项目管理","1"
"page:182658150","topic:项目管理","推断主题","RJYFBGG","软件研发部公共空间","A311D2项目管理","1"
"page:14824627","page:154935638","包含目录","RJYFBGG","软件研发部公共空间","软件研发部公共空间 主页 / 3、技术管理","1"
"page:154935638","topic:项目管理","推断主题","RJYFBGG","软件研发部公共空间","3、技术管理","1"
"page:154935638","page:164083023","包含目录","RJYFBGG","软件研发部公共空间","软件研发部公共空间 主页 / 3、技术管理 / 01 技术领域过程管理","1"
"page:164083023","topic:项目管理","推断主题","RJYFBGG","软件研发部公共空间","01 技术领域过程管理","1"
"page:154935638","page:169724793","包含目录","RJYFBGG","软件研发部公共空间","软件研发部公共空间 主页 / 3、技术管理 / 02 音视频编解码专项过程管理","1"
"page:169724793","topic:项目管理","推断主题","RJYFBGG","软件研发部公共空间","02 音视频编解码专项过程管理","1"
"page:154935638","page:219100428","包含目录","RJYFBGG","软件研发部公共空间","软件研发部公共空间 主页 / 3、技术管理 / 03 操作系统TMG工作组","1"
"page:219100428","topic:项目管理","推断主题","RJYFBGG","软件研发部公共空间","03 操作系统TMG工作组","1"
"page:154935638","page:171413611","包含目录","RJYFBGG","软件研发部公共空间","软件研发部公共空间 主页 / 3、技术管理 / 98 HiTVOS海信公版","1"
"page:171413611","topic:项目管理","推断主题","RJYFBGG","软件研发部公共空间","98 HiTVOS海信公版","1"
"page:154935638","page:172274276","包含目录","RJYFBGG","软件研发部公共空间","软件研发部公共空间 主页 / 3、技术管理 / 99 Other","1"
"page:172274276","topic:项目管理","推断主题","RJYFBGG","软件研发部公共空间","99 Other","1"
"page:154935638","page:211095169","包含目录","RJYFBGG","软件研发部公共空间","软件研发部公共空间 主页 / 3、技术管理 / 专题","1"
"page:211095169","topic:项目管理","推断主题","RJYFBGG","软件研发部公共空间","专题","1"
"page:14824627","page:17796471","包含目录","RJYFBGG","软件研发部公共空间","软件研发部公共空间 主页 / 4、创新提案","1"
"page:17796471","topic:其他","推断主题","RJYFBGG","软件研发部公共空间","4、创新提案","1"
"page:17796471","page:123997019","包含目录","RJYFBGG","软件研发部公共空间","软件研发部公共空间 主页 / 4、创新提案 / 往届创新提案","1"
"page:123997019","topic:其他","推断主题","RJYFBGG","软件研发部公共空间","往届创新提案","1"
"page:17796471","page:151629193","包含目录","RJYFBGG","软件研发部公共空间","软件研发部公共空间 主页 / 4、创新提案 / 研发中心微提案（2021年）","1"
"page:151629193","topic:其他","推断主题","RJYFBGG","软件研发部公共空间","研发中心微提案（2021年）","1"
"page:17796471","page:170544281","包含目录","RJYFBGG","软件研发部公共空间","软件研发部公共空间 主页 / 4、创新提案 / 创新活动","1"
"page:170544281","topic:其他","推断主题","RJYFBGG","软件研发部公共空间","创新活动","1"
"page:17796471","page:180259137","包含目录","RJYFBGG","软件研发部公共空间","软件研发部公共空间 主页 / 4、创新提案 / 研发中心微提案（2022年）","1"
"page:180259137","topic:其他","推断主题","RJYFBGG","软件研发部公共空间","研发中心微提案（2022年）","1"
"page:17796471","page:198345790","包含目录","RJYFBGG","软件研发部公共空间","软件研发部公共空间 主页 / 4、创新提案 / 研发中心微提案（2023年）","1"
"page:198345790","topic:其他","推断主题","RJYFBGG","软件研发部公共空间","研发中心微提案（2023年）","1"
"page:17796471","page:229435188","包含目录","RJYFBGG","软件研发部公共空间","软件研发部公共空间 主页 / 4、创新提案 / 研发中心微提案（2024年）","1"
"page:229435188","topic:其他","推断主题","RJYFBGG","软件研发部公共空间","研发中心微提案（2024年）","1"
"page:17796471","page:288487373","包含目录","RJYFBGG","软件研发部公共空间","软件研发部公共空间 主页 / 4、创新提案 / 研发中心微提案（2025年）","1"
"page:288487373","topic:其他","推断主题","RJYFBGG","软件研发部公共空间","研发中心微提案（2025年）","1"
"page:14824627","page:214287473","包含目录","RJYFBGG","软件研发部公共空间","软件研发部公共空间 主页 / 5、信息收集","1"
"page:214287473","topic:其他","推断主题","RJYFBGG","软件研发部公共空间","5、信息收集","1"
"page:214287473","page:230144568","包含目录","RJYFBGG","软件研发部公共空间","软件研发部公共空间 主页 / 5、信息收集 / AI Agent & 大模型应用场景头脑风暴记录","1"
"page:230144568","topic:二维三维与图形模型","推断主题","RJYFBGG","软件研发部公共空间","AI Agent & 大模型应用场景头脑风暴记录","1"
"page:214287473","page:114198016","包含目录","RJYFBGG","软件研发部公共空间","软件研发部公共空间 主页 / 5、信息收集 / 内销电视系统室春节去向统计","1"
"page:114198016","topic:数据与质量","推断主题","RJYFBGG","软件研发部公共空间","内销电视系统室春节去向统计","1"
"page:214287473","page:302714054","包含目录","RJYFBGG","软件研发部公共空间","软件研发部公共空间 主页 / 5、信息收集 / 创意点头脑风暴 202504","1"
"page:302714054","topic:其他","推断主题","RJYFBGG","软件研发部公共空间","创意点头脑风暴 202504","1"
"page:214287473","page:230146958","包含目录","RJYFBGG","软件研发部公共空间","软件研发部公共空间 主页 / 5、信息收集 / 大模型辅助研发信息收集","1"
"page:230146958","topic:二维三维与图形模型","推断主题","RJYFBGG","软件研发部公共空间","大模型辅助研发信息收集","1"
"page:214287473","page:279531448","包含目录","RJYFBGG","软件研发部公共空间","软件研发部公共空间 主页 / 5、信息收集 / 技术创意点头脑风暴 202412","1"
"page:279531448","topic:其他","推断主题","RJYFBGG","软件研发部公共空间","技术创意点头脑风暴 202412","1"
"page:214287473","page:232597382","包含目录","RJYFBGG","软件研发部公共空间","软件研发部公共空间 主页 / 5、信息收集 / 模块编码和错误码登记","1"
"page:232597382","topic:其他","推断主题","RJYFBGG","软件研发部公共空间","模块编码和错误码登记","1"
"page:214287473","page:248740366","包含目录","RJYFBGG","软件研发部公共空间","软件研发部公共空间 主页 / 5、信息收集 / 用户隐私权限排查","1"
"page:248740366","topic:其他","推断主题","RJYFBGG","软件研发部公共空间","用户隐私权限排查","1"
"page:214287473","page:138413206","包含目录","RJYFBGG","软件研发部公共空间","软件研发部公共空间 主页 / 5、信息收集 / 研发过程合理建议收集","1"
"page:138413206","topic:其他","推断主题","RJYFBGG","软件研发部公共空间","研发过程合理建议收集","1"
"page:214287473","page:250621044","包含目录","RJYFBGG","软件研发部公共空间","软件研发部公共空间 主页 / 5、信息收集 / 编码行数统计 5.20-6.20","1"
"page:250621044","topic:数据与质量","推断主题","RJYFBGG","软件研发部公共空间","编码行数统计 5.20-6.20","1"
"page:214287473","page:284071961","包含目录","RJYFBGG","软件研发部公共空间","软件研发部公共空间 主页 / 5、信息收集 / 编码行数统计确认 2024年","1"
"page:284071961","topic:数据与质量","推断主题","RJYFBGG","软件研发部公共空间","编码行数统计确认 2024年","1"
"page:214287473","page:256848726","包含目录","RJYFBGG","软件研发部公共空间","软件研发部公共空间 主页 / 5、信息收集 / 编码行数统计确认 6.18-7.18","1"
"page:256848726","topic:数据与质量","推断主题","RJYFBGG","软件研发部公共空间","编码行数统计确认 6.18-7.18","1"
"page:214287473","page:177145429","包含目录","RJYFBGG","软件研发部公共空间","软件研发部公共空间 主页 / 5、信息收集 / 考勤问题反馈2022/8/29","1"
"page:177145429","topic:问题与复盘","推断主题","RJYFBGG","软件研发部公共空间","考勤问题反馈2022/8/29","1"
"page:214287473","page:106335069","包含目录","RJYFBGG","软件研发部公共空间","软件研发部公共空间 主页 / 5、信息收集 / 草样机和竞品统计-2020-11-10","1"
"page:106335069","topic:数据与质量","推断主题","RJYFBGG","软件研发部公共空间","草样机和竞品统计-2020-11-10","1"
"page:214287473","page:233004614","包含目录","RJYFBGG","软件研发部公共空间","软件研发部公共空间 主页 / 5、信息收集 / 部门试流品类信息梳理","1"
"page:233004614","topic:其他","推断主题","RJYFBGG","软件研发部公共空间","部门试流品类信息梳理","1"
"page:14824627","page:52104848","包含目录","RJYFBGG","软件研发部公共空间","软件研发部公共空间 主页 / 6、开发输出文档模板","1"
"page:52104848","topic:规范与流程","推断主题","RJYFBGG","软件研发部公共空间","6、开发输出文档模板","1"
"page:52104848","page:148572637","包含目录","RJYFBGG","软件研发部公共空间","软件研发部公共空间 主页 / 6、开发输出文档模板 / 应用新分支清单","1"
"page:148572637","topic:规范与流程","推断主题","RJYFBGG","软件研发部公共空间","应用新分支清单","1"
"page:52104848","page:55546832","包含目录","RJYFBGG","软件研发部公共空间","软件研发部公共空间 主页 / 6、开发输出文档模板 / 软件决策评审-手机产品","1"
"page:55546832","topic:规范与流程","推断主题","RJYFBGG","软件研发部公共空间","软件决策评审-手机产品","1"
"page:52104848","page:55546826","包含目录","RJYFBGG","软件研发部公共空间","软件研发部公共空间 主页 / 6、开发输出文档模板 / 软件技术评审","1"
"page:55546826","topic:规范与流程","推断主题","RJYFBGG","软件研发部公共空间","软件技术评审","1"
"page:52104848","page:256842595","包含目录","RJYFBGG","软件研发部公共空间","软件研发部公共空间 主页 / 6、开发输出文档模板 / 需求系统设计指导","1"
"page:256842595","topic:需求与功能","推断主题","RJYFBGG","软件研发部公共空间","需求系统设计指导","1"
"page:52104848","page:256841989","包含目录","RJYFBGG","软件研发部公共空间","软件研发部公共空间 主页 / 6、开发输出文档模板 / 需求系统设计模板","1"
"page:256841989","topic:需求与功能","推断主题","RJYFBGG","软件研发部公共空间","需求系统设计模板","1"
"page:14824627","page:16846771","包含目录","RJYFBGG","软件研发部公共空间","软件研发部公共空间 主页 / 7、能力提升","1"
"page:16846771","topic:其他","推断主题","RJYFBGG","软件研发部公共空间","7、能力提升","1"
"page:16846771","page:256863815","包含目录","RJYFBGG","软件研发部公共空间","软件研发部公共空间 主页 / 7、能力提升 / 2024软件能力提升营","1"
"page:256863815","topic:其他","推断主题","RJYFBGG","软件研发部公共空间","2024软件能力提升营","1"
"page:16846771","page:326687230","包含目录","RJYFBGG","软件研发部公共空间","软件研发部公共空间 主页 / 7、能力提升 / 培训202509","1"
"page:326687230","topic:培训与知识","推断主题","RJYFBGG","软件研发部公共空间","培训202509","1"
"page:16846771","page:16846778","包含目录","RJYFBGG","软件研发部公共空间","软件研发部公共空间 主页 / 7、能力提升 / 软件研发部新员工专业知识指南-手机产品线","1"
"page:16846778","topic:规范与流程","推断主题","RJYFBGG","软件研发部公共空间","软件研发部新员工专业知识指南-手机产品线","1"
"page:14824627","page:76450349","包含目录","RJYFBGG","软件研发部公共空间","软件研发部公共空间 主页 / 8、部门活动","1"
"page:76450349","topic:其他","推断主题","RJYFBGG","软件研发部公共空间","8、部门活动","1"
"page:76450349","page:222790058","包含目录","RJYFBGG","软件研发部公共空间","软件研发部公共空间 主页 / 8、部门活动 / 1024","1"
"page:222790058","topic:其他","推断主题","RJYFBGG","软件研发部公共空间","1024","1"
"page:76450349","page:76450398","包含目录","RJYFBGG","软件研发部公共空间","软件研发部公共空间 主页 / 8、部门活动 / 19年手机部分软件质量考试总结","1"
"page:76450398","topic:数据与质量","推断主题","RJYFBGG","软件研发部公共空间","19年手机部分软件质量考试总结","1"
"page:76450349","page:107055558","包含目录","RJYFBGG","软件研发部公共空间","软件研发部公共空间 主页 / 8、部门活动 / 2020技能提升月活动 - 性能编码竞答比赛","1"
"page:107055558","topic:其他","推断主题","RJYFBGG","软件研发部公共空间","2020技能提升月活动 - 性能编码竞答比赛","1"
"page:76450349","page:222790436","包含目录","RJYFBGG","软件研发部公共空间","软件研发部公共空间 主页 / 8、部门活动 / 编码比赛","1"
"page:222790436","topic:其他","推断主题","RJYFBGG","软件研发部公共空间","编码比赛","1"
"page:76450349","page:172272159","包含目录","RJYFBGG","软件研发部公共空间","软件研发部公共空间 主页 / 8、部门活动 / 部门活动照片","1"
"page:172272159","topic:其他","推断主题","RJYFBGG","软件研发部公共空间","部门活动照片","1"
"page:14824627","page:82582161","包含目录","RJYFBGG","软件研发部公共空间","软件研发部公共空间 主页 / 9、NPS","1"
"page:82582161","topic:问题与复盘","推断主题","RJYFBGG","软件研发部公共空间","9、NPS","1"
"page:82582161","page:228772074","包含目录","RJYFBGG","软件研发部公共空间","软件研发部公共空间 主页 / 9、NPS / 2023年内销NPS数据","1"
"page:228772074","topic:问题与复盘","推断主题","RJYFBGG","软件研发部公共空间","2023年内销NPS数据","1"
"page:82582161","page:255081774","包含目录","RJYFBGG","软件研发部公共空间","软件研发部公共空间 主页 / 9、NPS / 2024海外Kernel Panic NPS问题跟踪","1"
"page:255081774","topic:问题与复盘","推断主题","RJYFBGG","软件研发部公共空间","2024海外Kernel Panic NPS问题跟踪","1"
"page:82582161","page:252870304","包含目录","RJYFBGG","软件研发部公共空间","软件研发部公共空间 主页 / 9、NPS / 2024海外应用 ANR tombstone NPS问题跟踪","1"
"page:252870304","topic:问题与复盘","推断主题","RJYFBGG","软件研发部公共空间","2024海外应用 ANR tombstone NPS问题跟踪","1"
"page:82582161","page:82582166","包含目录","RJYFBGG","软件研发部公共空间","软件研发部公共空间 主页 / 9、NPS / 内销NPS 软件综合类","1"
"page:82582166","topic:问题与复盘","推断主题","RJYFBGG","软件研发部公共空间","内销NPS 软件综合类","1"
"page:82582161","page:193503689","包含目录","RJYFBGG","软件研发部公共空间","软件研发部公共空间 主页 / 9、NPS / 已分享的链接","1"
"page:193503689","topic:问题与复盘","推断主题","RJYFBGG","软件研发部公共空间","已分享的链接","1"
"page:14824627","page:84644633","包含目录","RJYFBGG","软件研发部公共空间","软件研发部公共空间 主页 / 10、CBB 项目信息汇总","1"
"page:84644633","topic:项目管理","推断主题","RJYFBGG","软件研发部公共空间","10、CBB 项目信息汇总","1"
"page:84644633","page:84644645","包含目录","RJYFBGG","软件研发部公共空间","软件研发部公共空间 主页 / 10、CBB 项目信息汇总 / 10.1 软件CBB开发流程介绍","1"
"page:84644645","topic:规范与流程","推断主题","RJYFBGG","软件研发部公共空间","10.1 软件CBB开发流程介绍","1"
"page:84644633","page:84644648","包含目录","RJYFBGG","软件研发部公共空间","软件研发部公共空间 主页 / 10、CBB 项目信息汇总 / 10.2 软件CBB过程重点注意事项","1"
"page:84644648","topic:项目管理","推断主题","RJYFBGG","软件研发部公共空间","10.2 软件CBB过程重点注意事项","1"
"page:84644633","page:84648742","包含目录","RJYFBGG","软件研发部公共空间","软件研发部公共空间 主页 / 10、CBB 项目信息汇总 / 10.3  CBB项目规划","1"
"page:84648742","topic:项目管理","推断主题","RJYFBGG","软件研发部公共空间","10.3  CBB项目规划","1"
"page:84644633","page:86548684","包含目录","RJYFBGG","软件研发部公共空间","软件研发部公共空间 主页 / 10、CBB 项目信息汇总 / 10.4 过程任务","1"
"page:86548684","topic:项目管理","推断主题","RJYFBGG","软件研发部公共空间","10.4 过程任务","1"
"page:84644633","page:107777029","包含目录","RJYFBGG","软件研发部公共空间","软件研发部公共空间 主页 / 10、CBB 项目信息汇总 / 10.5  最新CBB货架整理","1"
"page:107777029","topic:项目管理","推断主题","RJYFBGG","软件研发部公共空间","10.5  最新CBB货架整理","1"
"page:84644633","page:101423666","包含目录","RJYFBGG","软件研发部公共空间","软件研发部公共空间 主页 / 10、CBB 项目信息汇总 / 10.6  在研项目信息统计","1"
"page:101423666","topic:项目管理","推断主题","RJYFBGG","软件研发部公共空间","10.6  在研项目信息统计","1"
"page:84644633","page:116817949","包含目录","RJYFBGG","软件研发部公共空间","软件研发部公共空间 主页 / 10、CBB 项目信息汇总 / 10.7  CBB落地方案","1"
"page:116817949","topic:设计与架构","推断主题","RJYFBGG","软件研发部公共空间","10.7  CBB落地方案","1"
"page:84644633","page:145066567","包含目录","RJYFBGG","软件研发部公共空间","软件研发部公共空间 主页 / 10、CBB 项目信息汇总 / 10.8 21年CBB预算统计","1"
"page:145066567","topic:项目管理","推断主题","RJYFBGG","软件研发部公共空间","10.8 21年CBB预算统计","1"
"page:84644633","page:161514467","包含目录","RJYFBGG","软件研发部公共空间","软件研发部公共空间 主页 / 10、CBB 项目信息汇总 / 10.9 CBB项目周报（21 年11月起）","1"
"page:161514467","topic:项目管理","推断主题","RJYFBGG","软件研发部公共空间","10.9 CBB项目周报（21 年11月起）","1"
"page:14824627","page:198348577","包含目录","RJYFBGG","软件研发部公共空间","软件研发部公共空间 主页 / 11、三星分析-研发及创新空间","1"
"page:198348577","topic:问题与复盘","推断主题","RJYFBGG","软件研发部公共空间","11、三星分析-研发及创新空间","1"
"page:198348577","page:198348585","包含目录","RJYFBGG","软件研发部公共空间","软件研发部公共空间 主页 / 11、三星分析-研发及创新空间 / 1.资料文档：","1"
"page:198348585","topic:问题与复盘","推断主题","RJYFBGG","软件研发部公共空间","1.资料文档：","1"
"page:198348577","page:198348596","包含目录","RJYFBGG","软件研发部公共空间","软件研发部公共空间 主页 / 11、三星分析-研发及创新空间 / 2.问题总结：","1"
"page:198348596","topic:问题与复盘","推断主题","RJYFBGG","软件研发部公共空间","2.问题总结：","1"
"page:198348577","page:198348603","包含目录","RJYFBGG","软件研发部公共空间","软件研发部公共空间 主页 / 11、三星分析-研发及创新空间 / 3.周例会内容共享：","1"
"page:198348603","topic:问题与复盘","推断主题","RJYFBGG","软件研发部公共空间","3.周例会内容共享：","1"
"page:14824627","page:92933569","包含目录","RJYFBGG","软件研发部公共空间","软件研发部公共空间 主页 / 12、科室例会","1"
"page:92933569","topic:会议与协同","推断主题","RJYFBGG","软件研发部公共空间","12、科室例会","1"
"page:92933569","page:122488724","包含目录","RJYFBGG","软件研发部公共空间","软件研发部公共空间 主页 / 12、科室例会 / 10、手机产品软件所","1"
"page:122488724","topic:会议与协同","推断主题","RJYFBGG","软件研发部公共空间","10、手机产品软件所","1"
"page:92933569","page:122488746","包含目录","RJYFBGG","软件研发部公共空间","软件研发部公共空间 主页 / 12、科室例会 / 11、武研","1"
"page:122488746","topic:会议与协同","推断主题","RJYFBGG","软件研发部公共空间","11、武研","1"
"page:92933569","page:122488763","包含目录","RJYFBGG","软件研发部公共空间","软件研发部公共空间 主页 / 12、科室例会 / 12、深研","1"
"page:122488763","topic:会议与协同","推断主题","RJYFBGG","软件研发部公共空间","12、深研","1"
"page:92933569","page:122488309","包含目录","RJYFBGG","软件研发部公共空间","软件研发部公共空间 主页 / 12、科室例会 / 1、海外软件开发所","1"
"page:122488309","topic:会议与协同","推断主题","RJYFBGG","软件研发部公共空间","1、海外软件开发所","1"
"page:92933569","page:122488577","包含目录","RJYFBGG","软件研发部公共空间","软件研发部公共空间 主页 / 12、科室例会 / 2、手机应用软件所","1"
"page:122488577","topic:会议与协同","推断主题","RJYFBGG","软件研发部公共空间","2、手机应用软件所","1"
"page:92933569","page:122488594","包含目录","RJYFBGG","软件研发部公共空间","软件研发部公共空间 主页 / 12、科室例会 / 3、手机平台软件所","1"
"page:122488594","topic:会议与协同","推断主题","RJYFBGG","软件研发部公共空间","3、手机平台软件所","1"
"page:92933569","page:122488616","包含目录","RJYFBGG","软件研发部公共空间","软件研发部公共空间 主页 / 12、科室例会 / 4、内销应用软件所","1"
"page:122488616","topic:会议与协同","推断主题","RJYFBGG","软件研发部公共空间","4、内销应用软件所","1"
"page:92933569","page:122488632","包含目录","RJYFBGG","软件研发部公共空间","软件研发部公共空间 主页 / 12、科室例会 / 5、内销平台软件所","1"
"page:122488632","topic:会议与协同","推断主题","RJYFBGG","软件研发部公共空间","5、内销平台软件所","1"
"page:92933569","page:122488642","包含目录","RJYFBGG","软件研发部公共空间","软件研发部公共空间 主页 / 12、科室例会 / 6、人工智能语音运营中心","1"
"page:122488642","topic:会议与协同","推断主题","RJYFBGG","软件研发部公共空间","6、人工智能语音运营中心","1"
"page:92933569","page:122488679","包含目录","RJYFBGG","软件研发部公共空间","软件研发部公共空间 主页 / 12、科室例会 / 7、内销产品软件所","1"
"page:122488679","topic:会议与协同","推断主题","RJYFBGG","软件研发部公共空间","7、内销产品软件所","1"
"page:92933569","page:122488696","包含目录","RJYFBGG","软件研发部公共空间","软件研发部公共空间 主页 / 12、科室例会 / 8、公共技术软件所","1"
"page:122488696","topic:会议与协同","推断主题","RJYFBGG","软件研发部公共空间","8、公共技术软件所","1"
"page:92933569","page:122488705","包含目录","RJYFBGG","软件研发部公共空间","软件研发部公共空间 主页 / 12、科室例会 / 9、海外电视整机软件所","1"
"page:122488705","topic:会议与协同","推断主题","RJYFBGG","软件研发部公共空间","9、海外电视整机软件所","1"
"page:14824627","page:97190910","包含目录","RJYFBGG","软件研发部公共空间","软件研发部公共空间 主页 / 14、软件过程指标","1"
"page:97190910","topic:数据与质量","推断主题","RJYFBGG","软件研发部公共空间","14、软件过程指标","1"
"page:97190910","page:97190915","包含目录","RJYFBGG","软件研发部公共空间","软件研发部公共空间 主页 / 14、软件过程指标 / 2020年各科室平均修复周期","1"
"page:97190915","topic:数据与质量","推断主题","RJYFBGG","软件研发部公共空间","2020年各科室平均修复周期","1"
"page:97190910","page:116819927","包含目录","RJYFBGG","软件研发部公共空间","软件研发部公共空间 主页 / 14、软件过程指标 / 2021年过程指标","1"
"page:116819927","topic:数据与质量","推断主题","RJYFBGG","软件研发部公共空间","2021年过程指标","1"
"page:97190910","page:97190889","包含目录","RJYFBGG","软件研发部公共空间","软件研发部公共空间 主页 / 14、软件过程指标 / 20年过程指标系数","1"
"page:97190889","topic:数据与质量","推断主题","RJYFBGG","软件研发部公共空间","20年过程指标系数","1"
"page:97190910","page:147819946","包含目录","RJYFBGG","软件研发部公共空间","软件研发部公共空间 主页 / 14、软件过程指标 / 22年过程指标","1"
"page:147819946","topic:数据与质量","推断主题","RJYFBGG","软件研发部公共空间","22年过程指标","1"
"page:97190910","page:195234153","包含目录","RJYFBGG","软件研发部公共空间","软件研发部公共空间 主页 / 14、软件过程指标 / 23年过程指标","1"
"page:195234153","topic:数据与质量","推断主题","RJYFBGG","软件研发部公共空间","23年过程指标","1"
"page:97190910","page:227865395","包含目录","RJYFBGG","软件研发部公共空间","软件研发部公共空间 主页 / 14、软件过程指标 / 24年过程指标","1"
"page:227865395","topic:数据与质量","推断主题","RJYFBGG","软件研发部公共空间","24年过程指标","1"
"page:97190910","page:287594560","包含目录","RJYFBGG","软件研发部公共空间","软件研发部公共空间 主页 / 14、软件过程指标 / 25年过程指标","1"
"page:287594560","topic:数据与质量","推断主题","RJYFBGG","软件研发部公共空间","25年过程指标","1"
"page:97190910","page:349819058","包含目录","RJYFBGG","软件研发部公共空间","软件研发部公共空间 主页 / 14、软件过程指标 / 26年过程指标","1"
"page:349819058","topic:数据与质量","推断主题","RJYFBGG","软件研发部公共空间","26年过程指标","1"
"page:97190910","page:98599747","包含目录","RJYFBGG","软件研发部公共空间","软件研发部公共空间 主页 / 14、软件过程指标 / 代码评审","1"
"page:98599747","topic:数据与质量","推断主题","RJYFBGG","软件研发部公共空间","代码评审","1"
"page:97190910","page:129079701","包含目录","RJYFBGG","软件研发部公共空间","软件研发部公共空间 主页 / 14、软件过程指标 / 分析材料","1"
"page:129079701","topic:问题与复盘","推断主题","RJYFBGG","软件研发部公共空间","分析材料","1"
"page:97190910","page:92933588","包含目录","RJYFBGG","软件研发部公共空间","软件研发部公共空间 主页 / 14、软件过程指标 / 平均修复周期2020-06-28","1"
"page:92933588","topic:数据与质量","推断主题","RJYFBGG","软件研发部公共空间","平均修复周期2020-06-28","1"
"page:97190910","page:131138457","包含目录","RJYFBGG","软件研发部公共空间","软件研发部公共空间 主页 / 14、软件过程指标 / 指标统计规则","1"
"page:131138457","topic:数据与质量","推断主题","RJYFBGG","软件研发部公共空间","指标统计规则","1"
"page:97190910","page:126918110","包含目录","RJYFBGG","软件研发部公共空间","软件研发部公共空间 主页 / 14、软件过程指标 / 电视准时一次无条件通过率","1"
"page:126918110","topic:数据与质量","推断主题","RJYFBGG","软件研发部公共空间","电视准时一次无条件通过率","1"
"page:14824627","page:98605234","包含目录","RJYFBGG","软件研发部公共空间","软件研发部公共空间 主页 / 15、软件相关流程体系清单","1"
"page:98605234","topic:规范与流程","推断主题","RJYFBGG","软件研发部公共空间","15、软件相关流程体系清单","1"
"page:98605234","page:310912434","包含目录","RJYFBGG","软件研发部公共空间","软件研发部公共空间 主页 / 15、软件相关流程体系清单 / 软件流程活动裁剪定义","1"
"page:310912434","topic:规范与流程","推断主题","RJYFBGG","软件研发部公共空间","软件流程活动裁剪定义","1"
"page:14824627","page:98606356","包含目录","RJYFBGG","软件研发部公共空间","软件研发部公共空间 主页 / 16、方案商管理","1"
"page:98606356","topic:设计与架构","推断主题","RJYFBGG","软件研发部公共空间","16、方案商管理","1"
"page:98606356","page:197540811","包含目录","RJYFBGG","软件研发部公共空间","软件研发部公共空间 主页 / 16、方案商管理 / Amloigc沟通","1"
"page:197540811","topic:设计与架构","推断主题","RJYFBGG","软件研发部公共空间","Amloigc沟通","1"
"page:98606356","page:196543159","包含目录","RJYFBGG","软件研发部公共空间","软件研发部公共空间 主页 / 16、方案商管理 / MTK交流-20230130","1"
"page:196543159","topic:设计与架构","推断主题","RJYFBGG","软件研发部公共空间","MTK交流-20230130","1"
"page:98606356","page:186986912","包含目录","RJYFBGG","软件研发部公共空间","软件研发部公共空间 主页 / 16、方案商管理 / MTK双周例会","1"
"page:186986912","topic:设计与架构","推断主题","RJYFBGG","软件研发部公共空间","MTK双周例会","1"
"page:98606356","page:131142271","包含目录","RJYFBGG","软件研发部公共空间","软件研发部公共空间 主页 / 16、方案商管理 / MTK月报","1"
"page:131142271","topic:设计与架构","推断主题","RJYFBGG","软件研发部公共空间","MTK月报","1"
"page:98606356","page:187806318","包含目录","RJYFBGG","软件研发部公共空间","软件研发部公共空间 主页 / 16、方案商管理 / Novatek例会","1"
"page:187806318","topic:设计与架构","推断主题","RJYFBGG","软件研发部公共空间","Novatek例会","1"
"page:98606356","page:146375979","包含目录","RJYFBGG","软件研发部公共空间","软件研发部公共空间 主页 / 16、方案商管理 / 外协方案商管理规则","1"
"page:146375979","topic:设计与架构","推断主题","RJYFBGG","软件研发部公共空间","外协方案商管理规则","1"
"page:98606356","page:215841451","包含目录","RJYFBGG","软件研发部公共空间","软件研发部公共空间 主页 / 16、方案商管理 / 方案商现场支持人员明细","1"
"page:215841451","topic:设计与架构","推断主题","RJYFBGG","软件研发部公共空间","方案商现场支持人员明细","1"
"page:98606356","page:98606360","包含目录","RJYFBGG","软件研发部公共空间","软件研发部公共空间 主页 / 16、方案商管理 / 方案商管理规则","1"
"page:98606360","topic:设计与架构","推断主题","RJYFBGG","软件研发部公共空间","方案商管理规则","1"
"page:14824627","page:100046630","包含目录","RJYFBGG","软件研发部公共空间","软件研发部公共空间 主页 / 17、软件研发部工作周报","1"
"page:100046630","topic:其他","推断主题","RJYFBGG","软件研发部公共空间","17、软件研发部工作周报","1"
"page:100046630","page:129794927","包含目录","RJYFBGG","软件研发部公共空间","软件研发部公共空间 主页 / 17、软件研发部工作周报 / 2021年-旧","1"
"page:129794927","topic:其他","推断主题","RJYFBGG","软件研发部公共空间","2021年-旧","1"
"page:100046630","page:126910669","包含目录","RJYFBGG","软件研发部公共空间","软件研发部公共空间 主页 / 17、软件研发部工作周报 / 内销软件周报","1"
"page:126910669","topic:其他","推断主题","RJYFBGG","软件研发部公共空间","内销软件周报","1"
"page:100046630","page:126910621","包含目录","RJYFBGG","软件研发部公共空间","软件研发部公共空间 主页 / 17、软件研发部工作周报 / 内销软件周报编写规范","1"
"page:126910621","topic:规范与流程","推断主题","RJYFBGG","软件研发部公共空间","内销软件周报编写规范","1"
"page:100046630","page:128352432","包含目录","RJYFBGG","软件研发部公共空间","软件研发部公共空间 主页 / 17、软件研发部工作周报 / 外销软件周报","1"
"page:128352432","topic:其他","推断主题","RJYFBGG","软件研发部公共空间","外销软件周报","1"
"page:100046630","page:140349661","包含目录","RJYFBGG","软件研发部公共空间","软件研发部公共空间 主页 / 17、软件研发部工作周报 / 外销软件重点项目风险周记录","1"
"page:140349661","topic:项目管理","推断主题","RJYFBGG","软件研发部公共空间","外销软件重点项目风险周记录","1"
"page:100046630","page:139076451","包含目录","RJYFBGG","软件研发部公共空间","软件研发部公共空间 主页 / 17、软件研发部工作周报 / 外销软件月度工作","1"
"page:139076451","topic:其他","推断主题","RJYFBGG","软件研发部公共空间","外销软件月度工作","1"
"page:100046630","page:122496089","包含目录","RJYFBGG","软件研发部公共空间","软件研发部公共空间 主页 / 17、软件研发部工作周报 / 部门资源梳理","1"
"page:122496089","topic:其他","推断主题","RJYFBGG","软件研发部公共空间","部门资源梳理","1"
"page:100046630","page:157191610","包含目录","RJYFBGG","软件研发部公共空间","软件研发部公共空间 主页 / 17、软件研发部工作周报 / 安卓软件周报","1"
"page:157191610","topic:其他","推断主题","RJYFBGG","软件研发部公共空间","安卓软件周报","1"
"page:14824627","page:104801046","包含目录","RJYFBGG","软件研发部公共空间","软件研发部公共空间 主页 / 18、流程绩效","1"
"page:104801046","topic:规范与流程","推断主题","RJYFBGG","软件研发部公共空间","18、流程绩效","1"
"page:104801046","page:104801049","包含目录","RJYFBGG","软件研发部公共空间","软件研发部公共空间 主页 / 18、流程绩效 / 组织级绩效数据","1"
"page:104801049","topic:规范与流程","推断主题","RJYFBGG","软件研发部公共空间","组织级绩效数据","1"
"page:104801046","page:104801069","包含目录","RJYFBGG","软件研发部公共空间","软件研发部公共空间 主页 / 18、流程绩效 / 项目级绩效","1"
"page:104801069","topic:规范与流程","推断主题","RJYFBGG","软件研发部公共空间","项目级绩效","1"
"page:14824627","page:118238333","包含目录","RJYFBGG","软件研发部公共空间","软件研发部公共空间 主页 / 19、DailyRelease","1"
"page:118238333","topic:版本与计划","推断主题","RJYFBGG","软件研发部公共空间","19、DailyRelease","1"
"page:118238333","page:119708521","包含目录","RJYFBGG","软件研发部公共空间","软件研发部公共空间 主页 / 19、DailyRelease / DailyRelease会议纪要","1"
"page:119708521","topic:版本与计划","推断主题","RJYFBGG","软件研发部公共空间","DailyRelease会议纪要","1"
"page:118238333","page:119708464","包含目录","RJYFBGG","软件研发部公共空间","软件研发部公共空间 主页 / 19、DailyRelease / 手机XXX项目DailyRelease","1"
"page:119708464","topic:版本与计划","推断主题","RJYFBGG","软件研发部公共空间","手机XXX项目DailyRelease","1"
"page:118238333","page:119708454","包含目录","RJYFBGG","软件研发部公共空间","软件研发部公共空间 主页 / 19、DailyRelease / 电视内销项目DailyRelease","1"
"page:119708454","topic:版本与计划","推断主题","RJYFBGG","软件研发部公共空间","电视内销项目DailyRelease","1"
"page:118238333","page:120521661","包含目录","RJYFBGG","软件研发部公共空间","软件研发部公共空间 主页 / 19、DailyRelease / 软件外销-Android项目","1"
"page:120521661","topic:版本与计划","推断主题","RJYFBGG","软件研发部公共空间","软件外销-Android项目","1"
"page:118238333","page:120521666","包含目录","RJYFBGG","软件研发部公共空间","软件研发部公共空间 主页 / 19、DailyRelease / 软件外销-VIDAA项目","1"
"page:120521666","topic:版本与计划","推断主题","RJYFBGG","软件研发部公共空间","软件外销-VIDAA项目","1"
"page:14824627","page:120531069","包含目录","RJYFBGG","软件研发部公共空间","软件研发部公共空间 主页 / 20、专利信息","1"
"page:120531069","topic:其他","推断主题","RJYFBGG","软件研发部公共空间","20、专利信息","1"
"page:120531069","page:120531075","包含目录","RJYFBGG","软件研发部公共空间","软件研发部公共空间 主页 / 20、专利信息 / 2021年专利-电视","1"
"page:120531075","topic:其他","推断主题","RJYFBGG","软件研发部公共空间","2021年专利-电视","1"
"page:120531069","page:151629680","包含目录","RJYFBGG","软件研发部公共空间","软件研发部公共空间 主页 / 20、专利信息 / 2022年专利-电视","1"
"page:151629680","topic:其他","推断主题","RJYFBGG","软件研发部公共空间","2022年专利-电视","1"
"page:120531069","page:195240995","包含目录","RJYFBGG","软件研发部公共空间","软件研发部公共空间 主页 / 20、专利信息 / 2023年专利-电视","1"
"page:195240995","topic:其他","推断主题","RJYFBGG","软件研发部公共空间","2023年专利-电视","1"
"page:120531069","page:227858480","包含目录","RJYFBGG","软件研发部公共空间","软件研发部公共空间 主页 / 20、专利信息 / 2024年专利-电视","1"
"page:227858480","topic:其他","推断主题","RJYFBGG","软件研发部公共空间","2024年专利-电视","1"
"page:120531069","page:276381059","包含目录","RJYFBGG","软件研发部公共空间","软件研发部公共空间 主页 / 20、专利信息 / 2025年专利-电视","1"
"page:276381059","topic:其他","推断主题","RJYFBGG","软件研发部公共空间","2025年专利-电视","1"
"page:14824627","page:121840469","包含目录","RJYFBGG","软件研发部公共空间","软件研发部公共空间 主页 / 21、部门人员管理","1"
"page:121840469","topic:项目管理","推断主题","RJYFBGG","软件研发部公共空间","21、部门人员管理","1"
"page:121840469","page:123997226","包含目录","RJYFBGG","软件研发部公共空间","软件研发部公共空间 主页 / 21、部门人员管理 / 入职面试评价","1"
"page:123997226","topic:项目管理","推断主题","RJYFBGG","软件研发部公共空间","入职面试评价","1"
"page:121840469","page:121840477","包含目录","RJYFBGG","软件研发部公共空间","软件研发部公共空间 主页 / 21、部门人员管理 / 外包人员管理","1"
"page:121840477","topic:项目管理","推断主题","RJYFBGG","软件研发部公共空间","外包人员管理","1"
"page:121840469","page:161527860","包含目录","RJYFBGG","软件研发部公共空间","软件研发部公共空间 主页 / 21、部门人员管理 / 技术面试题库","1"
"page:161527860","topic:项目管理","推断主题","RJYFBGG","软件研发部公共空间","技术面试题库","1"
"page:121840469","page:137632223","包含目录","RJYFBGG","软件研发部公共空间","软件研发部公共空间 主页 / 21、部门人员管理 / 校招面试","1"
"page:137632223","topic:项目管理","推断主题","RJYFBGG","软件研发部公共空间","校招面试","1"
"page:121840469","page:217318531","包含目录","RJYFBGG","软件研发部公共空间","软件研发部公共空间 主页 / 21、部门人员管理 / 软件研发部人事信息自纠自查完成情况反馈","1"
"page:217318531","topic:项目管理","推断主题","RJYFBGG","软件研发部公共空间","软件研发部人事信息自纠自查完成情况反馈","1"
"page:14824627","page:122488265","包含目录","RJYFBGG","软件研发部公共空间","软件研发部公共空间 主页 / 22、人才地图","1"
"page:122488265","topic:其他","推断主题","RJYFBGG","软件研发部公共空间","22、人才地图","1"
"page:122488265","page:179417456","包含目录","RJYFBGG","软件研发部公共空间","软件研发部公共空间 主页 / 22、人才地图 / 01 - 岗位应知应会梳理","1"
"page:179417456","topic:其他","推断主题","RJYFBGG","软件研发部公共空间","01 - 岗位应知应会梳理","1"
"page:122488265","page:122488870","包含目录","RJYFBGG","软件研发部公共空间","软件研发部公共空间 主页 / 22、人才地图 / 人工智能语音运营中心","1"
"page:122488870","topic:其他","推断主题","RJYFBGG","软件研发部公共空间","人工智能语音运营中心","1"
"page:122488265","page:122488900","包含目录","RJYFBGG","软件研发部公共空间","软件研发部公共空间 主页 / 22、人才地图 / 公共技术软件所","1"
"page:122488900","topic:其他","推断主题","RJYFBGG","软件研发部公共空间","公共技术软件所","1"
"page:122488265","page:122488882","包含目录","RJYFBGG","软件研发部公共空间","软件研发部公共空间 主页 / 22、人才地图 / 内销产品软件所","1"
"page:122488882","topic:其他","推断主题","RJYFBGG","软件研发部公共空间","内销产品软件所","1"
"page:122488265","page:122488857","包含目录","RJYFBGG","软件研发部公共空间","软件研发部公共空间 主页 / 22、人才地图 / 内销平台软件所","1"
"page:122488857","topic:其他","推断主题","RJYFBGG","软件研发部公共空间","内销平台软件所","1"
"page:122488265","page:122488845","包含目录","RJYFBGG","软件研发部公共空间","软件研发部公共空间 主页 / 22、人才地图 / 内销应用软件所","1"
"page:122488845","topic:其他","推断主题","RJYFBGG","软件研发部公共空间","内销应用软件所","1"
"page:122488265","page:122488936","包含目录","RJYFBGG","软件研发部公共空间","软件研发部公共空间 主页 / 22、人才地图 / 手机产品软件所","1"
"page:122488936","topic:其他","推断主题","RJYFBGG","软件研发部公共空间","手机产品软件所","1"
"page:122488265","page:122488822","包含目录","RJYFBGG","软件研发部公共空间","软件研发部公共空间 主页 / 22、人才地图 / 手机平台软件所","1"
"page:122488822","topic:其他","推断主题","RJYFBGG","软件研发部公共空间","手机平台软件所","1"
"page:122488265","page:122488807","包含目录","RJYFBGG","软件研发部公共空间","软件研发部公共空间 主页 / 22、人才地图 / 手机应用软件所","1"
"page:122488807","topic:其他","推断主题","RJYFBGG","软件研发部公共空间","手机应用软件所","1"
"page:122488265","page:122488974","包含目录","RJYFBGG","软件研发部公共空间","软件研发部公共空间 主页 / 22、人才地图 / 武研","1"
"page:122488974","topic:其他","推断主题","RJYFBGG","软件研发部公共空间","武研","1"
"page:122488265","page:122488915","包含目录","RJYFBGG","软件研发部公共空间","软件研发部公共空间 主页 / 22、人才地图 / 海外电视整机软件所","1"
"page:122488915","topic:其他","推断主题","RJYFBGG","软件研发部公共空间","海外电视整机软件所","1"
"page:122488265","page:122488790","包含目录","RJYFBGG","软件研发部公共空间","软件研发部公共空间 主页 / 22、人才地图 / 海外软件开发所","1"
"page:122488790","topic:其他","推断主题","RJYFBGG","软件研发部公共空间","海外软件开发所","1"
"page:122488265","page:122488985","包含目录","RJYFBGG","软件研发部公共空间","软件研发部公共空间 主页 / 22、人才地图 / 深研","1"
"page:122488985","topic:其他","推断主题","RJYFBGG","软件研发部公共空间","深研","1"
"page:14824627","page:207403832","包含目录","RJYFBGG","软件研发部公共空间","软件研发部公共空间 主页 / 23、任职资格","1"
"page:207403832","topic:其他","推断主题","RJYFBGG","软件研发部公共空间","23、任职资格","1"
"page:207403832","page:213422729","包含目录","RJYFBGG","软件研发部公共空间","软件研发部公共空间 主页 / 23、任职资格 / 2023年任职资格建设","1"
"page:213422729","topic:其他","推断主题","RJYFBGG","软件研发部公共空间","2023年任职资格建设","1"
"page:207403832","page:216383342","包含目录","RJYFBGG","软件研发部公共空间","软件研发部公共空间 主页 / 23、任职资格 / 任职资格实操考试","1"
"page:216383342","topic:其他","推断主题","RJYFBGG","软件研发部公共空间","任职资格实操考试","1"
"page:207403832","page:214277862","包含目录","RJYFBGG","软件研发部公共空间","软件研发部公共空间 主页 / 23、任职资格 / 实操考试","1"
"page:214277862","topic:其他","推断主题","RJYFBGG","软件研发部公共空间","实操考试","1"
"page:14824627","page:154219077","包含目录","RJYFBGG","软件研发部公共空间","软件研发部公共空间 主页 / 24、招聘","1"
"page:154219077","topic:其他","推断主题","RJYFBGG","软件研发部公共空间","24、招聘","1"
"page:154219077","page:154219083","包含目录","RJYFBGG","软件研发部公共空间","软件研发部公共空间 主页 / 24、招聘 / 手机软件2022年招聘台账","1"
"page:154219083","topic:其他","推断主题","RJYFBGG","软件研发部公共空间","手机软件2022年招聘台账","1"
"page:14824627","page:68293445","包含目录","RJYFBGG","软件研发部公共空间","软件研发部公共空间 主页 / 25、信息统计","1"
"page:68293445","topic:数据与质量","推断主题","RJYFBGG","软件研发部公共空间","25、信息统计","1"
"page:68293445","page:68293450","包含目录","RJYFBGG","软件研发部公共空间","软件研发部公共空间 主页 / 25、信息统计 / 2020年内销电视云平台扩容计划","1"
"page:68293450","topic:版本与计划","推断主题","RJYFBGG","软件研发部公共空间","2020年内销电视云平台扩容计划","1"
"page:68293445","page:68293476","包含目录","RJYFBGG","软件研发部公共空间","软件研发部公共空间 主页 / 25、信息统计 / 2020年外销电视云平台扩容计划","1"
"page:68293476","topic:版本与计划","推断主题","RJYFBGG","软件研发部公共空间","2020年外销电视云平台扩容计划","1"
"page:68293445","page:141072476","包含目录","RJYFBGG","软件研发部公共空间","软件研发部公共空间 主页 / 25、信息统计 / 2022 年开发云扩容需求","1"
"page:141072476","topic:需求与功能","推断主题","RJYFBGG","软件研发部公共空间","2022 年开发云扩容需求","1"
"page:68293445","page:157194335","包含目录","RJYFBGG","软件研发部公共空间","软件研发部公共空间 主页 / 25、信息统计 / 2022年3月份子女无人看护且符合居家办公要求的人员信息统计","1"
"page:157194335","topic:数据与质量","推断主题","RJYFBGG","软件研发部公共空间","2022年3月份子女无人看护且符合居家办公要求的人员信息统计","1"
"page:68293445","page:157190178","包含目录","RJYFBGG","软件研发部公共空间","软件研发部公共空间 主页 / 25、信息统计 / 2022年3月份疫情员工隔离信息统计","1"
"page:157190178","topic:数据与质量","推断主题","RJYFBGG","软件研发部公共空间","2022年3月份疫情员工隔离信息统计","1"
"page:68293445","page:157196498","包含目录","RJYFBGG","软件研发部公共空间","软件研发部公共空间 主页 / 25、信息统计 / 2022年3月居家办公信息统计","1"
"page:157196498","topic:数据与质量","推断主题","RJYFBGG","软件研发部公共空间","2022年3月居家办公信息统计","1"
"page:68293445","page:196543420","包含目录","RJYFBGG","软件研发部公共空间","软件研发部公共空间 主页 / 25、信息统计 / 2023 年开发云扩容需求","1"
"page:196543420","topic:需求与功能","推断主题","RJYFBGG","软件研发部公共空间","2023 年开发云扩容需求","1"
"page:68293445","page:236717476","包含目录","RJYFBGG","软件研发部公共空间","软件研发部公共空间 主页 / 25、信息统计 / 2024 年开发云扩容需求--截止到2024年5月10号","1"
"page:236717476","topic:需求与功能","推断主题","RJYFBGG","软件研发部公共空间","2024 年开发云扩容需求--截止到2024年5月10号","1"
"page:68293445","page:263688846","包含目录","RJYFBGG","软件研发部公共空间","软件研发部公共空间 主页 / 25、信息统计 / 2024opengrok代码清理","1"
"page:263688846","topic:数据与质量","推断主题","RJYFBGG","软件研发部公共空间","2024opengrok代码清理","1"
"page:68293445","page:223288012","包含目录","RJYFBGG","软件研发部公共空间","软件研发部公共空间 主页 / 25、信息统计 / 23年三季度考勤未正常打卡信息申诉","1"
"page:223288012","topic:数据与质量","推断主题","RJYFBGG","软件研发部公共空间","23年三季度考勤未正常打卡信息申诉","1"
"page:68293445","page:217784301","包含目录","RJYFBGG","软件研发部公共空间","软件研发部公共空间 主页 / 25、信息统计 / 23年二季度考勤未正常打卡信息申诉","1"
"page:217784301","topic:数据与质量","推断主题","RJYFBGG","软件研发部公共空间","23年二季度考勤未正常打卡信息申诉","1"
"page:68293445","page:229090685","包含目录","RJYFBGG","软件研发部公共空间","软件研发部公共空间 主页 / 25、信息统计 / 23年四季度考勤未正常打卡信息申诉","1"
"page:229090685","topic:数据与质量","推断主题","RJYFBGG","软件研发部公共空间","23年四季度考勤未正常打卡信息申诉","1"
"page:68293445","page:195241394","包含目录","RJYFBGG","软件研发部公共空间","软件研发部公共空间 主页 / 25、信息统计 / 9618 [Need help] 春节需要海信同步加班清单","1"
"page:195241394","topic:数据与质量","推断主题","RJYFBGG","软件研发部公共空间","9618 [Need help] 春节需要海信同步加班清单","1"
"page:68293445","page:83303601","包含目录","RJYFBGG","软件研发部公共空间","软件研发部公共空间 主页 / 25、信息统计 / MSD668项目模块人员统计","1"
"page:83303601","topic:项目管理","推断主题","RJYFBGG","软件研发部公共空间","MSD668项目模块人员统计","1"
"page:68293445","page:83303007","包含目录","RJYFBGG","软件研发部公共空间","软件研发部公共空间 主页 / 25、信息统计 / MT9602-SA项目模块人员统计","1"
"page:83303007","topic:项目管理","推断主题","RJYFBGG","软件研发部公共空间","MT9602-SA项目模块人员统计","1"
"page:68293445","page:221869652","包含目录","RJYFBGG","软件研发部公共空间","软件研发部公共空间 主页 / 25、信息统计 / 互联网应用程序备案工作","1"
"page:221869652","topic:数据与质量","推断主题","RJYFBGG","软件研发部公共空间","互联网应用程序备案工作","1"
"page:68293445","page:68852631","包含目录","RJYFBGG","软件研发部公共空间","软件研发部公共空间 主页 / 25、信息统计 / 代码统计20191018","1"
"page:68852631","topic:数据与质量","推断主题","RJYFBGG","软件研发部公共空间","代码统计20191018","1"
"page:68293445","page:143430667","包含目录","RJYFBGG","软件研发部公共空间","软件研发部公共空间 主页 / 25、信息统计 / 先进制造","1"
"page:143430667","topic:数据与质量","推断主题","RJYFBGG","软件研发部公共空间","先进制造","1"
"page:68293445","page:71407934","包含目录","RJYFBGG","软件研发部公共空间","软件研发部公共空间 主页 / 25、信息统计 / 分支信息控制","1"
"page:71407934","topic:数据与质量","推断主题","RJYFBGG","软件研发部公共空间","分支信息控制","1"
"page:68293445","page:137635424","包含目录","RJYFBGG","软件研发部公共空间","软件研发部公共空间 主页 / 25、信息统计 / 可下载的云桌面统计","1"
"page:137635424","topic:数据与质量","推断主题","RJYFBGG","软件研发部公共空间","可下载的云桌面统计","1"
"page:68293445","page:268417241","包含目录","RJYFBGG","软件研发部公共空间","软件研发部公共空间 主页 / 25、信息统计 / 固定资产","1"
"page:268417241","topic:数据与质量","推断主题","RJYFBGG","软件研发部公共空间","固定资产","1"
"page:68293445","page:299017651","包含目录","RJYFBGG","软件研发部公共空间","软件研发部公共空间 主页 / 25、信息统计 / 安卓应用Jetpack Compose学习名单","1"
"page:299017651","topic:培训与知识","推断主题","RJYFBGG","软件研发部公共空间","安卓应用Jetpack Compose学习名单","1"
"page:68293445","page:188662041","包含目录","RJYFBGG","软件研发部公共空间","软件研发部公共空间 主页 / 25、信息统计 / 居家办公信息统计","1"
"page:188662041","topic:数据与质量","推断主题","RJYFBGG","软件研发部公共空间","居家办公信息统计","1"
"page:68293445","page:273086625","包含目录","RJYFBGG","软件研发部公共空间","软件研发部公共空间 主页 / 25、信息统计 / 文件拷贝拦截需求统计","1"
"page:273086625","topic:需求与功能","推断主题","RJYFBGG","软件研发部公共空间","文件拷贝拦截需求统计","1"
"page:68293445","page:99322880","包含目录","RJYFBGG","软件研发部公共空间","软件研发部公共空间 主页 / 25、信息统计 / 未使用Android Studio开发Android App的详情","1"
"page:99322880","topic:数据与质量","推断主题","RJYFBGG","软件研发部公共空间","未使用Android Studio开发Android App的详情","1"
"page:68293445","page:79793546","包含目录","RJYFBGG","软件研发部公共空间","软件研发部公共空间 主页 / 25、信息统计 / 疫情防控期间VPN申请","1"
"page:79793546","topic:数据与质量","推断主题","RJYFBGG","软件研发部公共空间","疫情防控期间VPN申请","1"
"page:68293445","page:294915273","包含目录","RJYFBGG","软件研发部公共空间","软件研发部公共空间 主页 / 25、信息统计 / 部门邮箱信息统计2025.3.13","1"
"page:294915273","topic:数据与质量","推断主题","RJYFBGG","软件研发部公共空间","部门邮箱信息统计2025.3.13","1"
"page:68293445","page:250624119","包含目录","RJYFBGG","软件研发部公共空间","软件研发部公共空间 主页 / 25、信息统计 / 长焦幕布数据储备信息统计","1"
"page:250624119","topic:数据与质量","推断主题","RJYFBGG","软件研发部公共空间","长焦幕布数据储备信息统计","1"
"page:68293445","page:215349544","包含目录","RJYFBGG","软件研发部公共空间","软件研发部公共空间 主页 / 25、信息统计 / 青岛市“护网2023”网络攻防演习--密码要求（研发）","1"
"page:215349544","topic:数据与质量","推断主题","RJYFBGG","软件研发部公共空间","青岛市“护网2023”网络攻防演习--密码要求（研发）","1"
"page:14824627","page:130451027","包含目录","RJYFBGG","软件研发部公共空间","软件研发部公共空间 主页 / 26、持续集成CI","1"
"page:130451027","topic:设计与架构","推断主题","RJYFBGG","软件研发部公共空间","26、持续集成CI","1"
"page:130451027","page:131143241","包含目录","RJYFBGG","软件研发部公共空间","软件研发部公共空间 主页 / 26、持续集成CI / 0、单元测试报告模板","1"
"page:131143241","topic:设计与架构","推断主题","RJYFBGG","软件研发部公共空间","0、单元测试报告模板","1"
"page:130451027","page:218139661","包含目录","RJYFBGG","软件研发部公共空间","软件研发部公共空间 主页 / 26、持续集成CI / 10、CI流程执行过程问题记录","1"
"page:218139661","topic:设计与架构","推断主题","RJYFBGG","软件研发部公共空间","10、CI流程执行过程问题记录","1"
"page:130451027","page:182650323","包含目录","RJYFBGG","软件研发部公共空间","软件研发部公共空间 主页 / 26、持续集成CI / 10月份","1"
"page:182650323","topic:设计与架构","推断主题","RJYFBGG","软件研发部公共空间","10月份","1"
"page:130451027","page:131143258","包含目录","RJYFBGG","软件研发部公共空间","软件研发部公共空间 主页 / 26、持续集成CI / 1、2021单元测试报告","1"
"page:131143258","topic:设计与架构","推断主题","RJYFBGG","软件研发部公共空间","1、2021单元测试报告","1"
"page:130451027","page:148570976","包含目录","RJYFBGG","软件研发部公共空间","软件研发部公共空间 主页 / 26、持续集成CI / 1、2022单元测试报告","1"
"page:148570976","topic:设计与架构","推断主题","RJYFBGG","软件研发部公共空间","1、2022单元测试报告","1"
"page:130451027","page:205687927","包含目录","RJYFBGG","软件研发部公共空间","软件研发部公共空间 主页 / 26、持续集成CI / 1、2023年单元测试要求","1"
"page:205687927","topic:设计与架构","推断主题","RJYFBGG","软件研发部公共空间","1、2023年单元测试要求","1"
"page:130451027","page:149991028","包含目录","RJYFBGG","软件研发部公共空间","软件研发部公共空间 主页 / 26、持续集成CI / 2022单元测试指标分解原始数据","1"
"page:149991028","topic:设计与架构","推断主题","RJYFBGG","软件研发部公共空间","2022单元测试指标分解原始数据","1"
"page:130451027","page:185271999","包含目录","RJYFBGG","软件研发部公共空间","软件研发部公共空间 主页 / 26、持续集成CI / 23年CI规划","1"
"page:185271999","topic:设计与架构","推断主题","RJYFBGG","软件研发部公共空间","23年CI规划","1"
"page:130451027","page:193513183","包含目录","RJYFBGG","软件研发部公共空间","软件研发部公共空间 主页 / 26、持续集成CI / 23年单元测试特殊情况记录","1"
"page:193513183","topic:设计与架构","推断主题","RJYFBGG","软件研发部公共空间","23年单元测试特殊情况记录","1"
"page:130451027","page:224261983","包含目录","RJYFBGG","软件研发部公共空间","软件研发部公共空间 主页 / 26、持续集成CI / 23年软件大事任务支撑 及 计划与完成情况","1"
"page:224261983","topic:设计与架构","推断主题","RJYFBGG","软件研发部公共空间","23年软件大事任务支撑 及 计划与完成情况","1"
"page:130451027","page:228768113","包含目录","RJYFBGG","软件研发部公共空间","软件研发部公共空间 主页 / 26、持续集成CI / 24年CI规划","1"
"page:228768113","topic:设计与架构","推断主题","RJYFBGG","软件研发部公共空间","24年CI规划","1"
"page:130451027","page:131147652","包含目录","RJYFBGG","软件研发部公共空间","软件研发部公共空间 主页 / 26、持续集成CI / 2、测试统计工具使用说明","1"
"page:131147652","topic:设计与架构","推断主题","RJYFBGG","软件研发部公共空间","2、测试统计工具使用说明","1"
"page:130451027","page:165752997","包含目录","RJYFBGG","软件研发部公共空间","软件研发部公共空间 主页 / 26、持续集成CI / 34 自动化持续集成能力提升项目","1"
"page:165752997","topic:设计与架构","推断主题","RJYFBGG","软件研发部公共空间","34 自动化持续集成能力提升项目","1"
"page:130451027","page:133306607","包含目录","RJYFBGG","软件研发部公共空间","软件研发部公共空间 主页 / 26、持续集成CI / 3、单元测试流程","1"
"page:133306607","topic:设计与架构","推断主题","RJYFBGG","软件研发部公共空间","3、单元测试流程","1"
"page:130451027","page:153430043","包含目录","RJYFBGG","软件研发部公共空间","软件研发部公共空间 主页 / 26、持续集成CI / 4、单元测试接口人具体活动","1"
"page:153430043","topic:设计与架构","推断主题","RJYFBGG","软件研发部公共空间","4、单元测试接口人具体活动","1"
"page:130451027","page:171419727","包含目录","RJYFBGG","软件研发部公共空间","软件研发部公共空间 主页 / 26、持续集成CI / 4、应用CI 相关资料","1"
"page:171419727","topic:设计与架构","推断主题","RJYFBGG","软件研发部公共空间","4、应用CI 相关资料","1"
"page:130451027","page:173912738","包含目录","RJYFBGG","软件研发部公共空间","软件研发部公共空间 主页 / 26、持续集成CI / 6、静态代码检查","1"
"page:173912738","topic:设计与架构","推断主题","RJYFBGG","软件研发部公共空间","6、静态代码检查","1"
"page:130451027","page:174725660","包含目录","RJYFBGG","软件研发部公共空间","软件研发部公共空间 主页 / 26、持续集成CI / 7、CI培训","1"
"page:174725660","topic:设计与架构","推断主题","RJYFBGG","软件研发部公共空间","7、CI培训","1"
"page:130451027","page:199137919","包含目录","RJYFBGG","软件研发部公共空间","软件研发部公共空间 主页 / 26、持续集成CI / 8、月度SIT问题复盘","1"
"page:199137919","topic:设计与架构","推断主题","RJYFBGG","软件研发部公共空间","8、月度SIT问题复盘","1"
"page:130451027","page:178597920","包含目录","RJYFBGG","软件研发部公共空间","软件研发部公共空间 主页 / 26、持续集成CI / 9618项目自动化测试用例 开发任务分解","1"
"page:178597920","topic:设计与架构","推断主题","RJYFBGG","软件研发部公共空间","9618项目自动化测试用例 开发任务分解","1"
"page:130451027","page:213427626","包含目录","RJYFBGG","软件研发部公共空间","软件研发部公共空间 主页 / 26、持续集成CI / 9、发布的周报/月报","1"
"page:213427626","topic:设计与架构","推断主题","RJYFBGG","软件研发部公共空间","9、发布的周报/月报","1"
"page:130451027","page:201954644","包含目录","RJYFBGG","软件研发部公共空间","软件研发部公共空间 主页 / 26、持续集成CI / CI2.0人工时详细列表","1"
"page:201954644","topic:设计与架构","推断主题","RJYFBGG","软件研发部公共空间","CI2.0人工时详细列表","1"
"page:130451027","page:175510662","包含目录","RJYFBGG","软件研发部公共空间","软件研发部公共空间 主页 / 26、持续集成CI / CI与聚好看自动化测试","1"
"page:175510662","topic:设计与架构","推断主题","RJYFBGG","软件研发部公共空间","CI与聚好看自动化测试","1"
"page:130451027","page:177875484","包含目录","RJYFBGG","软件研发部公共空间","软件研发部公共空间 主页 / 26、持续集成CI / CI无效问题--Jira问题","1"
"page:177875484","topic:设计与架构","推断主题","RJYFBGG","软件研发部公共空间","CI无效问题--Jira问题","1"
"page:130451027","page:211790410","包含目录","RJYFBGG","软件研发部公共空间","软件研发部公共空间 主页 / 26、持续集成CI / CI月报23年4月度-解决周期长问题","1"
"page:211790410","topic:设计与架构","推断主题","RJYFBGG","软件研发部公共空间","CI月报23年4月度-解决周期长问题","1"
"page:130451027","page:172266548","包含目录","RJYFBGG","软件研发部公共空间","软件研发部公共空间 主页 / 26、持续集成CI / CI流水线 config.sh配置异常情况汇总","1"
"page:172266548","topic:设计与架构","推断主题","RJYFBGG","软件研发部公共空间","CI流水线 config.sh配置异常情况汇总","1"
"page:130451027","page:216916434","包含目录","RJYFBGG","软件研发部公共空间","软件研发部公共空间 主页 / 26、持续集成CI / CI流水线接入","1"
"page:216916434","topic:设计与架构","推断主题","RJYFBGG","软件研发部公共空间","CI流水线接入","1"
"page:130451027","page:178600667","包含目录","RJYFBGG","软件研发部公共空间","软件研发部公共空间 主页 / 26、持续集成CI / DTV-HUI","1"
"page:178600667","topic:设计与架构","推断主题","RJYFBGG","软件研发部公共空间","DTV-HUI","1"
"page:130451027","page:224251114","包含目录","RJYFBGG","软件研发部公共空间","软件研发部公共空间 主页 / 26、持续集成CI / Service-HUI","1"
"page:224251114","topic:设计与架构","推断主题","RJYFBGG","软件研发部公共空间","Service-HUI","1"
"page:130451027","page:214292884","包含目录","RJYFBGG","软件研发部公共空间","软件研发部公共空间 主页 / 26、持续集成CI / 主干开发2023","1"
"page:214292884","topic:设计与架构","推断主题","RJYFBGG","软件研发部公共空间","主干开发2023","1"
"page:130451027","page:177867295","包含目录","RJYFBGG","软件研发部公共空间","软件研发部公共空间 主页 / 26、持续集成CI / 产品CI","1"
"page:177867295","topic:设计与架构","推断主题","RJYFBGG","软件研发部公共空间","产品CI","1"
"page:130451027","page:131138041","包含目录","RJYFBGG","软件研发部公共空间","软件研发部公共空间 主页 / 26、持续集成CI / 单元测试任务分解","1"
"page:131138041","topic:设计与架构","推断主题","RJYFBGG","软件研发部公共空间","单元测试任务分解","1"
"page:130451027","page:131137996","包含目录","RJYFBGG","软件研发部公共空间","软件研发部公共空间 主页 / 26、持续集成CI / 单元测试会议纪要","1"
"page:131137996","topic:设计与架构","推断主题","RJYFBGG","软件研发部公共空间","单元测试会议纪要","1"
"page:130451027","page:131137839","包含目录","RJYFBGG","软件研发部公共空间","软件研发部公共空间 主页 / 26、持续集成CI / 单元测试模块","1"
"page:131137839","topic:设计与架构","推断主题","RJYFBGG","软件研发部公共空间","单元测试模块","1"
"page:130451027","page:176306313","包含目录","RJYFBGG","软件研发部公共空间","软件研发部公共空间 主页 / 26、持续集成CI / 发布","1"
"page:176306313","topic:设计与架构","推断主题","RJYFBGG","软件研发部公共空间","发布","1"
"page:130451027","page:151623587","包含目录","RJYFBGG","软件研发部公共空间","软件研发部公共空间 主页 / 26、持续集成CI / 各模块代码行数及用例数统计(截止下午3点)","1"
"page:151623587","topic:设计与架构","推断主题","RJYFBGG","软件研发部公共空间","各模块代码行数及用例数统计(截止下午3点)","1"
"page:130451027","page:231027098","包含目录","RJYFBGG","软件研发部公共空间","软件研发部公共空间 主页 / 26、持续集成CI / 平台/驱动  自动化测试用例 摸底","1"
"page:231027098","topic:设计与架构","推断主题","RJYFBGG","软件研发部公共空间","平台/驱动  自动化测试用例 摸底","1"
"page:130451027","page:174728472","包含目录","RJYFBGG","软件研发部公共空间","软件研发部公共空间 主页 / 26、持续集成CI / 平台/驱动&应用Release标准","1"
"page:174728472","topic:设计与架构","推断主题","RJYFBGG","软件研发部公共空间","平台/驱动&应用Release标准","1"
"page:130451027","page:184461633","包含目录","RJYFBGG","软件研发部公共空间","软件研发部公共空间 主页 / 26、持续集成CI / 应用CI 系统修改需求","1"
"page:184461633","topic:需求与功能","推断主题","RJYFBGG","软件研发部公共空间","应用CI 系统修改需求","1"
"page:130451027","page:171416155","包含目录","RJYFBGG","软件研发部公共空间","软件研发部公共空间 主页 / 26、持续集成CI / 废弃页面","1"
"page:171416155","topic:设计与架构","推断主题","RJYFBGG","软件研发部公共空间","废弃页面","1"
"page:14824627","page:138418635","包含目录","RJYFBGG","软件研发部公共空间","软件研发部公共空间 主页 / 27、科室看板信息","1"
"page:138418635","topic:其他","推断主题","RJYFBGG","软件研发部公共空间","27、科室看板信息","1"
"page:14824627","page:214287415","包含目录","RJYFBGG","软件研发部公共空间","软件研发部公共空间 主页 / 手机产品线资料","1"
"page:214287415","topic:其他","推断主题","RJYFBGG","软件研发部公共空间","手机产品线资料","1"
"page:214287415","page:163258305","包含目录","RJYFBGG","软件研发部公共空间","软件研发部公共空间 主页 / 手机产品线资料 / 软件计划管理","1"
"page:163258305","topic:版本与计划","推断主题","RJYFBGG","软件研发部公共空间","软件计划管理","1"
"page:214287415","page:117511210","包含目录","RJYFBGG","软件研发部公共空间","软件研发部公共空间 主页 / 手机产品线资料 / 内销手机项目梳理","1"
"page:117511210","topic:项目管理","推断主题","RJYFBGG","软件研发部公共空间","内销手机项目梳理","1"
"page:214287415","page:41353547","包含目录","RJYFBGG","软件研发部公共空间","软件研发部公共空间 主页 / 手机产品线资料 / 5、手机产品线QCC提案提交","1"
"page:41353547","topic:其他","推断主题","RJYFBGG","软件研发部公共空间","5、手机产品线QCC提案提交","1"
"page:214287415","page:164833756","包含目录","RJYFBGG","软件研发部公共空间","软件研发部公共空间 主页 / 手机产品线资料 / 手机项目CR申请台账","1"
"page:164833756","topic:项目管理","推断主题","RJYFBGG","软件研发部公共空间","手机项目CR申请台账","1"
"page:214287415","page:88377615","包含目录","RJYFBGG","软件研发部公共空间","软件研发部公共空间 主页 / 手机产品线资料 / 11、手机跟线安排","1"
"page:88377615","topic:其他","推断主题","RJYFBGG","软件研发部公共空间","11、手机跟线安排","1"
"page:214287415","page:157188378","包含目录","RJYFBGG","软件研发部公共空间","软件研发部公共空间 主页 / 手机产品线资料 / 33 通信软件各所疫情期间就餐统计","1"
"page:157188378","topic:数据与质量","推断主题","RJYFBGG","软件研发部公共空间","33 通信软件各所疫情期间就餐统计","1"
"page:214287415","page:92277642","包含目录","RJYFBGG","软件研发部公共空间","软件研发部公共空间 主页 / 手机产品线资料 / 12、创新成果","1"
"page:92277642","topic:其他","推断主题","RJYFBGG","软件研发部公共空间","12、创新成果","1"
"page:14824627","page:52104847","包含目录","RJYFBGG","软件研发部公共空间","软件研发部公共空间 主页 / 文件列表","1"
"page:52104847","topic:其他","推断主题","RJYFBGG","软件研发部公共空间","文件列表","1"
"page:14824627","page:226978015","包含目录","RJYFBGG","软件研发部公共空间","软件研发部公共空间 主页 / 28、应用业务方向","1"
"page:226978015","topic:其他","推断主题","RJYFBGG","软件研发部公共空间","28、应用业务方向","1"
"page:14824627","page:231045999","包含目录","RJYFBGG","软件研发部公共空间","软件研发部公共空间 主页 / 29. 新旧PLM系统切换策略及问题","1"
"page:231045999","topic:问题与复盘","推断主题","RJYFBGG","软件研发部公共空间","29. 新旧PLM系统切换策略及问题","1"
"page:14824627","page:236738838","包含目录","RJYFBGG","软件研发部公共空间","软件研发部公共空间 主页 / 30、部门跟线","1"
"page:236738838","topic:其他","推断主题","RJYFBGG","软件研发部公共空间","30、部门跟线","1"
"page:236738838","page:236738842","包含目录","RJYFBGG","软件研发部公共空间","软件研发部公共空间 主页 / 30、部门跟线 / 2024年各所跟线排班","1"
"page:236738842","topic:其他","推断主题","RJYFBGG","软件研发部公共空间","2024年各所跟线排班","1"
"page:236738838","page:285364910","包含目录","RJYFBGG","软件研发部公共空间","软件研发部公共空间 主页 / 30、部门跟线 / 2025年各所跟线排班","1"
"page:285364910","topic:其他","推断主题","RJYFBGG","软件研发部公共空间","2025年各所跟线排班","1"
"page:236738838","page:317706336","包含目录","RJYFBGG","软件研发部公共空间","软件研发部公共空间 主页 / 30、部门跟线 / 2025年各所跟线排班（新）","1"
"page:317706336","topic:其他","推断主题","RJYFBGG","软件研发部公共空间","2025年各所跟线排班（新）","1"
"page:236738838","page:349826415","包含目录","RJYFBGG","软件研发部公共空间","软件研发部公共空间 主页 / 30、部门跟线 / 2026年各所跟线排班（新）","1"
"page:349826415","topic:其他","推断主题","RJYFBGG","软件研发部公共空间","2026年各所跟线排班（新）","1"
"page:14824627","page:276397095","包含目录","RJYFBGG","软件研发部公共空间","软件研发部公共空间 主页 / 99. 部门质量改善策划","1"
"page:276397095","topic:数据与质量","推断主题","RJYFBGG","软件研发部公共空间","99. 部门质量改善策划","1"
"page:276397095","page:276397110","包含目录","RJYFBGG","软件研发部公共空间","软件研发部公共空间 主页 / 99. 部门质量改善策划 / 2025年-质量改善策划","1"
"page:276397110","topic:数据与质量","推断主题","RJYFBGG","软件研发部公共空间","2025年-质量改善策划","1"
"page:14824627","page:276384123","包含目录","RJYFBGG","软件研发部公共空间","软件研发部公共空间 主页 / 汽电配置管理-20241114","1"
"page:276384123","topic:项目管理","推断主题","RJYFBGG","软件研发部公共空间","汽电配置管理-20241114","1"
"space:TYXX","page:12977947","空间首页","TYXX","通用信息","通用信息 主页","1"
"page:12977947","topic:其他","推断主题","TYXX","通用信息","通用信息 主页","1"
"page:12977947","page:13697302","包含目录","TYXX","通用信息","通用信息 主页 / 文件列表","1"
"page:13697302","topic:其他","推断主题","TYXX","通用信息","文件列表","1"
"page:13697302","page:29229609","包含目录","TYXX","通用信息","通用信息 主页 / 文件列表 / 填写错误","1"
"page:29229609","topic:其他","推断主题","TYXX","通用信息","填写错误","1"
"page:13697302","page:60686762","包含目录","TYXX","通用信息","通用信息 主页 / 文件列表 / 填写错误0715","1"
"page:60686762","topic:其他","推断主题","TYXX","通用信息","填写错误0715","1"
"page:13697302","page:277803403","包含目录","TYXX","通用信息","通用信息 主页 / 文件列表 / 机型创建-文档库","1"
"page:277803403","topic:规范与流程","推断主题","TYXX","通用信息","机型创建-文档库","1"
"page:13697302","page:60686817","包含目录","TYXX","通用信息","通用信息 主页 / 文件列表 / 海信商品物流追踪器嵌入式软件V1.0","1"
"page:60686817","topic:其他","推断主题","TYXX","通用信息","海信商品物流追踪器嵌入式软件V1.0","1"
"page:13697302","page:58164603","包含目录","TYXX","通用信息","通用信息 主页 / 文件列表 / 研发中心各部门通报维护台账2020年","1"
"page:58164603","topic:其他","推断主题","TYXX","通用信息","研发中心各部门通报维护台账2020年","1"
"page:12977947","page:12977996","包含目录","TYXX","通用信息","通用信息 主页 / 通用工具","1"
"page:12977996","topic:其他","推断主题","TYXX","通用信息","通用工具","1"
"page:12977996","page:126229581","包含目录","TYXX","通用信息","通用信息 主页 / 通用工具 / 10、配置管理自研系统","1"
"page:126229581","topic:项目管理","推断主题","TYXX","通用信息","10、配置管理自研系统","1"
"page:12977996","page:207406579","包含目录","TYXX","通用信息","通用信息 主页 / 通用工具 / 11、新PLM问题管理模块操作指南","1"
"page:207406579","topic:问题与复盘","推断主题","TYXX","通用信息","11、新PLM问题管理模块操作指南","1"
"page:12977996","page:209105073","包含目录","TYXX","通用信息","通用信息 主页 / 通用工具 / 12、静态代码扫描工具","1"
"page:209105073","topic:其他","推断主题","TYXX","通用信息","12、静态代码扫描工具","1"
"page:12977996","page:299033600","包含目录","TYXX","通用信息","通用信息 主页 / 通用工具 / 13、Jira翻译插件","1"
"page:299033600","topic:其他","推断主题","TYXX","通用信息","13、Jira翻译插件","1"
"page:12977996","page:335549956","包含目录","TYXX","通用信息","通用信息 主页 / 通用工具 / 14.竞品分析","1"
"page:335549956","topic:问题与复盘","推断主题","TYXX","通用信息","14.竞品分析","1"
"page:12977996","page:12977949","包含目录","TYXX","通用信息","通用信息 主页 / 通用工具 / 1、JIRA","1"
"page:12977949","topic:其他","推断主题","TYXX","通用信息","1、JIRA","1"
"page:12977996","page:12978443","包含目录","TYXX","通用信息","通用信息 主页 / 通用工具 / 2、SVN","1"
"page:12978443","topic:其他","推断主题","TYXX","通用信息","2、SVN","1"
"page:12977996","page:12978445","包含目录","TYXX","通用信息","通用信息 主页 / 通用工具 / 3、Git&Gerrit","1"
"page:12978445","topic:其他","推断主题","TYXX","通用信息","3、Git&Gerrit","1"
"page:12977996","page:12978448","包含目录","TYXX","通用信息","通用信息 主页 / 通用工具 / 4、Confluence","1"
"page:12978448","topic:其他","推断主题","TYXX","通用信息","4、Confluence","1"
"page:12977996","page:15587301","包含目录","TYXX","通用信息","通用信息 主页 / 通用工具 / 5、Jenkins","1"
"page:15587301","topic:其他","推断主题","TYXX","通用信息","5、Jenkins","1"
"page:12977996","page:17052481","包含目录","TYXX","通用信息","通用信息 主页 / 通用工具 / 6、OpenGrok","1"
"page:17052481","topic:其他","推断主题","TYXX","通用信息","6、OpenGrok","1"
"page:12977996","page:22053268","包含目录","TYXX","通用信息","通用信息 主页 / 通用工具 / 7、虚拟桌面","1"
"page:22053268","topic:其他","推断主题","TYXX","通用信息","7、虚拟桌面","1"
"page:12977996","page:29231358","包含目录","TYXX","通用信息","通用信息 主页 / 通用工具 / 8、Coverity","1"
"page:29231358","topic:其他","推断主题","TYXX","通用信息","8、Coverity","1"
"page:12977996","page:100043035","包含目录","TYXX","通用信息","通用信息 主页 / 通用工具 / 9、FTP","1"
"page:100043035","topic:其他","推断主题","TYXX","通用信息","9、FTP","1"
"page:12977996","page:64556762","包含目录","TYXX","通用信息","通用信息 主页 / 通用工具 / KOA&邮箱控件","1"
"page:64556762","topic:其他","推断主题","TYXX","通用信息","KOA&邮箱控件","1"
"page:12977947","page:95158707","包含目录","TYXX","通用信息","通用信息 主页 / 能力提升项目配置文件","1"
"page:95158707","topic:项目管理","推断主题","TYXX","通用信息","能力提升项目配置文件","1"
"page:95158707","page:275187664","包含目录","TYXX","通用信息","通用信息 主页 / 能力提升项目配置文件 / CESI接口说明信息","1"
"page:275187664","topic:设计与架构","推断主题","TYXX","通用信息","CESI接口说明信息","1"
"page:95158707","page:186982188","包含目录","TYXX","通用信息","通用信息 主页 / 能力提升项目配置文件 / try","1"
"page:186982188","topic:项目管理","推断主题","TYXX","通用信息","try","1"
"page:95158707","page:95158715","包含目录","TYXX","通用信息","通用信息 主页 / 能力提升项目配置文件 / 信相连-市场模块对应","1"
"page:95158715","topic:项目管理","推断主题","TYXX","通用信息","信相连-市场模块对应","1"
"page:95158707","page:95158712","包含目录","TYXX","通用信息","通用信息 主页 / 能力提升项目配置文件 / 信相连-应用模块对应","1"
"page:95158712","topic:项目管理","推断主题","TYXX","通用信息","信相连-应用模块对应","1"
"page:95158707","page:141862105","包含目录","TYXX","通用信息","通用信息 主页 / 能力提升项目配置文件 / 售后故障-模块对应","1"
"page:141862105","topic:问题与复盘","推断主题","TYXX","通用信息","售后故障-模块对应","1"
"page:95158707","page:95165386","包含目录","TYXX","通用信息","通用信息 主页 / 能力提升项目配置文件 / 网络信息-模块对应","1"
"page:95165386","topic:项目管理","推断主题","TYXX","通用信息","网络信息-模块对应","1"
"page:12977947","page:106338730","包含目录","TYXX","通用信息","通用信息 主页 / 电子信息研发防疫记录存档专区","1"
"page:106338730","topic:其他","推断主题","TYXX","通用信息","电子信息研发防疫记录存档专区","1"
"page:106338730","page:155683847","包含目录","TYXX","通用信息","通用信息 主页 / 电子信息研发防疫记录存档专区 / 11","1"
"page:155683847","topic:其他","推断主题","TYXX","通用信息","11","1"
"page:106338730","page:196543369","包含目录","TYXX","通用信息","通用信息 主页 / 电子信息研发防疫记录存档专区 / 20230128-202301290","1"
"page:196543369","topic:其他","推断主题","TYXX","通用信息","20230128-202301290","1"
"page:106338730","page:121834226","包含目录","TYXX","通用信息","通用信息 主页 / 电子信息研发防疫记录存档专区 / CBB体温检测4.12-4.16","1"
"page:121834226","topic:其他","推断主题","TYXX","通用信息","CBB体温检测4.12-4.16","1"
"page:106338730","page:106339670","包含目录","TYXX","通用信息","通用信息 主页 / 电子信息研发防疫记录存档专区 / 人事行政部","1"
"page:106339670","topic:其他","推断主题","TYXX","通用信息","人事行政部","1"
"page:106338730","page:106338929","包含目录","TYXX","通用信息","通用信息 主页 / 电子信息研发防疫记录存档专区 / 工艺设计部","1"
"page:106338929","topic:设计与架构","推断主题","TYXX","通用信息","工艺设计部","1"
"page:106338730","page:106338926","包含目录","TYXX","通用信息","通用信息 主页 / 电子信息研发防疫记录存档专区 / 显示研发部","1"
"page:106338926","topic:其他","推断主题","TYXX","通用信息","显示研发部","1"
"page:106338730","page:108495794","包含目录","TYXX","通用信息","通用信息 主页 / 电子信息研发防疫记录存档专区 / 欧洲研发中心","1"
"page:108495794","topic:其他","推断主题","TYXX","通用信息","欧洲研发中心","1"
"page:106338730","page:115574699","包含目录","TYXX","通用信息","通用信息 主页 / 电子信息研发防疫记录存档专区 / 武汉研发中心","1"
"page:115574699","topic:其他","推断主题","TYXX","通用信息","武汉研发中心","1"
"page:106338730","page:115574678","包含目录","TYXX","通用信息","通用信息 主页 / 电子信息研发防疫记录存档专区 / 深圳研发中心","1"
"page:115574678","topic:其他","推断主题","TYXX","通用信息","深圳研发中心","1"
"page:106338730","page:106338937","包含目录","TYXX","通用信息","通用信息 主页 / 电子信息研发防疫记录存档专区 / 研发测试部","1"
"page:106338937","topic:测试与验证","推断主题","TYXX","通用信息","研发测试部","1"
"page:106338730","page:106338923","包含目录","TYXX","通用信息","通用信息 主页 / 电子信息研发防疫记录存档专区 / 硬件研发部","1"
"page:106338923","topic:其他","推断主题","TYXX","通用信息","硬件研发部","1"
"page:106338730","page:106339663","包含目录","TYXX","通用信息","通用信息 主页 / 电子信息研发防疫记录存档专区 / 系统设计与管理部","1"
"page:106339663","topic:设计与架构","推断主题","TYXX","通用信息","系统设计与管理部","1"
"page:106338730","page:106338933","包含目录","TYXX","通用信息","通用信息 主页 / 电子信息研发防疫记录存档专区 / 结构设计部","1"
"page:106338933","topic:设计与架构","推断主题","TYXX","通用信息","结构设计部","1"
"page:106338730","page:108495790","包含目录","TYXX","通用信息","通用信息 主页 / 电子信息研发防疫记录存档专区 / 美国研发中心","1"
"page:108495790","topic:其他","推断主题","TYXX","通用信息","美国研发中心","1"
"page:106338730","page:121836553","包含目录","TYXX","通用信息","通用信息 主页 / 电子信息研发防疫记录存档专区 / 虚拟现实研发部","1"
"page:121836553","topic:其他","推断主题","TYXX","通用信息","虚拟现实研发部","1"
"page:106338730","page:106338733","包含目录","TYXX","通用信息","通用信息 主页 / 电子信息研发防疫记录存档专区 / 软件研发部","1"
"page:106338733","topic:其他","推断主题","TYXX","通用信息","软件研发部","1"
"page:106338730","page:120528712","包含目录","TYXX","通用信息","通用信息 主页 / 电子信息研发防疫记录存档专区 / 预研管理与开发部","1"
"page:120528712","topic:项目管理","推断主题","TYXX","通用信息","预研管理与开发部","1"
"page:106338730","page:106339666","包含目录","TYXX","通用信息","通用信息 主页 / 电子信息研发防疫记录存档专区 / 预研管理部","1"
"page:106339666","topic:项目管理","推断主题","TYXX","通用信息","预研管理部","1"
"page:12977947","page:294916143","包含目录","TYXX","通用信息","通用信息 主页 / 通用开发信息","1"
"page:294916143","topic:其他","推断主题","TYXX","通用信息","通用开发信息","1"
"page:294916143","page:294916123","包含目录","TYXX","通用信息","通用信息 主页 / 通用开发信息 / 各模块日志抓取方式","1"
"page:294916123","topic:其他","推断主题","TYXX","通用信息","各模块日志抓取方式","1"
"space:CELAB","topic:测试与验证","覆盖主题","CELAB","Certification Lab","目录节点数 96","96"
"space:test1","topic:测试与验证","覆盖主题","test1","test1","目录节点数 62","62"
"space:test1","topic:需求与功能","覆盖主题","test1","test1","目录节点数 8","8"
"space:VIDAA","topic:其他","覆盖主题","VIDAA","VIDAA","目录节点数 82","82"
"space:VIDAA","topic:测试与验证","覆盖主题","VIDAA","VIDAA","目录节点数 13","13"
"space:VIDAA","topic:设计与架构","覆盖主题","VIDAA","VIDAA","目录节点数 10","10"
"space:VIDAA","topic:项目管理","覆盖主题","VIDAA","VIDAA","目录节点数 13","13"
"space:VIDAA","topic:需求与功能","覆盖主题","VIDAA","VIDAA","目录节点数 6","6"
"space:VIDAA","topic:会议与协同","覆盖主题","VIDAA","VIDAA","目录节点数 4","4"
"space:VIDAA","topic:数据与质量","覆盖主题","VIDAA","VIDAA","目录节点数 4","4"
"space:VIDAA","topic:问题与复盘","覆盖主题","VIDAA","VIDAA","目录节点数 8","8"
"space:VIDAA","topic:培训与知识","覆盖主题","VIDAA","VIDAA","目录节点数 17","17"
"space:VIDAA","topic:版本与计划","覆盖主题","VIDAA","VIDAA","目录节点数 2","2"
"space:VIDAA","topic:规范与流程","覆盖主题","VIDAA","VIDAA","目录节点数 4","4"
"space:HWDBYYS","topic:其他","覆盖主题","HWDBYYS","VIDAA系统研发部","目录节点数 32","32"
"space:HWDBYYS","topic:规范与流程","覆盖主题","HWDBYYS","VIDAA系统研发部","目录节点数 14","14"
"space:HWDBYYS","topic:版本与计划","覆盖主题","HWDBYYS","VIDAA系统研发部","目录节点数 1","1"
"space:HWDBYYS","topic:培训与知识","覆盖主题","HWDBYYS","VIDAA系统研发部","目录节点数 7","7"
"space:HWDBYYS","topic:项目管理","覆盖主题","HWDBYYS","VIDAA系统研发部","目录节点数 5","5"
"space:HWDBYYS","topic:设计与架构","覆盖主题","HWDBYYS","VIDAA系统研发部","目录节点数 3","3"
"space:HWDBYYS","topic:会议与协同","覆盖主题","HWDBYYS","VIDAA系统研发部","目录节点数 1","1"
"space:HWDBYYS","topic:测试与验证","覆盖主题","HWDBYYS","VIDAA系统研发部","目录节点数 5","5"
"space:HWDBYYS","topic:需求与功能","覆盖主题","HWDBYYS","VIDAA系统研发部","目录节点数 5","5"
"space:ZYJCKC","topic:培训与知识","覆盖主题","ZYJCKC","专业基础课程","目录节点数 21","21"
"space:ZYJCKC","topic:规范与流程","覆盖主题","ZYJCKC","专业基础课程","目录节点数 2","2"
"space:ZYJCKC","topic:设计与架构","覆盖主题","ZYJCKC","专业基础课程","目录节点数 2","2"
"space:ZYJCKC","topic:测试与验证","覆盖主题","ZYJCKC","专业基础课程","目录节点数 2","2"
"space:ZYJCKC","topic:问题与复盘","覆盖主题","ZYJCKC","专业基础课程","目录节点数 1","1"
"space:ZYTSKC","topic:培训与知识","覆盖主题","ZYTSKC","专业提升课程","目录节点数 19","19"
"space:ZYTSKC","topic:设计与架构","覆盖主题","ZYTSKC","专业提升课程","目录节点数 3","3"
"space:ZYTSKC","topic:测试与验证","覆盖主题","ZYTSKC","专业提升课程","目录节点数 2","2"
"space:ZYTSKC","topic:问题与复盘","覆盖主题","ZYTSKC","专业提升课程","目录节点数 2","2"
"space:ZYTSKC","topic:规范与流程","覆盖主题","ZYTSKC","专业提升课程","目录节点数 1","1"
"space:YYZX","topic:培训与知识","覆盖主题","YYZX","产品线运营中心学习资料共享","目录节点数 12","12"
"space:YYZX","topic:规范与流程","覆盖主题","YYZX","产品线运营中心学习资料共享","目录节点数 13","13"
"space:YYZX","topic:设计与架构","覆盖主题","YYZX","产品线运营中心学习资料共享","目录节点数 1","1"
"space:YYZX","topic:问题与复盘","覆盖主题","YYZX","产品线运营中心学习资料共享","目录节点数 3","3"
"space:DZKJDSHWKF","topic:其他","覆盖主题","DZKJDSHWKF","产品线运营中心深圳研发部","目录节点数 70","70"
"space:DZKJDSHWKF","topic:项目管理","覆盖主题","DZKJDSHWKF","产品线运营中心深圳研发部","目录节点数 20","20"
"space:DZKJDSHWKF","topic:规范与流程","覆盖主题","DZKJDSHWKF","产品线运营中心深圳研发部","目录节点数 9","9"
"space:DZKJDSHWKF","topic:培训与知识","覆盖主题","DZKJDSHWKF","产品线运营中心深圳研发部","目录节点数 9","9"
"space:DZKJDSHWKF","topic:设计与架构","覆盖主题","DZKJDSHWKF","产品线运营中心深圳研发部","目录节点数 14","14"
"space:DZKJDSHWKF","topic:会议与协同","覆盖主题","DZKJDSHWKF","产品线运营中心深圳研发部","目录节点数 4","4"
"space:DZKJDSHWKF","topic:测试与验证","覆盖主题","DZKJDSHWKF","产品线运营中心深圳研发部","目录节点数 18","18"
"space:DZKJDSHWKF","topic:问题与复盘","覆盖主题","DZKJDSHWKF","产品线运营中心深圳研发部","目录节点数 3","3"
"space:DZKJDSHWKF","topic:数据与质量","覆盖主题","DZKJDSHWKF","产品线运营中心深圳研发部","目录节点数 5","5"
"space:DZKJDSHWKF","topic:版本与计划","覆盖主题","DZKJDSHWKF","产品线运营中心深圳研发部","目录节点数 2","2"
"space:~fengmeimei","topic:其他","覆盖主题","~fengmeimei","冯美美","目录节点数 3","3"
"space:~fengmeimei","topic:会议与协同","覆盖主题","~fengmeimei","冯美美","目录节点数 1","1"
"space:~fengmeimei","topic:测试与验证","覆盖主题","~fengmeimei","冯美美","目录节点数 2","2"
"space:RZZGXM","topic:项目管理","覆盖主题","RZZGXM","员工管理","目录节点数 1","1"
"space:RZZGXM","topic:规范与流程","覆盖主题","RZZGXM","员工管理","目录节点数 2","2"
"space:PXZL","topic:培训与知识","覆盖主题","PXZL","培训资料","目录节点数 54","54"
"space:PXZL","topic:规范与流程","覆盖主题","PXZL","培训资料","目录节点数 5","5"
"space:PXZL","topic:设计与架构","覆盖主题","PXZL","培训资料","目录节点数 15","15"
"space:PXZL","topic:问题与复盘","覆盖主题","PXZL","培训资料","目录节点数 1","1"
"space:PXZL","topic:二维三维与图形模型","覆盖主题","PXZL","培训资料","目录节点数 1","1"
"space:PXZL","topic:测试与验证","覆盖主题","PXZL","培训资料","目录节点数 7","7"
"space:PXZL","topic:会议与协同","覆盖主题","PXZL","培训资料","目录节点数 1","1"
"space:PXZL","topic:需求与功能","覆盖主题","PXZL","培训资料","目录节点数 1","1"
"space:TOOLS","topic:其他","覆盖主题","TOOLS","工具池","目录节点数 2","2"
"space:TOOLS","topic:设计与架构","覆盖主题","TOOLS","工具池","目录节点数 2","2"
"space:PTRJKFS","topic:其他","覆盖主题","PTRJKFS","平台软件开发所","目录节点数 30","30"
"space:PTRJKFS","topic:项目管理","覆盖主题","PTRJKFS","平台软件开发所","目录节点数 1","1"
"space:PTRJKFS","topic:版本与计划","覆盖主题","PTRJKFS","平台软件开发所","目录节点数 1","1"
"space:PTRJKFS","topic:设计与架构","覆盖主题","PTRJKFS","平台软件开发所","目录节点数 1","1"
"space:PTRJKFS","topic:规范与流程","覆盖主题","PTRJKFS","平台软件开发所","目录节点数 1","1"
"space:PTRJKFS","topic:问题与复盘","覆盖主题","PTRJKFS","平台软件开发所","目录节点数 1","1"
"space:PTRJKFS","topic:数据与质量","覆盖主题","PTRJKFS","平台软件开发所","目录节点数 5","5"
"space:PTRJKFS","topic:会议与协同","覆盖主题","PTRJKFS","平台软件开发所","目录节点数 4","4"
"space:RBRJJSS","topic:其他","覆盖主题","RBRJJSS","日本产品软件所","目录节点数 51","51"
"space:RBRJJSS","topic:会议与协同","覆盖主题","RBRJJSS","日本产品软件所","目录节点数 1","1"
"space:RBRJJSS","topic:数据与质量","覆盖主题","RBRJJSS","日本产品软件所","目录节点数 2","2"
"space:RBRJJSS","topic:培训与知识","覆盖主题","RBRJJSS","日本产品软件所","目录节点数 13","13"
"space:RBRJJSS","topic:规范与流程","覆盖主题","RBRJJSS","日本产品软件所","目录节点数 5","5"
"space:RBRJJSS","topic:设计与架构","覆盖主题","RBRJJSS","日本产品软件所","目录节点数 3","3"
"space:RBRJJSS","topic:项目管理","覆盖主题","RBRJJSS","日本产品软件所","目录节点数 20","20"
"space:RBRJJSS","topic:版本与计划","覆盖主题","RBRJJSS","日本产品软件所","目录节点数 1","1"
"space:RBRJJSS","topic:测试与验证","覆盖主题","RBRJJSS","日本产品软件所","目录节点数 2","2"
"space:RBRJJSS","topic:需求与功能","覆盖主题","RBRJJSS","日本产品软件所","目录节点数 1","1"
"space:RBRJJSS","topic:问题与复盘","覆盖主题","RBRJJSS","日本产品软件所","目录节点数 4","4"
"space:ALK","topic:其他","覆盖主题","ALK","案例库","目录节点数 7","7"
"space:ALK","topic:项目管理","覆盖主题","ALK","案例库","目录节点数 1","1"
"space:ALK","topic:设计与架构","覆盖主题","ALK","案例库","目录节点数 1","1"
"space:ALK","topic:测试与验证","覆盖主题","ALK","案例库","目录节点数 1","1"
"space:JUOS","topic:其他","覆盖主题","JUOS","海信JuOS操作系统知识库","目录节点数 28","28"
"space:JUOS","topic:项目管理","覆盖主题","JUOS","海信JuOS操作系统知识库","目录节点数 7","7"
"space:JUOS","topic:版本与计划","覆盖主题","JUOS","海信JuOS操作系统知识库","目录节点数 7","7"
"space:JUOS","topic:规范与流程","覆盖主题","JUOS","海信JuOS操作系统知识库","目录节点数 15","15"
"space:JUOS","topic:培训与知识","覆盖主题","JUOS","海信JuOS操作系统知识库","目录节点数 1","1"
"space:JUOS","topic:需求与功能","覆盖主题","JUOS","海信JuOS操作系统知识库","目录节点数 13","13"
"space:JUOS","topic:测试与验证","覆盖主题","JUOS","海信JuOS操作系统知识库","目录节点数 4","4"
"space:JUOS","topic:问题与复盘","覆盖主题","JUOS","海信JuOS操作系统知识库","目录节点数 5","5"
"space:JUOS","topic:设计与架构","覆盖主题","JUOS","海信JuOS操作系统知识库","目录节点数 13","13"
"space:DZKJSZDSPT","topic:其他","覆盖主题","DZKJSZDSPT","海外数字电视与浏览器开发所","目录节点数 28","28"
"space:DZKJSZDSPT","topic:会议与协同","覆盖主题","DZKJSZDSPT","海外数字电视与浏览器开发所","目录节点数 3","3"
"space:DZKJSZDSPT","topic:项目管理","覆盖主题","DZKJSZDSPT","海外数字电视与浏览器开发所","目录节点数 9","9"
"space:DZKJSZDSPT","topic:测试与验证","覆盖主题","DZKJSZDSPT","海外数字电视与浏览器开发所","目录节点数 1","1"
"space:DZKJSZDSPT","topic:数据与质量","覆盖主题","DZKJSZDSPT","海外数字电视与浏览器开发所","目录节点数 1","1"
"space:DZKJSZDSPT","topic:规范与流程","覆盖主题","DZKJSZDSPT","海外数字电视与浏览器开发所","目录节点数 2","2"
"space:DZKJSZDSPT","topic:设计与架构","覆盖主题","DZKJSZDSPT","海外数字电视与浏览器开发所","目录节点数 1","1"
"space:dshwrj","topic:其他","覆盖主题","dshwrj","海外软件开发所","目录节点数 67","67"
"space:dshwrj","topic:会议与协同","覆盖主题","dshwrj","海外软件开发所","目录节点数 8","8"
"space:dshwrj","topic:问题与复盘","覆盖主题","dshwrj","海外软件开发所","目录节点数 14","14"
"space:dshwrj","topic:规范与流程","覆盖主题","dshwrj","海外软件开发所","目录节点数 46","46"
"space:dshwrj","topic:需求与功能","覆盖主题","dshwrj","海外软件开发所","目录节点数 2","2"
"space:dshwrj","topic:设计与架构","覆盖主题","dshwrj","海外软件开发所","目录节点数 15","15"
"space:dshwrj","topic:测试与验证","覆盖主题","dshwrj","海外软件开发所","目录节点数 12","12"
"space:dshwrj","topic:培训与知识","覆盖主题","dshwrj","海外软件开发所","目录节点数 22","22"
"space:dshwrj","topic:二维三维与图形模型","覆盖主题","dshwrj","海外软件开发所","目录节点数 1","1"
"space:dshwrj","topic:数据与质量","覆盖主题","dshwrj","海外软件开发所","目录节点数 6","6"
"space:dshwrj","topic:项目管理","覆盖主题","dshwrj","海外软件开发所","目录节点数 15","15"
"space:dshwrj","topic:版本与计划","覆盖主题","dshwrj","海外软件开发所","目录节点数 3","3"
"space:SYSHARE","topic:其他","覆盖主题","SYSHARE","深研公共分享","目录节点数 23","23"
"space:SYSHARE","topic:项目管理","覆盖主题","SYSHARE","深研公共分享","目录节点数 8","8"
"space:SYSHARE","topic:规范与流程","覆盖主题","SYSHARE","深研公共分享","目录节点数 14","14"
"space:SYSHARE","topic:培训与知识","覆盖主题","SYSHARE","深研公共分享","目录节点数 3","3"
"space:SYSHARE","topic:版本与计划","覆盖主题","SYSHARE","深研公共分享","目录节点数 2","2"
"space:SYSHARE","topic:测试与验证","覆盖主题","SYSHARE","深研公共分享","目录节点数 1","1"
"space:SYSHARE","topic:二维三维与图形模型","覆盖主题","SYSHARE","深研公共分享","目录节点数 1","1"
"space:SYSHARE","topic:数据与质量","覆盖主题","SYSHARE","深研公共分享","目录节点数 1","1"
"space:SYSHARE","topic:会议与协同","覆盖主题","SYSHARE","深研公共分享","目录节点数 4","4"
"space:SYKS","topic:其他","覆盖主题","SYKS","深研知识分享体系","目录节点数 19","19"
"space:SYKS","topic:设计与架构","覆盖主题","SYKS","深研知识分享体系","目录节点数 3","3"
"space:SYKS","topic:规范与流程","覆盖主题","SYKS","深研知识分享体系","目录节点数 7","7"
"space:SYKS","topic:培训与知识","覆盖主题","SYKS","深研知识分享体系","目录节点数 4","4"
"space:SYKS","topic:测试与验证","覆盖主题","SYKS","深研知识分享体系","目录节点数 10","10"
"space:SYKS","topic:版本与计划","覆盖主题","SYKS","深研知识分享体系","目录节点数 1","1"
"space:SYKS","topic:项目管理","覆盖主题","SYKS","深研知识分享体系","目录节点数 4","4"
"space:DZKJZLCS","topic:数据与质量","覆盖主题","DZKJZLCS","深研质量改善小组","目录节点数 12","12"
"space:DZKJZLCS","topic:规范与流程","覆盖主题","DZKJZLCS","深研质量改善小组","目录节点数 2","2"
"space:DZKJZLCS","topic:设计与架构","覆盖主题","DZKJZLCS","深研质量改善小组","目录节点数 1","1"
"space:DZKJZLCS","topic:版本与计划","覆盖主题","DZKJZLCS","深研质量改善小组","目录节点数 2","2"
"space:DZKJZLCS","topic:问题与复盘","覆盖主题","DZKJZLCS","深研质量改善小组","目录节点数 2","2"
"space:DZKJZLCS","topic:培训与知识","覆盖主题","DZKJZLCS","深研质量改善小组","目录节点数 1","1"
"space:DZKJZLCS","topic:项目管理","覆盖主题","DZKJZLCS","深研质量改善小组","目录节点数 2","2"
"space:ZJJSWYH","topic:其他","覆盖主题","ZJJSWYH","电子信息集团研发中心专业技术委员会","目录节点数 7","7"
"space:ZJJSWYH","topic:项目管理","覆盖主题","ZJJSWYH","电子信息集团研发中心专业技术委员会","目录节点数 1","1"
"space:DMTYFCXLT","topic:其他","覆盖主题","DMTYFCXLT","电子信息集团研发中心创新论坛","目录节点数 51","51"
"space:DMTYFCXLT","topic:数据与质量","覆盖主题","DMTYFCXLT","电子信息集团研发中心创新论坛","目录节点数 2","2"
"space:DSODMCPKFZL","topic:其他","覆盖主题","DSODMCPKFZL","电视ODM产品开发资料","目录节点数 5","5"
"space:DSODMCPKFZL","topic:规范与流程","覆盖主题","DSODMCPKFZL","电视ODM产品开发资料","目录节点数 3","3"
"space:DSODMCPKFZL","topic:项目管理","覆盖主题","DSODMCPKFZL","电视ODM产品开发资料","目录节点数 4","4"
"space:RUANJIANYANFA","topic:其他","覆盖主题","RUANJIANYANFA","电视产品软件所","目录节点数 82","82"
"space:RUANJIANYANFA","topic:数据与质量","覆盖主题","RUANJIANYANFA","电视产品软件所","目录节点数 36","36"
"space:RUANJIANYANFA","topic:项目管理","覆盖主题","RUANJIANYANFA","电视产品软件所","目录节点数 48","48"
"space:RUANJIANYANFA","topic:问题与复盘","覆盖主题","RUANJIANYANFA","电视产品软件所","目录节点数 19","19"
"space:RUANJIANYANFA","topic:培训与知识","覆盖主题","RUANJIANYANFA","电视产品软件所","目录节点数 8","8"
"space:RUANJIANYANFA","topic:会议与协同","覆盖主题","RUANJIANYANFA","电视产品软件所","目录节点数 5","5"
"space:RUANJIANYANFA","topic:设计与架构","覆盖主题","RUANJIANYANFA","电视产品软件所","目录节点数 9","9"
"space:RUANJIANYANFA","topic:需求与功能","覆盖主题","RUANJIANYANFA","电视产品软件所","目录节点数 3","3"
"space:RUANJIANYANFA","topic:版本与计划","覆盖主题","RUANJIANYANFA","电视产品软件所","目录节点数 10","10"
"space:RUANJIANYANFA","topic:规范与流程","覆盖主题","RUANJIANYANFA","电视产品软件所","目录节点数 22","22"
"space:RUANJIANYANFA","topic:测试与验证","覆盖主题","RUANJIANYANFA","电视产品软件所","目录节点数 3","3"
"space:dsxmxx","topic:项目管理","覆盖主题","dsxmxx","电视产品项目信息","目录节点数 74","74"
"space:dsxmxx","topic:规范与流程","覆盖主题","dsxmxx","电视产品项目信息","目录节点数 1","1"
"space:dsxmxx","topic:需求与功能","覆盖主题","dsxmxx","电视产品项目信息","目录节点数 3","3"
"space:dsxmxx","topic:版本与计划","覆盖主题","dsxmxx","电视产品项目信息","目录节点数 6","6"
"space:dsxmxx","topic:设计与架构","覆盖主题","dsxmxx","电视产品项目信息","目录节点数 81","81"
"space:dsxmxx","topic:二维三维与图形模型","覆盖主题","dsxmxx","电视产品项目信息","目录节点数 2","2"
"space:dsxmxx","topic:会议与协同","覆盖主题","dsxmxx","电视产品项目信息","目录节点数 2","2"
"space:dsxmxx","topic:测试与验证","覆盖主题","dsxmxx","电视产品项目信息","目录节点数 10","10"
"space:dsxmxx","topic:问题与复盘","覆盖主题","dsxmxx","电视产品项目信息","目录节点数 6","6"
"space:DSWXXM","topic:项目管理","覆盖主题","DSWXXM","电视外销项目空间","目录节点数 131","131"
"space:DSWXXM","topic:问题与复盘","覆盖主题","DSWXXM","电视外销项目空间","目录节点数 13","13"
"space:DSWXXM","topic:规范与流程","覆盖主题","DSWXXM","电视外销项目空间","目录节点数 17","17"
"space:DSWXXM","topic:需求与功能","覆盖主题","DSWXXM","电视外销项目空间","目录节点数 2","2"
"space:DSWXXM","topic:设计与架构","覆盖主题","DSWXXM","电视外销项目空间","目录节点数 57","57"
"space:DSWXXM","topic:培训与知识","覆盖主题","DSWXXM","电视外销项目空间","目录节点数 6","6"
"space:DSWXXM","topic:测试与验证","覆盖主题","DSWXXM","电视外销项目空间","目录节点数 14","14"
"space:DSWXXM","topic:会议与协同","覆盖主题","DSWXXM","电视外销项目空间","目录节点数 6","6"
"space:DSWXXM","topic:版本与计划","覆盖主题","DSWXXM","电视外销项目空间","目录节点数 5","5"
"space:JQ","topic:其他","覆盖主题","JQ","电视应用软件所","目录节点数 82","82"
"space:JQ","topic:设计与架构","覆盖主题","JQ","电视应用软件所","目录节点数 2","2"
"space:JQ","topic:测试与验证","覆盖主题","JQ","电视应用软件所","目录节点数 1","1"
"space:JQ","topic:会议与协同","覆盖主题","JQ","电视应用软件所","目录节点数 1","1"
"space:JQ","topic:项目管理","覆盖主题","JQ","电视应用软件所","目录节点数 11","11"
"space:JQ","topic:培训与知识","覆盖主题","JQ","电视应用软件所","目录节点数 3","3"
"space:JQ","topic:版本与计划","覆盖主题","JQ","电视应用软件所","目录节点数 1","1"
"space:JQ","topic:规范与流程","覆盖主题","JQ","电视应用软件所","目录节点数 1","1"
"space:XTXNSY","topic:其他","覆盖主题","XTXNSY","系统性能优化团队（深研）","目录节点数 31","31"
"space:XTXNSY","topic:规范与流程","覆盖主题","XTXNSY","系统性能优化团队（深研）","目录节点数 6","6"
"space:XTXNSY","topic:版本与计划","覆盖主题","XTXNSY","系统性能优化团队（深研）","目录节点数 1","1"
"space:XTXNSY","topic:会议与协同","覆盖主题","XTXNSY","系统性能优化团队（深研）","目录节点数 1","1"
"space:XTXNSY","topic:测试与验证","覆盖主题","XTXNSY","系统性能优化团队（深研）","目录节点数 2","2"
"space:XTXNSY","topic:问题与复盘","覆盖主题","XTXNSY","系统性能优化团队（深研）","目录节点数 3","3"
"space:XTXNSY","topic:需求与功能","覆盖主题","XTXNSY","系统性能优化团队（深研）","目录节点数 1","1"
"space:XTXNSY","topic:设计与架构","覆盖主题","XTXNSY","系统性能优化团队（深研）","目录节点数 6","6"
"space:XTXNSY","topic:项目管理","覆盖主题","XTXNSY","系统性能优化团队（深研）","目录节点数 12","12"
"space:XTXNSY","topic:二维三维与图形模型","覆盖主题","XTXNSY","系统性能优化团队（深研）","目录节点数 1","1"
"space:NXPTRJ","topic:其他","覆盖主题","NXPTRJ","系统软件开发所","目录节点数 42","42"
"space:NXPTRJ","topic:设计与架构","覆盖主题","NXPTRJ","系统软件开发所","目录节点数 6","6"
"space:NXPTRJ","topic:项目管理","覆盖主题","NXPTRJ","系统软件开发所","目录节点数 5","5"
"space:NXPTRJ","topic:规范与流程","覆盖主题","NXPTRJ","系统软件开发所","目录节点数 8","8"
"space:NXPTRJ","topic:问题与复盘","覆盖主题","NXPTRJ","系统软件开发所","目录节点数 3","3"
"space:NXPTRJ","topic:版本与计划","覆盖主题","NXPTRJ","系统软件开发所","目录节点数 5","5"
"space:NXPTRJ","topic:培训与知识","覆盖主题","NXPTRJ","系统软件开发所","目录节点数 6","6"
"space:NXPTRJ","topic:需求与功能","覆盖主题","NXPTRJ","系统软件开发所","目录节点数 4","4"
"space:NXPTRJ","topic:数据与质量","覆盖主题","NXPTRJ","系统软件开发所","目录节点数 33","33"
"space:NXPTRJ","topic:测试与验证","覆盖主题","NXPTRJ","系统软件开发所","目录节点数 1","1"
"space:QDPTJSS","topic:其他","覆盖主题","QDPTJSS","系统软件开发所666","目录节点数 49","49"
"space:QDPTJSS","topic:项目管理","覆盖主题","QDPTJSS","系统软件开发所666","目录节点数 37","37"
"space:QDPTJSS","topic:二维三维与图形模型","覆盖主题","QDPTJSS","系统软件开发所666","目录节点数 1","1"
"space:QDPTJSS","topic:版本与计划","覆盖主题","QDPTJSS","系统软件开发所666","目录节点数 5","5"
"space:QDPTJSS","topic:培训与知识","覆盖主题","QDPTJSS","系统软件开发所666","目录节点数 11","11"
"space:QDPTJSS","topic:设计与架构","覆盖主题","QDPTJSS","系统软件开发所666","目录节点数 14","14"
"space:QDPTJSS","topic:规范与流程","覆盖主题","QDPTJSS","系统软件开发所666","目录节点数 16","16"
"space:QDPTJSS","topic:会议与协同","覆盖主题","QDPTJSS","系统软件开发所666","目录节点数 2","2"
"space:QDPTJSS","topic:需求与功能","覆盖主题","QDPTJSS","系统软件开发所666","目录节点数 2","2"
"space:QDPTJSS","topic:问题与复盘","覆盖主题","QDPTJSS","系统软件开发所666","目录节点数 5","5"
"space:QDPTJSS","topic:测试与验证","覆盖主题","QDPTJSS","系统软件开发所666","目录节点数 4","4"
"space:QDPTJSS","topic:数据与质量","覆盖主题","QDPTJSS","系统软件开发所666","目录节点数 1","1"
"space:YFZXJSSL","topic:其他","覆盖主题","YFZXJSSL","视像科技研发中心技术沙龙","目录节点数 209","209"
"space:YFZXJSSL","topic:设计与架构","覆盖主题","YFZXJSSL","视像科技研发中心技术沙龙","目录节点数 47","47"
"space:YFZXJSSL","topic:问题与复盘","覆盖主题","YFZXJSSL","视像科技研发中心技术沙龙","目录节点数 30","30"
"space:YFZXJSSL","topic:规范与流程","覆盖主题","YFZXJSSL","视像科技研发中心技术沙龙","目录节点数 8","8"
"space:YFZXJSSL","topic:二维三维与图形模型","覆盖主题","YFZXJSSL","视像科技研发中心技术沙龙","目录节点数 14","14"
"space:YFZXJSSL","topic:测试与验证","覆盖主题","YFZXJSSL","视像科技研发中心技术沙龙","目录节点数 29","29"
"space:YFZXJSSL","topic:会议与协同","覆盖主题","YFZXJSSL","视像科技研发中心技术沙龙","目录节点数 1","1"
"space:YFZXJSSL","topic:培训与知识","覆盖主题","YFZXJSSL","视像科技研发中心技术沙龙","目录节点数 15","15"
"space:YFZXJSSL","topic:数据与质量","覆盖主题","YFZXJSSL","视像科技研发中心技术沙龙","目录节点数 4","4"
"space:YFZXJSSL","topic:项目管理","覆盖主题","YFZXJSSL","视像科技研发中心技术沙龙","目录节点数 3","3"
"space:YFZXJSSL","topic:需求与功能","覆盖主题","YFZXJSSL","视像科技研发中心技术沙龙","目录节点数 2","2"
"space:RJYFBGG","topic:其他","覆盖主题","RJYFBGG","软件研发部公共空间","目录节点数 86","86"
"space:RJYFBGG","topic:问题与复盘","覆盖主题","RJYFBGG","软件研发部公共空间","目录节点数 16","16"
"space:RJYFBGG","topic:项目管理","覆盖主题","RJYFBGG","软件研发部公共空间","目录节点数 52","52"
"space:RJYFBGG","topic:培训与知识","覆盖主题","RJYFBGG","软件研发部公共空间","目录节点数 4","4"
"space:RJYFBGG","topic:规范与流程","覆盖主题","RJYFBGG","软件研发部公共空间","目录节点数 13","13"
"space:RJYFBGG","topic:版本与计划","覆盖主题","RJYFBGG","软件研发部公共空间","目录节点数 10","10"
"space:RJYFBGG","topic:二维三维与图形模型","覆盖主题","RJYFBGG","软件研发部公共空间","目录节点数 2","2"
"space:RJYFBGG","topic:数据与质量","覆盖主题","RJYFBGG","软件研发部公共空间","目录节点数 43","43"
"space:RJYFBGG","topic:需求与功能","覆盖主题","RJYFBGG","软件研发部公共空间","目录节点数 7","7"
"space:RJYFBGG","topic:设计与架构","覆盖主题","RJYFBGG","软件研发部公共空间","目录节点数 50","50"
"space:RJYFBGG","topic:会议与协同","覆盖主题","RJYFBGG","软件研发部公共空间","目录节点数 13","13"
"space:TYXX","topic:其他","覆盖主题","TYXX","通用信息","目录节点数 34","34"
"space:TYXX","topic:规范与流程","覆盖主题","TYXX","通用信息","目录节点数 1","1"
"space:TYXX","topic:项目管理","覆盖主题","TYXX","通用信息","目录节点数 8","8"
"space:TYXX","topic:问题与复盘","覆盖主题","TYXX","通用信息","目录节点数 3","3"
"space:TYXX","topic:设计与架构","覆盖主题","TYXX","通用信息","目录节点数 4","4"
"space:TYXX","topic:测试与验证","覆盖主题","TYXX","通用信息","目录节点数 1","1"
