"Key","Name","Category","ProjectType","Lead","Url"
"AIVOICE731"," 语音助手自升级项目","AI和画质算法","software",,"http://tvjira.hisense.com/projects/AIVOICE731"
"TVS2K2023","2023 TVS 2K平台先行开发","产品项目","software",,"http://tvjira.hisense.com/projects/TVS2K2023"
"CLASS3D","3D眼镜项目(利尔达)","其他","software",,"http://tvjira.hisense.com/projects/CLASS3D"
"OSANDROID4KNOW","4KNow应用Google+Play上线运营项目研究","系统和OS平台","software",,"http://tvjira.hisense.com/projects/OSANDROID4KNOW"
"K120HZ","8K@120Hz输出显示的软件架构预研","其他","software",,"http://tvjira.hisense.com/projects/K120HZ"
"MT9612STABILITY","9612项目性能稳定性研究","MTK平台其他","software",,"http://tvjira.hisense.com/projects/MT9612STABILITY"
"ACASM","A-CAS Module","其他","software",,"http://tvjira.hisense.com/projects/ACASM"
"A311D2DPYX","A311D2-带屏音响","Amlogic和Android平台","software",,"http://tvjira.hisense.com/projects/A311D2DPYX"
"A311D2CKXZZHP","A311D2-触控旋转智慧屏","Amlogic和Android平台","software",,"http://tvjira.hisense.com/projects/A311D2CKXZZHP"
"AIEAGLE","AI Eagle项目","AI和画质算法","software",,"http://tvjira.hisense.com/projects/AIEAGLE"
"AIMACEY","AI Macey","AI和画质算法","software",,"http://tvjira.hisense.com/projects/AIMACEY"
"AIMACEYTEST","AI Macey_Test","AI和画质算法","software",,"http://tvjira.hisense.com/projects/AIMACEYTEST"
"AIAQ","AIAQ","AI和画质算法","software",,"http://tvjira.hisense.com/projects/AIAQ"
"AIMACEYMNG","AIMacey主干管理项目","AI和画质算法","software",,"http://tvjira.hisense.com/projects/AIMACEYMNG"
"AIOD","AIOD","AI和画质算法","software",,"http://tvjira.hisense.com/projects/AIOD"
"AIOT","AIOT","AI和画质算法","software",,"http://tvjira.hisense.com/projects/AIOT"
"AIPQ2CBB","AIPQ2.0_CBB","AI和画质算法","software",,"http://tvjira.hisense.com/projects/AIPQ2CBB"
"AIPQ6886U4EU","AIPQ软件项目_6886U4 EU","AI和画质算法","software",,"http://tvjira.hisense.com/projects/AIPQ6886U4EU"
"AIPQ9602U5EU","AIPQ软件项目_9602EU","AI和画质算法","software",,"http://tvjira.hisense.com/projects/AIPQ9602U5EU"
"AIHYJY","AI会议纪要","AI和画质算法","software",,"http://tvjira.hisense.com/projects/AIHYJY"
"ANDROIDAVGCBB","Alexa语音控制_CBB","系统和OS平台","software",,"http://tvjira.hisense.com/projects/ANDROIDAVGCBB"
"AML950D5EUAUCOAMU9","AML950D5_EUAUCOAM_U9","Amlogic和Android平台","software",,"http://tvjira.hisense.com/projects/AML950D5EUAUCOAMU9"
"AMLT950XROKU","AML_T950X_ROKU","Amlogic和Android平台","software",,"http://tvjira.hisense.com/projects/AMLT950XROKU"
"AMLT962XXTV","AML_T962X_XTV","Amlogic和Android平台","software",,"http://tvjira.hisense.com/projects/AMLT962XXTV"
"AMLTR955ROKU","AML_TR955_ROKU","Amlogic和Android平台","software",,"http://tvjira.hisense.com/projects/AMLTR955ROKU"
"AMLTR964K8E","AML_TR964-K8E_ROKU","Amlogic和Android平台","software",,"http://tvjira.hisense.com/projects/AMLTR964K8E"
"AMLTR985ROKU4K","AML_TR985_ROKU4K","Amlogic和Android平台","software",,"http://tvjira.hisense.com/projects/AMLTR985ROKU4K"
"AMLOGIC","AMLOGIC","Amlogic和Android平台","software",,"http://tvjira.hisense.com/projects/AMLOGIC"
"AT950S","Amlogic-T950S","Amlogic和Android平台","software",,"http://tvjira.hisense.com/projects/AT950S"
"AMLOGICT962X2","Amlogic-T962X2","Amlogic和Android平台","software",,"http://tvjira.hisense.com/projects/AMLOGICT962X2"
"AMLOGICT962X3ZJ0E","Amlogic-T962X3Z-J0E","Amlogic和Android平台","software",,"http://tvjira.hisense.com/projects/AMLOGICT962X3ZJ0E"
"AMLOGICT963","Amlogic-T963","Amlogic和Android平台","software",,"http://tvjira.hisense.com/projects/AMLOGICT963"
"AT963D4","Amlogic-T963D4","Amlogic和Android平台","software",,"http://tvjira.hisense.com/projects/AT963D4"
"AMLOGICT972","Amlogic-T972","Amlogic和Android平台","software",,"http://tvjira.hisense.com/projects/AMLOGICT972"
"AMLOGICA311D2","AMLOGICA311D2","Amlogic和Android平台","software",,"http://tvjira.hisense.com/projects/AMLOGICA311D2"
"A311D2LED","AMLOGICA311D2-LED","Amlogic和Android平台","software",,"http://tvjira.hisense.com/projects/A311D2LED"
"AMLOGICA311D2OMD","AMLOGICA311D2-OMD商显","Amlogic和Android平台","software",,"http://tvjira.hisense.com/projects/AMLOGICA311D2OMD"
"AMLOGICA311D2MIPIC","AMLOGICA311D2-国产化OPS","Amlogic和Android平台","software",,"http://tvjira.hisense.com/projects/AMLOGICA311D2MIPIC"
"AMLOGICA311D2GCHDSD","AMLOGICA311D2-国产化德晟达OPS","Amlogic和Android平台","software",,"http://tvjira.hisense.com/projects/AMLOGICA311D2GCHDSD"
"AMLOGICT963SX","AmlogicT963-商显","Amlogic和Android平台","software",,"http://tvjira.hisense.com/projects/AMLOGICT963SX"
"AT966D5","AmlogicT966D5_AOSP","Amlogic和Android平台","software",,"http://tvjira.hisense.com/projects/AT966D5"
"AMLOGICT982","AmlogicT982","Amlogic和Android平台","software",,"http://tvjira.hisense.com/projects/AMLOGICT982"
"ANDROIDTVATSC3","Android ATSC 3.0预研","系统和OS平台","software",,"http://tvjira.hisense.com/projects/ANDROIDTVATSC3"
"ANDROIDTVDZSMSKZH","Android TV电子说明书客制化需求研究","系统和OS平台","software",,"http://tvjira.hisense.com/projects/ANDROIDTVDZSMSKZH"
"ANDROIDTVDZSMS","Android TV电子说明书软件和编辑平台研究","系统和OS平台","software",,"http://tvjira.hisense.com/projects/ANDROIDTVDZSMS"
"ANDROIDIPV6","ANDROID-IPv6适配预研","系统和OS平台","software",,"http://tvjira.hisense.com/projects/ANDROIDIPV6"
"ANDROIDOTA","Android_OTA","系统和OS平台","software",,"http://tvjira.hisense.com/projects/ANDROIDOTA"
"ANDROIDQKSSP","AndroidQ快速适配预研","系统和OS平台","software",,"http://tvjira.hisense.com/projects/ANDROIDQKSSP"
"ANDROIDEUDTVLOGO","AndroidTV EU DTV logo认证关键技术研究","系统和OS平台","software",,"http://tvjira.hisense.com/projects/ANDROIDEUDTVLOGO"
"ANDROIDTVGINGAD","AndroidTV Ginga-D关键技术研究","系统和OS平台","software",,"http://tvjira.hisense.com/projects/ANDROIDTVGINGAD"
"ANDROIDMIRACASTDLTP","AndroidTV Miracast多路投屏技术研究 ","系统和OS平台","software",,"http://tvjira.hisense.com/projects/ANDROIDMIRACASTDLTP"
"ANDROIDMUTI","Android多场景性能优化","系统和OS平台","software",,"http://tvjira.hisense.com/projects/ANDROIDMUTI"
"ANDROIDDMTBFCSTJ","Android多媒体播放器测试套件","MTK平台其他","software",,"http://tvjira.hisense.com/projects/ANDROIDDMTBFCSTJ"
"MEDIAPLAYERFRAME","Android应用多媒体公共播控框架技术研究","系统和OS平台","software",,"http://tvjira.hisense.com/projects/MEDIAPLAYERFRAME"
"ANDROIDBROWSERSET","android浏览器setting功能","系统和OS平台","software",,"http://tvjira.hisense.com/projects/ANDROIDBROWSERSET"
"NPSPERF","Android系统综合体验提升项目","系统和OS平台","software",,"http://tvjira.hisense.com/projects/NPSPERF"
"ANS16AMLA311D2","ANS16AMLA311D2","Amlogic和Android平台","software",,"http://tvjira.hisense.com/projects/ANS16AMLA311D2"
"ARM3","AR-M3分体眼镜","其他","software",,"http://tvjira.hisense.com/projects/ARM3"
"ARTMODECBB","ArtMode_CBB","其他","software",,"http://tvjira.hisense.com/projects/ARTMODECBB"
"ATSC3TOOLS","ATSC 3.0码流分析和编辑工具预研","工具流程管理","software",,"http://tvjira.hisense.com/projects/ATSC3TOOLS"
"ATSC32024","ATSC3.0 2024新需求新特性开发","其他","software",,"http://tvjira.hisense.com/projects/ATSC32024"
"DTVATSC30","ATSC3.0 二期技术预研","应用和多媒体","software",,"http://tvjira.hisense.com/projects/DTVATSC30"
"ATSC3JH","ATSC3.0交互应用预研","其他","software",,"http://tvjira.hisense.com/projects/ATSC3JH"
"AUTOTESTPROJ","AutoTest系统整合项目","测试质量和自动化","software",,"http://tvjira.hisense.com/projects/AUTOTESTPROJ"
"B2BRJLC","B2B软件量产后问题管理","其他","software",,"http://tvjira.hisense.com/projects/B2BRJLC"
"BL704L10Q2IR","BL704L-10-Q2IR","其他","software",,"http://tvjira.hisense.com/projects/BL704L10Q2IR"
"BUGREPORTSERVICE","BugreportService","其他","software",,"http://tvjira.hisense.com/projects/BUGREPORTSERVICE"
"CBBRECENT","Cbb_Recent","其他","software",,"http://tvjira.hisense.com/projects/CBBRECENT"
"CH32V203","CH32V203","其他","software",,"http://tvjira.hisense.com/projects/CH32V203"
"CS53P90","CS53P90","其他","software",,"http://tvjira.hisense.com/projects/CS53P90"
"CS98P169AGO","CS98P169AGO","其他","software",,"http://tvjira.hisense.com/projects/CS98P169AGO"
"DATACOLLECTION","DataCollection预研项目","其他","software",,"http://tvjira.hisense.com/projects/DATACOLLECTION"
"DLNA","DLNA架构及性能优化项目","其他","software",,"http://tvjira.hisense.com/projects/DLNA"
"DBJPZNTV","Driver Based日本智能电视预研项目","产品项目","software",,"http://tvjira.hisense.com/projects/DBJPZNTV"
"DRIVERBASEFVP","DRIVERBASE-FVP预研项目","其他","software",,"http://tvjira.hisense.com/projects/DRIVERBASEFVP"
"DB1GSOLUTION","DriverBased 1G solution预研项目","其他","software",,"http://tvjira.hisense.com/projects/DB1GSOLUTION"
"DSMKF","DSMKF","其他","software",,"http://tvjira.hisense.com/projects/DSMKF"
"DTSPLAYFI2","DTSPlay-Fi认证二期需求","其他","software",,"http://tvjira.hisense.com/projects/DTSPLAYFI2"
"DTVMETADATA","DTV-MetaData快速搜索研究","应用和多媒体","software",,"http://tvjira.hisense.com/projects/DTVMETADATA"
"DTVFITESTAUTO","DTV功能集成测试自动化预研项目","测试质量和自动化","software",,"http://tvjira.hisense.com/projects/DTVFITESTAUTO"
"DTVMARKET","DTV市场问题跟踪","应用和多媒体","software",,"http://tvjira.hisense.com/projects/DTVMARKET"
"DTVTEST2","DTV自动化测试工具二期","测试质量和自动化","software",,"http://tvjira.hisense.com/projects/DTVTEST2"
"DVBI2","DVB-I数字电视协议栈二期预研","其他","software",,"http://tvjira.hisense.com/projects/DVBI2"
"DVBI","DVB-I数字电视协议栈预研","其他","software",,"http://tvjira.hisense.com/projects/DVBI"
"EMMCSECUREWRITE","eMMC安全写入管控方案实施项目","其他","software",,"http://tvjira.hisense.com/projects/EMMCSECUREWRITE"
"ESP32","ESP32","其他","software",,"http://tvjira.hisense.com/projects/ESP32"
"EXTERNALDEVICEDRIVER","ExternalDeviceDriver_CBB","其他","software",,"http://tvjira.hisense.com/projects/EXTERNALDEVICEDRIVER"
"FRAMEARTCBB","FrameArt","其他","software",,"http://tvjira.hisense.com/projects/FRAMEARTCBB"
"FVP2018","FVP2018预研项目","其他","software",,"http://tvjira.hisense.com/projects/FVP2018"
"GC","GC","其他","software",,"http://tvjira.hisense.com/projects/GC"
"GOOGDUOCBB","GoogleDuo_CBB","系统和OS平台","software",,"http://tvjira.hisense.com/projects/GOOGDUOCBB"
"GOOGLESTADIA","GoogleStadia_CBB","系统和OS平台","software",,"http://tvjira.hisense.com/projects/GOOGLESTADIA"
"GSTREAMER","GStreamer播放器的多平台通用化和功能扩展","其他","software",,"http://tvjira.hisense.com/projects/GSTREAMER"
"GSTREAMERCBB","GStreamer自研播放器","其他","software",,"http://tvjira.hisense.com/projects/GSTREAMERCBB"
"GT7","GT7 ","其他","software",,"http://tvjira.hisense.com/projects/GT7"
"H1","H1","其他","software",,"http://tvjira.hisense.com/projects/H1"
"H3","H3","其他","software",,"http://tvjira.hisense.com/projects/H3"
"H5","H5","其他","software",,"http://tvjira.hisense.com/projects/H5"
"H5EI","H5电子说明书","其他","software",,"http://tvjira.hisense.com/projects/H5EI"
"H6","H6","其他","software",,"http://tvjira.hisense.com/projects/H6"
"H7","H7","其他","software",,"http://tvjira.hisense.com/projects/H7"
"H8","H8","其他","software",,"http://tvjira.hisense.com/projects/H8"
"H9","H9","其他","software",,"http://tvjira.hisense.com/projects/H9"
"HA","HA","其他","software",,"http://tvjira.hisense.com/projects/HA"
"HAYSYNCTEST","HAY_SYNCTEST","测试质量和自动化","software",,"http://tvjira.hisense.com/projects/HAYSYNCTEST"
"HAYWARDSYNC","HAYWARD_SYNC","其他","software",,"http://tvjira.hisense.com/projects/HAYWARDSYNC"
"HB8100P","HB8100P","其他","software",,"http://tvjira.hisense.com/projects/HB8100P"
"HBBTVTA","HbbTV TA新特性开发预研","产品项目","software",,"http://tvjira.hisense.com/projects/HBBTVTA"
"HBBTV204","HbbTV2.0.4新规范预研","产品项目","software",,"http://tvjira.hisense.com/projects/HBBTV204"
"HD6200MA","HD6200MA","其他","software",,"http://tvjira.hisense.com/projects/HD6200MA"
"HEAISERVER","HE-AIserver","AI和画质算法","software",,"http://tvjira.hisense.com/projects/HEAISERVER"
"HICLASS","Hi-Class","其他","software",,"http://tvjira.hisense.com/projects/HICLASS"
"HI3731","HI3731","其他","software",,"http://tvjira.hisense.com/projects/HI3731"
"HI3751V810SXSZBP","Hi3751V810-商显数字标牌","其他","software",,"http://tvjira.hisense.com/projects/HI3751V810SXSZBP"
"HIBOARD","HiBoard-白板软件","其他","software",,"http://tvjira.hisense.com/projects/HIBOARD"
"HISENSEADDITIONSCBB","HisenseAdditions_CBB","其他","software",,"http://tvjira.hisense.com/projects/HISENSEADDITIONSCBB"
"HISENSEELECTRONICTUT","HisenseElectronictutorial_CBB","其他","software",,"http://tvjira.hisense.com/projects/HISENSEELECTRONICTUT"
"HISENSEFILEEXPLORER","HisenseFileExplorer_CBB","其他","software",,"http://tvjira.hisense.com/projects/HISENSEFILEEXPLORER"
"HISENSEMANUALCBB","HisenseManual_CBB","其他","software",,"http://tvjira.hisense.com/projects/HISENSEMANUALCBB"
"RAYCODERECEIVER","HisenseRayCodeReceiver_CBB","其他","software",,"http://tvjira.hisense.com/projects/RAYCODERECEIVER"
"HISENSESHARE","HisenseShare_CBB","其他","software",,"http://tvjira.hisense.com/projects/HISENSESHARE"
"HISENSEXRV01","HisenseXR-V01","其他","software",,"http://tvjira.hisense.com/projects/HISENSEXRV01"
"ZXHZA1","Hisense智享盒子A1","其他","software",,"http://tvjira.hisense.com/projects/ZXHZA1"
"HISFAC","HISFAC","其他","software",,"http://tvjira.hisense.com/projects/HISFAC"
"HISIG200AXF","Hisi-G200A信发","其他","software",,"http://tvjira.hisense.com/projects/HISIG200AXF"
"HISIH1600Y","HiSi-H1600Y","其他","software",,"http://tvjira.hisense.com/projects/HISIH1600Y"
"HISIH268UHOTEL","Hisi-H268U酒店","其他","software",,"http://tvjira.hisense.com/projects/HISIH268UHOTEL"
"HISIH300UHOTEL","HiSi-H300U酒店","其他","software",,"http://tvjira.hisense.com/projects/HISIH300UHOTEL"
"HISI300U550U","HiSi-K300U&K550U","其他","software",,"http://tvjira.hisense.com/projects/HISI300U550U"
"HISIK300UGDYD","HISI-K300U广东移动","其他","software",,"http://tvjira.hisense.com/projects/HISIK300UGDYD"
"HISIK300UGEHUA","HiSi-K300U歌华","其他","software",,"http://tvjira.hisense.com/projects/HISIK300UGEHUA"
"HISIK5500US","HiSi-K5500US","其他","software",,"http://tvjira.hisense.com/projects/HISIK5500US"
"HISIK700","HiSi-K700&K7100","其他","software",,"http://tvjira.hisense.com/projects/HISIK700"
"HISIV351VIDAA6","HISI-V351-VIDAA6","系统和OS平台","software",,"http://tvjira.hisense.com/projects/HISIV351VIDAA6"
"HISIV551","HISI-V551","其他","software",,"http://tvjira.hisense.com/projects/HISIV551"
"HISIV551VIDAA6","HISI-V551-VIDAA6","系统和OS平台","software",,"http://tvjira.hisense.com/projects/HISIV551VIDAA6"
"HISIV551HK","HISI-V551HK","其他","software",,"http://tvjira.hisense.com/projects/HISIV551HK"
"HISIV560VIDAA6","HISI-V560-VIDAA6 ","系统和OS平台","software",,"http://tvjira.hisense.com/projects/HISIV560VIDAA6"
"HISIV600HK","HISI-V600HK","其他","software",,"http://tvjira.hisense.com/projects/HISIV600HK"
"HISIV600TH","HISI-V600TH","其他","software",,"http://tvjira.hisense.com/projects/HISIV600TH"
"HISIV620","HISI-V620","其他","software",,"http://tvjira.hisense.com/projects/HISIV620"
"HISIV620HK","HISI-V620HK","其他","software",,"http://tvjira.hisense.com/projects/HISIV620HK"
"HISIV670AOSP","HISI-V670-AOSP","Amlogic和Android平台","software",,"http://tvjira.hisense.com/projects/HISIV670AOSP"
"HISIV810","HISI-V810","其他","software",,"http://tvjira.hisense.com/projects/HISIV810"
"HISIV810SJDS","HISI-V810社交电视","其他","software",,"http://tvjira.hisense.com/projects/HISIV810SJDS"
"HISIV811","HISI-V811","其他","software",,"http://tvjira.hisense.com/projects/HISIV811"
"HISIV811SN","HISI-V811-SN","其他","software",,"http://tvjira.hisense.com/projects/HISIV811SN"
"HISIV811SJTV","HISI-V811社交电视","产品项目","software",,"http://tvjira.hisense.com/projects/HISIV811SJTV"
"HISIB200A","Hisi-商显B200A","其他","software",,"http://tvjira.hisense.com/projects/HISIB200A"
"HISIV201USTTS","HISI_V201_US_TTS","其他","software",,"http://tvjira.hisense.com/projects/HISIV201USTTS"
"HISIV551SA","HISI_V551_SA","其他","software",,"http://tvjira.hisense.com/projects/HISIV551SA"
"HISIV1010D00","HISIV1010D00","其他","software",,"http://tvjira.hisense.com/projects/HISIV1010D00"
"HISIV551BM66A","HISIV551-商显BM66A","其他","software",,"http://tvjira.hisense.com/projects/HISIV551BM66A"
"HISIV551L18H","HisiV551-商显L18H","其他","software",,"http://tvjira.hisense.com/projects/HISIV551L18H"
"HISIV551SXSZBP","HisiV551-商显数字标牌","其他","software",,"http://tvjira.hisense.com/projects/HISIV551SXSZBP"
"HISIV551LV6","HISIV551L_V6","其他","software",,"http://tvjira.hisense.com/projects/HISIV551LV6"
"HISIV620TVOS2","HISIV620_TVOS2.0","产品项目","software",,"http://tvjira.hisense.com/projects/HISIV620TVOS2"
"HISIV811Z8A","HisiV811-商显Z8A","其他","software",,"http://tvjira.hisense.com/projects/HISIV811Z8A"
"SCREENHELPERCBB","Hi投屏_CBB","其他","software",,"http://tvjira.hisense.com/projects/SCREENHELPERCBB"
"HIMUSIC","Hi音乐","其他","software",,"http://tvjira.hisense.com/projects/HIMUSIC"
"HOTELMENU","HotelMenu","其他","software",,"http://tvjira.hisense.com/projects/HOTELMENU"
"HS980","HS980","其他","software",,"http://tvjira.hisense.com/projects/HS980"
"DUALCHIPHSP3","HSPCore双芯片通信交互预研","其他","software",,"http://tvjira.hisense.com/projects/DUALCHIPHSP3"
"HT2030VMAC","HT2030-空调离线语音模块VM-AC2","其他","software",,"http://tvjira.hisense.com/projects/HT2030VMAC"
"J1","J1","其他","software",,"http://tvjira.hisense.com/projects/J1"
"J3","J3","其他","software",,"http://tvjira.hisense.com/projects/J3"
"JULYTV","July_TV","产品项目","software",,"http://tvjira.hisense.com/projects/JULYTV"
"JUOS","JUOS","系统和OS平台","software",,"http://tvjira.hisense.com/projects/JUOS"
"JUOSV3R0","JUOS3.0","系统和OS平台","software",,"http://tvjira.hisense.com/projects/JUOSV3R0"
"JUOSV4R0","JUOS4.0","系统和OS平台","software",,"http://tvjira.hisense.com/projects/JUOSV4R0"
"JUOSV5R0","JUOS5.0","系统和OS平台","software",,"http://tvjira.hisense.com/projects/JUOSV5R0"
"JUOSV6R0","JUOS6.0","系统和OS平台","software",,"http://tvjira.hisense.com/projects/JUOSV6R0"
"JUOSV7R0","JUOS7.0","系统和OS平台","software",,"http://tvjira.hisense.com/projects/JUOSV7R0"
"JUOSANDROID16","JUOS_Android16","系统和OS平台","software",,"http://tvjira.hisense.com/projects/JUOSANDROID16"
"JUOSCI","JuOS个人CI问题管理","系统和OS平台","software",,"http://tvjira.hisense.com/projects/JUOSCI"
"JUOSPT","JUOS平台主干管理项目","系统和OS平台","software",,"http://tvjira.hisense.com/projects/JUOSPT"
"JUOSPM","JUOS项目","系统和OS平台","software",,"http://tvjira.hisense.com/projects/JUOSPM"
"K1","K1","其他","software",,"http://tvjira.hisense.com/projects/K1"
"K2","K2","其他","software",,"http://tvjira.hisense.com/projects/K2"
"K5","K5","其他","software",,"http://tvjira.hisense.com/projects/K5"
"K6","K6","其他","software",,"http://tvjira.hisense.com/projects/K6"
"K8","K8","其他","software",,"http://tvjira.hisense.com/projects/K8"
"KALILITECOMMONSP","Kali-lite面向全球多架构可移植方案研究","其他","software",,"http://tvjira.hisense.com/projects/KALILITECOMMONSP"
"HICLOUDKMS","KEY云管理平台","其他","software",,"http://tvjira.hisense.com/projects/HICLOUDKMS"
"KJ","KJ","其他","software",,"http://tvjira.hisense.com/projects/KJ"
"KL","KL","其他","software",,"http://tvjira.hisense.com/projects/KL"
"L1","L1","其他","software",,"http://tvjira.hisense.com/projects/L1"
"L3","L3","其他","software",,"http://tvjira.hisense.com/projects/L3"
"LA","LA","其他","software",,"http://tvjira.hisense.com/projects/LA"
"LANGOTEST","langoTest","测试质量和自动化","software",,"http://tvjira.hisense.com/projects/LANGOTEST"
"LD11","LD11","其他","software",,"http://tvjira.hisense.com/projects/LD11"
"LD20","LD20","其他","software",,"http://tvjira.hisense.com/projects/LD20"
"LMTKMULSCR","linux MTK平台多屏互动服务整合内部项目","MTK平台其他","software",,"http://tvjira.hisense.com/projects/LMTKMULSCR"
"LITAUTOTEST","LIT集成测试项目","测试质量和自动化","software",,"http://tvjira.hisense.com/projects/LITAUTOTEST"
"LIVETVCBB","LiveTV_CBB","产品项目","software",,"http://tvjira.hisense.com/projects/LIVETVCBB"
"LM100U30H","LM100U30H光学引擎项目","其他","software",,"http://tvjira.hisense.com/projects/LM100U30H"
"LOEWEEU","Loewe-EU","其他","software",,"http://tvjira.hisense.com/projects/LOEWEEU"
"M2","M2","其他","software",,"http://tvjira.hisense.com/projects/M2"
"M4","M4","其他","software",,"http://tvjira.hisense.com/projects/M4"
"M8","M8","其他","software",,"http://tvjira.hisense.com/projects/M8"
"M9","M9","其他","software",,"http://tvjira.hisense.com/projects/M9"
"MARPROJECT","MARS_Project","产品项目","software",,"http://tvjira.hisense.com/projects/MARPROJECT"
"MARSU10","MARS_Project_U10","产品项目","software",,"http://tvjira.hisense.com/projects/MARSU10"
"VIDAADTVALL","Mars主干DTV全球协议栈开发","系统和OS平台","software",,"http://tvjira.hisense.com/projects/VIDAADTVALL"
"VIDAAMARS","Mars主干开发与持续集成","系统和OS平台","software",,"http://tvjira.hisense.com/projects/VIDAAMARS"
"MATTER","Matter","其他","software",,"http://tvjira.hisense.com/projects/MATTER"
"MEDIACENTERCBB","MediaCenter_CBB","应用和多媒体","software",,"http://tvjira.hisense.com/projects/MEDIACENTERCBB"
"MEDFW2","MediaFramework 2.0 ","应用和多媒体","software",,"http://tvjira.hisense.com/projects/MEDFW2"
"TVMW","Middleware_TVMW_CBB","产品项目","software",,"http://tvjira.hisense.com/projects/TVMW"
"MIRACASTCBB","Miracast_CBB","应用和多媒体","software",,"http://tvjira.hisense.com/projects/MIRACASTCBB"
"MIRACASTKEEPONWIF","Miracast不断网投屏","应用和多媒体","software",,"http://tvjira.hisense.com/projects/MIRACASTKEEPONWIF"
"MIRACASTHOUTAI","Miracast后台常驻方案预研","AI和画质算法","software",,"http://tvjira.hisense.com/projects/MIRACASTHOUTAI"
"MONITORA","MONITOR_A","其他","software",,"http://tvjira.hisense.com/projects/MONITORA"
"MPSXF","MPS终端应用","其他","software",,"http://tvjira.hisense.com/projects/MPSXF"
"MS3393","MS3393 ","其他","software",,"http://tvjira.hisense.com/projects/MS3393"
"MSD1601ROKU4KUSA","MSD1601Roku4K_USA","系统和OS平台","software",,"http://tvjira.hisense.com/projects/MSD1601ROKU4KUSA"
"MSD3393KR","MSD3393-KR","其他","software",,"http://tvjira.hisense.com/projects/MSD3393KR"
"MSD3393D36","MSD3393-US","其他","software",,"http://tvjira.hisense.com/projects/MSD3393D36"
"MSD3458EM","MSD3458-EM","其他","software",,"http://tvjira.hisense.com/projects/MSD3458EM"
"MSD3458US","MSD3458-US","其他","software",,"http://tvjira.hisense.com/projects/MSD3458US"
"MSD3463","MSD3463","其他","software",,"http://tvjira.hisense.com/projects/MSD3463"
"MSD3553ODM","MSD3553-ODM","产品项目","software",,"http://tvjira.hisense.com/projects/MSD3553ODM"
"MSD3553US","MSD3553-US","其他","software",,"http://tvjira.hisense.com/projects/MSD3553US"
"MSD3553HIUS","MSD3553_Hisense_US","其他","software",,"http://tvjira.hisense.com/projects/MSD3553HIUS"
"MSD3553BBYCVTE","MSD3553BBY-CVTE​","其他","software",,"http://tvjira.hisense.com/projects/MSD3553BBYCVTE"
"MSD3663EM","MSD3663-EM","其他","software",,"http://tvjira.hisense.com/projects/MSD3663EM"
"MSD3663EU","MSD3663-EU","其他","software",,"http://tvjira.hisense.com/projects/MSD3663EU"
"MSD3666","MSD3666","其他","software",,"http://tvjira.hisense.com/projects/MSD3666"
"MSD3666EU","MSD3666-EU","其他","software",,"http://tvjira.hisense.com/projects/MSD3666EU"
"MSD3686EM","MSD3686-EM","其他","software",,"http://tvjira.hisense.com/projects/MSD3686EM"
"MSD3686US","MSD3686-US","其他","software",,"http://tvjira.hisense.com/projects/MSD3686US"
"MSD6180YILIAO","MSD6180-医疗","其他","software",,"http://tvjira.hisense.com/projects/MSD6180YILIAO"
"MSD628VXK3500","MSD628VX-K3500","其他","software",,"http://tvjira.hisense.com/projects/MSD628VXK3500"
"MSD6306AU","MSD6306-AU","其他","software",,"http://tvjira.hisense.com/projects/MSD6306AU"
"MSD6306PUD","MSD6306PUD","其他","software",,"http://tvjira.hisense.com/projects/MSD6306PUD"
"MSD6306PUM","MSD6306PUM","其他","software",,"http://tvjira.hisense.com/projects/MSD6306PUM"
"MSD6308AM","MSD6308-AM","其他","software",,"http://tvjira.hisense.com/projects/MSD6308AM"
"MSD6308AU","MSD6308-AU","其他","software",,"http://tvjira.hisense.com/projects/MSD6308AU"
"MSD6308EU","MSD6308-EU","其他","software",,"http://tvjira.hisense.com/projects/MSD6308EU"
"MSD6383JP","MSD6383-JP","其他","software",,"http://tvjira.hisense.com/projects/MSD6383JP"
"MSD6486EM","MSD6486-EM","其他","software",,"http://tvjira.hisense.com/projects/MSD6486EM"
"MSD6586EM","MSD6586-EM","其他","software",,"http://tvjira.hisense.com/projects/MSD6586EM"
"MSD6586EU","MSD6586-EU","其他","software",,"http://tvjira.hisense.com/projects/MSD6586EU"
"MSD6586EUU25","MSD6586-EU_U2.5","其他","software",,"http://tvjira.hisense.com/projects/MSD6586EUU25"
"MSD6586SACVTE","MSD6586-SA_CVTE","其他","software",,"http://tvjira.hisense.com/projects/MSD6586SACVTE"
"MSD6586US","MSD6586-US","其他","software",,"http://tvjira.hisense.com/projects/MSD6586US"
"MSD6586USU25","MSD6586-US_U2.5","其他","software",,"http://tvjira.hisense.com/projects/MSD6586USU25"
"MSD668","MSD668","其他","software",,"http://tvjira.hisense.com/projects/MSD668"
"MSD668SXHS8U","MSD668-商显HS8U","其他","software",,"http://tvjira.hisense.com/projects/MSD668SXHS8U"
"MSD668WR30A","MSD668-商显WR30A","其他","software",,"http://tvjira.hisense.com/projects/MSD668WR30A"
"MSD6683EE","MSD6683-EE","其他","software",,"http://tvjira.hisense.com/projects/MSD6683EE"
"MSD6683EMANDROID","MSD6683-EM_Android","系统和OS平台","software",,"http://tvjira.hisense.com/projects/MSD6683EMANDROID"
"MSD6683EXT","MSD6683-EXT","其他","software",,"http://tvjira.hisense.com/projects/MSD6683EXT"
"MSD6683SA","MSD6683-SA","其他","software",,"http://tvjira.hisense.com/projects/MSD6683SA"
"MSD6683US","MSD6683-US","其他","software",,"http://tvjira.hisense.com/projects/MSD6683US"
"MSD6683EMOSVR","MSD6683_EM_OSV_R","其他","software",,"http://tvjira.hisense.com/projects/MSD6683EMOSVR"
"MSD6683EUOSVR","MSD6683_EU_OSV_R","其他","software",,"http://tvjira.hisense.com/projects/MSD6683EUOSVR"
"MSD6683NAOSVR","MSD6683_NA_OSV_R","其他","software",,"http://tvjira.hisense.com/projects/MSD6683NAOSVR"
"MSD6683SAOSVR","MSD6683_SA_OSV_R","其他","software",,"http://tvjira.hisense.com/projects/MSD6683SAOSVR"
"MSD6683USR","MSD6683_US_AndroidR","系统和OS平台","software",,"http://tvjira.hisense.com/projects/MSD6683USR"
"MSD6886EMANDROID","MSD6886-EM_Android","系统和OS平台","software",,"http://tvjira.hisense.com/projects/MSD6886EMANDROID"
"MSD6886EUANDROID","MSD6886-EU_Android","系统和OS平台","software",,"http://tvjira.hisense.com/projects/MSD6886EUANDROID"
"MSD6886SAR","MSD6886-SA_Android","系统和OS平台","software",,"http://tvjira.hisense.com/projects/MSD6886SAR"
"MSD6886TWANDROID","MSD6886-TW_Android","系统和OS平台","software",,"http://tvjira.hisense.com/projects/MSD6886TWANDROID"
"MSD6886AU","MSD6886_AU","其他","software",,"http://tvjira.hisense.com/projects/MSD6886AU"
"MSD6886AUU4","MSD6886_AUU4","其他","software",,"http://tvjira.hisense.com/projects/MSD6886AUU4"
"MSD6886CO","MSD6886_CO","其他","software",,"http://tvjira.hisense.com/projects/MSD6886CO"
"MSD6886EU","MSD6886_EU","其他","software",,"http://tvjira.hisense.com/projects/MSD6886EU"
"MSD6886EUU4","MSD6886_EUU4","其他","software",,"http://tvjira.hisense.com/projects/MSD6886EUU4"
"MSD6886NA","MSD6886_NA","其他","software",,"http://tvjira.hisense.com/projects/MSD6886NA"
"MSD6886SAANDROIDR","MSD6886_SA_AndroidR","系统和OS平台","software",,"http://tvjira.hisense.com/projects/MSD6886SAANDROIDR"
"MSD6886TSB","MSD6886_TSB","其他","software",,"http://tvjira.hisense.com/projects/MSD6886TSB"
"MSD6886US","MSD6886_US","其他","software",,"http://tvjira.hisense.com/projects/MSD6886US"
"MSD6886USR","MSD6886_US_AndroidR","系统和OS平台","software",,"http://tvjira.hisense.com/projects/MSD6886USR"
"MSD6886VIDAAU4L","MSD6886_VIDAA_U4_Laser","系统和OS平台","software",,"http://tvjira.hisense.com/projects/MSD6886VIDAAU4L"
"MSD6886AUU4CVTE","MSD6886AUU4_CVTE","其他","software",,"http://tvjira.hisense.com/projects/MSD6886AUU4CVTE"
"MSD6886DBTW","MSD6886DB_台湾","其他","software",,"http://tvjira.hisense.com/projects/MSD6886DBTW"
"MSD6886EMR","MSD6886EMR","其他","software",,"http://tvjira.hisense.com/projects/MSD6886EMR"
"MSD6886EUU4CVTE","MSD6886EUU4_CVTE","其他","software",,"http://tvjira.hisense.com/projects/MSD6886EUU4CVTE"
"MSD6886U4CO","MSD6886U4-CO","其他","software",,"http://tvjira.hisense.com/projects/MSD6886U4CO"
"MSD6A346","MSD6A346","其他","software",,"http://tvjira.hisense.com/projects/MSD6A346"
"MSD6A348","MSD6A348","其他","software",,"http://tvjira.hisense.com/projects/MSD6A348"
"MSD6A628G186","MSD6A628-商显G186","其他","software",,"http://tvjira.hisense.com/projects/MSD6A628G186"
"MSD6A628G288","MSD6A628-商显G288","其他","software",,"http://tvjira.hisense.com/projects/MSD6A628G288"
"MSD6A628W20","MSD6A628-商显W20","其他","software",,"http://tvjira.hisense.com/projects/MSD6A628W20"
"CS400CK350","MSD6A628A-CS400C&K350","其他","software",,"http://tvjira.hisense.com/projects/CS400CK350"
"MSD6A628BEC290","MSD6A628B-EC290","其他","software",,"http://tvjira.hisense.com/projects/MSD6A628BEC290"
"MSD6A628BYILIAO","MSD6A628B-医疗","其他","software",,"http://tvjira.hisense.com/projects/MSD6A628BYILIAO"
"MSD6A628BL05","MSD6A628B-商显L05","其他","software",,"http://tvjira.hisense.com/projects/MSD6A628BL05"
"MSD6A648","MSD6A648","其他","software",,"http://tvjira.hisense.com/projects/MSD6A648"
"MSD6A648VIDDA6","MSD6A648-VIDDA6","其他","software",,"http://tvjira.hisense.com/projects/MSD6A648VIDDA6"
"MSD6A648TH","MSD6A648-松下","其他","software",,"http://tvjira.hisense.com/projects/MSD6A648TH"
"MSD6A826","MSD6A826","其他","software",,"http://tvjira.hisense.com/projects/MSD6A826"
"MSD6A826G200A","MSD6A826-商显G200A","其他","software",,"http://tvjira.hisense.com/projects/MSD6A826G200A"
"MSD6A826HS268","MSD6A826-商显HS268","其他","software",,"http://tvjira.hisense.com/projects/MSD6A826HS268"
"MSD6A826W1000","MSD6A826-商显W1000","其他","software",,"http://tvjira.hisense.com/projects/MSD6A826W1000"
"MSD6A826W20","MSD6A826-商显W20","其他","software",,"http://tvjira.hisense.com/projects/MSD6A826W20"
"MSD6A826W60","MSD6A826-商显W60","其他","software",,"http://tvjira.hisense.com/projects/MSD6A826W60"
"MSD6A826XF","MSD6A826-商显信发","其他","software",,"http://tvjira.hisense.com/projects/MSD6A826XF"
"MSD6A826BOX","MSD6A826-商显盒子","其他","software",,"http://tvjira.hisense.com/projects/MSD6A826BOX"
"MSD6A828","MSD6A828","其他","software",,"http://tvjira.hisense.com/projects/MSD6A828"
"MSD6A838","MSD6A838","其他","software",,"http://tvjira.hisense.com/projects/MSD6A838"
"MSD6A838LASER","MSD6A838-LASER","产品项目","software",,"http://tvjira.hisense.com/projects/MSD6A838LASER"
"MSD6A838LASERDESK","MSD6A838-LaserDesk","产品项目","software",,"http://tvjira.hisense.com/projects/MSD6A838LASERDESK"
"MSD6A838VIDDA55","MSD6A838-VIDDA5.5","其他","software",,"http://tvjira.hisense.com/projects/MSD6A838VIDDA55"
"MSD6A838VIDDA6","MSD6A838-VIDDA6","其他","software",,"http://tvjira.hisense.com/projects/MSD6A838VIDDA6"
"MSD6A838DZJG","MSD6A838-东芝激光","其他","software",,"http://tvjira.hisense.com/projects/MSD6A838DZJG"
"MSD6A848","MSD6A848","其他","software",,"http://tvjira.hisense.com/projects/MSD6A848"
"MSD6A848AIPQ","MSD6A848-AIPQ","AI和画质算法","software",,"http://tvjira.hisense.com/projects/MSD6A848AIPQ"
"MSD6A848TH","MSD6A848-松下","其他","software",,"http://tvjira.hisense.com/projects/MSD6A848TH"
"MSD6A916K560","MSD6A916-K560","其他","software",,"http://tvjira.hisense.com/projects/MSD6A916K560"
"MSD6A918EC590","MSD6A918-EC590","其他","software",,"http://tvjira.hisense.com/projects/MSD6A918EC590"
"MSD6A918K320","MSD6A918-K320","其他","software",,"http://tvjira.hisense.com/projects/MSD6A918K320"
"MSD6A918B300A","MSD6A918-商显B300A","其他","software",,"http://tvjira.hisense.com/projects/MSD6A918B300A"
"MSD6A918G200","MSD6A918-商显G200","其他","software",,"http://tvjira.hisense.com/projects/MSD6A918G200"
"MSD6A918G288","MSD6A918-商显G288","其他","software",,"http://tvjira.hisense.com/projects/MSD6A918G288"
"MSD6A918W20","MSD6A918-商显W20","其他","software",,"http://tvjira.hisense.com/projects/MSD6A918W20"
"MSD6A918W60","MSD6A918-商显W60","其他","software",,"http://tvjira.hisense.com/projects/MSD6A918W60"
"MSD6A918TH","MSD6A918-松下","其他","software",,"http://tvjira.hisense.com/projects/MSD6A918TH"
"MSD6A938","MSD6A938","其他","software",,"http://tvjira.hisense.com/projects/MSD6A938"
"MSD6A938LASER","MSD6A938-LASER","产品项目","software",,"http://tvjira.hisense.com/projects/MSD6A938LASER"
"MSD6A938S9","MSD6A938-S9","其他","software",,"http://tvjira.hisense.com/projects/MSD6A938S9"
"MSD6A938V1UC","MSD6A938-V1UC","其他","software",,"http://tvjira.hisense.com/projects/MSD6A938V1UC"
"MSD6A938VIDDA5","MSD6A938-VIDDA5","其他","software",,"http://tvjira.hisense.com/projects/MSD6A938VIDDA5"
"MSD6A938VIDDA55","MSD6A938-VIDDA5.5","其他","software",,"http://tvjira.hisense.com/projects/MSD6A938VIDDA55"
"MSD938XT920U","MSD6A938-XT920U","其他","software",,"http://tvjira.hisense.com/projects/MSD938XT920U"
"MSD6A938TH","MSD6A938-松下","其他","software",,"http://tvjira.hisense.com/projects/MSD6A938TH"
"MSD6I880","MSD6i880","其他","software",,"http://tvjira.hisense.com/projects/MSD6I880"
"MSD6I982L05","MSD6I982-商显L05","其他","software",,"http://tvjira.hisense.com/projects/MSD6I982L05"
"MSD826YILIAO","MSD826-医疗","其他","software",,"http://tvjira.hisense.com/projects/MSD826YILIAO"
"MSD8488JPAL","MSD8488JP_AL","其他","software",,"http://tvjira.hisense.com/projects/MSD8488JPAL"
"MSD95VDH01","MSD95VDH01","其他","software",,"http://tvjira.hisense.com/projects/MSD95VDH01"
"MSD9688JP","MSD9688-JP","其他","software",,"http://tvjira.hisense.com/projects/MSD9688JP"
"MSD9688TOSHIBA","MSD9688-TOSHIBA","其他","software",,"http://tvjira.hisense.com/projects/MSD9688TOSHIBA"
"MSD9688TOSHIBABDR","MSD9688-TOSHIBA-BDR","其他","software",,"http://tvjira.hisense.com/projects/MSD9688TOSHIBABDR"
"MSDFRX1603ROKU","MSDFRX1603_roku","系统和OS平台","software",,"http://tvjira.hisense.com/projects/MSDFRX1603ROKU"
"MSDUAUV705FIRETV","MSDUAUV705-FIRETV","系统和OS平台","software",,"http://tvjira.hisense.com/projects/MSDUAUV705FIRETV"
"MSDURN1801TROKU","MSDURN1801T_roku","系统和OS平台","software",,"http://tvjira.hisense.com/projects/MSDURN1801TROKU"
"MSGCOLLECTER","MsgCollecter","其他","software",,"http://tvjira.hisense.com/projects/MSGCOLLECTER"
"MST6180","MST6180","其他","software",,"http://tvjira.hisense.com/projects/MST6180"
"MST6180B300","MST6180-商显B300","其他","software",,"http://tvjira.hisense.com/projects/MST6180B300"
"MST6180B300A","MST6180-地铁B300A","其他","software",,"http://tvjira.hisense.com/projects/MST6180B300A"
"MSTK220","MST6A628B-K220","其他","software",,"http://tvjira.hisense.com/projects/MSTK220"
"MST6A628BL06","MST6A628B-商显L06","其他","software",,"http://tvjira.hisense.com/projects/MST6A628BL06"
"MST9U01YILIAO","MST9U01-医疗","其他","software",,"http://tvjira.hisense.com/projects/MST9U01YILIAO"
"MSTT1JP","MSTT1-JP","其他","software",,"http://tvjira.hisense.com/projects/MSTT1JP"
"MSWESHARECBB","MsWeShareCBB ","其他","software",,"http://tvjira.hisense.com/projects/MSWESHARECBB"
"MT5327K370HK","MT5327-K370HK","MTK平台其他","software",,"http://tvjira.hisense.com/projects/MT5327K370HK"
"MT5327LASERTV","MT5327-LaserTV","MTK平台其他","software",,"http://tvjira.hisense.com/projects/MT5327LASERTV"
"MT53297900A","MT5329-7900A","MTK平台其他","software",,"http://tvjira.hisense.com/projects/MT53297900A"
"XT910","MT5329-XT910","MTK平台其他","software",,"http://tvjira.hisense.com/projects/XT910"
"MT5505K370","MT5505-K370","MTK平台其他","software",,"http://tvjira.hisense.com/projects/MT5505K370"
"MT5505L288","MT5505-L288","MTK平台其他","software",,"http://tvjira.hisense.com/projects/MT5505L288"
"MT5507","MT5507","MTK平台其他","software",,"http://tvjira.hisense.com/projects/MT5507"
"MT5507HOTEL","MT5507酒店机","MTK平台其他","software",,"http://tvjira.hisense.com/projects/MT5507HOTEL"
"K690U","MT5508-K690U","MTK平台其他","software",,"http://tvjira.hisense.com/projects/K690U"
"K720U","MT5508-K720U","MTK平台其他","software",,"http://tvjira.hisense.com/projects/K720U"
"MT5651K220","MT5651-K220","MTK平台其他","software",,"http://tvjira.hisense.com/projects/MT5651K220"
"MT5651US","MT5651_US","MTK平台其他","software",,"http://tvjira.hisense.com/projects/MT5651US"
"K380","MT5652NHOI-K380","MTK平台其他","software",,"http://tvjira.hisense.com/projects/K380"
"MT5653AU","MT5653-AU","MTK平台其他","software",,"http://tvjira.hisense.com/projects/MT5653AU"
"MT5653NPDJ","MT5653NPDJ ","MTK平台其他","software",,"http://tvjira.hisense.com/projects/MT5653NPDJ"
"MT5655CO","MT5655-CO","MTK平台其他","software",,"http://tvjira.hisense.com/projects/MT5655CO"
"MT5655EM","MT5655-EM","MTK平台其他","software",,"http://tvjira.hisense.com/projects/MT5655EM"
"MT5655EU","MT5655-EU","MTK平台其他","software",,"http://tvjira.hisense.com/projects/MT5655EU"
"MT5655SA","MT5655-SA","MTK平台其他","software",,"http://tvjira.hisense.com/projects/MT5655SA"
"MT5655SHARPB2BUS","MT5655_SHARP_B2B_USA","MTK平台其他","software",,"http://tvjira.hisense.com/projects/MT5655SHARPB2BUS"
"MT5655SHARPSA","MT5655_SHARP_SA","MTK平台其他","software",,"http://tvjira.hisense.com/projects/MT5655SHARPSA"
"MT5655SHARPUSA","MT5655_SHARP_USA","MTK平台其他","software",,"http://tvjira.hisense.com/projects/MT5655SHARPUSA"
"MT5655VLUSA","MT5655_VidaaLite2.0_USA","MTK平台其他","software",,"http://tvjira.hisense.com/projects/MT5655VLUSA"
"MT5655EPDJ","MT5655EPDJ","MTK平台其他","software",,"http://tvjira.hisense.com/projects/MT5655EPDJ"
"MT5657OEMUSA","MT5657_OEM_USA","MTK平台其他","software",,"http://tvjira.hisense.com/projects/MT5657OEMUSA"
"MT5657SHARPB2BUS","MT5657_SHARP_B2B_USA","MTK平台其他","software",,"http://tvjira.hisense.com/projects/MT5657SHARPB2BUS"
"MT5657SHARPSA","MT5657_SHARP_SA","MTK平台其他","software",,"http://tvjira.hisense.com/projects/MT5657SHARPSA"
"MT5657SHARPUSA","MT5657_SHARP_USA","MTK平台其他","software",,"http://tvjira.hisense.com/projects/MT5657SHARPUSA"
"MT5657VL2EM","MT5657_Vidaalite2.0_EM","MTK平台其他","software",,"http://tvjira.hisense.com/projects/MT5657VL2EM"
"MT5657VL2EU","MT5657_Vidaalite2.0_EU","MTK平台其他","software",,"http://tvjira.hisense.com/projects/MT5657VL2EU"
"MT5657VLUSA","MT5657_VidaaLite2.0_USA","MTK平台其他","software",,"http://tvjira.hisense.com/projects/MT5657VLUSA"
"K321","MT5657B-K321","MTK平台其他","software",,"http://tvjira.hisense.com/projects/K321"
"MT5658LASER","MT5658-LASER","MTK平台其他","software",,"http://tvjira.hisense.com/projects/MT5658LASER"
"MT5658LASEREU","MT5658-LASER_EU","MTK平台其他","software",,"http://tvjira.hisense.com/projects/MT5658LASEREU"
"MT5658SA","MT5658-SA","MTK平台其他","software",,"http://tvjira.hisense.com/projects/MT5658SA"
"MT5658USOTT","MT5658-US-OTT预研项目","MTK平台其他","software",,"http://tvjira.hisense.com/projects/MT5658USOTT"
"MT5658EM","MT5658_EM","MTK平台其他","software",,"http://tvjira.hisense.com/projects/MT5658EM"
"MT5658EMU25","MT5658_EM_U2.5","MTK平台其他","software",,"http://tvjira.hisense.com/projects/MT5658EMU25"
"MT5658EU","MT5658_EU","MTK平台其他","software",,"http://tvjira.hisense.com/projects/MT5658EU"
"MT5658EUFVP","MT5658_EU_FVP","MTK平台其他","software",,"http://tvjira.hisense.com/projects/MT5658EUFVP"
"MT5658EUU25","MT5658_EU_U2.5","MTK平台其他","software",,"http://tvjira.hisense.com/projects/MT5658EUU25"
"MT5658SAU25","MT5658_SA_U2.5","MTK平台其他","software",,"http://tvjira.hisense.com/projects/MT5658SAU25"
"MT5658SHARPU2","MT5658_SHARP_U2","MTK平台其他","software",,"http://tvjira.hisense.com/projects/MT5658SHARPU2"
"MT5658US","MT5658_US","MTK平台其他","software",,"http://tvjira.hisense.com/projects/MT5658US"
"MT5658USU25","MT5658_US_U2.5","MTK平台其他","software",,"http://tvjira.hisense.com/projects/MT5658USU25"
"MT5658USATTS","MT5658_USA_TTS_2017","MTK平台其他","software",,"http://tvjira.hisense.com/projects/MT5658USATTS"
"MT5659CO","MT5659_CO","MTK平台其他","software",,"http://tvjira.hisense.com/projects/MT5659CO"
"MT5659EM","MT5659_EM","MTK平台其他","software",,"http://tvjira.hisense.com/projects/MT5659EM"
"MT5659EU","MT5659_EU","MTK平台其他","software",,"http://tvjira.hisense.com/projects/MT5659EU"
"MT5659SA","MT5659_SA","MTK平台其他","software",,"http://tvjira.hisense.com/projects/MT5659SA"
"MT5659US","MT5659_US","MTK平台其他","software",,"http://tvjira.hisense.com/projects/MT5659US"
"MT5660EM","MT5660-EM","MTK平台其他","software",,"http://tvjira.hisense.com/projects/MT5660EM"
"MT5660EMP","MT5660-EM-AndroidP","MTK平台其他","software",,"http://tvjira.hisense.com/projects/MT5660EMP"
"MT5660HK","MT5660-HK","MTK平台其他","software",,"http://tvjira.hisense.com/projects/MT5660HK"
"MT5660TW","MT5660-TW","MTK平台其他","software",,"http://tvjira.hisense.com/projects/MT5660TW"
"MT5660USLASER","MT5660_US_Laser","MTK平台其他","software",,"http://tvjira.hisense.com/projects/MT5660USLASER"
"MT5660USP","MT5660USP","MTK平台其他","software",,"http://tvjira.hisense.com/projects/MT5660USP"
"MT8195CKXZZHP","MT8195-触控旋转智慧屏","MTK平台其他","software",,"http://tvjira.hisense.com/projects/MT8195CKXZZHP"
"MT8195CKXZZHPWX","MT8195-触控旋转智慧屏-外销","MTK平台其他","software",,"http://tvjira.hisense.com/projects/MT8195CKXZZHPWX"
"MT8518","MT8518","MTK平台其他","software",,"http://tvjira.hisense.com/projects/MT8518"
"MT9010ROKU4K","MT9010_Roku4K","MTK平台其他","software",,"http://tvjira.hisense.com/projects/MT9010ROKU4K"
"MT9016ROKU4K","MT9016_ROKU4K","MTK平台其他","software",,"http://tvjira.hisense.com/projects/MT9016ROKU4K"
"MT9020IAATTCAM","MT9020IAATTC_AM","MTK平台其他","software",,"http://tvjira.hisense.com/projects/MT9020IAATTCAM"
"MT9025US","MT9025US","MTK平台其他","software",,"http://tvjira.hisense.com/projects/MT9025US"
"MT9026P2K","MT9026P_2K","MTK平台其他","software",,"http://tvjira.hisense.com/projects/MT9026P2K"
"MT9026US","MT9026US","MTK平台其他","software",,"http://tvjira.hisense.com/projects/MT9026US"
"MT921620R2U","MT9216_2.0_R2U","MTK平台其他","software",,"http://tvjira.hisense.com/projects/MT921620R2U"
"MT921630R2U","MT9216_3.0_R2U","MTK平台其他","software",,"http://tvjira.hisense.com/projects/MT921630R2U"
"MT9216EM","MT9216_EM","MTK平台其他","software",,"http://tvjira.hisense.com/projects/MT9216EM"
"MT9216EU","MT9216_EU","MTK平台其他","software",,"http://tvjira.hisense.com/projects/MT9216EU"
"MT9216GTVEM","MT9216_GTV_EM","MTK平台其他","software",,"http://tvjira.hisense.com/projects/MT9216GTVEM"
"MT9216GTVHK","MT9216_GTV_HK","MTK平台其他","software",,"http://tvjira.hisense.com/projects/MT9216GTVHK"
"MT9216GTVSA","MT9216_GTV_SA","MTK平台其他","software",,"http://tvjira.hisense.com/projects/MT9216GTVSA"
"MT9216GTVUS","MT9216_GTV_US","MTK平台其他","software",,"http://tvjira.hisense.com/projects/MT9216GTVUS"
"MT9216GTV","MT9216GTV","MTK平台其他","software",,"http://tvjira.hisense.com/projects/MT9216GTV"
"MT9216GTVR50","MT9216GTV_R50","MTK平台其他","software",,"http://tvjira.hisense.com/projects/MT9216GTVR50"
"MT9219FTV","MT9219FTV","MTK平台其他","software",,"http://tvjira.hisense.com/projects/MT9219FTV"
"MT9255","MT9255","MTK平台其他","software",,"http://tvjira.hisense.com/projects/MT9255"
"MT9602SA","MT9602-SA","MTK平台其他","software",,"http://tvjira.hisense.com/projects/MT9602SA"
"MT9602AUU5OEM","MT9602_AU_U5_OEM","MTK平台其他","software",,"http://tvjira.hisense.com/projects/MT9602AUU5OEM"
"MT9602AUU6","MT9602_AU_U6","MTK平台其他","software",,"http://tvjira.hisense.com/projects/MT9602AUU6"
"MT9602EUU6","MT9602_EU_U6","MTK平台其他","software",,"http://tvjira.hisense.com/projects/MT9602EUU6"
"MT9602EUU6VIRGO","MT9602_EU_U6_Virgo","MTK平台其他","software",,"http://tvjira.hisense.com/projects/MT9602EUU6VIRGO"
"MT9602EUAUNASAU8","MT9602_EUAUNASA_U8","MTK平台其他","software",,"http://tvjira.hisense.com/projects/MT9602EUAUNASAU8"
"MT9602EUAUNASACOU9","MT9602_EUAUNASACO_U9","MTK平台其他","software",,"http://tvjira.hisense.com/projects/MT9602EUAUNASACOU9"
"MT9602JPGTV","MT9602_JP_GTV","MTK平台其他","software",,"http://tvjira.hisense.com/projects/MT9602JPGTV"
"MT9602NAU6","MT9602_NA_U6","MTK平台其他","software",,"http://tvjira.hisense.com/projects/MT9602NAU6"
"MT9602OEMSQY","MT9602_OEM_SQY","MTK平台其他","software",,"http://tvjira.hisense.com/projects/MT9602OEMSQY"
"MT9602SAU42","MT9602_SA_U42","MTK平台其他","software",,"http://tvjira.hisense.com/projects/MT9602SAU42"
"MT9602SAU5","MT9602_SA_U5","MTK平台其他","software",,"http://tvjira.hisense.com/projects/MT9602SAU5"
"MT9602SAU5VIDAAOEM","MT9602_SA_U5_VIDAAOEM","MTK平台其他","software",,"http://tvjira.hisense.com/projects/MT9602SAU5VIDAAOEM"
"MT9602SAU6","MT9602_SA_U6","MTK平台其他","software",,"http://tvjira.hisense.com/projects/MT9602SAU6"
"MT9602U7","MT9602_U7","MTK平台其他","software",,"http://tvjira.hisense.com/projects/MT9602U7"
"MT9602AUU42K","MT9602AUU4_2K","MTK平台其他","software",,"http://tvjira.hisense.com/projects/MT9602AUU42K"
"MT9602AUU44K","MT9602AUU4_4K","MTK平台其他","software",,"http://tvjira.hisense.com/projects/MT9602AUU44K"
"MT9602AUU4CVTE","MT9602AUU4_CVTE","MTK平台其他","software",,"http://tvjira.hisense.com/projects/MT9602AUU4CVTE"
"MTK9602AUU52K","MT9602AUU5_2K","MTK平台其他","software",,"http://tvjira.hisense.com/projects/MTK9602AUU52K"
"MT9602AUU54K","MT9602AUU5_4K","MTK平台其他","software",,"http://tvjira.hisense.com/projects/MT9602AUU54K"
"MT9602COU42K","MT9602COU4_2K","MTK平台其他","software",,"http://tvjira.hisense.com/projects/MT9602COU42K"
"MT9602COU4CVTE","MT9602COU4_CVTE","MTK平台其他","software",,"http://tvjira.hisense.com/projects/MT9602COU4CVTE"
"MT9602COU54K","MT9602COU5_4K","MTK平台其他","software",,"http://tvjira.hisense.com/projects/MT9602COU54K"
"MT9602EUAUU6OEM","MT9602EUAU_U6_OEM","MTK平台其他","software",,"http://tvjira.hisense.com/projects/MT9602EUAUU6OEM"
"MT9602EUU42K","MT9602EUU4_2K","MTK平台其他","software",,"http://tvjira.hisense.com/projects/MT9602EUU42K"
"MT9602EUU54K","MT9602EUU5_4K","MTK平台其他","software",,"http://tvjira.hisense.com/projects/MT9602EUU54K"
"MT9602NASAU6VIDAAOEM","MT9602NASAU6_VIDAAOEM","MTK平台其他","software",,"http://tvjira.hisense.com/projects/MT9602NASAU6VIDAAOEM"
"MT9602NASAU8VIDAAOEM","MT9602NASAU8_VIDAAOEM","MTK平台其他","software",,"http://tvjira.hisense.com/projects/MT9602NASAU8VIDAAOEM"
"MT9602NAU42K","MT9602NAU4-2K","MTK平台其他","software",,"http://tvjira.hisense.com/projects/MT9602NAU42K"
"MT9602NAU44K","MT9602NAU4-4K","MTK平台其他","software",,"http://tvjira.hisense.com/projects/MT9602NAU44K"
"MT9602NAU4CULTRAVIEW","MT9602NAU4_CULTRAVIEW","MTK平台其他","software",,"http://tvjira.hisense.com/projects/MT9602NAU4CULTRAVIEW"
"MT9602NAU4CVTE","MT9602NAU4_CVTE","MTK平台其他","software",,"http://tvjira.hisense.com/projects/MT9602NAU4CVTE"
"MT9602NAU5","MT9602NAU5","MTK平台其他","software",,"http://tvjira.hisense.com/projects/MT9602NAU5"
"MT9602NAU5VIDAAOEM","MT9602NAU5_VIDAAOEM","MTK平台其他","software",,"http://tvjira.hisense.com/projects/MT9602NAU5VIDAAOEM"
"MT9602NAU5L","MT9602NAU5L","MTK平台其他","software",,"http://tvjira.hisense.com/projects/MT9602NAU5L"
"MT9602SAU4CULTRAVIEW","MT9602SAU4_CULTRAVIEW","MTK平台其他","software",,"http://tvjira.hisense.com/projects/MT9602SAU4CULTRAVIEW"
"MT9602SAU4CVTE","MT9602SAU4_CVTE","MTK平台其他","software",,"http://tvjira.hisense.com/projects/MT9602SAU4CVTE"
"MT9603","MT9603","MT9603平台","software",,"http://tvjira.hisense.com/projects/MT9603"
"MT9603AMU7","MT9603_AM_U7","MT9603平台","software",,"http://tvjira.hisense.com/projects/MT9603AMU7"
"MT9603AMU8","MT9603_AM_U8","MT9603平台","software",,"http://tvjira.hisense.com/projects/MT9603AMU8"
"MZDTVTYXYZ","MT9603_AM_U8_AddDVB","MT9603平台","software",,"http://tvjira.hisense.com/projects/MZDTVTYXYZ"
"MT9603AMU9","MT9603_AM_U9","MT9603平台","software",,"http://tvjira.hisense.com/projects/MT9603AMU9"
"MT9603EUAUCOU7","MT9603_EUAUCO_U7","MT9603平台","software",,"http://tvjira.hisense.com/projects/MT9603EUAUCOU7"
"MT9603EUAUCOU8","MT9603_EUAUCO_U8","MT9603平台","software",,"http://tvjira.hisense.com/projects/MT9603EUAUCOU8"
"MT9603EUAUCOU9","MT9603_EUAUCO_U9","MT9603平台","software",,"http://tvjira.hisense.com/projects/MT9603EUAUCOU9"
"MT9603GLOBU9P","MT9603_Global_U9Projector","MT9603平台","software",,"http://tvjira.hisense.com/projects/MT9603GLOBU9P"
"MT9603GTV","MT9603_GTV","MT9603平台","software",,"http://tvjira.hisense.com/projects/MT9603GTV"
"MT9603JPU7","MT9603_JP_U7","MT9603平台","software",,"http://tvjira.hisense.com/projects/MT9603JPU7"
"MT9603JPU85","MT9603_JP_U85","MT9603平台","software",,"http://tvjira.hisense.com/projects/MT9603JPU85"
"MT9603JPU95","MT9603_JP_U95","MT9603平台","software",,"http://tvjira.hisense.com/projects/MT9603JPU95"
"MT9603EUAUU7OEM","MT9603EUAUU7OEM","MT9603平台","software",,"http://tvjira.hisense.com/projects/MT9603EUAUU7OEM"
"MT9603FTV","MT9603FTV","MT9603平台","software",,"http://tvjira.hisense.com/projects/MT9603FTV"
"MT9603GTVCVTE","MT9603GTVCVTE","MT9603平台","software",,"http://tvjira.hisense.com/projects/MT9603GTVCVTE"
"MT9603JPFNTV","MT9603JPFNTV","MT9603平台","software",,"http://tvjira.hisense.com/projects/MT9603JPFNTV"
"MT9612EMR","MT9612EMR_GTV","MTK平台其他","software",,"http://tvjira.hisense.com/projects/MT9612EMR"
"MT9612GTVNAR2U","MT9612GTV_NA_R2U","MTK平台其他","software",,"http://tvjira.hisense.com/projects/MT9612GTVNAR2U"
"MT9612SA","MT9612SA_GTV","MTK平台其他","software",,"http://tvjira.hisense.com/projects/MT9612SA"
"MT9612US","MT9612US_GTV","MTK平台其他","software",,"http://tvjira.hisense.com/projects/MT9612US"
"MT9613HISENSE","MT9613-HISENSE","MTK平台其他","software",,"http://tvjira.hisense.com/projects/MT9613HISENSE"
"MT9613HISENSE2K","MT9613-HISENSE-2K","MTK平台其他","software",,"http://tvjira.hisense.com/projects/MT9613HISENSE2K"
"MT9613TOSHIBA","MT9613-TOSHIBA","MTK平台其他","software",,"http://tvjira.hisense.com/projects/MT9613TOSHIBA"
"MT9613TOSHIBA2K","MT9613-TOSHIBA-2K","MTK平台其他","software",,"http://tvjira.hisense.com/projects/MT9613TOSHIBA2K"
"MT9616AOSP","MT9616-AOSP","MTK平台其他","software",,"http://tvjira.hisense.com/projects/MT9616AOSP"
"MT9618EUAUCOU7","MT9618_EUAUCO_U7","MT9618平台","software",,"http://tvjira.hisense.com/projects/MT9618EUAUCOU7"
"MT9618EUAUCOU8","MT9618_EUAUCO_U8","MT9618平台","software",,"http://tvjira.hisense.com/projects/MT9618EUAUCOU8"
"MT9618EUAUCOU9","MT9618_EUAUCO_U9","MT9618平台","software",,"http://tvjira.hisense.com/projects/MT9618EUAUCOU9"
"MT9618JPBD","MT9618_JP_BD","MT9618平台","software",,"http://tvjira.hisense.com/projects/MT9618JPBD"
"MT9618JPU7","MT9618_JP_U7","MT9618平台","software",,"http://tvjira.hisense.com/projects/MT9618JPU7"
"MT9618JPU75","MT9618_JP_U75","MT9618平台","software",,"http://tvjira.hisense.com/projects/MT9618JPU75"
"MT9618JPU8","MT9618_JP_U8","MT9618平台","software",,"http://tvjira.hisense.com/projects/MT9618JPU8"
"MT9618JPU85HJ26","MT9618_JP_U85HJ26","MT9618平台","software",,"http://tvjira.hisense.com/projects/MT9618JPU85HJ26"
"MT9618LOEWE","MT9618_Loewe","MT9618平台","software",,"http://tvjira.hisense.com/projects/MT9618LOEWE"
"MT9618USGTV","MT9618_US_GTV","MT9618平台","software",,"http://tvjira.hisense.com/projects/MT9618USGTV"
"MT9618USGTVU","MT9618_US_GTVU","MT9618平台","software",,"http://tvjira.hisense.com/projects/MT9618USGTVU"
"MT9618VIDAALASER","MT9618_VIDAA_LASER","MT9618平台","software",,"http://tvjira.hisense.com/projects/MT9618VIDAALASER"
"MT9618VIDAALASERU9","MT9618_VIDAA_LASERU9","MT9618平台","software",,"http://tvjira.hisense.com/projects/MT9618VIDAALASERU9"
"MT9618WXSPXNCS","MT9618_外销数字电视射频性能自动化测试方案研究","MT9618平台","software",,"http://tvjira.hisense.com/projects/MT9618WXSPXNCS"
"MT9632BM66A","MT9632-商显BM66A","MTK平台其他","software",,"http://tvjira.hisense.com/projects/MT9632BM66A"
"MT9638","MT9638","MTK平台其他","software",,"http://tvjira.hisense.com/projects/MT9638"
"MT9638CZ","MT9638-车载","MTK平台其他","software",,"http://tvjira.hisense.com/projects/MT9638CZ"
"MT9639","MT9639","MTK平台其他","software",,"http://tvjira.hisense.com/projects/MT9639"
"MT9652","MT9652 ","MTK平台其他","software",,"http://tvjira.hisense.com/projects/MT9652"
"MT9652LASER","MT9652-LASER","MTK平台其他","software",,"http://tvjira.hisense.com/projects/MT9652LASER"
"MT9652S7F","MT9652-S7F","MTK平台其他","software",,"http://tvjira.hisense.com/projects/MT9652S7F"
"MT9652TOSHIBA","MT9652-TOSHIBA","MTK平台其他","software",,"http://tvjira.hisense.com/projects/MT9652TOSHIBA"
"MT9652TOUCHROTATESJ","MT9652-触控旋转社交电视","MTK平台其他","software",,"http://tvjira.hisense.com/projects/MT9652TOUCHROTATESJ"
"MT9652OLED","MT9652OLED","MTK平台其他","software",,"http://tvjira.hisense.com/projects/MT9652OLED"
"MT9653","MT9653","MTK平台其他","software",,"http://tvjira.hisense.com/projects/MT9653"
"MT9653LASER","MT9653-LASER","MTK平台其他","software",,"http://tvjira.hisense.com/projects/MT9653LASER"
"MT9655","MT9655","MT9655平台","software",,"http://tvjira.hisense.com/projects/MT9655"
"MT9655FTV","MT9655-FTV-HAYWARD","MT9655平台","software",,"http://tvjira.hisense.com/projects/MT9655FTV"
"MT9655LASER","MT9655-LASER","MT9655平台","software",,"http://tvjira.hisense.com/projects/MT9655LASER"
"MT9655MICROLED","MT9655-MicroLED","MT9655平台","software",,"http://tvjira.hisense.com/projects/MT9655MICROLED"
"MT9655SX","MT9655-商显","MT9655平台","software",,"http://tvjira.hisense.com/projects/MT9655SX"
"MT9655AMGTV","MT9655_AM_GTV","MT9655平台","software",,"http://tvjira.hisense.com/projects/MT9655AMGTV"
"MT9655AMU9","MT9655_AM_U9","MT9655平台","software",,"http://tvjira.hisense.com/projects/MT9655AMU9"
"MT9655EUAUCOU9","MT9655_EUAUCO_U9","MT9655平台","software",,"http://tvjira.hisense.com/projects/MT9655EUAUCOU9"
"MT9655JPU9","MT9655_JP_U9","MT9655平台","software",,"http://tvjira.hisense.com/projects/MT9655JPU9"
"MT9655MONITOR","MT9655_MONITOR","MT9655平台","software",,"http://tvjira.hisense.com/projects/MT9655MONITOR"
"MT9666SXSZBP","MT9666-商显数字标牌DM66","MTK平台其他","software",,"http://tvjira.hisense.com/projects/MT9666SXSZBP"
"MT9679","MT9679-商显","MTK平台其他","software",,"http://tvjira.hisense.com/projects/MT9679"
"MT9900JP","MT9900-VIDAA-REGZA","MTK平台其他","software",,"http://tvjira.hisense.com/projects/MT9900JP"
"MT9900CI20","MT9900_CI_2.0","MTK平台其他","software",,"http://tvjira.hisense.com/projects/MT9900CI20"
"MT9900EMANDROID","MT9900_EM_Android","MTK平台其他","software",,"http://tvjira.hisense.com/projects/MT9900EMANDROID"
"MT9900EUU6LASER","MT9900_EU_U6_LASER","MTK平台其他","software",,"http://tvjira.hisense.com/projects/MT9900EUU6LASER"
"MT9900EUAUU6","MT9900_EUAU_U6","MTK平台其他","software",,"http://tvjira.hisense.com/projects/MT9900EUAUU6"
"MT9900JPU7","MT9900_JP_U7","MTK平台其他","software",,"http://tvjira.hisense.com/projects/MT9900JPU7"
"MT9900RTD2851AEU","MT9900_RTD2851A_EU","MTK平台其他","software",,"http://tvjira.hisense.com/projects/MT9900RTD2851AEU"
"MT9980EMANDROID","MT9980-EM-Android","MTK平台其他","software",,"http://tvjira.hisense.com/projects/MT9980EMANDROID"
"MT9980JPANDROID","MT9980-JP-Android","MTK平台其他","software",,"http://tvjira.hisense.com/projects/MT9980JPANDROID"
"MT5586SMARTCAST","MT_5586_Smartcast","MTK平台其他","software",,"http://tvjira.hisense.com/projects/MT5586SMARTCAST"
"MTG520SX","MTG520-商显","MTK平台其他","software",,"http://tvjira.hisense.com/projects/MTG520SX"
"MTK5327YILIAO","MTK5327-医疗","MTK平台其他","software",,"http://tvjira.hisense.com/projects/MTK5327YILIAO"
"MTK5329YILIAO","MTK5329-医疗","MTK平台其他","software",,"http://tvjira.hisense.com/projects/MTK5329YILIAO"
"MTK5329N360FS","MTK5329-商显激光N360FS","MTK平台其他","software",,"http://tvjira.hisense.com/projects/MTK5329N360FS"
"MTK5505H150Y","MTK5505-H150Y","MTK平台其他","software",,"http://tvjira.hisense.com/projects/MTK5505H150Y"
"MTK5507HS266","MTK5507-商显HS266","MTK平台其他","software",,"http://tvjira.hisense.com/projects/MTK5507HS266"
"K220","MTK5655-K220","MTK平台其他","software",,"http://tvjira.hisense.com/projects/K220"
"MTK5655PUSA","MTK5655P-USA","MTK平台其他","software",,"http://tvjira.hisense.com/projects/MTK5655PUSA"
"MTK5660AU","MTK5660-AU","MTK平台其他","software",,"http://tvjira.hisense.com/projects/MTK5660AU"
"MTK5660INDIA","MTK5660-INDIA","MTK平台其他","software",,"http://tvjira.hisense.com/projects/MTK5660INDIA"
"MTK5660US","MTK5660-US","MTK平台其他","software",,"http://tvjira.hisense.com/projects/MTK5660US"
"MTK668BX","MTK668冰箱","MTK平台其他","software",,"http://tvjira.hisense.com/projects/MTK668BX"
"MTK8163BX","MTK8163冰箱 ","MTK平台其他","software",,"http://tvjira.hisense.com/projects/MTK8163BX"
"MTK8175BX","MTK8365","MTK平台其他","software",,"http://tvjira.hisense.com/projects/MTK8175BX"
"MTK9021","MTK9021","MTK平台其他","software",,"http://tvjira.hisense.com/projects/MTK9021"
"MTK9216SA","MTK9216_SA","MTK平台其他","software",,"http://tvjira.hisense.com/projects/MTK9216SA"
"MTK9216US","MTK9216_US","MTK平台其他","software",,"http://tvjira.hisense.com/projects/MTK9216US"
"MTK9602AUU52K4KOEM","MTK9602AUU5_2K4K_OEM","MTK平台其他","software",,"http://tvjira.hisense.com/projects/MTK9602AUU52K4KOEM"
"MTK9638SZSPXN","MTK9638数字射频性能自动化测试预研项目","MTK平台其他","software",,"http://tvjira.hisense.com/projects/MTK9638SZSPXN"
"MTK9666SXDM66D","MTK9666-商显DM66D","MTK平台其他","software",,"http://tvjira.hisense.com/projects/MTK9666SXDM66D"
"MTK9900SAGTV","MTK9900_SA_GTV","MTK平台其他","software",,"http://tvjira.hisense.com/projects/MTK9900SAGTV"
"MTK9900USGTV","MTK9900_US_GTV","MTK平台其他","software",,"http://tvjira.hisense.com/projects/MTK9900USGTV"
"MTK9900US","MTK9900US","MTK平台其他","software",,"http://tvjira.hisense.com/projects/MTK9900US"
"MULTIHWAOSP","MULTIHWAOSP","Amlogic和Android平台","software",,"http://tvjira.hisense.com/projects/MULTIHWAOSP"
"N4","N4","其他","software",,"http://tvjira.hisense.com/projects/N4"
"NAMIBOX","NamiBox","其他","software",,"http://tvjira.hisense.com/projects/NAMIBOX"
"NOBLEXREMOTE","NEWSAN修改remotenow后台并且自己上传服务器","其他","software",,"http://tvjira.hisense.com/projects/NOBLEXREMOTE"
"NEXTTGEN","NextGen TV 播放器开发","产品项目","software",,"http://tvjira.hisense.com/projects/NEXTTGEN"
"NEXTGENTV2021","NextgenTV_2021_1","产品项目","software",,"http://tvjira.hisense.com/projects/NEXTGENTV2021"
"NFCCMCXTJSYJ","NFC一触镜像投屏技术研究","其他","software",,"http://tvjira.hisense.com/projects/NFCCMCXTJSYJ"
"NOTICE","Notice任务","其他","software",,"http://tvjira.hisense.com/projects/NOTICE"
"NOVA68412","Nova68412","其他","software",,"http://tvjira.hisense.com/projects/NOVA68412"
"NOVA72671DFVPCERT","Nova72671D-FVP-Cert","其他","software",,"http://tvjira.hisense.com/projects/NOVA72671DFVPCERT"
"NT68412YILIAO","NT68412-医疗","其他","software",,"http://tvjira.hisense.com/projects/NT68412YILIAO"
"NT72671","NT72671","其他","software",,"http://tvjira.hisense.com/projects/NT72671"
"NT72671D","NT72671D","其他","software",,"http://tvjira.hisense.com/projects/NT72671D"
"NT72671DAUU5","NT72671D_AU_U5","其他","software",,"http://tvjira.hisense.com/projects/NT72671DAUU5"
"NT72671DEUU5","NT72671D_EU_U5","其他","software",,"http://tvjira.hisense.com/projects/NT72671DEUU5"
"NT72671DEUU52K","NT72671D_EU_U5_2K","其他","software",,"http://tvjira.hisense.com/projects/NT72671DEUU52K"
"NT72671DEUU5LOEWE","NT72671D_EU_U5_Loewe","其他","software",,"http://tvjira.hisense.com/projects/NT72671DEUU5LOEWE"
"NT72671DEUAUU6","NT72671D_EUAU_U6","其他","software",,"http://tvjira.hisense.com/projects/NT72671DEUAUU6"
"NT72673","NT72673","其他","software",,"http://tvjira.hisense.com/projects/NT72673"
"NT72685","NT72685","其他","software",,"http://tvjira.hisense.com/projects/NT72685"
"NT72685LASER","NT72685-LASER","产品项目","software",,"http://tvjira.hisense.com/projects/NT72685LASER"
"NT72685TOSHIBA","NT72685-Toshiba","其他","software",,"http://tvjira.hisense.com/projects/NT72685TOSHIBA"
"NT72685SINGLE","NT72685单芯片","其他","software",,"http://tvjira.hisense.com/projects/NT72685SINGLE"
"NT726904KPRE","NT726904K先行开发项目","其他","software",,"http://tvjira.hisense.com/projects/NT726904KPRE"
"NT72690AMU8","NT72690_AM_U8","其他","software",,"http://tvjira.hisense.com/projects/NT72690AMU8"
"NT72690AMU9","NT72690_AM_U9","其他","software",,"http://tvjira.hisense.com/projects/NT72690AMU9"
"NT72690EUAUCOU7","NT72690_EUAUCO_U7","其他","software",,"http://tvjira.hisense.com/projects/NT72690EUAUCOU7"
"NT72690EUAUCOU8","NT72690_EUAUCO_U8","其他","software",,"http://tvjira.hisense.com/projects/NT72690EUAUCOU8"
"NT72690EUAUCOU9","NT72690_EUAUCO_U9","其他","software",,"http://tvjira.hisense.com/projects/NT72690EUAUCOU9"
"NT72690NASAU7","NT72690_NASA_U7","其他","software",,"http://tvjira.hisense.com/projects/NT72690NASAU7"
"NT72690NASAOEMU7","NT72690_NASAOEM_U7","产品项目","software",,"http://tvjira.hisense.com/projects/NT72690NASAOEMU7"
"NT72690NASAOEMU8","NT72690_NASAOEM_U8","产品项目","software",,"http://tvjira.hisense.com/projects/NT72690NASAOEMU8"
"NT72690WXSPXNCS","NT72690_外销数字电视射频性能自动化测试方案研究","其他","software",,"http://tvjira.hisense.com/projects/NT72690WXSPXNCS"
"NT72690EMU64K","NT72690EMU6_4K","其他","software",,"http://tvjira.hisense.com/projects/NT72690EMU64K"
"NT72690OEM","NT72690EUAUU7OEM","产品项目","software",,"http://tvjira.hisense.com/projects/NT72690OEM"
"NT72691","NT72691","其他","software",,"http://tvjira.hisense.com/projects/NT72691"
"OCMM","ODIN CORE MEMORY MANAGEMENT","工具流程管理","software",,"http://tvjira.hisense.com/projects/OCMM"
"GGLLYQKF","Odin_Adblock","其他","software",,"http://tvjira.hisense.com/projects/GGLLYQKF"
"ODINANDROID","odin_android","系统和OS平台","software",,"http://tvjira.hisense.com/projects/ODINANDROID"
"ODINOPAPP","Odin_OpApp","应用和多媒体","software",,"http://tvjira.hisense.com/projects/ODINOPAPP"
"ODINUPDATE2","ODIN_UPDATE_2","其他","software",,"http://tvjira.hisense.com/projects/ODINUPDATE2"
"ODINCOREV3","ODINCOREV3预研","其他","software",,"http://tvjira.hisense.com/projects/ODINCOREV3"
"ODINFVP2020","ODINFVP2020","其他","software",,"http://tvjira.hisense.com/projects/ODINFVP2020"
"ODINFVP2021","ODINFVP2021预研","其他","software",,"http://tvjira.hisense.com/projects/ODINFVP2021"
"ODINUNITTEST","OdinUnitTest","测试质量和自动化","software",,"http://tvjira.hisense.com/projects/ODINUNITTEST"
"ODINUPDATE","ODINUPDATE预研","其他","software",,"http://tvjira.hisense.com/projects/ODINUPDATE"
"ODINWEBXR","ODINWEBXR预研","其他","software",,"http://tvjira.hisense.com/projects/ODINWEBXR"
"ODINLIULANQIDEV","ODIN浏览器新功能开发","其他","software",,"http://tvjira.hisense.com/projects/ODINLIULANQIDEV"
"ODIN88STRIP","ODIN浏览器裁剪与优化","其他","software",,"http://tvjira.hisense.com/projects/ODIN88STRIP"
"OLEDSCREENCARE","OledScreenCare-1.0_CBB","其他","software",,"http://tvjira.hisense.com/projects/OLEDSCREENCARE"
"OM6621EM","OM6621EM","其他","software",,"http://tvjira.hisense.com/projects/OM6621EM"
"OSPERFORMIMPROVE","OS性能提升项目","其他","software",,"http://tvjira.hisense.com/projects/OSPERFORMIMPROVE"
"OSFPM","Oversea Factories Problems Management Project海外工厂问题管理项目","产品项目","software",,"http://tvjira.hisense.com/projects/OSFPM"
"P352913N1100E","P352913N1100E","其他","software",,"http://tvjira.hisense.com/projects/P352913N1100E"
"PANCAKE","pancake整机开发预研 ","其他","software",,"http://tvjira.hisense.com/projects/PANCAKE"
"PCMSHAREDCBB","PCMShared_CBB","其他","software",,"http://tvjira.hisense.com/projects/PCMSHAREDCBB"
"PLTESTINGTOOL","PLTestingTool","测试质量和自动化","software",,"http://tvjira.hisense.com/projects/PLTESTINGTOOL"
"PRICETAGCBB","PriceTag_CBB","其他","software",,"http://tvjira.hisense.com/projects/PRICETAGCBB"
"PVRHUITESTCASE","PVR_HUI_TestCase","测试质量和自动化","software",,"http://tvjira.hisense.com/projects/PVRHUITESTCASE"
"PX1900ES","PX1900ES","其他","software",,"http://tvjira.hisense.com/projects/PX1900ES"
"PX30","PX30","其他","software",,"http://tvjira.hisense.com/projects/PX30"
"PX520PLUS","PX520Plus","其他","software",,"http://tvjira.hisense.com/projects/PX520PLUS"
"PX530","PX530","其他","software",,"http://tvjira.hisense.com/projects/PX530"
"PX530PLUS","PX530 Plus","其他","software",,"http://tvjira.hisense.com/projects/PX530PLUS"
"PX690AL","PX690AL","其他","software",,"http://tvjira.hisense.com/projects/PX690AL"
"QQSPTH","QQ视频通话","其他","software",,"http://tvjira.hisense.com/projects/QQSPTH"
"RDT2786CGL35B5U","RDT2786-CG-商显L35B5U","其他","software",,"http://tvjira.hisense.com/projects/RDT2786CGL35B5U"
"REALTEK2821ROKU","Realtek2821_Roku","系统和OS平台","software",,"http://tvjira.hisense.com/projects/REALTEK2821ROKU"
"REALTEK2873ROKU","Realtek2873_Roku","系统和OS平台","software",,"http://tvjira.hisense.com/projects/REALTEK2873ROKU"
"REMOTEAPP","Remote app","应用和多媒体","software",,"http://tvjira.hisense.com/projects/REMOTEAPP"
"RK","RK","其他","software",,"http://tvjira.hisense.com/projects/RK"
"RK3229DONGLE","RK3229-商显dongle","其他","software",,"http://tvjira.hisense.com/projects/RK3229DONGLE"
"RK3308","RK3308","其他","software",,"http://tvjira.hisense.com/projects/RK3308"
"RK3318","RK3318","其他","software",,"http://tvjira.hisense.com/projects/RK3318"
"RK3566K3G","RK3566-K3G","其他","software",,"http://tvjira.hisense.com/projects/RK3566K3G"
"RK3566YJ","RK3566-YJ","其他","software",,"http://tvjira.hisense.com/projects/RK3566YJ"
"RK3568JDM","RK3568-JDM","其他","software",,"http://tvjira.hisense.com/projects/RK3568JDM"
"ROCKCHIPPX30","RockChipPX30","其他","software",,"http://tvjira.hisense.com/projects/ROCKCHIPPX30"
"ROKU","Roku project","系统和OS平台","software",,"http://tvjira.hisense.com/projects/ROKU"
"RT2841AGTV","RT2841A_GTV_ODM","系统和OS平台","software",,"http://tvjira.hisense.com/projects/RT2841AGTV"
"RT2851","RT2851","其他","software",,"http://tvjira.hisense.com/projects/RT2851"
"RTD2644DK20","RTD2644D-K20","其他","software",,"http://tvjira.hisense.com/projects/RTD2644DK20"
"RTD2719M","RTD2719M","其他","software",,"http://tvjira.hisense.com/projects/RTD2719M"
"RTDDS","RTD2851D-S","其他","software",,"http://tvjira.hisense.com/projects/RTDDS"
"RTD2851M","RTD2851M","其他","software",,"http://tvjira.hisense.com/projects/RTD2851M"
"RTK2816A","RTK2816A","其他","software",,"http://tvjira.hisense.com/projects/RTK2816A"
"RTKA624KO","RTKA624KO","其他","software",,"http://tvjira.hisense.com/projects/RTKA624KO"
"RTL8762D","RTL8762D","其他","software",,"http://tvjira.hisense.com/projects/RTL8762D"
"RTL8763ESE","RTL8763ESE","其他","software",,"http://tvjira.hisense.com/projects/RTL8763ESE"
"S1","S1","其他","software",,"http://tvjira.hisense.com/projects/S1"
"S5069203B","S506(9203B)","其他","software",,"http://tvjira.hisense.com/projects/S5069203B"
"SBOMPM","SBOM项目","其他","software",,"http://tvjira.hisense.com/projects/SBOMPM"
"SC51P03A04SC1G","SC51P03A04SC1G","其他","software",,"http://tvjira.hisense.com/projects/SC51P03A04SC1G"
"SH78VP5S01","SH-78VP5S(01)","其他","software",,"http://tvjira.hisense.com/projects/SH78VP5S01"
"SH77P1652A","SH77P1652A","其他","software",,"http://tvjira.hisense.com/projects/SH77P1652A"
"SITAUTOTEST","SIT自动化问题库","测试质量和自动化","software",,"http://tvjira.hisense.com/projects/SITAUTOTEST"
"SLD10","SLD10","其他","software",,"http://tvjira.hisense.com/projects/SLD10"
"SLD10XX","SLD10-新兴","其他","software",,"http://tvjira.hisense.com/projects/SLD10XX"
"SLD8","SLD8","其他","software",,"http://tvjira.hisense.com/projects/SLD8"
"SLEEPANIMATIONCBB","SleepAnimation_CBB","其他","software",,"http://tvjira.hisense.com/projects/SLEEPANIMATIONCBB"
"SOC","SOC实现LOCALDIMMING功能","其他","software",,"http://tvjira.hisense.com/projects/SOC"
"SOUNDBARSPA100","SOUNDBAR-SPA100","其他","software",,"http://tvjira.hisense.com/projects/SOUNDBARSPA100"
"SOUNDBARSPA300","SOUNDBAR-SPA300","其他","software",,"http://tvjira.hisense.com/projects/SOUNDBARSPA300"
"SOUNBARTVS","Soundbar东芝项目群","产品项目","software",,"http://tvjira.hisense.com/projects/SOUNBARTVS"
"ST9320YILIAO","ST9320-医疗","其他","software",,"http://tvjira.hisense.com/projects/ST9320YILIAO"
"SWRDCOVERITY","SWR&D coverity","其他","software",,"http://tvjira.hisense.com/projects/SWRDCOVERITY"
"SX6","SX6","其他","software",,"http://tvjira.hisense.com/projects/SX6"
"TESTFRAMEWORK","Test Framework","测试质量和自动化","software",,"http://tvjira.hisense.com/projects/TESTFRAMEWORK"
"TESTTE","Test TE Bug","测试质量和自动化","software",,"http://tvjira.hisense.com/projects/TESTTE"
"TESTIFYAGENT","Testify Agent项目","测试质量和自动化","software",,"http://tvjira.hisense.com/projects/TESTIFYAGENT"
"TESTYYS","test应用","测试质量和自动化","software",,"http://tvjira.hisense.com/projects/TESTYYS"
"TESTTV","test电视","测试质量和自动化","software",,"http://tvjira.hisense.com/projects/TESTTV"
"TLSR8275","TLSR8275","其他","software",,"http://tvjira.hisense.com/projects/TLSR8275"
"TVSIT","TV SIT漏测问题","产品项目","software",,"http://tvjira.hisense.com/projects/TVSIT"
"TV30","TV3.0-南美新一代电视广播技术研究","产品项目","software",,"http://tvjira.hisense.com/projects/TV30"
"TVFOOD","TvFoodManage_CBB","产品项目","software",,"http://tvjira.hisense.com/projects/TVFOOD"
"TVSPRESTUDY26","TVS_PreStudy2026_JP","产品项目","software",,"http://tvjira.hisense.com/projects/TVSPRESTUDY26"
"TVSPRE27","TVS_PreStudy2027_JP","产品项目","software",,"http://tvjira.hisense.com/projects/TVSPRE27"
"TVSPRESTUDY","TVSPRESTUDY_JP","产品项目","software",,"http://tvjira.hisense.com/projects/TVSPRESTUDY"
"TVSJSRKEQ","TVS技术融合二期","产品项目","software",,"http://tvjira.hisense.com/projects/TVSJSRKEQ"
"TVSRHJS","TVS融合技术项目","产品项目","software",,"http://tvjira.hisense.com/projects/TVSRHJS"
"TVSTDL","TV内销软件技术论证库","产品项目","software",,"http://tvjira.hisense.com/projects/TVSTDL"
"U69","U69","其他","software",,"http://tvjira.hisense.com/projects/U69"
"UPDATESERVICECBB","UpdateService_CBB","其他","software",,"http://tvjira.hisense.com/projects/UPDATESERVICECBB"
"UTS6710TX","UTS6710T-X","其他","software",,"http://tvjira.hisense.com/projects/UTS6710TX"
"V1","V1","其他","software",,"http://tvjira.hisense.com/projects/V1"
"V3","V3","其他","software",,"http://tvjira.hisense.com/projects/V3"
"V53EM","V53_EM","其他","software",,"http://tvjira.hisense.com/projects/V53EM"
"V56","V56","其他","software",,"http://tvjira.hisense.com/projects/V56"
"V56JINRUXIAN","V56金锐显方案","产品项目","software",,"http://tvjira.hisense.com/projects/V56JINRUXIAN"
"V59K370","V59-K370","其他","software",,"http://tvjira.hisense.com/projects/V59K370"
"V59EM","V59_EM","其他","software",,"http://tvjira.hisense.com/projects/V59EM"
"V6","V6","其他","software",,"http://tvjira.hisense.com/projects/V6"
"VBOZNZDXTJSYJ","VBO智能诊断系统技术研究","其他","software",,"http://tvjira.hisense.com/projects/VBOZNZDXTJSYJ"
"VIDAAAML","VIDAA AML","Amlogic和Android平台","software",,"http://tvjira.hisense.com/projects/VIDAAAML"
"VIDAAAPPS","VIDAA APPS","系统和OS平台","software",,"http://tvjira.hisense.com/projects/VIDAAAPPS"
"VIDAACONTENT","VIDAA Cloud Content","系统和OS平台","software",,"http://tvjira.hisense.com/projects/VIDAACONTENT"
"VIDAADEVICECAP","VIDAA Cloud Device Capability","系统和OS平台","software",,"http://tvjira.hisense.com/projects/VIDAADEVICECAP"
"VIDAAMIDDLEWARE","VIDAA Cloud Middleware","系统和OS平台","software",,"http://tvjira.hisense.com/projects/VIDAAMIDDLEWARE"
"VIDAAVOICE","VIDAA Cloud Voice","系统和OS平台","software",,"http://tvjira.hisense.com/projects/VIDAAVOICE"
"VIDAACSPAPP","VIDAA CSP","系统和OS平台","software",,"http://tvjira.hisense.com/projects/VIDAACSPAPP"
"VIDAAIPKUPDATE","VIDAA IPK升级项目","系统和OS平台","software",,"http://tvjira.hisense.com/projects/VIDAAIPKUPDATE"
"VIDAAODMAPP","VIDAA ODMAPP","系统和OS平台","software",,"http://tvjira.hisense.com/projects/VIDAAODMAPP"
"VIDAAOEMMHWZ","VIDAA OEM门户网站项目","系统和OS平台","software",,"http://tvjira.hisense.com/projects/VIDAAOEMMHWZ"
"VIDAAPAY","VIDAA PAY","系统和OS平台","software",,"http://tvjira.hisense.com/projects/VIDAAPAY"
"VIDAARESEARCH","VIDAA Research","系统和OS平台","software",,"http://tvjira.hisense.com/projects/VIDAARESEARCH"
"VIDAASYSTEM","VIDAA System","系统和OS平台","software",,"http://tvjira.hisense.com/projects/VIDAASYSTEM"
"EUXSCPK","VIDAA U4市场反馈问题库","系统和OS平台","software",,"http://tvjira.hisense.com/projects/EUXSCPK"
"VIDAAWEBAPP","VIDAA WEBAPP","系统和OS平台","software",,"http://tvjira.hisense.com/projects/VIDAAWEBAPP"
"VIDAAPORTAL","VIDAA 外售OEM新建Portal系统","系统和OS平台","software",,"http://tvjira.hisense.com/projects/VIDAAPORTAL"
"VMFTE","VIDAA-MFTE","系统和OS平台","software",,"http://tvjira.hisense.com/projects/VMFTE"
"VIDAA9618ATSCGBYW","VIDAA_9618_ATSC3.0广播业务","MT9618平台","software",,"http://tvjira.hisense.com/projects/VIDAA9618ATSCGBYW"
"VIDAAALEXAVOICEAP","VIDAA_ALEXA_VOICE_APL","系统和OS平台","software",,"http://tvjira.hisense.com/projects/VIDAAALEXAVOICEAP"
"VIDAAATSC3IC","VIDAA_ATSC3.0_InteractiveContent","系统和OS平台","software",,"http://tvjira.hisense.com/projects/VIDAAATSC3IC"
"YYVIDAAATSC3","vidaa_atsc3预研项目","系统和OS平台","software",,"http://tvjira.hisense.com/projects/YYVIDAAATSC3"
"VIDAACBB","VIDAA_CBB","系统和OS平台","software",,"http://tvjira.hisense.com/projects/VIDAACBB"
"VIDAAPROJECT","VIDAA_Project","系统和OS平台","software",,"http://tvjira.hisense.com/projects/VIDAAPROJECT"
"VIDAATSRECORD","VIDAA_TSRecord","系统和OS平台","software",,"http://tvjira.hisense.com/projects/VIDAATSRECORD"
"VIDAACHAPP","VIDAACHAPP","系统和OS平台","software",,"http://tvjira.hisense.com/projects/VIDAACHAPP"
"VIDAADEV","VIDAADEV","系统和OS平台","software",,"http://tvjira.hisense.com/projects/VIDAADEV"
"VIDAAOSMEDIA","VIDAAOS-MEDIA","系统和OS平台","software",,"http://tvjira.hisense.com/projects/VIDAAOSMEDIA"
"VIDAATEST","VIDAATEST","系统和OS平台","software",,"http://tvjira.hisense.com/projects/VIDAATEST"
"VIDAAYPTTYQX","VIDAA云平台统一权限管理系统","系统和OS平台","software",,"http://tvjira.hisense.com/projects/VIDAAYPTTYQX"
"VIDAAOTAYY","VIDAA全双通道ota研究与应用预研","系统和OS平台","software",,"http://tvjira.hisense.com/projects/VIDAAOTAYY"
"VIDAA","VIDAA助手","系统和OS平台","software",,"http://tvjira.hisense.com/projects/VIDAA"
"VIDAAASSISTANT","VIDAA助手_CBB","系统和OS平台","software",,"http://tvjira.hisense.com/projects/VIDAAASSISTANT"
"VIDAAMIDEA","VIDAA多媒体架构重构及自研播放器","系统和OS平台","software",,"http://tvjira.hisense.com/projects/VIDAAMIDEA"
"VIDAACP","VIDAA媒体测评问题库","系统和OS平台","software",,"http://tvjira.hisense.com/projects/VIDAACP"
"VIDAAIOTKJJS","VIDAA平台IOT框架建设","系统和OS平台","software",,"http://tvjira.hisense.com/projects/VIDAAIOTKJJS"
"VIDAAPRIMEVIDEO","VIDAA平台Prime Video自研方案研究","系统和OS平台","software",,"http://tvjira.hisense.com/projects/VIDAAPRIMEVIDEO"
"VIDAAMEMORY","VIDAA平台内存优化","系统和OS平台","software",,"http://tvjira.hisense.com/projects/VIDAAMEMORY"
"HMPLAYER","VIDAA平台统一浏览器的流媒体播放接口","系统和OS平台","software",,"http://tvjira.hisense.com/projects/HMPLAYER"
"VE","VIDAA平台通用化与性能提升预研","系统和OS平台","software",,"http://tvjira.hisense.com/projects/VE"
"VIDAASYGS","VIDAA深研软件质量改善课题项目","系统和OS平台","software",,"http://tvjira.hisense.com/projects/VIDAASYGS"
"VIDAABKHF","VIDAA系统中间件崩溃恢复方案预研","系统和OS平台","software",,"http://tvjira.hisense.com/projects/VIDAABKHF"
"VDTSPLAYFI","VIDAA系统的DTS PlayFi研究和应用","系统和OS平台","software",,"http://tvjira.hisense.com/projects/VDTSPLAYFI"
"VIDAANC","VIDAA质量部内部审核问题","系统和OS平台","software",,"http://tvjira.hisense.com/projects/VIDAANC"
"VISIONOS","VisionOS应用项目","其他","software",,"http://tvjira.hisense.com/projects/VISIONOS"
"VRTVXR","VR与TV音视频传输与控制技术研究及高通XR2软件平台搭建","产品项目","software",,"http://tvjira.hisense.com/projects/VRTVXR"
"VRMS","VR眼镜多屏互动技术研究","其他","software",,"http://tvjira.hisense.com/projects/VRMS"
"VS3100","VS3100","其他","software",,"http://tvjira.hisense.com/projects/VS3100"
"VST59","VST59","其他","software",,"http://tvjira.hisense.com/projects/VST59"
"WDVEC5Q01","WD-VEC5Q(01)","其他","software",,"http://tvjira.hisense.com/projects/WDVEC5Q01"
"WDVEC5S01","WD-VEC5S(01)","其他","software",,"http://tvjira.hisense.com/projects/WDVEC5S01"
"WEBENGINECBB","WebEngine独立化预研","其他","software",,"http://tvjira.hisense.com/projects/WEBENGINECBB"
"WEBPTSJ","Web平台架构升级","其他","software",,"http://tvjira.hisense.com/projects/WEBPTSJ"
"WEBDIALCONFMNG","Web应用开发平台建设-DIAL可配置化管理","工具流程管理","software",,"http://tvjira.hisense.com/projects/WEBDIALCONFMNG"
"WHITBOARDCBB","WhiteBoard_CBB","其他","software",,"http://tvjira.hisense.com/projects/WHITBOARDCBB"
"WNF120","WNF120","其他","software",,"http://tvjira.hisense.com/projects/WNF120"
"WNF152","WNF152","其他","software",,"http://tvjira.hisense.com/projects/WNF152"
"WNF170","WNF170","其他","software",,"http://tvjira.hisense.com/projects/WNF170"
"WNF171","WNF171","其他","software",,"http://tvjira.hisense.com/projects/WNF171"
"X1","X1","其他","software",,"http://tvjira.hisense.com/projects/X1"
"X3","X3","其他","software",,"http://tvjira.hisense.com/projects/X3"
"XF2472C","XF2472C","其他","software",,"http://tvjira.hisense.com/projects/XF2472C"
"XF2672C","XF2672C","其他","software",,"http://tvjira.hisense.com/projects/XF2672C"
"XRA3","XR-A3","其他","software",,"http://tvjira.hisense.com/projects/XRA3"
"XRA7Q","XR-A7Q","其他","software",,"http://tvjira.hisense.com/projects/XRA7Q"
"XRM2","XR-M2","其他","software",,"http://tvjira.hisense.com/projects/XRM2"
"XRM3","XR-M3","其他","software",,"http://tvjira.hisense.com/projects/XRM3"
"XRS1","XR-S1","其他","software",,"http://tvjira.hisense.com/projects/XRS1"
"XRV2","XR-V2","其他","software",,"http://tvjira.hisense.com/projects/XRV2"
"XRV3","XR-V3","其他","software",,"http://tvjira.hisense.com/projects/XRV3"
"XRV3PRO","XR-V3Pro","其他","software",,"http://tvjira.hisense.com/projects/XRV3PRO"
"XRVS3Q01","XR-VS3Q(01)","其他","software",,"http://tvjira.hisense.com/projects/XRVS3Q01"
"XR1GYJ","XR1-观影镜","其他","software",,"http://tvjira.hisense.com/projects/XR1GYJ"
"Y1","Y1","其他","software",,"http://tvjira.hisense.com/projects/Y1"
"Y3","Y3","其他","software",,"http://tvjira.hisense.com/projects/Y3"
"Y8","Y8","其他","software",,"http://tvjira.hisense.com/projects/Y8"
"YOUTUBE2018","Youtube2018 solution预研项目","其他","software",,"http://tvjira.hisense.com/projects/YOUTUBE2018"
"YT2228","YT2228","其他","software",,"http://tvjira.hisense.com/projects/YT2228"
"Z2","Z2","其他","software",,"http://tvjira.hisense.com/projects/Z2"
"Z6","Z6","其他","software",,"http://tvjira.hisense.com/projects/Z6"
"ZENIX10","Zenix 1.0浏览器框架技术预研","其他","software",,"http://tvjira.hisense.com/projects/ZENIX10"
"ZHANRUI6780AOSP","Zhanrui6780AOSP","Amlogic和Android平台","software",,"http://tvjira.hisense.com/projects/ZHANRUI6780AOSP"
"NXHDMIMT9632","【内销】HDMI质量改善课题_MT9632 ","MTK平台其他","software",,"http://tvjira.hisense.com/projects/NXHDMIMT9632"
"WXHDMIMT9602","【外销】HDMI质量改善课题_MT9602","MTK平台其他","software",,"http://tvjira.hisense.com/projects/WXHDMIMT9602"
"SHWJRJ","上位机软件","其他","software",,"http://tvjira.hisense.com/projects/SHWJRJ"
"XYDMPEGHAVSSPBMBZJSY","下一代MPEG和AVS视频编码标准技术研究","其他","software",,"http://tvjira.hisense.com/projects/XYDMPEGHAVSSPBMBZJSY"
"HIPLAYER","下一代媒体播放器HiPlayer","应用和多媒体","software",,"http://tvjira.hisense.com/projects/HIPLAYER"
"ANDROIDHUISTUDY","个人开发任务","系统和OS平台","software",,"http://tvjira.hisense.com/projects/ANDROIDHUISTUDY"
"ZKJC","中控板检测通用化及自动化配置校验技术研究","其他","software",,"http://tvjira.hisense.com/projects/ZKJC"
"CALENDAR","中文日历","其他","software",,"http://tvjira.hisense.com/projects/CALENDAR"
"SWCLMNG","事务处理管理项目","工具流程管理","software",,"http://tvjira.hisense.com/projects/SWCLMNG"
"SXYJSXT","云教室系统","其他","software",,"http://tvjira.hisense.com/projects/SXYJSXT"
"YUNZJ","云真机","其他","software",,"http://tvjira.hisense.com/projects/YUNZJ"
"SWCI","产品软件开发持续集成(CI)解决方案","测试质量和自动化","software",,"http://tvjira.hisense.com/projects/SWCI"
"CYRMCBB","传音入密_CBB","其他","software",,"http://tvjira.hisense.com/projects/CYRMCBB"
"SXXFJKXT","信发智控系统","其他","software",,"http://tvjira.hisense.com/projects/SXXFJKXT"
"XYEASTECH","信扬东声音响项目群","其他","software",,"http://tvjira.hisense.com/projects/XYEASTECH"
"XYKASUNG","信扬佳电音响项目群","其他","software",,"http://tvjira.hisense.com/projects/XYKASUNG"
"XYFENDA","信扬奋达音响项目群","其他","software",,"http://tvjira.hisense.com/projects/XYFENDA"
"XYVTREK","信扬巨大音响项目群","其他","software",,"http://tvjira.hisense.com/projects/XYVTREK"
"XYDHD","信扬德辉达音响项目群","其他","software",,"http://tvjira.hisense.com/projects/XYDHD"
"XYRICHSOUND","信扬悦辰音响项目群","其他","software",,"http://tvjira.hisense.com/projects/XYRICHSOUND"
"XYGZJL","信扬杰立音响项目群","其他","software",,"http://tvjira.hisense.com/projects/XYGZJL"
"XYJAZZ","信扬淇誉音响项目群","其他","software",,"http://tvjira.hisense.com/projects/XYJAZZ"
"XINSHITINGDUOMEITI","信视听多媒体平台","其他","software",,"http://tvjira.hisense.com/projects/XINSHITINGDUOMEITI"
"JKGL","健康管理","其他","software",,"http://tvjira.hisense.com/projects/JKGL"
"ZHAOCHI","兆驰项目","其他","software",,"http://tvjira.hisense.com/projects/ZHAOCHI"
"QCJZRJHRH","全场景自然交互融合技术研究","其他","software",,"http://tvjira.hisense.com/projects/QCJZRJHRH"
"PANORAMAPLAYER","全景播放器CBB","应用和多媒体","software",,"http://tvjira.hisense.com/projects/PANORAMAPLAYER"
"ANDROIDDTVMW","全球Android平台DTV中间件开发","系统和OS平台","software",,"http://tvjira.hisense.com/projects/ANDROIDDTVMW"
"ANDROIDDTVMW2","全球Android平台DTV中间件开发二期","系统和OS平台","software",,"http://tvjira.hisense.com/projects/ANDROIDDTVMW2"
"DTVUNITY","全球化DTV协议栈融合预研","应用和多媒体","software",,"http://tvjira.hisense.com/projects/DTVUNITY"
"EMBODIEDROBOT","具身智能闺蜜机器人","其他","software",,"http://tvjira.hisense.com/projects/EMBODIEDROBOT"
"AIFRAMFORANDROID","内外销统一的AI智能软件架构在海外Android平台的应用","系统和OS平台","software",,"http://tvjira.hisense.com/projects/AIFRAMFORANDROID"
"NXEXAMPLE","内销-Example","其他","software",,"http://tvjira.hisense.com/projects/NXEXAMPLE"
"NXAPPUP","内销应用自升级","应用和多媒体","software",,"http://tvjira.hisense.com/projects/NXAPPUP"
"NXJBDSYJ","内销机不定时课题研究项目","其他","software",,"http://tvjira.hisense.com/projects/NXJBDSYJ"
"XTS","内销电视XTS","其他","software",,"http://tvjira.hisense.com/projects/XTS"
"SECURITYTEST","内销电视安全摸底测试","测试质量和自动化","software",,"http://tvjira.hisense.com/projects/SECURITYTEST"
"SWLC","内销电视软件量产后问题管理","其他","software",,"http://tvjira.hisense.com/projects/SWLC"
"NXYQ","内销舆情软件问题","其他","software",,"http://tvjira.hisense.com/projects/NXYQ"
"NSPECTEST","内销规格点检","测试质量和自动化","software",,"http://tvjira.hisense.com/projects/NSPECTEST"
"NXRJGL","内销软件管理项目","其他","software",,"http://tvjira.hisense.com/projects/NXRJGL"
"FTXZSJDS","分体旋转社交电视","其他","software",,"http://tvjira.hisense.com/projects/FTXZSJDS"
"DFM","制造效率DFM平衡积分卡管理","其他","software",,"http://tvjira.hisense.com/projects/DFM"
"DEMONSTRATESERVICE","副屏商场演示服务_CBB","其他","software",,"http://tvjira.hisense.com/projects/DEMONSTRATESERVICE"
"SUBBASESERVICECBB","副屏基础服务_CBB","其他","software",,"http://tvjira.hisense.com/projects/SUBBASESERVICECBB"
"CPTYGSKT","北美产品体验改善课题","其他","software",,"http://tvjira.hisense.com/projects/CPTYGSKT"
"YXYZYSZHSSSSPXMYZ","医显与自研数字化手术室适配项目-医疗","其他","software",,"http://tvjira.hisense.com/projects/YXYZYSZHSSSSPXMYZ"
"YILIAOXIANSHITIYAN","医显产品体验会-医疗","其他","software",,"http://tvjira.hisense.com/projects/YILIAOXIANSHITIYAN"
"YIXIANKEHUSHIPEI","医显产品客户适配项目-医疗","其他","software",,"http://tvjira.hisense.com/projects/YIXIANKEHUSHIPEI"
"SJMKCBB","升级模块_CBB","其他","software",,"http://tvjira.hisense.com/projects/SJMKCBB"
"HWWB","华为Welink Board项目","其他","software",,"http://tvjira.hisense.com/projects/HWWB"
"BXJY","博兴一中教育解决方案项目","其他","software",,"http://tvjira.hisense.com/projects/BXJY"
"RMARC","反向镜像及反向控制","其他","software",,"http://tvjira.hisense.com/projects/RMARC"
"TJKJ","同济科技园教育解决方案","其他","software",,"http://tvjira.hisense.com/projects/TJKJ"
"WXSCYY","商场应用_CBB","其他","software",,"http://tvjira.hisense.com/projects/WXSCYY"
"SCYS","商场演示","其他","software",,"http://tvjira.hisense.com/projects/SCYS"
"SXYFW","商显云服务应用项目","其他","software",,"http://tvjira.hisense.com/projects/SXYFW"
"SXGCGS","商显产品软件过程管理改善","其他","software",,"http://tvjira.hisense.com/projects/SXGCGS"
"SXXQTY","商显产品需求体验问题跟踪","其他","software",,"http://tvjira.hisense.com/projects/SXXQTY"
"XXAQGS","商显产品项目信息安全管理改善","测试质量和自动化","software",,"http://tvjira.hisense.com/projects/XXAQGS"
"SXSTODM","商显生态-ODM","产品项目","software",,"http://tvjira.hisense.com/projects/SXSTODM"
"SXJJFAXQ","商显解决方案需求","其他","software",,"http://tvjira.hisense.com/projects/SXJJFAXQ"
"SXGX","商显高校解决方案","其他","software",,"http://tvjira.hisense.com/projects/SXGX"
"CDTASKLIST","商用显示任务单","其他","software",,"http://tvjira.hisense.com/projects/CDTASKLIST"
"IMAGESDKCBB","图片播放SDK_CBB","AI和画质算法","software",,"http://tvjira.hisense.com/projects/IMAGESDKCBB"
"ARVRGESTURE2","基于3D手势的精细化虚实交互技术研究","其他","software",,"http://tvjira.hisense.com/projects/ARVRGESTURE2"
"ANDROIDOSLIVETV","基于Android标准架构的海外LiveTV应用开发","系统和OS平台","software",,"http://tvjira.hisense.com/projects/ANDROIDOSLIVETV"
"LCEVC","基于Android电视平台的LCEVC视频编解码技术研究","系统和OS平台","software",,"http://tvjira.hisense.com/projects/LCEVC"
"DYCLMT","基于Android电视的低延迟流媒体技术研究","MTK平台其他","software",,"http://tvjira.hisense.com/projects/DYCLMT"
"SHAREDAUDIOVIDIOPLAY","基于android的共享网络音视频文件播放技术研究","系统和OS平台","software",,"http://tvjira.hisense.com/projects/SHAREDAUDIOVIDIOPLAY"
"SSXSHC","基于Android的实时显示合成引擎技术研究","系统和OS平台","software",,"http://tvjira.hisense.com/projects/SSXSHC"
"JUOSV2R0","基于Android的面向平板/商显/新型的通用软件系统JuOS2.0","系统和OS平台","software",,"http://tvjira.hisense.com/projects/JUOSV2R0"
"ARVRSLAM","基于ARVR的室内单人SLAM算法","其他","software",,"http://tvjira.hisense.com/projects/ARVRSLAM"
"AR3DTARGETDETECT","基于AR场景的3D目标检测技术研究","其他","software",,"http://tvjira.hisense.com/projects/AR3DTARGETDETECT"
"GSMQTT","基于Gstreamer+MQTT的多播放器同步方案","其他","software",,"http://tvjira.hisense.com/projects/GSMQTT"
"GSTREAM","基于GStreamer的本地视频播放体验和性能提升研究","其他","software",,"http://tvjira.hisense.com/projects/GSTREAM"
"IJKPLAYER","基于ijkplayer的应用级多媒体播放器的研究和实现","应用和多媒体","software",,"http://tvjira.hisense.com/projects/IJKPLAYER"
"MATTERIOT","基于Matter协议的IOT技术在海外Android电视中的应用研究","系统和OS平台","software",,"http://tvjira.hisense.com/projects/MATTERIOT"
"MATTERIOT2","基于Matter协议的设备证书管理和Bridge功能在电视产品的实现","其他","software",,"http://tvjira.hisense.com/projects/MATTERIOT2"
"MULPIP","基于MultiTask技术的Android电视PiP交互研究","系统和OS平台","software",,"http://tvjira.hisense.com/projects/MULPIP"
"JYTIAFJGDAZTVYYKF","基于TIAF架构的安卓TV应用开发","产品项目","software",,"http://tvjira.hisense.com/projects/JYTIAFJGDAZTVYYKF"
"QXTXTVZN","基于全时通信技术的电视智能场景研究","产品项目","software",,"http://tvjira.hisense.com/projects/QXTXTVZN"
"GINGAD","基于多媒体统一架构的GingaD集成开发","其他","software",,"http://tvjira.hisense.com/projects/GINGAD"
"YYGS","基于大数据分析应用稳定性改善项目","其他","software",,"http://tvjira.hisense.com/projects/YYGS"
"JYDSJSBXW","基于大数据的设备行为挖掘和分析平台研究及应用","其他","software",,"http://tvjira.hisense.com/projects/JYDSJSBXW"
"ANDRIODBFQZSJ","基于安卓电视的系统播放器自升级技术研究","其他","software",,"http://tvjira.hisense.com/projects/ANDRIODBFQZSJ"
"SLAMTECH","基于室内复杂场景的SLAM技术研究","MTK平台其他","software",,"http://tvjira.hisense.com/projects/SLAMTECH"
"BASEDONGANPOWER","基于小型化GaN电源整机平台设计及应用","其他","software",,"http://tvjira.hisense.com/projects/BASEDONGANPOWER"
"YXKFGJYDBCDXYDSPBZJS","基于异形块分割及运动补偿的下一代视频标准技术研究","其他","software",,"http://tvjira.hisense.com/projects/YXKFGJYDBCDXYDSPBZJS"
"WXTXWL","基于无线通信网络的交互研究预研项目","其他","software",,"http://tvjira.hisense.com/projects/WXTXWL"
"ZNCJKJYJ","基于智能场景的软件框架技术研究","其他","software",,"http://tvjira.hisense.com/projects/ZNCJKJYJ"
"ZNCJKJYJ2Q","基于智能场景的软件框架技术研究二期","其他","software",,"http://tvjira.hisense.com/projects/ZNCJKJYJ2Q"
"WEBAPPLANT","基于智能操作系统的web应用运行平台开发预研","应用和多媒体","software",,"http://tvjira.hisense.com/projects/WEBAPPLANT"
"HXHXFWPTAPPLY","基于海信核心服务平台的3个技术场景应用开发（一期）","应用和多媒体","software",,"http://tvjira.hisense.com/projects/HXHXFWPTAPPLY"
"DBSBTVD","基于海信统一DB框架的南美SBTVD协议栈预研","产品项目","software",,"http://tvjira.hisense.com/projects/DBSBTVD"
"DBJPISDB","基于海信统一DB框架的日本ISDB协议栈预研","其他","software",,"http://tvjira.hisense.com/projects/DBJPISDB"
"SDKBMLYGXSBMDJPEGTX","基于深度可变码率与高效熵编码的JPEG图像编解码技术研究","其他","software",,"http://tvjira.hisense.com/projects/SDKBMLYGXSBMDJPEGTX"
"TVVIDEOEDITSYNTHESIS","基于电视平台的视频编辑合成技术研究","应用和多媒体","software",,"http://tvjira.hisense.com/projects/TVVIDEOEDITSYNTHESIS"
"JYSJWLDXYDGQSPBMJSSQ","基于神经网络的下一代高清视频编码技术研究三期","其他","software",,"http://tvjira.hisense.com/projects/JYSJWLDXYDGQSPBMJSSQ"
"SJWLDXYDGQSPBMJSYJ2","基于神经网络的下一代高清视频编码技术研究二期","其他","software",,"http://tvjira.hisense.com/projects/SJWLDXYDGQSPBMJSYJ2"
"TERMINALI","基于终端的图像处理及通用化研究","其他","software",,"http://tvjira.hisense.com/projects/TERMINALI"
"JMYAQ","基于芯片加密机制与安全认证操作系统安全提升预研项目","测试质量和自动化","software",,"http://tvjira.hisense.com/projects/JMYAQ"
"XUNIIJAOHU3D","基于虚实交互的3D手势控制算法","其他","software",,"http://tvjira.hisense.com/projects/XUNIIJAOHU3D"
"DOFLOCATION","基于视觉惯导的手柄6DoF定位技术研究","其他","software",,"http://tvjira.hisense.com/projects/DOFLOCATION"
"JYFJGHWBSJWD","基于非结构化文本数据的领域问答技术的研发及应用","其他","software",,"http://tvjira.hisense.com/projects/JYFJGHWBSJWD"
"BASICTESTCASE","基础用例库","测试质量和自动化","software",,"http://tvjira.hisense.com/projects/BASICTESTCASE"
"WSGXWTK","外设共性问题库","其他","software",,"http://tvjira.hisense.com/projects/WSGXWTK"
"WXEXAMPLE","外销-Example","其他","software",,"http://tvjira.hisense.com/projects/WXEXAMPLE"
"OSVIDAAPHUI","外销VIDAA电视平台HUI设计","系统和OS平台","software",,"http://tvjira.hisense.com/projects/OSVIDAAPHUI"
"WX3RDAPP","外销应用自升级","应用和多媒体","software",,"http://tvjira.hisense.com/projects/WX3RDAPP"
"WSPECTEST","外销规格点检","测试质量和自动化","software",,"http://tvjira.hisense.com/projects/WSPECTEST"
"MFREMOTECONTRL","多功能遥控器","其他","software",,"http://tvjira.hisense.com/projects/MFREMOTECONTRL"
"DGNYKQ","多功能遥控器预研","其他","software",,"http://tvjira.hisense.com/projects/DGNYKQ"
"DPHDFWCBB","多屏互动服务","其他","software",,"http://tvjira.hisense.com/projects/DPHDFWCBB"
"DPHDAPPS","多屏互动独立应用","应用和多媒体","software",,"http://tvjira.hisense.com/projects/DPHDAPPS"
"MULTIMIRROR","多投一镜像投屏技术研究","其他","software",,"http://tvjira.hisense.com/projects/MULTIMIRROR"
"DAYAQ","大众遥控器","测试质量和自动化","software",,"http://tvjira.hisense.com/projects/DAYAQ"
"PMFSJS","大尺寸液晶产品屏幕发声技术研究与应用","其他","software",,"http://tvjira.hisense.com/projects/PMFSJS"
"ANDROIDHWQM","安卓海外电视产品质量管理","系统和OS平台","software",,"http://tvjira.hisense.com/projects/ANDROIDHWQM"
"JTLYBMKCBB","家庭留言板模块_CBB","其他","software",,"http://tvjira.hisense.com/projects/JTLYBMKCBB"
"FAMILYCBB","家庭相册_CBB","其他","software",,"http://tvjira.hisense.com/projects/FAMILYCBB"
"LASERSIZEDEMOCBB","尺寸演示_CBB","产品项目","software",,"http://tvjira.hisense.com/projects/LASERSIZEDEMOCBB"
"GYARZJYY","工业AR整机预研 ","其他","software",,"http://tvjira.hisense.com/projects/GYARZJYY"
"AUTOTESTCBB","工厂自动测试","测试质量和自动化","software",,"http://tvjira.hisense.com/projects/AUTOTESTCBB"
"GYSCWTK","工艺生产问题库","其他","software",,"http://tvjira.hisense.com/projects/GYSCWTK"
"GYYZXT","工艺验证系统预研项目","其他","software",,"http://tvjira.hisense.com/projects/GYYZXT"
"PPCP","平台包与客制化包构建模式技术研究","其他","software",,"http://tvjira.hisense.com/projects/PPCP"
"BMPP","广播多媒体播放与保护关键技术研究","其他","software",,"http://tvjira.hisense.com/projects/BMPP"
"APPPSCI","应用个人CI问题管理","测试质量和自动化","software",,"http://tvjira.hisense.com/projects/APPPSCI"
"YYPT","应用平台项目","其他","software",,"http://tvjira.hisense.com/projects/YYPT"
"YYZGGL","应用所主干管理项目","其他","software",,"http://tvjira.hisense.com/projects/YYZGGL"
"APPMTSYNCPLAY","应用级多电视终端同步播放方案研究与实现","MTK平台其他","software",,"http://tvjira.hisense.com/projects/APPMTSYNCPLAY"
"YYJBFQV2","应用级播放器ijkplayer技术研究V2.0","应用和多媒体","software",,"http://tvjira.hisense.com/projects/YYJBFQV2"
"YYJBFQBSYJ","应用级播放器全平台部署方案研究","其他","software",,"http://tvjira.hisense.com/projects/YYJBFQBSYJ"
"BOOTAD","开机动画","其他","software",,"http://tvjira.hisense.com/projects/BOOTAD"
"FTE","开机导航","其他","software",,"http://tvjira.hisense.com/projects/FTE"
"MOBILETV","手机和电视之间无线直连数据传输技术研究","产品项目","software",,"http://tvjira.hisense.com/projects/MOBILETV"
"JSGLB","技术管理部任务管理","其他","software",,"http://tvjira.hisense.com/projects/JSGLB"
"JSLYGL","技术领域管理项目","其他","software",,"http://tvjira.hisense.com/projects/JSLYGL"
"RMARCYUYAN","投屏应用悬浮显示技术研究","其他","software",,"http://tvjira.hisense.com/projects/RMARCYUYAN"
"NPSIM","投屏问题NPS技术改善项目","其他","software",,"http://tvjira.hisense.com/projects/NPSIM"
"IAUTOTEST","接口测试用例的自动化测试开发和验证","测试质量和自动化","software",,"http://tvjira.hisense.com/projects/IAUTOTEST"
"SXTXM","摄像头项目(中维)","其他","software",,"http://tvjira.hisense.com/projects/SXTXM"
"DMT5","支持HTTP3.0和OMAF媒体系统协议的多媒体框架5.0技术研究","MTK平台其他","software",,"http://tvjira.hisense.com/projects/DMT5"
"SMARTHOMEHUB","支持Matter协议的家庭中枢网关技术开发","其他","software",,"http://tvjira.hisense.com/projects/SMARTHOMEHUB"
"YYHQYKQYYSJ","支持多应用获取遥控器语音数据通用框架研究","其他","software",,"http://tvjira.hisense.com/projects/YYHQYKQYYSJ"
"JYOTA","救援OTA服务实现方案与技术研究","其他","software",,"http://tvjira.hisense.com/projects/JYOTA"
"RJSZH","数字主线-智能显示终端软件开发知识数字化平台","其他","software",,"http://tvjira.hisense.com/projects/RJSZH"
"TVYPZDH","数字电视音频性能自动化测试方案研究","产品项目","software",,"http://tvjira.hisense.com/projects/TVYPZDH"
"SHUZIMENGCHONG","数字萌宠","其他","software",,"http://tvjira.hisense.com/projects/SHUZIMENGCHONG"
"XXXS","新型显示项目","其他","software",,"http://tvjira.hisense.com/projects/XXXS"
"WPFWYYXM","无屏服务语音项目","其他","software",,"http://tvjira.hisense.com/projects/WPFWYYXM"
"TVSKS","日本市场软件客诉问题","产品项目","software",,"http://tvjira.hisense.com/projects/TVSKS"
"XSCBB","显示_CBB","其他","software",,"http://tvjira.hisense.com/projects/XSCBB"
"SXZXRJXT","智学软件系统","其他","software",,"http://tvjira.hisense.com/projects/SXZXRJXT"
"ZHZKJT","智慧中控_讲台软件","其他","software",,"http://tvjira.hisense.com/projects/ZHZKJT"
"ZHSHFBH","智慧生活发布会","其他","software",,"http://tvjira.hisense.com/projects/ZHSHFBH"
"ZNSXYP","智能声学音频技术室项目管理","其他","software",,"http://tvjira.hisense.com/projects/ZNSXYP"
"SMARTHA","智能家居应用","其他","software",,"http://tvjira.hisense.com/projects/SMARTHA"
"ITTVM50","智能电视TV中间件5.0","产品项目","software",,"http://tvjira.hisense.com/projects/ITTVM50"
"BLUETOOTHPL","智能电视多厂商蓝牙芯片自适应平台","其他","software",,"http://tvjira.hisense.com/projects/BLUETOOTHPL"
"TVAPPS","智能电视独立应用","应用和多媒体","software",,"http://tvjira.hisense.com/projects/TVAPPS"
"SOUPDATESERVICECBB","智能电视通用中间件","其他","software",,"http://tvjira.hisense.com/projects/SOUPDATESERVICECBB"
"TVAPI","智能电视通用接口","产品项目","software",,"http://tvjira.hisense.com/projects/TVAPI"
"TVFLOW","智能电视通用框架","产品项目","software",,"http://tvjira.hisense.com/projects/TVFLOW"
"ZNYYHTFW","智能语音后台服务重构项目","其他","software",,"http://tvjira.hisense.com/projects/ZNYYHTFW"
"ZNYXLC","智能音箱产品量产后问题管理","其他","software",,"http://tvjira.hisense.com/projects/ZNYXLC"
"JQRDG","机器人导购","其他","software",,"http://tvjira.hisense.com/projects/JQRDG"
"DDXZ","标准版多端协作管理平台-Web管理端-会控软件-桌面软件软件项目","其他","software",,"http://tvjira.hisense.com/projects/DDXZ"
"LENGJING","棱镜项目","其他","software",,"http://tvjira.hisense.com/projects/LENGJING"
"WYESPLAYERAU","武研ES播放器自研项目","应用和多媒体","software",,"http://tvjira.hisense.com/projects/WYESPLAYERAU"
"WYXMGL","武研项目管理","其他","software",,"http://tvjira.hisense.com/projects/WYXMGL"
"LMTXY","流媒体协议预研","MTK平台其他","software",,"http://tvjira.hisense.com/projects/LMTXY"
"PLMTEST","测试PLM","MTK平台其他","software",,"http://tvjira.hisense.com/projects/PLMTEST"
"STREVIEW","测试一所评审专用","工具流程管理","software",,"http://tvjira.hisense.com/projects/STREVIEW"
"JUOSTEST","测试新流程-juos","系统和OS平台","software",,"http://tvjira.hisense.com/projects/JUOSTEST"
"ODINBGAPP","浏览器后台应用技术研究","应用和多媒体","software",,"http://tvjira.hisense.com/projects/ODINBGAPP"
"ODINJSIP","浏览器通过JS注入实现流媒体播放","其他","software",,"http://tvjira.hisense.com/projects/ODINJSIP"
"HISENSEAICLASS","海信AI智课","AI和画质算法","software",,"http://tvjira.hisense.com/projects/HISENSEAICLASS"
"HXGJHYZXJJFA","海信国际会议中心解决方案","其他","software",,"http://tvjira.hisense.com/projects/HXGJHYZXJJFA"
"VIDDAOS2","海信自主LINUX智能电视平台ViddaOS2.0最小系统方案研究 ","系统和OS平台","software",,"http://tvjira.hisense.com/projects/VIDDAOS2"
"ODINPROJECT","海信自主电视浏览器预研","产品项目","software",,"http://tvjira.hisense.com/projects/ODINPROJECT"
"HIDEVOPS","海信软件研发效能平台HiDevOps","其他","software",,"http://tvjira.hisense.com/projects/HIDEVOPS"
"HXJKRJ","海信集控软件","其他","software",,"http://tvjira.hisense.com/projects/HXJKRJ"
"ANDROIDTVPEI","海外Android_TV工艺提效软件方案技术研究","系统和OS平台","software",,"http://tvjira.hisense.com/projects/ANDROIDTVPEI"
"ANDROIDTVOTAOPT","海外AndroidOTA 优化提升技术方案研究","系统和OS平台","software",,"http://tvjira.hisense.com/projects/ANDROIDTVOTAOPT"
"OUTANDROIDACR","海外Android平台ACR技术研究","系统和OS平台","software",,"http://tvjira.hisense.com/projects/OUTANDROIDACR"
"OSADCHROMECAST","海外Android平台Chromecast技术研究与应用","系统和OS平台","software",,"http://tvjira.hisense.com/projects/OSADCHROMECAST"
"ANDROIDIPUT","海外Android平台客制化Input通道实现","系统和OS平台","software",,"http://tvjira.hisense.com/projects/ANDROIDIPUT"
"ANDROIDLOG","海外Android平台整机日志服务技术研究","系统和OS平台","software",,"http://tvjira.hisense.com/projects/ANDROIDLOG"
"ANDROIDLSSENTRANCE","海外Android平台本地资源智能入口研究","系统和OS平台","software",,"http://tvjira.hisense.com/projects/ANDROIDLSSENTRANCE"
"OSANDROIDTYZYSR","海外Android平台通用自研输入法技术研究","系统和OS平台","software",,"http://tvjira.hisense.com/projects/OSANDROIDTYZYSR"
"ANDRIDTVALEXAVS","海外Android电视Alexa智能语音Video Skill技术研究","系统和OS平台","software",,"http://tvjira.hisense.com/projects/ANDRIDTVALEXAVS"
"HWANTVHOTEL","海外Android电视Hotel模式研究","系统和OS平台","software",,"http://tvjira.hisense.com/projects/HWANTVHOTEL"
"ANDROIDTVQS","海外Android电视QuickSettings研究","系统和OS平台","software",,"http://tvjira.hisense.com/projects/ANDROIDTVQS"
"ANDROIDCOMMON","海外Android电视媒体中心全新交互设计实现与通用化研究","系统和OS平台","software",,"http://tvjira.hisense.com/projects/ANDROIDCOMMON"
"ANDSZJTY","海外Android电视整机体检优化技术研究","系统和OS平台","software",,"http://tvjira.hisense.com/projects/ANDSZJTY"
"OSANDROID","海外Android音视频中间件","系统和OS平台","software",,"http://tvjira.hisense.com/projects/OSANDROID"
"DRIVERBASE","海外Driver based 预研项目","其他","software",,"http://tvjira.hisense.com/projects/DRIVERBASE"
"EZPLAY","海外EzPlay平台研究","其他","software",,"http://tvjira.hisense.com/projects/EZPLAY"
"OSLINUXSQAP","海外Linux电视软件质量保证平台","系统和OS平台","software",,"http://tvjira.hisense.com/projects/OSLINUXSQAP"
"IMAGEPLAYER","海外VIDAA多媒体框架图片播放器技术研发","系统和OS平台","software",,"http://tvjira.hisense.com/projects/IMAGEPLAYER"
"LIVETVUICBB","海外VIDAA平台-LiveTV UI模块化优化重构","系统和OS平台","software",,"http://tvjira.hisense.com/projects/LIVETVUICBB"
"HWVIPTCATYJG","海外VIDAA平台Camera统一架构开发","系统和OS平台","software",,"http://tvjira.hisense.com/projects/HWVIPTCATYJG"
"VIDDHIMEDIAYANFAAPPL","海外VIDAA平台HiMedia流媒体框架技术研发及应用","系统和OS平台","software",,"http://tvjira.hisense.com/projects/VIDDHIMEDIAYANFAAPPL"
"OSVIDAAPB","海外VIDAA平台建设-外销VIDAA电视平台软件架构及模块重构项目","系统和OS平台","software",,"http://tvjira.hisense.com/projects/OSVIDAAPB"
"OSVIDAAHUI","海外VIDAA平台自驱项目-外销VIDAA电视平台HUI测试用例优化与完善","系统和OS平台","software",,"http://tvjira.hisense.com/projects/OSVIDAAHUI"
"VIDAASOFTKEYBOARD","海外VIDAA平台软键盘统一方案开发","系统和OS平台","software",,"http://tvjira.hisense.com/projects/VIDAASOFTKEYBOARD"
"VIDAASMARTVOICE","海外VIDAA智能语音交互系统技术研发项目","系统和OS平台","software",,"http://tvjira.hisense.com/projects/VIDAASMARTVOICE"
"VIDAATTSDEV","海外VIDAA智能语音终端TTS播报技术研发","系统和OS平台","software",,"http://tvjira.hisense.com/projects/VIDAATTSDEV"
"VIDAAINTERTRUSTCA","海外VIDAA架构Intertrust无卡CA预研项目","系统和OS平台","software",,"http://tvjira.hisense.com/projects/VIDAAINTERTRUSTCA"
"HDPLUSOPAPP","海外VIDAA浏览器HD+ OpApp双边协议预研","系统和OS平台","software",,"http://tvjira.hisense.com/projects/HDPLUSOPAPP"
"SPWJ","海外VIDAA浏览器Surfacelayer方式下的视频挖洞技术研究","系统和OS平台","software",,"http://tvjira.hisense.com/projects/SPWJ"
"ODINCOREV8FEATURE","海外VIDAA浏览器V8引擎特性自适应技术研究","系统和OS平台","software",,"http://tvjira.hisense.com/projects/ODINCOREV8FEATURE"
"ODINCOREV8INDEPEN","海外VIDAA浏览器V8引擎独立化技术研究","系统和OS平台","software",,"http://tvjira.hisense.com/projects/ODINCOREV8INDEPEN"
"ODINCOREM100VIDAA","海外VIDAA浏览器快速迭代关键技术研究","系统和OS平台","software",,"http://tvjira.hisense.com/projects/ODINCOREM100VIDAA"
"ODINVOICEVIDAA","海外VIDAA浏览器语音控制技术应用预研","系统和OS平台","software",,"http://tvjira.hisense.com/projects/ODINVOICEVIDAA"
"HWMEDIA","海外VIDAA电视FVP流媒体协议研究","系统和OS平台","software",,"http://tvjira.hisense.com/projects/HWMEDIA"
"VIDAAYYJS","海外VIDAA系统-应用建设","系统和OS平台","software",,"http://tvjira.hisense.com/projects/VIDAAYYJS"
"OSVIDAA8K","海外VIDAA系统8K软件平台预研","系统和OS平台","software",,"http://tvjira.hisense.com/projects/OSVIDAA8K"
"ATSC10EPG","海外VIDAA系统ATSC1.0EPG功能开发","系统和OS平台","software",,"http://tvjira.hisense.com/projects/ATSC10EPG"
"VIDAACICERTIFICATION","海外VIDAA系统CI+认证预测试自动化方案","系统和OS平台","software",,"http://tvjira.hisense.com/projects/VIDAACICERTIFICATION"
"OSVIDAAMI30","海外VIDAA系统MI3.0集成开发预研","系统和OS平台","software",,"http://tvjira.hisense.com/projects/OSVIDAAMI30"
"VIDAAPIR","海外VIDAA系统单TUNER场景同频点一录一播","系统和OS平台","software",,"http://tvjira.hisense.com/projects/VIDAAPIR"
"OSVIDAA","海外VIDAA系统商业化","系统和OS平台","software",,"http://tvjira.hisense.com/projects/OSVIDAA"
"VIDVIDAAHDRPLAY","海外VIDAA系统多事件录像文件快速定位播放","系统和OS平台","software",,"http://tvjira.hisense.com/projects/VIDVIDAAHDRPLAY"
"VIDAAVOD","海外VIDAA系统建设-VOD应用测试套件 （预研项目）","系统和OS平台","software",,"http://tvjira.hisense.com/projects/VIDAAVOD"
"VIDAAWEBSDK","海外VIDAA系统建设-Web SDK标准化技术研究","系统和OS平台","software",,"http://tvjira.hisense.com/projects/VIDAAWEBSDK"
"VIDAASOFTSEPARATION","海外VIDAA系统软件机型差异性分离技术方案研究","系统和OS平台","software",,"http://tvjira.hisense.com/projects/VIDAASOFTSEPARATION"
"OSNPS","海外产品NPS问题管理","其他","software",,"http://tvjira.hisense.com/projects/OSNPS"
"USBDEVICEYANJIU","海外基于USB设备流光溢彩体验技术的研究","其他","software",,"http://tvjira.hisense.com/projects/USBDEVICEYANJIU"
"HWDGNLLQ","海外多功能浏览器应用","其他","software",,"http://tvjira.hisense.com/projects/HWDGNLLQ"
"HAIWAISHOUSHISHIBIE","海外手势识别技术研究与应用","AI和画质算法","software",,"http://tvjira.hisense.com/projects/HAIWAISHOUSHISHIBIE"
"OUTAIRPLAY2CLOUD","海外电视AirPlay2云端自研方案研究","AI和画质算法","software",,"http://tvjira.hisense.com/projects/OUTAIRPLAY2CLOUD"
"OSTVQM","海外电视产品质量管理","产品项目","software",,"http://tvjira.hisense.com/projects/OSTVQM"
"OUTAIRPLAY2","海外电视平台自研Airplay2技术方案研究","AI和画质算法","software",,"http://tvjira.hisense.com/projects/OUTAIRPLAY2"
"HWGHWTGS","海外规划问题改善","其他","software",,"http://tvjira.hisense.com/projects/HWGHWTGS"
"OSYYPTYQ","海外运营平台项目一期","其他","software",,"http://tvjira.hisense.com/projects/OSYYPTYQ"
"HISITVOS","海思V600 TVOS数字一体机","产品项目","software",,"http://tvjira.hisense.com/projects/HISITVOS"
"HFMP","海菲抗光膜片","其他","software",,"http://tvjira.hisense.com/projects/HFMP"
"SYSF","深研算法技术管理","其他","software",,"http://tvjira.hisense.com/projects/SYSF"
"JGYT","激光公司云台项目","其他","software",,"http://tvjira.hisense.com/projects/JGYT"
"LASERZJ","激光公司整机项目","产品项目","software",,"http://tvjira.hisense.com/projects/LASERZJ"
"LASERPINGMU","激光影院屏幕","产品项目","software",,"http://tvjira.hisense.com/projects/LASERPINGMU"
"LASERYINQING","激光影院自制光学引擎","产品项目","software",,"http://tvjira.hisense.com/projects/LASERYINQING"
"LASERGUANGJI","激光影院自制光机","产品项目","software",,"http://tvjira.hisense.com/projects/LASERGUANGJI"
"LASERGUANGYUAN","激光影院自制光源","产品项目","software",,"http://tvjira.hisense.com/projects/LASERGUANGYUAN"
"LASERJINGTOU","激光影院自制镜头","产品项目","software",,"http://tvjira.hisense.com/projects/LASERJINGTOU"
"JGDSTYTXJHJZJEFA","激光电视投影图像几何校正解决方案","其他","software",,"http://tvjira.hisense.com/projects/JGDSTYTXJHJZJEFA"
"DZXXWYXMGL","电子信息武研项目管理","其他","software",,"http://tvjira.hisense.com/projects/DZXXWYXMGL"
"LITCITEST","电视LIT自动化问题库","测试质量和自动化","software",,"http://tvjira.hisense.com/projects/LITCITEST"
"TVPOC","电视POC项目","产品项目","software",,"http://tvjira.hisense.com/projects/TVPOC"
"TVXJS","电视产品新技术新功能风险项目管理","产品项目","software",,"http://tvjira.hisense.com/projects/TVXJS"
"HWYCZL","电视产品海外市场异常质量问题","其他","software",,"http://tvjira.hisense.com/projects/HWYCZL"
"TVUSERQ","电视产品用户技术问题咨询库","产品项目","software",,"http://tvjira.hisense.com/projects/TVUSERQ"
"TVCOMMON","电视产品遗留共性问题库","产品项目","software",,"http://tvjira.hisense.com/projects/TVCOMMON"
"TVNXREVIEW","电视内销评审","产品项目","software",,"http://tvjira.hisense.com/projects/TVNXREVIEW"
"OSTVREVIEW","电视外销评审","产品项目","software",,"http://tvjira.hisense.com/projects/OSTVREVIEW"
"NFOS","电视工厂检验最小系统","其他","software",,"http://tvjira.hisense.com/projects/NFOS"
"TVPTCP","电视平台产品","产品项目","software",,"http://tvjira.hisense.com/projects/TVPTCP"
"XNTS","电视性能提升质量改善课题","其他","software",,"http://tvjira.hisense.com/projects/XNTS"
"DSGZTSRJPT","电视故障调试软件平台预研项目","其他","software",,"http://tvjira.hisense.com/projects/DSGZTSRJPT"
"TVDASH","电视流媒体DASH协议研发","产品项目","software",,"http://tvjira.hisense.com/projects/TVDASH"
"OSTVCOMMON","电视海外产品遗留共性问题库","产品项目","software",,"http://tvjira.hisense.com/projects/OSTVCOMMON"
"TVDMTGZXXCLHQ","电视系统多媒体故障信息获取策略研究","MTK平台其他","software",,"http://tvjira.hisense.com/projects/TVDMTGZXXCLHQ"
"DSZDWIFIWLXNGSDGJJJY","电视终端WiFi网络性能改善的关键技术研究与应用","其他","software",,"http://tvjira.hisense.com/projects/DSZDWIFIWLXNGSDGJJJY"
"AUTOTEST","电视自动化测试工具","测试质量和自动化","software",,"http://tvjira.hisense.com/projects/AUTOTEST"
"OTPS","电视资源动态优化方案","其他","software",,"http://tvjira.hisense.com/projects/OTPS"
"PTZDCS","电视软件平台的自动化测试系统的研究","其他","software",,"http://tvjira.hisense.com/projects/PTZDCS"
"TVSWHWYY","电视软件的硬件统一抽象层接口与验证套件开发项目预研","产品项目","software",,"http://tvjira.hisense.com/projects/TVSWHWYY"
"QDPTZG","电视驱动&平台主干管理项目","其他","software",,"http://tvjira.hisense.com/projects/QDPTZG"
"BDYYXM","白电语音提升项目","其他","software",,"http://tvjira.hisense.com/projects/BDYYXM"
"YFCSGL","研发测试管理项目","其他","software",,"http://tvjira.hisense.com/projects/YFCSGL"
"HWCBB","硬件_CBB","其他","software",,"http://tvjira.hisense.com/projects/HWCBB"
"MT9662SL","示例项目MT9662","MTK平台其他","software",,"http://tvjira.hisense.com/projects/MT9662SL"
"NT72673A311D","社交电视","其他","software",,"http://tvjira.hisense.com/projects/NT72673A311D"
"FYKJ","福耀科技大学教育解决方案","其他","software",,"http://tvjira.hisense.com/projects/FYKJ"
"VISIONALGORITHMS2","端侧视觉算法部署平台二期","其他","software",,"http://tvjira.hisense.com/projects/VISIONALGORITHMS2"
"THIRDPARTAPP","第三方应用","应用和多媒体","software",,"http://tvjira.hisense.com/projects/THIRDPARTAPP"
"INFAREDCODESETTINGS","红外系统码值设置_CBB","其他","software",,"http://tvjira.hisense.com/projects/INFAREDCODESETTINGS"
"CWGCOMCAST","纯外购(Comcast)","应用和多媒体","software",,"http://tvjira.hisense.com/projects/CWGCOMCAST"
"CWGROKU","纯外购(roku)","系统和OS平台","software",,"http://tvjira.hisense.com/projects/CWGROKU"
"HSPCORE","终端能力核心服务平台","其他","software",,"http://tvjira.hisense.com/projects/HSPCORE"
"MECBB","结构_CBB","其他","software",,"http://tvjira.hisense.com/projects/MECBB"
"WLGS","网络改善","其他","software",,"http://tvjira.hisense.com/projects/WLGS"
"WLZB","网络直播功能预研","其他","software",,"http://tvjira.hisense.com/projects/WLZB"
"USNPS","美国NPS问题管理项目","其他","software",,"http://tvjira.hisense.com/projects/USNPS"
"JHKYYPZ","聚好看新机型运营配置","其他","software",,"http://tvjira.hisense.com/projects/JHKYYPZ"
"JHKAUTOTEST","聚好看自动化测试专项","测试质量和自动化","software",,"http://tvjira.hisense.com/projects/JHKAUTOTEST"
"GFSWMARKET","股份公司市场软件问题","其他","software",,"http://tvjira.hisense.com/projects/GFSWMARKET"
"LINUXVUDU","自主Linux智能电视平台Vudu应用开发","系统和OS平台","software",,"http://tvjira.hisense.com/projects/LINUXVUDU"
"CUSTOMIDERESEARCH","自研公共控件和集成开发环境客制化研究","其他","software",,"http://tvjira.hisense.com/projects/CUSTOMIDERESEARCH"
"AIRPLAY","苹果投屏技术研究","AI和画质算法","software",,"http://tvjira.hisense.com/projects/AIRPLAY"
"VRXR2","虚拟现实日常问题管理","其他","software",,"http://tvjira.hisense.com/projects/VRXR2"
"RMTZJ","融媒体主机项目","MTK平台其他","software",,"http://tvjira.hisense.com/projects/RMTZJ"
"SLAMDEV","视觉惯导SLAM标定设备研发","其他","software",,"http://tvjira.hisense.com/projects/SLAMDEV"
"RZYY","认证及应用","其他","software",,"http://tvjira.hisense.com/projects/RZYY"
"LZGL","论证管理","其他","software",,"http://tvjira.hisense.com/projects/LZGL"
"SETTINGSCBB","设置_CBB","其他","software",,"http://tvjira.hisense.com/projects/SETTINGSCBB"
"SEMANTICARCH","语义架构重构项目","其他","software",,"http://tvjira.hisense.com/projects/SEMANTICARCH"
"YYCG","语义重构项目","其他","software",,"http://tvjira.hisense.com/projects/YYCG"
"YYJHSHRXXFX","语音交互场景下的说话人信息分析技术研究及应用","其他","software",,"http://tvjira.hisense.com/projects/YYJHSHRXXFX"
"YYZS72","语音助手7.2项目","其他","software",,"http://tvjira.hisense.com/projects/YYZS72"
"AIVOICE73","语音助手7.3项目","AI和画质算法","software",,"http://tvjira.hisense.com/projects/AIVOICE73"
"YYZSV62Y","语音助手V6.2Y","其他","software",,"http://tvjira.hisense.com/projects/YYZSV62Y"
"YYZSUI","语音助手新UI","其他","software",,"http://tvjira.hisense.com/projects/YYZSUI"
"YYZSBBFA","语音助手版本发布","其他","software",,"http://tvjira.hisense.com/projects/YYZSBBFA"
"YYZSZSJ","语音助手自升级","其他","software",,"http://tvjira.hisense.com/projects/YYZSZSJ"
"YYZSZSJXYY","语音助手自升级-新语义","其他","software",,"http://tvjira.hisense.com/projects/YYZSZSJXYY"
"AIUI","语音助手自升级AIUI","AI和画质算法","software",,"http://tvjira.hisense.com/projects/AIUI"
"AITEST","语音测试","AI和画质算法","software",,"http://tvjira.hisense.com/projects/AITEST"
"YUYINZHUANYI","语音转译系统","其他","software",,"http://tvjira.hisense.com/projects/YUYINZHUANYI"
"YYRJ","语音运营中心终端软件项目管理","其他","software",,"http://tvjira.hisense.com/projects/YYRJ"
"VOICECENTERPM","语音运营中心项目管理","其他","software",,"http://tvjira.hisense.com/projects/VOICECENTERPM"
"GOOGLERZTASKGL","谷歌认证任务管理","系统和OS平台","software",,"http://tvjira.hisense.com/projects/GOOGLERZTASKGL"
"CZ7C9J","车载-7C9J","其他","software",,"http://tvjira.hisense.com/projects/CZ7C9J"
"C62X","车载C62X","其他","software",,"http://tvjira.hisense.com/projects/C62X"
"PAD7C9K","车载PAD-7C9K","其他","software",,"http://tvjira.hisense.com/projects/PAD7C9K"
"TRANSITION","转场模块","其他","software",,"http://tvjira.hisense.com/projects/TRANSITION"
"RJTXGS","软件体系改善","其他","software",,"http://tvjira.hisense.com/projects/RJTXGS"
"RDQMSRQ","软件研发部内部审核问题","其他","software",,"http://tvjira.hisense.com/projects/RDQMSRQ"
"RJWDX","软件稳定性质量改善项目","其他","software",,"http://tvjira.hisense.com/projects/RJWDX"
"SWMNG","软件重点管理项目","工具流程管理","software",,"http://tvjira.hisense.com/projects/SWMNG"
"LWBROWSER","轻量级浏览器方案","其他","software",,"http://tvjira.hisense.com/projects/LWBROWSER"
"HIRPC","远程调用框架CBB项目","其他","software",,"http://tvjira.hisense.com/projects/HIRPC"
"AIVIRTUALASSISTANTCB","通知中心_CBB","AI和画质算法","software",,"http://tvjira.hisense.com/projects/AIVIRTUALASSISTANTCB"
"CBBYKQ","遥控器CBB项目","其他","software",,"http://tvjira.hisense.com/projects/CBBYKQ"
"REMOTES","遥控器服务","其他","software",,"http://tvjira.hisense.com/projects/REMOTES"
"YKQYY","遥控器预研项目","其他","software",,"http://tvjira.hisense.com/projects/YKQYY"
"CMTJFK","配置管理统计问题反馈","MTK平台其他","software",,"http://tvjira.hisense.com/projects/CMTJFK"
"CMOREVIEW","配置管理评审任务管理","工具流程管理","software",,"http://tvjira.hisense.com/projects/CMOREVIEW"
"JDYKYY","酒店电视通用遥控技术开发和应用预研项目","其他","software",,"http://tvjira.hisense.com/projects/JDYKYY"
"LCSJGZ","量产设计问题跟踪项目","其他","software",,"http://tvjira.hisense.com/projects/LCSJGZ"
"RLZHHY","长沙日立园区智慧会议室项目","其他","software",,"http://tvjira.hisense.com/projects/RLZHHY"
"CJWT","长焦微投预研","其他","software",,"http://tvjira.hisense.com/projects/CJWT"
"GKBFCBB","隔空播放","其他","software",,"http://tvjira.hisense.com/projects/GKBFCBB"
"JTFS","集团飞书项目","其他","software",,"http://tvjira.hisense.com/projects/JTFS"
"XQC","需求池","其他","software",,"http://tvjira.hisense.com/projects/XQC"
"XQLZMG","需求论证管理","其他","software",,"http://tvjira.hisense.com/projects/XQLZMG"
"APPIMPROVEEFFICIENCY","面向交付提效的Android应用层软件架构和技术研究","系统和OS平台","software",,"http://tvjira.hisense.com/projects/APPIMPROVEEFFICIENCY"
"SXCPJS","面向商显场景的传屏技术研究与应用","其他","software",,"http://tvjira.hisense.com/projects/SXCPJS"
"MXCJJHDMT","面向场景交互的多模态语义分析关键技术研发","MTK平台其他","software",,"http://tvjira.hisense.com/projects/MXCJJHDMT"
"MXFZJJCJDGKKXYYHX","面向复杂家居场景的高可靠性语音唤醒方案研究及应用","其他","software",,"http://tvjira.hisense.com/projects/MXFZJJCJDGKKXYYHX"
"ANDROIDFP","面向大屏指向交互的Android分屏窗口与界面交互动效技术研究","系统和OS平台","software",,"http://tvjira.hisense.com/projects/ANDROIDFP"
"MXJTGXXT","面向家庭的内容共享与协同","其他","software",,"http://tvjira.hisense.com/projects/MXJTGXXT"
"UCAST","面向电视VR等多品类的通用投屏方案研究2.0","应用和多媒体","software",,"http://tvjira.hisense.com/projects/UCAST"
"YYLLHHBP","面向语音接入能力提升的语音链路混合编排技术研究","其他","software",,"http://tvjira.hisense.com/projects/YYLLHHBP"
"YXMS","音箱模式(YXMS)","其他","software",,"http://tvjira.hisense.com/projects/YXMS"
"PMSD","项目管理系统开发","其他","software",,"http://tvjira.hisense.com/projects/PMSD"
"MOJINGCBB","魔镜_CBB","其他","software",,"http://tvjira.hisense.com/projects/MOJINGCBB"
"MKFXM","麦克风项目","其他","software",,"http://tvjira.hisense.com/projects/MKFXM"
"MZSP","麦哲视频展台导入测试任务单项目","其他","software",,"http://tvjira.hisense.com/projects/MZSP"
